ticker,close,open,high,low,volume,change_%,value_traded,pe,pb,roe,op_margin,net_margin,rev_growth,perf_1m,perf_3m,perf_6m,perf_1y,rvol,hhi_score,foreign_ratio,tarih,growth_discount,sweep_ratio,vol_z,quant_score,regime,score_diff,pct_persistence,pct_growth,pct_sweep,pct_vol_z,perf_w,donch_upper,donch_lower,pivot_proximity,distance_from_base,pivot_distance,base_width,high_1m,low_1m,high_3m,low_3m,pivot_3m_dist,dist_from_3m_low,high_6m,low_52w,pivot_6m_dist,dist_from_bottom,range_position,dist_from_support,score_accum,score_fund,score_sweep,score_vol,stop_price,target_price,rel_perf_1m,high_52w,market_cap,perf_y,dist_from_52w_low,dist_from_52w_high,target_cup,target_bagger,potansiyel_cup,mcap_milyar,score_base,score_quality,score_ignition
RYGYO,49.78,46.98,49.92,46.98,5899956.0,5.243128964059205,293699809.68,5.537694814946659,0.9606466784743742,21.6976044838379,97.1526970406481,89.7546463161278,15.0,28.49767681982447,46.49793996468512,67.38399462004035,112.37201365187713,2.3076037636437934,4084.5,45.33,2026-08-31,22.59,67.9,2.42,91.5,🏛️ ORTA VADELİ LİDER (RYGYO MODELİ),1.1,87.33333333333333,92.66666666666666,98.0,89.33333333333333,,,,,,,,,,,,,,,,,,,,,,,,,,,,,,,,,,,,,,
KRDMA,66.65,63.45,66.65,61.45,21624994.0,9.98349834983499,1441305850.1,16.63422182290107,0.7012967307998056,5.44820350665331,7.185412482501391,6.447400157349971,15.0,57.19339622641512,64.56790123456791,144.31818181818184,69.76566479877741,1.5944097890727602,3193.01,48.0,2026-08-31,7.77,74.0,1.1,88.0,🏛️ ORTA VADELİ LİDER (RYGYO MODELİ),0.1,94.0,70.33333333333334,99.66666666666669,79.33333333333333,,,,,,,,,,,,,,,,,,,,,,,,,,,,,,,,,,,,,,
CATES,68.8,69.0,69.25,65.9,1833269.0,0.5113221329437463,126128907.2,6.210899767994006,0.7687919629951822,15.0371644035297,-11.4952582349245,22.3927803757349,15.0,49.82578397212542,70.71960297766749,71.48554336989034,99.76771196283391,0.4831183095922861,1803.9,40.48,2026-08-31,19.56,56.8,-0.96,84.8,🏛️ ORTA VADELİ LİDER (RYGYO MODELİ),0.4,91.33333333333331,91.0,97.0,13.166666666666666,,,,,,,,,,,,,,,,,,,,,,,,,,,,,,,,,,,,,,
RGYAS,214.7,213.5,216.1,212.0,2905350.0,1.0352941176470536,623778645.0,3.56653404985174,0.4335134443382164,14.6679746676783,65.1786621046078,122.197936132811,15.0,6.815920398009944,9.76482617586912,35.031446540880495,48.89042995839112,1.3955683433885409,2944.46,28.88,2026-08-31,33.84,30.3,0.73,81.9,⚡ POZİTİF TREND & AKIŞ,-0.1,69.16666666666667,97.0,90.0,74.33333333333333,,,,,,,,,,,,,,,,,,,,,,,,,,,,,,,,,,,,,,
KRDMB,137.3,133.1,139.4,133.1,3332057.0,3.466465712132647,457491426.1,34.26674653089748,1.4446817875290818,5.44820350665331,7.185412482501391,6.447400157349971,15.0,3.622641509433971,19.912663755458524,296.59156556903525,366.05566870332655,1.5572839096392417,3146.6,29.33,2026-08-31,3.77,31.3,1.03,81.0,🏛️ ORTA VADELİ LİDER (RYGYO MODELİ),-1.7,95.0,50.33333333333333,90.5,78.33333333333333,,,,,,,,,,,,,,,,,,,,,,,,,,,,,,,,,,,,,,
TUPRS,401.75,406.0,406.25,397.25,29410837.0,1.452020202020202,11796826024.5,11.146068288568726,1.6970483018175166,18.2096828624145,8.88236948377981,6.328835517370609,15.0,39.40972222222222,66.04631927212571,70.48832271762208,134.65809468147282,0.9839222406994418,2429.9,20.0,2026-08-31,10.73,10.0,-0.03,80.9,🏛️ ORTA VADELİ LİDER (RYGYO MODELİ),0.7,90.33333333333331,77.66666666666666,80.16666666666666,53.5,,,,,,,,,,,,,,,,,,,,,,,,,,,,,,,,,,,,,,
KRDMD,47.84,46.68,47.96,46.56,72653886.0,2.61690261690263,3475761906.24,11.93970250574024,0.5033763781164696,5.44820350665331,7.185412482501391,6.447400157349971,15.0,16.172899465760086,16.85393258426968,61.949898442789454,60.32171581769438,1.0070913849413723,2458.86,43.2,2026-08-31,10.82,63.0,0.01,80.6,🏛️ ORTA VADELİ LİDER (RYGYO MODELİ),1.1,77.66666666666666,78.66666666666666,97.33333333333334,55.50000000000001,,,,,,,,,,,,,,,,,,,,,,,,,,,,,,,,,,,,,,
AYGAZ,334.5,332.0,337.0,330.75,1022568.0,1.7490494296577948,342048996.0,8.793213584397764,0.8744393229690794,11.7381928238,2.28684083742078,8.6129295251537,15.0,27.915869980879545,37.03400245800901,29.65116279069768,100.90090090090092,0.8815096994100958,2301.89,25.6,2026-08-31,13.42,22.8,-0.22,80.3,🏛️ ORTA VADELİ LİDER (RYGYO MODELİ),0.8,81.33333333333333,85.66666666666667,87.83333333333333,43.66666666666666,,,,,,,,,,,,,,,,,,,,,,,,,,,,,,,,,,,,,,
RYSAS,28.48,27.1,28.52,26.9,29299040.0,5.403404885270174,834436659.2,18.68766404199475,1.977445457082907,12.8310900116321,33.3249911653648,22.4330028483262,15.0,26.57777777777778,18.272425249169444,55.96933187294632,66.45236703682058,1.84399959674876,3505.0,46.62,2026-08-31,6.49,70.8,1.56,80.0,🏛️ ORTA VADELİ LİDER (RYGYO MODELİ),0.7,80.33333333333333,59.333333333333336,99.0,83.33333333333334,,,,,,,,,,,,,,,,,,,,,,,,,,,,,,,,,,,,,,
MTRKS,31.98,33.06,33.2,30.38,1970904.0,-3.266787658802183,63029509.92,11.08876560332871,2.5152444419625826,29.0178133186367,5.81278910052265,19.1041909746642,15.0,20.77039274924472,18.444444444444446,58.003952569169975,33.02828618968387,1.0299633062272389,2487.45,23.77,2026-08-31,11.54,18.6,0.06,79.3,🏛️ ORTA VADELİ LİDER (RYGYO MODELİ),1.3,78.5,82.66666666666667,86.0,57.66666666666666,,,,,,,,,,,,,,,,,,,,,,,,,,,,,,,,,,,,,,
AGESA,261.0,261.0,266.25,257.25,405028.0,-0.381679389312977,105712308.0,6.740893982008787,3.6584006901902297,70.4502550027856,18.9630923870175,13.6232459107451,15.0,9.70996216897856,13.72549019607843,20.221096269000466,53.52941176470589,1.6155522652864556,3219.44,15.33,2026-08-31,19.26,7.7,1.14,76.0,⚡ POZİTİF TREND & AKIŞ,8.0,67.0,90.33333333333331,74.66666666666667,80.0,,,,,,,,,,,,,,,,,,,,,,,,,,,,,,,,,,,,,,
SELEC,335.75,332.75,341.75,330.75,9073414.0,0.8258258258258258,3046398750.5,102.34408339937816,5.618028290432736,6.37484548994022,3.60308207592069,1.04028612855074,15.0,57.629107981220656,237.43718592964825,306.969696969697,285.91954022988506,1.498292432432745,3072.87,17.45,2026-08-31,1.13,8.7,0.92,75.2,🏛️ ORTA VADELİ LİDER (RYGYO MODELİ),7.3,98.0,36.5,77.0,76.66666666666667,,,,,,,,,,,,,,,,,,,,,,,,,,,,,,,,,,,,,,
ARDYZ,86.9,89.55,89.55,84.0,4915590.0,-3.444444444444438,427164771.0,21.63898503448791,4.078179020326601,24.268344789997,33.4311553945751,16.9206574197885,15.0,26.861313868613145,34.41608662026295,123.39331619537278,205.77058409570725,0.7457258086721522,2132.16,21.26,2026-08-31,5.95,12.9,-0.47,74.6,⚡ POZİTİF TREND & AKIŞ,-2.0,90.66666666666666,57.99999999999999,82.0,33.166666666666664,,,,,,,,,,,,,,,,,,,,,,,,,,,,,,,,,,,,,,
AHGAZ,37.98,38.2,38.84,36.72,6555170.0,-0.0526315789473766,248965356.6,17.97274275979557,1.602049678725345,10.5587550611099,19.3576730507598,7.63150053471666,15.0,14.25992779783392,17.51237623762375,58.91213389121339,13.712574850299395,1.2515815246078603,2764.48,25.28,2026-08-31,6.59,22.1,0.47,74.5,⚡ POZİTİF TREND & AKIŞ,2.8,77.33333333333333,59.66666666666667,87.0,69.16666666666667,,,,,,,,,,,,,,,,,,,,,,,,,,,,,,,,,,,,,,
KTLEV,64.3,68.0,68.05,63.1,100439066.0,-6.811594202898555,6455212994.5,15.665351069531743,13.579926207990402,148.508364400309,86.0966472022146,60.5932443969746,15.0,39.74281723223403,67.51912450951937,442.5145299734434,1837.966342365028,0.9695508431162154,2411.94,5.58,2026-08-31,10.94,5.0,-0.06,72.6,⚡ POZİTİF TREND & AKIŞ,-3.7,97.66666666666669,79.66666666666666,33.5,52.0,,,,,,,,,,,,,,,,,,,,,,,,,,,,,,,,,,,,,,
EUPWR,107.4,105.7,109.3,105.7,13004951.0,1.8009478672985837,1396731737.4,76.12702013042245,5.410811042286445,8.39945726669861,22.2869009017299,5.99970411002262,15.0,25.029103608847496,41.875825627476885,229.24586143470265,266.8032786885246,0.7809408895356774,2176.18,18.44,2026-08-31,1.55,9.2,-0.41,70.7,⚡ POZİTİF TREND & AKIŞ,0.0,94.33333333333334,39.0,78.16666666666666,36.833333333333336,,,,,,,,,,,,,,,,,,,,,,,,,,,,,,,,,,,,,,
DUNYH,148.3,159.6,161.9,144.9,1777358.0,-7.888198757763969,263582191.4,8.534465890910766,3.1576618653030453,46.43083034837,-6.47202232577897,232.801566181794,15.0,5.028328611898034,27.07797772065125,31.23893805309736,67.57062146892656,2.3605745254069244,4150.72,3.2,2026-08-31,14.7,5.0,2.52,68.4,⚡ POZİTİF TREND & AKIŞ,-1.2,73.5,86.33333333333333,33.5,90.66666666666666,,,,,,,,,,,,,,,,,,,,,,,,,,,,,,,,,,,,,,
RALYH,266.75,265.75,269.5,264.0,1439538.0,0.3762935089369708,383996761.5,34.55176612307812,10.53816336108745,39.0893651880271,16.4807835113273,30.164593253519,15.0,13.75266524520256,21.859296482412056,77.12483399734396,105.0345887778632,0.6227118269558269,1978.39,20.0,2026-08-31,3.71,10.0,-0.7,68.1,⚡ POZİTİF TREND & AKIŞ,-0.4,82.66666666666667,50.0,80.16666666666666,25.0,,,,,,,,,,,,,,,,,,,,,,,,,,,,,,,,,,,,,,
OZSUB,43.78,44.7,44.74,43.5,2261269.0,-1.8385650224215253,98998356.82,12.16144892913692,3.696283369342124,41.5311324649096,12.0956408443172,14.504125000951202,15.0,35.04009870450339,45.35192563081009,142.14601769911508,102.68518518518518,0.5991357679922039,1948.92,4.65,2026-08-31,11.24,5.0,-0.74,68.1,⚡ POZİTİF TREND & AKIŞ,-3.4,92.83333333333331,81.0,33.5,23.5,,,,,,,,,,,,,,,,,,,,,,,,,,,,,,,,,,,,,,
INVES,790.0,820.0,833.5,771.0,82266.0,-3.658536585365853,65111164.5,14.36013771190292,3.91917509996253,35.323123253356,10.0,8.0,15.0,13.803019410496049,26.03503184713376,177.71929824561403,41.33928571428572,0.7633844928912064,2154.23,9.02,2026-08-31,9.01,5.0,-0.44,67.0,⚡ POZİTİF TREND & AKIŞ,-11.7,91.66666666666666,73.66666666666667,33.5,35.0,,,,,,,,,,,,,,,,,,,,,,,,,,,,,,,,,,,,,,
BRSAN,726.0,726.5,734.5,717.5,2055579.0,-0.0688231245698554,1492350354.0,41.6602110554494,2.371433825727052,6.34788716410025,5.96522020053451,2.87707303840802,15.0,35.95505617977528,35.06976744186046,35.19553072625698,39.61538461538461,0.6465396486563988,2008.17,20.0,2026-08-31,2.68,10.0,-0.65,66.5,⚡ POZİTİF TREND & AKIŞ,8.7,81.66666666666667,45.0,80.16666666666666,25.666666666666664,,,,,,,,,,,,,,,,,,,,,,,,,,,,,,,,,,,,,,
ORGE,23.98,24.18,25.0,23.54,7837930.0,-0.4152823920265692,187953561.4,11.132259412283553,1.8421936085561368,20.2060622539078,53.2416283790203,19.706293109426,15.0,16.407766990291254,8.900999091734791,78.95522388059702,48.85164494103042,0.9160277312283392,2345.03,8.88,2026-08-31,10.97,5.0,-0.16,65.2,⚡ POZİTİF TREND & AKIŞ,65.2,80.0,80.33333333333333,33.5,47.0,,,,,,,,,,,,,,,,,,,,,,,,,,,,,,,,,,,,,,
METRO,8.75,8.71,9.0,8.59,9586926.0,0.4592422502870165,83885602.5,52.27001194743131,0.9371719898035686,1.93709576793657,36.9690549236674,37.1851040316414,15.0,16.511318242343545,12.32349165596919,46.07679465776294,93.5840707964602,1.294831086785635,2818.54,13.85,2026-08-31,2.07,6.9,0.55,65.0,⚡ POZİTİF TREND & AKIŞ,-1.5,74.66666666666667,40.66666666666666,71.33333333333334,71.16666666666667,,,,,,,,,,,,,,,,,,,,,,,,,,,,,,,,,,,,,,
FORTE,114.4,117.0,119.2,113.4,1998438.0,-4.666666666666662,228621307.2,2.9466157705760843,2.4581597150597525,131.436854892705,27.097120455601704,66.7987085813776,15.0,8.952380952380958,19.04266389177941,21.83173588924388,47.612903225806456,0.7620421747089555,2152.55,1.66,2026-08-31,53.47,5.0,-0.44,64.8,⚡ POZİTİF TREND & AKIŞ,-2.4,70.33333333333334,99.33333333333331,33.5,35.0,,,,,,,,,,,,,,,,,,,,,,,,,,,,,,,,,,,,,,
ATATP,305.5,316.5,322.75,299.5,1001703.0,-2.474062250598564,306020266.5,8.16107368207342,4.463583224349336,46.0081011020881,22.4599174955514,82.8949837895199,15.0,34.22671353251319,22.789389067524112,98.50552306692656,126.46404744255004,0.5460447281084804,1882.56,6.45,2026-08-31,10.31,5.0,-0.84,64.5,⚡ POZİTİF TREND & AKIŞ,-3.3,87.66666666666667,76.66666666666667,33.5,19.166666666666668,,,,,,,,,,,,,,,,,,,,,,,,,,,,,,,,,,,,,,
BETAE,89.85,94.3,95.7,89.0,10505338.0,-7.940573770491803,943904619.3,15.0,2.0,15.0,10.0,8.0,15.0,12.45306633291613,104.20454545454544,104.20454545454544,104.20454545454544,0.5554325618521935,1894.29,0.9,2026-08-31,7.5,5.0,-0.82,64.2,⚡ POZİTİF TREND & AKIŞ,-3.5,93.33333333333331,66.0,33.5,20.166666666666664,,,,,,,,,,,,,,,,,,,,,,,,,,,,,,,,,,,,,,
SARAE,89.3,92.6,93.65,87.2,21042132.0,-4.74666666666667,1879062387.6,15.0,2.0,15.0,10.0,8.0,15.0,14.487179487179484,15.97402597402597,15.97402597402597,15.97402597402597,0.5193118967538017,1849.14,10.23,2026-08-31,7.5,5.1,-0.89,62.1,⚡ POZİTİF TREND & AKIŞ,6.0,68.0,66.0,67.16666666666666,16.333333333333332,,,,,,,,,,,,,,,,,,,,,,,,,,,,,,,,,,,,,,
CITAS,128.0,128.0,145.0,128.0,14960965.0,-9.985935302390992,1915003520.0,15.0,4.052877384627563,15.0,10.0,8.0,15.0,57.92720542874769,57.92720542874769,57.92720542874769,57.92720542874769,1.0,2450.0,8.0,2026-08-31,3.7,5.0,0.0,62.1,⚡ POZİTİF TREND & AKIŞ,-3.7,89.66666666666666,49.66666666666666,33.5,54.50000000000001,,,,,,,,,,,,,,,,,,,,,,,,,,,,,,,,,,,,,,
GESAN,92.65,92.9,94.1,92.35,11829638.0,-0.322754168908012,1096015960.7,24.899889811604723,2.4741866094830915,11.7816297467189,18.0819482427144,8.06159313206123,15.0,22.87798408488064,28.949199721642326,110.56818181818184,93.1818181818182,0.8882388953694267,2310.3,1.6,2026-08-31,4.76,5.0,-0.21,61.7,⚡ POZİTİF TREND & AKIŞ,-3.4,88.33333333333333,54.0,33.5,44.5,,,,,,,,,,,,,,,,,,,,,,,,,,,,,,,,,,,,,,
AKFIS,18.06,18.65,18.83,17.88,15621628.0,-3.163538873994637,282126601.68,45.942508267616375,1.818436285758301,4.59804438160996,6.25256860578955,13.185435940985798,15.0,17.145711654522632,65.68774201901137,308.9048425676733,344.82669655350344,0.5611631373575325,1901.45,2.61,2026-08-31,2.53,5.0,-0.81,59.9,⚡ POZİTİF TREND & AKIŞ,-3.8,97.0,42.66666666666667,33.5,21.0,,,,,,,,,,,,,,,,,,,,,,,,,,,,,,,,,,,,,,
PEKGY,15.75,15.75,15.75,15.75,10663627.0,-10.0,167952125.25,44.031311154598825,9.480812641083524,19.442707708089,59.2708694960706,109.91168900700498,15.0,7.142857142857148,23.33594361785435,30.488815244407625,120.58823529411764,0.0640046750208099,1280.01,20.0,2026-08-31,2.05,10.0,-1.73,59.3,⚡ POZİTİF TREND & AKIŞ,-0.7,73.0,40.0,80.16666666666666,0.3333333333333333,,,,,,,,,,,,,,,,,,,,,,,,,,,,,,,,,,,,,,
KPEKS,122.5,122.5,128.2,122.5,3926999.0,-9.992652461425418,481057377.5,15.0,2.0,15.0,10.0,8.0,15.0,18.47195357833656,18.47195357833656,18.47195357833656,18.47195357833656,1.0,2450.0,8.0,2026-08-31,7.5,5.0,0.0,58.7,⚡ POZİTİF TREND & AKIŞ,-2.7,71.0,66.0,33.5,54.50000000000001,,,,,,,,,,,,,,,,,,,,,,,,,,,,,,,,,,,,,,
TGSAS,232.2,254.0,257.0,232.2,1062259.0,-10.000000000000004,246656539.8,56.83653987369657,9.657857303286663,19.8764898445464,43.7377693156398,25.4192767739152,15.0,34.45280833815866,29.720670391061446,31.112365894974587,22.21052631578947,0.8940991554927314,2317.62,8.0,2026-08-31,2.06,5.0,-0.2,54.7,NÖTR,-3.4,79.33333333333333,40.33333333333333,33.5,45.33333333333333,,,,,,,,,,,,,,,,,,,,,,,,,,,,,,,,,,,,,,
SANFM,10.42,11.54,11.54,10.39,6499775.0,-9.705372616984397,67727655.5,216.63201663201664,5.616947873430004,2.93188510766028,1.18931227937449,1.35732093781715,15.0,16.03563474387527,20.8816705336427,47.80141843971632,35.324675324675326,1.008448187016581,2460.56,6.54,2026-08-31,0.52,5.0,0.02,53.1,NÖTR,-2.9,76.66666666666667,33.666666666666664,33.5,56.333333333333336,,,,,,,,,,,,,,,,,,,,,,,,,,,,,,,,,,,,,,
BIMAS,404.5,415.75,417.0,401.5,8041954.0,-2.6474127557160045,3252970393.0,17.691025904560306,2.382120235413548,16.1065139976773,2.85222037453406,3.2971437588077994,15.0,5.270006506180872,8.155080213903743,24.079754601226995,50.93283582089552,0.758172180284307,2147.72,2.84,2026-08-31,6.76,5.0,-0.45,51.8,NÖTR,-1.7,62.0,60.66666666666667,33.5,34.333333333333336,,,,,,,,,,,,,,,,,,,,,,,,,,,,,,,,,,,,,,
BESTE,31.4,32.74,32.8,30.6,5163462.0,-3.975535168195731,162132706.79999998,15.0,1.1773440019197454,15.0,10.0,8.0,15.0,9.79020979020978,-11.69853768278966,34.76394849785407,94.18676561533702,0.5043612206653086,1830.45,12.36,2026-08-31,12.74,6.2,-0.92,0.0,🪤 ZAYIF / TESTERE / TUZAK (UZAK DUR),0.0,64.33333333333333,85.0,69.83333333333334,15.333333333333332,,,,,,,,,,,,,,,,,,,,,,,,,,,,,,,,,,,,,,
GSRAY,1.09,1.12,1.13,1.08,148454620.0,-1.8018018018018032,161815535.8,30.44692737430168,0.8635852255621227,4.47213247689932,-7.36706892508612,2.47430371582688,15.0,11.224489795918378,1.8691588785046744,-4.385964912280687,-35.882352941176464,0.4005051070948649,1700.63,3.2,2026-08-31,5.18,5.0,-1.11,0.0,🪤 ZAYIF / TESTERE / TUZAK (UZAK DUR),0.0,41.833333333333336,55.16666666666666,33.5,7.166666666666667,,,,,,,,,,,,,,,,,,,,,,,,,,,,,,,,,,,,,,
MRSHL,1644.0,1630.0,1716.0,1618.0,69229.0,1.6697588126159555,113812476.0,15.0,14.602960688101456,-5.28774975195536,10.4483530673738,-1.30387926671439,15.0,7.450980392156863,4.050632911392405,18.103448275862068,-15.21402784940691,1.946959150671448,3633.7,6.86,2026-08-31,0.0,5.0,1.75,0.0,🪤 ZAYIF / TESTERE / TUZAK (UZAK DUR),0.0,56.00000000000001,16.0,33.5,85.0,,,,,,,,,,,,,,,,,,,,,,,,,,,,,,,,,,,,,,
TABGD,242.3,247.6,247.9,240.1,666758.0,-2.180056519983842,161555463.4,22.649728446301545,2.368476487030319,12.2193886562881,8.03635846678983,5.06386742912504,15.0,2.0210526315789523,-12.289592760180993,-0.5336617405582853,12.960372960372965,1.2980544504676736,2822.57,7.79,2026-08-31,5.16,5.0,0.55,0.0,🪤 ZAYIF / TESTERE / TUZAK (UZAK DUR),0.0,24.333333333333336,54.66666666666666,33.5,71.16666666666667,,,,,,,,,,,,,,,,,,,,,,,,,,,,,,,,,,,,,,
MEYSU,12.15,12.64,12.69,11.64,13225147.0,-3.724247226624397,160685536.05,15.0,2.1351525184255755,15.0,10.0,8.0,15.0,8.000000000000002,-35.37234042553192,1.2500000000000029,47.27272727272728,0.7755587667273706,2169.45,19.2,2026-08-31,7.03,9.6,-0.42,0.0,🪤 ZAYIF / TESTERE / TUZAK (UZAK DUR),0.0,38.83333333333333,61.66666666666667,79.33333333333333,36.333333333333336,,,,,,,,,,,,,,,,,,,,,,,,,,,,,,,,,,,,,,
ARSAN,4.43,4.23,4.57,4.23,34699674.0,3.990610328638496,153719555.82,15.0,0.6001343867520672,-0.666754401903954,-84.2143426076881,-28.6904246236786,15.0,34.65045592705166,28.405797101449263,19.72972972972972,45.72368421052631,0.8062355652998985,2207.79,24.94,2026-08-31,0.0,21.3,-0.36,0.0,🪤 ZAYIF / TESTERE / TUZAK (UZAK DUR),0.0,77.0,16.0,86.33333333333333,38.16666666666666,,,,,,,,,,,,,,,,,,,,,,,,,,,,,,,,,,,,,,
PATEK,20.78,21.66,21.72,20.62,7285609.0,-3.617810760667892,151394955.02,15.0,3.6983973018429697,-16.4083014952765,-24.2558420029139,-16.3687094655872,15.0,10.531914893617024,-17.86561264822134,13.551912568306014,-21.584905660377355,0.3468277333635514,1633.53,0.15,2026-08-31,0.0,5.0,-1.21,0.0,🪤 ZAYIF / TESTERE / TUZAK (UZAK DUR),0.0,51.0,16.0,33.5,3.333333333333333,,,,,,,,,,,,,,,,,,,,,,,,,,,,,,,,,,,,,,
EDIP,40.26,36.04,40.26,36.04,3743276.0,9.999999999999991,150704291.76,4.746074409393125,0.3441658376681046,8.51349643680434,62.293952441835,48.127174816411,15.0,18.97163120567374,6.451612903225801,17.03488372093023,5.835962145110408,2.3502353421079447,4137.79,48.0,2026-08-31,24.74,74.0,2.5,0.0,🪤 ZAYIF / TESTERE / TUZAK (UZAK DUR),0.0,62.66666666666667,94.66666666666669,99.66666666666669,90.33333333333331,,,,,,,,,,,,,,,,,,,,,,,,,,,,,,,,,,,,,,
BERA,13.56,13.7,14.37,13.47,11086313.0,-0.7320644216691043,150330404.28,15.0,0.266517448343081,-1.25779548537557,10.8504529680885,-1.8622978318128,15.0,6.855791962174949,-21.07101280558789,-19.044776119402982,-25.041459369817577,1.3373156131351422,2871.64,2.4,2026-08-31,0.0,5.0,0.62,0.0,🪤 ZAYIF / TESTERE / TUZAK (UZAK DUR),0.0,31.166666666666664,16.0,33.5,72.66666666666667,,,,,,,,,,,,,,,,,,,,,,,,,,,,,,,,,,,,,,
AKENR,10.69,10.78,11.09,10.45,14036115.0,-1.1100832562442275,150046069.35,15.0,0.4902911797579914,-26.5432289814888,-7.918069840172989,-21.4951500181946,15.0,9.416581371545549,-23.03815694744421,4.089581304771178,-5.230496453900709,0.9147934854984752,2343.49,13.0,2026-08-31,0.0,6.5,-0.16,0.0,🪤 ZAYIF / TESTERE / TUZAK (UZAK DUR),0.0,41.16666666666667,16.0,70.66666666666667,47.0,,,,,,,,,,,,,,,,,,,,,,,,,,,,,,,,,,,,,,
MOPAS,25.92,28.24,28.32,25.52,4453660.0,-8.085106382978715,115438867.2,22.86319132045515,1.213937235885521,6.11298898450715,1.9849271317115,1.53094592258589,15.0,-11.354309165526663,-36.99562469615945,-55.502145922746784,-22.48803827751195,1.915110194754141,3593.89,0.0,2026-08-31,5.04,5.0,1.69,0.0,🪤 ZAYIF / TESTERE / TUZAK (UZAK DUR),0.0,8.833333333333334,54.333333333333336,33.5,84.66666666666667,,,,,,,,,,,,,,,,,,,,,,,,,,,,,,,,,,,,,,
SOKE,12.78,14.0,14.0,12.78,9066149.0,-10.0,115865384.22,15.0,1.1459930594786538,-6.46062039460925,1.7958691580769597,-3.23223192753357,15.0,-22.59236826165961,-30.918918918918926,-9.745762711864412,-1.0069713400464817,3.6055072761170286,5706.88,8.0,2026-08-31,0.0,5.0,4.82,0.0,🪤 ZAYIF / TESTERE / TUZAK (UZAK DUR),0.0,8.833333333333334,16.0,33.5,95.66666666666669,,,,,,,,,,,,,,,,,,,,,,,,,,,,,,,,,,,,,,
GZNMI,57.35,60.0,60.15,56.85,2026948.0,-4.971002485501243,116245467.8,15.0,2.805933607745649,-22.5988008738838,-3.54971175885658,-8.60998416934279,15.0,-7.723250201126303,-18.99717514124293,12.23091976516634,-80.35958904109589,0.9649301493090392,2406.16,0.48,2026-08-31,0.0,5.0,-0.06,0.0,🪤 ZAYIF / TESTERE / TUZAK (UZAK DUR),0.0,39.33333333333333,16.0,33.5,52.0,,,,,,,,,,,,,,,,,,,,,,,,,,,,,,,,,,,,,,
ALGYO,3.7,3.89,3.89,3.68,31780228.0,-3.896103896103894,117586843.6,15.0,0.426851989649416,-12.9835666063568,51.99659414060389,-313.104552258711,15.0,10.447761194029852,-50.0,-25.10121457489879,16.56177272738929,1.228517346142316,2735.65,2.67,2026-08-31,0.0,5.0,0.42,0.0,🪤 ZAYIF / TESTERE / TUZAK (UZAK DUR),0.0,38.16666666666666,16.0,33.5,67.83333333333333,,,,,,,,,,,,,,,,,,,,,,,,,,,,,,,,,,,,,,
ARMGD,185.6,200.5,205.7,184.4,800494.0,-7.200000000000002,148571686.4,20.66930229968261,5.474183444134424,33.8360355788564,13.0040873051244,15.140193672562,15.0,-8.11881188118812,48.47999999999999,140.72632944228275,445.88235294117646,0.8485426422639308,2260.68,4.85,2026-08-31,6.18,5.0,-0.28,0.0,🪤 ZAYIF / TESTERE / TUZAK (UZAK DUR),0.0,92.33333333333331,58.66666666666666,33.5,40.833333333333336,,,,,,,,,,,,,,,,,,,,,,,,,,,,,,,,,,,,,,
DOHOL,22.02,22.6,22.62,21.86,5596770.0,-2.8243601059135064,123240875.4,8.89589140710217,0.5503258218773759,7.04256791810812,7.58500960536291,6.0092075102787,15.0,3.5747883349012133,-2.393617021276592,10.542168674698782,12.98101590559262,0.4688037210456192,1786.0,3.79,2026-08-31,12.8,5.0,-0.98,0.0,🪤 ZAYIF / TESTERE / TUZAK (UZAK DUR),0.0,43.0,85.33333333333334,33.5,12.333333333333334,,,,,,,,,,,,,,,,,,,,,,,,,,,,,,,,,,,,,,
AKFYE,22.72,23.6,23.82,22.62,5468309.0,-3.647158608990668,124239980.48,10.670173296388484,0.3888240468505594,4.46642791828936,16.269488392457,40.7988589348677,15.0,-5.64784053156146,3.839122486288848,29.75442604226155,19.83122362869197,0.7185160491424066,2098.15,3.33,2026-08-31,11.49,5.0,-0.52,0.0,🪤 ZAYIF / TESTERE / TUZAK (UZAK DUR),0.0,59.0,81.83333333333334,33.5,31.166666666666664,,,,,,,,,,,,,,,,,,,,,,,,,,,,,,,,,,,,,,
MAALT,1024.0,1154.0,1154.0,1018.0,123049.0,-6.909090909090909,126002176.0,2206.4210299504416,1.5376587031963118,-0.0035908057053252,-37.423023173898,-0.28674207970366,15.0,2.093718843469591,-19.56009426551453,16.099773242630384,-20.80433101314772,3.9197316530857984,6099.66,5.53,2026-08-31,0.0,5.0,5.0,0.0,🪤 ZAYIF / TESTERE / TUZAK (UZAK DUR),0.0,45.83333333333333,16.0,33.5,98.0,,,,,,,,,,,,,,,,,,,,,,,,,,,,,,,,,,,,,,
IZMDC,12.56,13.95,13.95,12.56,10215203.0,-9.964157706093182,128302949.68,15.0,0.912999041932534,-7.44835055635709,-3.11101861460767,-2.09600662872654,15.0,12.343470483005374,52.79805352798053,86.07407407407408,90.01512859304084,1.0969149737161146,2571.14,8.0,2026-08-31,0.0,5.0,0.18,0.0,🪤 ZAYIF / TESTERE / TUZAK (UZAK DUR),0.0,88.0,16.0,33.5,62.33333333333333,,,,,,,,,,,,,,,,,,,,,,,,,,,,,,,,,,,,,,
GENKM,9.94,10.57,10.59,9.88,13631051.0,-5.960264900662259,135492646.94,15.0,0.8605047371045487,15.0,10.0,8.0,15.0,-4.514889529298757,-29.851799576570222,-17.85123966942149,-17.85123966942149,1.2714301307125275,2789.29,3.27,2026-08-31,17.43,5.0,0.5,0.0,🪤 ZAYIF / TESTERE / TUZAK (UZAK DUR),0.0,8.833333333333334,89.66666666666666,33.5,70.0,,,,,,,,,,,,,,,,,,,,,,,,,,,,,,,,,,,,,,
QUAGR,3.21,3.4,3.41,3.18,42495843.0,-5.309734513274341,136411656.03,15.0,0.7883065407340828,-10.7583902505042,6.09210353374191,-10.598372758491,15.0,-4.74777448071217,-20.544554455445542,20.676691729323306,-56.91275167785235,0.8651239305907709,2281.4,0.7,2026-08-31,0.0,5.0,-0.25,0.0,🪤 ZAYIF / TESTERE / TUZAK (UZAK DUR),0.0,48.16666666666667,16.0,33.5,42.333333333333336,,,,,,,,,,,,,,,,,,,,,,,,,,,,,,,,,,,,,,
ENSRI,5.11,5.44,5.45,5.08,26833535.0,-7.594936708860758,137119363.85,15.0,1.8452316469866032,-5.54040297570026,-12.644898482866598,-17.882456685448,15.0,-7.761732851985554,-50.29182879377432,-81.78902352102638,-73.32490650947426,0.9307376686203896,2363.42,3.46,2026-08-31,0.0,5.0,-0.13,0.0,🪤 ZAYIF / TESTERE / TUZAK (UZAK DUR),0.0,8.833333333333334,16.0,33.5,49.0,,,,,,,,,,,,,,,,,,,,,,,,,,,,,,,,,,,,,,
MAKTK,10.76,10.45,11.34,10.36,12761381.0,3.1639501438159163,137312459.56,15.0,1.0500214200466265,-6.45595239061317,5.23826372144542,-11.3826593762446,15.0,9.908069458631264,-20.17804154302671,-20.648967551622423,-41.52173913043478,2.765358342989356,4656.7,14.86,2026-08-31,0.0,7.4,3.27,0.0,🪤 ZAYIF / TESTERE / TUZAK (UZAK DUR),0.0,35.16666666666667,16.0,73.33333333333333,92.0,,,,,,,,,,,,,,,,,,,,,,,,,,,,,,,,,,,,,,
MAVI,36.98,38.26,38.32,36.88,3788557.0,-3.345530580240464,140100837.85999998,14.423339443816062,1.84633020652137,14.613450639407,11.1741821705736,4.14003872521233,15.0,-5.32514080901179,-10.84860173577628,-14.2790913305517,-17.122366651725685,0.9260933389774024,2357.62,4.11,2026-08-31,7.91,5.0,-0.14,0.0,🪤 ZAYIF / TESTERE / TUZAK (UZAK DUR),0.0,8.833333333333334,70.66666666666667,33.5,48.5,,,,,,,,,,,,,,,,,,,,,,,,,,,,,,,,,,,,,,
GWIND,22.8,23.46,23.48,22.6,4434762.0,-2.8132992327365733,101112573.6,5.678421996413628,0.6849638125806823,14.3448139084257,27.6018533934681,79.8750676518264,15.0,-6.480721903199337,-15.867158671586717,-6.93877551020408,-15.241635687732334,1.21336809963143,2716.71,4.73,2026-08-31,20.94,5.0,0.39,0.0,🪤 ZAYIF / TESTERE / TUZAK (UZAK DUR),0.0,8.833333333333334,92.0,33.5,67.0,,,,,,,,,,,,,,,,,,,,,,,,,,,,,,,,,,,,,,
TRENJ,107.0,107.4,108.1,106.0,945766.0,-1.2003693444136632,101196962.0,16.74989433477873,1.7533662583835896,12.7553176698714,32.7924852281578,7.13509131048801,15.0,14.499732477260563,22.988505747126435,-5.141843971631204,80.89602704987321,0.3259619782598525,1607.45,18.67,2026-08-31,7.27,9.3,-1.25,0.0,🪤 ZAYIF / TESTERE / TUZAK (UZAK DUR),0.0,65.83333333333333,62.66666666666667,78.83333333333333,2.166666666666667,,,,,,,,,,,,,,,,,,,,,,,,,,,,,,,,,,,,,,
TUKAS,2.03,2.06,2.06,2.01,58617322.0,-1.4563106796116625,118993163.65999998,15.0,0.4551110313981772,-7.59984024912718,11.3283358195067,-12.859706534926902,15.0,2.525252525252516,-16.460905349794253,-13.617021276595755,-42.816901408450704,1.055487847532392,2519.36,14.4,2026-08-31,0.0,7.2,0.1,0.0,🪤 ZAYIF / TESTERE / TUZAK (UZAK DUR),0.0,23.0,16.0,72.16666666666667,58.833333333333336,,,,,,,,,,,,,,,,,,,,,,,,,,,,,,,,,,,,,,
GRSEL,300.25,315.5,316.0,300.0,656772.0,-4.833597464342314,197195793.0,9.119819699418032,2.199560864358191,30.7526568418126,31.2189781485818,26.647434843880603,15.0,-17.286501377410467,-6.171875,-15.123674911660778,-11.365313653136532,1.9795794419988333,3674.47,7.12,2026-08-31,13.98,5.0,1.81,0.0,🪤 ZAYIF / TESTERE / TUZAK (UZAK DUR),0.0,8.833333333333334,86.0,33.5,85.66666666666667,,,,,,,,,,,,,,,,,,,,,,,,,,,,,,,,,,,,,,
TSKB,10.94,11.29,11.3,10.89,18407405.0,-3.100088573959253,201377010.7,2.868906196732489,0.6089496675825031,23.7706505712981,59.55179467861104,48.26299837424127,15.0,-0.54545454545455,-3.185840707964612,-8.14441645675903,-23.65666434054432,1.136110281607626,2620.14,1.17,2026-08-31,39.04,5.0,0.25,0.0,🪤 ZAYIF / TESTERE / TUZAK (UZAK DUR),0.0,8.833333333333334,97.66666666666669,33.5,63.33333333333333,,,,,,,,,,,,,,,,,,,,,,,,,,,,,,,,,,,,,,
KARTN,166.4,160.0,175.9,159.0,1234100.0,4.000000000000004,205354240.0,15.0,4.274498863815597,-18.3734765991418,-34.8357317012019,-13.0294690980858,15.0,-24.36363636363636,35.28455284552846,130.63063063063063,77.0212765957447,2.301566579634477,4076.96,16.52,2026-08-31,0.0,8.3,2.41,0.0,🪤 ZAYIF / TESTERE / TUZAK (UZAK DUR),0.0,89.0,16.0,76.33333333333333,89.0,,,,,,,,,,,,,,,,,,,,,,,,,,,,,,,,,,,,,,
PETUN,12.11,11.48,12.69,11.36,17288656.0,4.93934142114385,209365624.16,14.418383140850102,0.3267629956422606,2.66608055419571,8.52201489095237,2.17082156236283,15.0,12.756052141526991,-7.345065034429998,2.801358234295417,-3.659506762132067,9.605333980479829,13206.67,23.58,2026-08-31,8.16,18.2,5.0,0.0,🪤 ZAYIF / TESTERE / TUZAK (UZAK DUR),0.0,43.66666666666666,71.66666666666667,85.66666666666667,98.0,,,,,,,,,,,,,,,,,,,,,,,,,,,,,,,,,,,,,,
TATEN,8.42,8.92,8.92,8.36,25061523.0,-5.605381165919283,211018023.66,41.745166088249874,1.649541086698861,4.26432907206956,34.639820746003,7.91074696411164,15.0,-32.151490733279616,-42.21002059025395,-0.9411764705882362,-40.283687943262414,0.5350279006925766,1868.78,2.0,2026-08-31,2.59,5.0,-0.86,0.0,🪤 ZAYIF / TESTERE / TUZAK (UZAK DUR),0.0,8.833333333333334,44.333333333333336,33.5,18.166666666666668,,,,,,,,,,,,,,,,,,,,,,,,,,,,,,,,,,,,,,
GUNDG,1732.0,1650.0,1801.0,1572.0,122471.0,1.8823529411764703,212119772.0,15.0,78.20218063078276,-17.9104469072489,-8.9131785402994,-10.4461068336019,15.0,0.2895193977996526,59.04499540863177,186.51778329197683,1849.3528418683168,0.4322391974611492,1740.3,31.13,2026-08-31,0.0,35.4,-1.05,0.0,🪤 ZAYIF / TESTERE / TUZAK (UZAK DUR),0.0,96.0,16.0,91.66666666666666,9.833333333333332,,,,,,,,,,,,,,,,,,,,,,,,,,,,,,,,,,,,,,
AKSA,10.74,11.02,11.02,10.67,19874483.0,-2.5408348457350214,213451947.42,7.205635692720564,1.138919553467183,18.2911638761343,6.62308923966929,14.8408156336236,15.0,-13.387096774193548,1.7045454545454517,8.594539939332655,-0.739371534195934,1.064010941197274,2530.01,3.2,2026-08-31,16.06,5.0,0.12,0.0,🪤 ZAYIF / TESTERE / TUZAK (UZAK DUR),0.0,36.5,88.33333333333333,33.5,59.66666666666667,,,,,,,,,,,,,,,,,,,,,,,,,,,,,,,,,,,,,,
PNSUT,11.93,11.07,12.15,11.01,18523362.0,7.963800904977367,220983708.66,15.0,0.3041459451838757,-8.96119067597258,-0.408652922660241,-6.6122101991251405,15.0,12.12406015037593,-14.602720114531143,11.183597390493937,-7.947530864197539,5.937475879375461,8621.84,37.19,2026-08-31,0.0,49.3,5.0,0.0,🪤 ZAYIF / TESTERE / TUZAK (UZAK DUR),0.0,50.0,16.0,94.66666666666669,98.0,,,,,,,,,,,,,,,,,,,,,,,,,,,,,,,,,,,,,,
ISMEN,33.3,33.84,34.14,33.12,6806062.0,-0.7155635062611867,226641864.6,7.4363555158552925,1.416912747108732,22.1737418237606,1.17999739570333,0.367948589494609,15.0,-2.915451895043732,-11.389036721660462,-26.61965623622742,-25.20215633423182,0.9852193972848572,2431.52,1.88,2026-08-31,15.65,5.0,-0.03,0.0,🪤 ZAYIF / TESTERE / TUZAK (UZAK DUR),0.0,8.833333333333334,87.66666666666667,33.5,53.5,,,,,,,,,,,,,,,,,,,,,,,,,,,,,,,,,,,,,,
PSGYO,3.24,3.34,3.35,3.2,70250639.0,-2.9940119760478936,227612070.36,6.928999144568008,0.5249641517535261,7.94952628156929,-20.5518492208091,226.322534083369,15.0,-8.732394366197173,4.5161290322580685,51.40186915887851,11.340206185567013,0.5844561997137451,1930.57,6.93,2026-08-31,15.14,5.0,-0.77,0.0,🪤 ZAYIF / TESTERE / TUZAK (UZAK DUR),0.0,69.16666666666667,87.0,33.5,22.33333333333333,,,,,,,,,,,,,,,,,,,,,,,,,,,,,,,,,,,,,,
TURSG,6.12,6.24,6.31,6.09,37517676.0,-2.2364217252396115,229608177.12,5.179856115107913,2.0731637087950245,49.9664216719778,32.1419450908008,24.8753155254209,15.0,-2.7027027027027017,-1.844426623897357,-0.0816326530612227,26.970954356846462,0.569063063928916,1911.33,0.36,2026-08-31,24.1,5.0,-0.8,0.0,🪤 ZAYIF / TESTERE / TUZAK (UZAK DUR),0.0,21.666666666666668,94.0,33.5,21.666666666666668,,,,,,,,,,,,,,,,,,,,,,,,,,,,,,,,,,,,,,
HEDEF,84.25,90.6,91.05,84.25,2735039.0,-9.989316239316237,230427035.75,120.63287514318442,35.48249881023075,41.4069060729385,96.7988708804472,68.2608388240171,15.0,-70.12411347517731,-12.278966787706908,21.396710756338194,642.1390216815638,0.2341078555033307,1492.63,8.0,2026-08-31,1.17,5.0,-1.42,0.0,🪤 ZAYIF / TESTERE / TUZAK (UZAK DUR),0.0,69.83333333333334,37.333333333333336,33.5,1.0,,,,,,,,,,,,,,,,,,,,,,,,,,,,,,,,,,,,,,
SDTTR,22.24,23.56,23.72,22.2,7311429.0,-5.602716468590834,162606180.95999998,120.41147807255008,4.935619460188813,4.75837685590879,11.4096425840973,4.60090165154949,15.0,9.360860366671718,-8.374440209646208,-6.803716327525852,20.512435783371743,0.564779599176425,1905.97,6.53,2026-08-31,0.96,5.0,-0.81,0.0,🪤 ZAYIF / TESTERE / TUZAK (UZAK DUR),0.0,35.66666666666667,35.16666666666667,33.5,21.0,,,,,,,,,,,,,,,,,,,,,,,,,,,,,,,,,,,,,,
KGYO,13.1,13.3,13.31,12.79,12508312.0,-1.355421686746986,163858887.2,15.0,9.079819235354458,-46.8242068023256,-39.8310414265088,-35.2536048797348,15.0,30.4780876494024,6.590724165988614,75.13368983957217,296.969696969697,0.4272819073875012,1734.1,25.38,2026-08-31,0.0,22.3,-1.06,0.0,🪤 ZAYIF / TESTERE / TUZAK (UZAK DUR),0.0,83.66666666666667,16.0,87.33333333333333,8.833333333333334,,,,,,,,,,,,,,,,,,,,,,,,,,,,,,,,,,,,,,
ESEN,3.67,3.82,3.82,3.62,46628937.0,-2.1333333333333355,171128198.79,31.69257340241796,0.4193811214502588,-4.23149320297435,1.22766474108981,-37.107492573021,15.0,7.9411764705882355,-11.990407673860911,0.8241758241758188,-64.1951219512195,1.166242954164399,2657.8,6.0,2026-08-31,0.0,5.0,0.31,0.0,🪤 ZAYIF / TESTERE / TUZAK (UZAK DUR),0.0,33.166666666666664,16.0,33.5,65.16666666666666,,,,,,,,,,,,,,,,,,,,,,,,,,,,,,,,,,,,,,
UCAYM,23.8,26.04,26.2,23.4,5992690.0,-8.46153846153846,142626022.0,15.0,2.49056619569153,15.0,10.0,8.0,15.0,-6.593406593406592,-40.6187624750499,-5.179282868525898,20.2020202020202,0.8889868824409125,2311.23,0.0,2026-08-31,6.02,5.0,-0.21,0.0,🪤 ZAYIF / TESTERE / TUZAK (UZAK DUR),0.0,20.833333333333336,58.333333333333336,33.5,44.5,,,,,,,,,,,,,,,,,,,,,,,,,,,,,,,,,,,,,,
DOAS,164.0,166.4,166.8,163.4,903920.0,-1.4423076923076956,148242880.0,14.288452490895468,0.4853288492104277,3.74584386729599,4.21409651269476,0.998532828502528,15.0,-10.382513661202186,-11.35135135135135,-16.919959473150964,-13.319238900634245,0.947516166328962,2384.4,1.88,2026-08-31,7.72,5.0,-0.1,0.0,🪤 ZAYIF / TESTERE / TUZAK (UZAK DUR),0.0,8.833333333333334,70.0,33.5,50.5,,,,,,,,,,,,,,,,,,,,,,,,,,,,,,,,,,,,,,
ZGYO,26.58,28.5,30.62,26.58,5486485.0,-9.95934959349594,145830771.29999998,15.0,1.3749465902048763,15.0,10.0,8.0,15.0,-26.16666666666667,-29.120000000000005,25.25918944392083,147.48603351955305,0.527589486042198,1859.49,8.0,2026-08-31,10.91,5.0,-0.87,0.0,🪤 ZAYIF / TESTERE / TUZAK (UZAK DUR),0.0,57.66666666666666,79.33333333333333,33.5,17.333333333333336,,,,,,,,,,,,,,,,,,,,,,,,,,,,,,,,,,,,,,
SAYAS,57.95,59.65,59.8,57.4,2496250.0,-2.8499580888516274,144657687.5,23.09501036186833,2.8502443734110323,14.896745544339,17.833979664198,7.48934928598667,15.0,28.378378378378383,1.577563540753735,56.62162162162164,9.03104421448731,0.767429944214107,2159.29,4.83,2026-08-31,5.23,5.0,-0.43,0.0,🪤 ZAYIF / TESTERE / TUZAK (UZAK DUR),0.0,75.16666666666667,55.66666666666666,33.5,35.833333333333336,,,,,,,,,,,,,,,,,,,,,,,,,,,,,,,,,,,,,,
DAGI,9.9,11.04,11.04,9.9,14519827.0,-9.999999999999996,143746287.3,15.0,2.1498091230081693,-5.93450154384257,2.15343110411164,-2.65097232680474,15.0,9.5132743362832,39.63328631875883,72.17391304347827,23.90488110137672,1.9541702584394105,3642.71,8.0,2026-08-31,0.0,5.0,1.77,0.0,🪤 ZAYIF / TESTERE / TUZAK (UZAK DUR),0.0,85.33333333333334,16.0,33.5,85.33333333333334,,,,,,,,,,,,,,,,,,,,,,,,,,,,,,,,,,,,,,
ARCLK,91.3,93.0,93.0,90.5,1570074.0,-1.8807092960773777,143347756.2,15.0,0.793550770300515,-3.20926092758056,1.7283753371330697,-0.4354351208644139,15.0,-5.973223480947475,-12.380038387715937,-16.315307057745187,-35.477031802120145,1.0281629368921723,2485.2,9.92,2026-08-31,0.0,5.0,0.05,0.0,🪤 ZAYIF / TESTERE / TUZAK (UZAK DUR),0.0,8.833333333333334,16.0,33.5,57.16666666666666,,,,,,,,,,,,,,,,,,,,,,,,,,,,,,,,,,,,,,
AKHAN,41.46,40.36,42.0,40.24,2442858.0,2.6237623762376296,101280892.68,15.0,1.993234732475784,15.0,10.0,8.0,15.0,-5.125858123569798,34.174757281553404,74.05541561712846,75.38071065989847,1.2367378356244942,2745.92,30.82,2026-08-31,7.53,34.7,0.44,0.0,🪤 ZAYIF / TESTERE / TUZAK (UZAK DUR),0.0,82.33333333333334,68.33333333333333,91.33333333333331,68.33333333333333,,,,,,,,,,,,,,,,,,,,,,,,,,,,,,,,,,,,,,
MEGMT,44.24,47.0,47.0,43.92,4291614.0,-5.872340425531911,189861003.36,9.842703628718269,2.3259151850611475,26.7210478100631,2.90919171296774,3.9911783531392295,15.0,-38.21229050279329,-41.67435728411337,-33.72284644194757,32.93269230769231,0.3563222571767345,1645.4,2.18,2026-08-31,11.49,5.0,-1.19,0.0,🪤 ZAYIF / TESTERE / TUZAK (UZAK DUR),0.0,22.33333333333333,81.83333333333334,33.5,4.0,,,,,,,,,,,,,,,,,,,,,,,,,,,,,,,,,,,,,,
TARKM,565.0,547.5,584.0,542.0,304420.0,1.985559566787004,171997300.0,15.0,3.659599709745164,15.0,10.0,8.0,15.0,21.17962466487936,0.9830205540661304,43.58322744599746,34.523809523809526,1.340822772405002,2876.03,22.67,2026-08-31,4.1,16.1,0.63,0.0,🪤 ZAYIF / TESTERE / TUZAK (UZAK DUR),0.0,72.0,52.5,84.66666666666667,73.0,,,,,,,,,,,,,,,,,,,,,,,,,,,,,,,,,,,,,,
EKIM,19.12,20.0,20.2,18.95,9822606.0,-4.256384576865288,187808226.72,15.0,2.0,15.0,10.0,8.0,15.0,-0.3128258602711091,-32.95932678821879,-32.95932678821879,-32.95932678821879,0.4021207000737556,1702.65,0.38,2026-08-31,7.5,5.0,-1.11,0.0,🪤 ZAYIF / TESTERE / TUZAK (UZAK DUR),0.0,8.833333333333334,66.0,33.5,7.166666666666667,,,,,,,,,,,,,,,,,,,,,,,,,,,,,,,,,,,,,,
PSDTC,175.8,190.0,196.3,175.0,1063753.0,-4.87012987012987,187007777.4,45.78363456430023,4.98607133315295,12.6675979739311,1.04639982386474,29.5364797681748,15.0,24.76933995741661,40.97834803528469,55.57522123893806,2.387885847408284,2.0579629058915323,3772.45,5.9,2026-08-31,2.54,5.0,1.96,0.0,🪤 ZAYIF / TESTERE / TUZAK (UZAK DUR),0.0,85.0,43.0,33.5,86.66666666666667,,,,,,,,,,,,,,,,,,,,,,,,,,,,,,,,,,,,,,
PINSU,10.45,10.31,11.25,10.28,17839882.0,1.3579049466537223,186426766.9,22.027824620573355,0.9583665398932684,5.14548120317794,6.22617905989736,4.60976302439266,15.0,1.063829787234037,-9.836065573770496,7.179487179487173,-12.69841269841271,6.613241160551429,9466.55,1.81,2026-08-31,5.37,5.0,5.0,0.0,🪤 ZAYIF / TESTERE / TUZAK (UZAK DUR),0.0,32.666666666666664,56.66666666666666,33.5,98.0,,,,,,,,,,,,,,,,,,,,,,,,,,,,,,,,,,,,,,
ULUUN,8.47,9.15,9.2,8.29,20813585.0,-7.633587786259534,176291064.95000002,77.70642201834863,0.4184954224901515,0.614222040469284,1.7500709609109302,0.11761459537188,15.0,2.048192771084336,-2.19399538106235,22.398843930635845,8.729139922978185,2.0510041513116266,3763.76,3.08,2026-08-31,1.47,5.0,1.94,0.0,🪤 ZAYIF / TESTERE / TUZAK (UZAK DUR),0.0,51.83333333333333,38.333333333333336,33.5,86.33333333333333,,,,,,,,,,,,,,,,,,,,,,,,,,,,,,,,,,,,,,
OFSYM,67.4,67.0,69.1,65.5,2594108.0,-0.074128984432909,174842879.20000002,28.970556630131103,1.945775228318247,7.86971394507022,7.36925796789019,1.72862770592818,15.0,30.62015503875969,12.992455993294229,2.12121212121213,18.45342706502637,1.0098276587131712,2462.28,21.56,2026-08-31,4.04,13.6,0.02,0.0,🪤 ZAYIF / TESTERE / TUZAK (UZAK DUR),0.0,66.5,51.66666666666667,82.66666666666667,56.333333333333336,,,,,,,,,,,,,,,,,,,,,,,,,,,,,,,,,,,,,,
KCAER,16.03,16.27,16.35,15.9,10898367.0,-1.475107559926235,174700823.01000002,46.68025626092022,2.066206249403855,5.08161965165783,9.04525978705491,2.7353959136208,15.0,8.530805687203802,17.69456681350956,55.329457364341096,3.754045307443378,0.6900964308582463,2062.62,8.18,2026-08-31,2.46,5.0,-0.57,0.0,🪤 ZAYIF / TESTERE / TUZAK (UZAK DUR),0.0,75.66666666666667,42.333333333333336,33.5,29.666666666666668,,,,,,,,,,,,,,,,,,,,,,,,,,,,,,,,,,,,,,
ALBRK,8.65,9.11,9.12,8.54,20109786.0,-5.049396267837532,173949648.9,2.3231455121663,0.6719386011248174,34.3970756422385,22.60558887227479,28.57901322697172,15.0,8.125000000000004,9.079445145018925,2.8537455410225947,-1.8161180476731005,1.5180635824787134,3097.58,2.62,2026-08-31,51.19,5.0,0.96,0.0,🪤 ZAYIF / TESTERE / TUZAK (UZAK DUR),0.0,50.5,98.66666666666669,33.5,77.66666666666666,,,,,,,,,,,,,,,,,,,,,,,,,,,,,,,,,,,,,,
HLGYO,4.37,4.46,4.89,4.31,39557672.0,-1.7977528089887655,172867026.64000002,1.3034659667124024,0.2512519476338046,23.7397574584333,20.1394639165358,63.006491068978,15.0,-5.81896551724137,-28.827361563517908,-7.2186836518046675,3.8724734871869857,1.494519119827103,3068.15,2.21,2026-08-31,79.13,5.0,0.91,0.0,🪤 ZAYIF / TESTERE / TUZAK (UZAK DUR),0.0,18.5,99.83333333333331,33.5,76.16666666666667,,,,,,,,,,,,,,,,,,,,,,,,,,,,,,,,,,,,,,
PRZMA,90.1,83.1,94.25,83.1,2086506.0,-0.1108647450110959,187994190.6,15.0,13.990313920284713,-25.8732914584295,-8.46581616764689,-65.1348540074442,15.0,29.175627240143363,84.47993447993446,596.829079659706,492.7631578947368,0.3284507727614553,1610.56,27.16,2026-08-31,0.0,26.4,-1.24,0.0,🪤 ZAYIF / TESTERE / TUZAK (UZAK DUR),0.0,98.66666666666669,16.0,89.33333333333333,2.666666666666667,,,,,,,,,,,,,,,,,,,,,,,,,,,,,,,,,,,,,,
VERUS,649.5,695.5,695.5,626.5,104617.0,-6.68103448275862,67948741.5,15.0,8.464283200971666,-16.8567045165198,-22.6840748797566,-103.959024218694,15.0,28.10650887573965,12.564991334488736,115.78073089700996,47.61363636363637,1.0876112515165346,2559.51,10.67,2026-08-31,0.0,5.3,0.16,0.0,🪤 ZAYIF / TESTERE / TUZAK (UZAK DUR),0.0,87.0,16.0,67.66666666666666,60.66666666666667,,,,,,,,,,,,,,,,,,,,,,,,,,,,,,,,,,,,,,
CEMAS,4.11,4.35,4.35,4.08,16369581.0,-5.517241379310329,67278977.91000001,15.0,0.851476410374339,-36.8061522546612,-40.6839133685452,-87.1901072381463,15.0,0.2439024390244067,-18.77470355731224,-10.845986984815616,-41.784702549575066,0.804549783059908,2205.69,1.78,2026-08-31,0.0,5.0,-0.36,0.0,🪤 ZAYIF / TESTERE / TUZAK (UZAK DUR),0.0,18.5,16.0,33.5,38.16666666666666,,,,,,,,,,,,,,,,,,,,,,,,,,,,,,,,,,,,,,
INDES,11.76,11.94,12.07,11.73,5694597.0,-2.0000000000000018,66968460.72,9.914846977489251,1.040008489865223,12.5280970462568,4.07785184456159,0.762404692472226,15.0,19.269776876267752,-4.622871046228712,58.918918918918905,42.54545454545455,0.5548340686614779,1893.54,3.06,2026-08-31,12.05,5.0,-0.82,0.0,🪤 ZAYIF / TESTERE / TUZAK (UZAK DUR),0.0,74.0,84.0,33.5,20.166666666666664,,,,,,,,,,,,,,,,,,,,,,,,,,,,,,,,,,,,,,
HOROZ,58.75,61.0,61.2,58.25,1104583.0,-3.5303776683087005,64894251.25,15.0,1.207274305462798,-1.57077415257944,-0.734678737318689,-0.432555225541381,15.0,6.721162579473211,-18.62880886426593,-1.3434089000839584,2.7097902097902047,0.389012889780908,1686.27,1.49,2026-08-31,0.0,5.0,-1.13,0.0,🪤 ZAYIF / TESTERE / TUZAK (UZAK DUR),0.0,31.166666666666664,16.0,33.5,5.5,,,,,,,,,,,,,,,,,,,,,,,,,,,,,,,,,,,,,,
SNGYO,3.43,3.62,3.62,3.41,18713877.0,-5.248618784530385,64188598.11,15.0,0.2241349566890235,-0.248871296514052,33.0087888480701,-1.83884846370318,15.0,11.003236245954705,-4.7222222222222205,-19.48356807511736,-30.000000000000004,1.0949177852285283,2568.65,2.67,2026-08-31,0.0,5.0,0.18,0.0,🪤 ZAYIF / TESTERE / TUZAK (UZAK DUR),0.0,37.5,16.0,33.5,62.33333333333333,,,,,,,,,,,,,,,,,,,,,,,,,,,,,,,,,,,,,,
ALFAS,40.88,41.72,42.32,40.5,1561507.0,-2.0134228187919376,63834406.16,48.98154804696861,2.2724847018642382,5.25384849399821,6.925884492629321,4.01672476399673,15.0,-1.4939759036144518,-22.42884250474383,7.578947368421058,-18.07615230460921,0.6062658056941362,1957.83,3.69,2026-08-31,2.31,5.0,-0.73,0.0,🪤 ZAYIF / TESTERE / TUZAK (UZAK DUR),0.0,32.166666666666664,42.0,33.5,24.166666666666668,,,,,,,,,,,,,,,,,,,,,,,,,,,,,,,,,,,,,,
SMRVA,11.16,11.64,11.65,11.1,5713836.0,-4.123711340206189,63766409.76,15.0,2.596683411706948,15.0,10.0,8.0,15.0,-1.846965699208436,-33.01320528211284,5.675393598230112,-71.17943810957361,0.5054574249412648,1831.82,1.89,2026-08-31,5.78,5.0,-0.91,0.0,🪤 ZAYIF / TESTERE / TUZAK (UZAK DUR),0.0,29.666666666666668,56.99999999999999,33.5,15.666666666666668,,,,,,,,,,,,,,,,,,,,,,,,,,,,,,,,,,,,,,
TKNSA,18.13,19.05,19.56,18.1,5980078.0,-4.578947368421058,108418814.14,15.0,2.0,-526.035964670245,-1.37450660170061,-2.93677001742585,15.0,14.168765743073036,-12.415458937198068,-20.2726473175022,-34.784172661870514,0.3760848830370201,1670.11,6.85,2026-08-31,0.0,5.0,-1.15,0.0,🪤 ZAYIF / TESTERE / TUZAK (UZAK DUR),0.0,41.833333333333336,16.0,33.5,4.666666666666667,,,,,,,,,,,,,,,,,,,,,,,,,,,,,,,,,,,,,,
DEVA,93.15,93.3,94.1,92.15,752636.0,1.692139737991279,70108043.4,15.0,0.5908391952636961,-2.99029527989834,4.69905039824596,-3.84649229772031,15.0,28.571428571428577,43.30769230769232,44.1950464396285,35.78717201166182,0.5142608663330133,1842.83,20.72,2026-08-31,0.0,11.6,-0.9,0.0,🪤 ZAYIF / TESTERE / TUZAK (UZAK DUR),0.0,84.0,16.0,81.33333333333333,16.0,,,,,,,,,,,,,,,,,,,,,,,,,,,,,,,,,,,,,,
MARMR,2.27,2.34,2.35,2.25,30820784.0,-2.991452991452985,69963179.68,15.0,1.5825432236475183,15.0,10.0,8.0,15.0,5.581395348837215,-13.3587786259542,-1.304347826086948,51.333333333333336,0.4377078964647083,1747.13,3.2,2026-08-31,9.48,5.0,-1.04,0.0,🪤 ZAYIF / TESTERE / TUZAK (UZAK DUR),0.0,33.166666666666664,74.33333333333333,33.5,10.333333333333334,,,,,,,,,,,,,,,,,,,,,,,,,,,,,,,,,,,,,,
HRKET,92.55,97.5,99.0,91.55,882158.0,-4.832904884318769,81643722.89999999,15.0,1.405673178479941,-18.5083754259682,3.5932560501018,-20.9197099952122,15.0,-2.6813880126182936,-7.450000000000002,32.59312320916906,12.865853658536585,0.5326575309115483,1865.82,0.48,2026-08-31,0.0,5.0,-0.86,0.0,🪤 ZAYIF / TESTERE / TUZAK (UZAK DUR),0.0,57.333333333333336,16.0,33.5,18.166666666666668,,,,,,,,,,,,,,,,,,,,,,,,,,,,,,,,,,,,,,
KAREL,8.6,8.91,8.94,8.57,8514215.0,-3.4792368125701514,73222249.0,15.0,6.116773473118204,-52.9035629797942,1.73319471188754,-3.60887481147536,15.0,-3.6954087346024647,-34.09961685823755,-6.926406926406933,-18.173168411037107,0.7196384074826154,2099.55,3.46,2026-08-31,0.0,5.0,-0.52,0.0,🪤 ZAYIF / TESTERE / TUZAK (UZAK DUR),0.0,8.833333333333334,16.0,33.5,31.166666666666664,,,,,,,,,,,,,,,,,,,,,,,,,,,,,,,,,,,,,,
LILAK,29.02,30.02,30.12,28.88,2522610.0,-3.5880398671096407,73206142.2,16.3732791694877,0.9247068150446166,6.45755043653878,11.5377231169445,7.61064073579612,15.0,3.49500713266762,-18.345526167698367,-3.266666666666668,-2.6174496644295338,0.9270112197825894,2358.76,1.68,2026-08-31,6.98,5.0,-0.14,0.0,🪤 ZAYIF / TESTERE / TUZAK (UZAK DUR),0.0,26.5,61.33333333333333,33.5,48.5,,,,,,,,,,,,,,,,,,,,,,,,,,,,,,,,,,,,,,
TBORG,160.7,161.0,163.5,157.6,455321.0,2.0317460317460245,73170084.69999999,16.47698144160771,1.7365776970472666,11.9764410664178,15.581590617698698,6.844440840975639,15.0,24.47714949651433,17.90168745414525,1.7088607594936638,-10.223463687150844,0.876103713734914,2295.13,21.42,2026-08-31,6.9,13.3,-0.23,0.0,🪤 ZAYIF / TESTERE / TUZAK (UZAK DUR),0.0,65.16666666666666,61.0,82.33333333333334,43.0,,,,,,,,,,,,,,,,,,,,,,,,,,,,,,,,,,,,,,
MERCN,17.14,18.12,18.18,17.01,4255613.0,-5.408388520971305,72941206.82000001,21.608673726676752,1.2202727601516157,6.4558976489433,14.809740169979598,5.13215658755339,15.0,-17.911877394636008,-24.95621716287215,6.130030959752335,-57.46898263027295,0.9206510113782128,2350.81,1.78,2026-08-31,5.29,5.0,-0.15,0.0,🪤 ZAYIF / TESTERE / TUZAK (UZAK DUR),0.0,30.166666666666668,56.00000000000001,33.5,48.0,,,,,,,,,,,,,,,,,,,,,,,,,,,,,,,,,,,,,,
LINK,5.43,5.68,5.75,5.41,13368539.0,-4.569420035149396,72591166.77,12.73452157598499,2.244042748394456,21.8633290097379,23.735256268511,25.9376506113085,15.0,-3.552397868561282,-30.02577319587629,2.832437100352527,-67.73445995329519,0.8739984808154838,2292.5,4.71,2026-08-31,9.74,5.0,-0.23,0.0,🪤 ZAYIF / TESTERE / TUZAK (UZAK DUR),0.0,24.333333333333336,74.66666666666667,33.5,43.0,,,,,,,,,,,,,,,,,,,,,,,,,,,,,,,,,,,,,,
BRKVY,86.55,87.2,89.95,85.15,810760.0,1.8235294117647027,70171278.0,14.878291961768548,3.3088087714972216,24.9595404187976,49.3349726835545,17.8521967656456,15.0,16.33064516129031,-10.635002581311303,2.123893805309731,0.6395348837209269,1.242258674980261,2752.82,8.33,2026-08-31,7.54,5.0,0.45,0.0,🪤 ZAYIF / TESTERE / TUZAK (UZAK DUR),0.0,46.33333333333333,68.66666666666667,33.5,68.66666666666667,,,,,,,,,,,,,,,,,,,,,,,,,,,,,,,,,,,,,,
ANSGR,27.0,27.5,27.5,26.94,3006019.0,-1.818181818181818,81162513.0,3.459852892180733,1.348459385152463,46.7557305906275,16.7368422230775,16.9342505692388,15.0,0.0,-1.818181818181818,6.2992125984252025,21.731289449954915,0.6496919051212816,2012.11,2.0,2026-08-31,34.67,5.0,-0.65,0.0,🪤 ZAYIF / TESTERE / TUZAK (UZAK DUR),0.0,32.166666666666664,97.33333333333334,33.5,25.666666666666664,,,,,,,,,,,,,,,,,,,,,,,,,,,,,,,,,,,,,,
HDFGS,2.42,2.53,2.53,2.4,33266562.0,-3.968253968253972,80505080.03999999,4.481481481481481,0.6326615443738872,17.3728281583495,329.390355491585,178.221177935759,15.0,-5.836575875486378,-15.972222222222223,-25.30864197530865,-0.8196721311475418,0.7795829927617098,2174.48,0.62,2026-08-31,27.46,5.0,-0.41,0.0,🪤 ZAYIF / TESTERE / TUZAK (UZAK DUR),0.0,8.833333333333334,95.33333333333334,33.5,36.833333333333336,,,,,,,,,,,,,,,,,,,,,,,,,,,,,,,,,,,,,,
BOBET,20.12,20.7,21.1,20.02,3956685.0,-2.3300970873786424,79608502.2,15.0,1.0648680346939512,-14.7450464929952,-6.91254112760322,-8.14204851321327,15.0,10.488742449203734,6.455026455026468,1.1563599798893938,-4.824976348155154,0.4439274490076422,1754.91,2.81,2026-08-31,0.0,5.0,-1.03,0.0,🪤 ZAYIF / TESTERE / TUZAK (UZAK DUR),0.0,48.16666666666667,16.0,33.5,10.833333333333334,,,,,,,,,,,,,,,,,,,,,,,,,,,,,,,,,,,,,,
BINBN,175.8,190.9,191.0,174.6,450304.0,-3.140495867768589,79163443.2,15.0,10.704721403231876,-35.6665828056623,-81.0175175878244,-131.964359818519,15.0,-0.7900677200902807,-1.6228315612758688,9.669369931378665,-14.660194174757278,1.1535847526296144,2641.98,3.9,2026-08-31,0.0,5.0,0.28,0.0,🪤 ZAYIF / TESTERE / TUZAK (UZAK DUR),0.0,34.333333333333336,16.0,33.5,64.16666666666667,,,,,,,,,,,,,,,,,,,,,,,,,,,,,,,,,,,,,,
ECZYT,320.75,324.5,326.0,319.0,246142.0,-0.6196746707978312,78950046.5,15.0,1.07076042217104,-1.54210473736186,86.1552265577171,-114.403310698502,15.0,6.916666666666667,-11.578221915920055,12.543859649122806,31.40106513723884,0.7432553013203288,2129.07,6.0,2026-08-31,0.0,5.0,-0.47,0.0,🪤 ZAYIF / TESTERE / TUZAK (UZAK DUR),0.0,48.66666666666667,16.0,33.5,33.166666666666664,,,,,,,,,,,,,,,,,,,,,,,,,,,,,,,,,,,,,,
CGCAM,35.02,36.98,37.0,34.4,2246297.0,-5.248917748917743,78665320.94000001,32.21414773249931,1.1211605772792423,4.04402534069311,9.63453810185714,7.352912829973729,15.0,-9.7422680412371,-16.61904761904761,-4.107338444687842,-25.39412015338729,0.9693670874167628,2411.71,5.35,2026-08-31,3.61,5.0,-0.06,0.0,🪤 ZAYIF / TESTERE / TUZAK (UZAK DUR),0.0,8.833333333333334,49.0,33.5,52.0,,,,,,,,,,,,,,,,,,,,,,,,,,,,,,,,,,,,,,
EGEEN,5090.0,5150.0,5200.0,5075.0,15402.0,-1.117047110247693,78396180.0,15.0,1.7567518548659282,-3.01656915105796,3.05086515711194,-5.52283585814768,15.0,-2.3501199040767387,-12.917023096663817,-14.633123689727464,-39.67407407407408,1.5651484665569173,3156.44,1.28,2026-08-31,0.0,5.0,1.05,0.0,🪤 ZAYIF / TESTERE / TUZAK (UZAK DUR),0.0,8.833333333333334,16.0,33.5,78.66666666666666,,,,,,,,,,,,,,,,,,,,,,,,,,,,,,,,,,,,,,
ZERGY,9.33,9.54,9.57,9.12,7328998.0,-1.995798319327726,68379551.34,19.918872758326216,1.9522626787220108,15.0,73.0708802327189,69.4747486493085,15.0,2.980132450331121,-35.87628865979382,-40.874524714828894,-34.75524475524476,0.3852544206117027,1681.57,18.13,2026-08-31,7.68,9.1,-1.14,0.0,🪤 ZAYIF / TESTERE / TUZAK (UZAK DUR),0.0,24.333333333333336,69.33333333333334,77.66666666666666,5.0,,,,,,,,,,,,,,,,,,,,,,,,,,,,,,,,,,,,,,
GUBRF,484.25,496.0,496.75,471.25,3324282.0,-2.712204922149674,1609783558.5,21.4378998162782,4.540992621133147,23.5062247678353,19.4438930022115,11.3445982468947,15.0,19.567901234567906,-10.737327188940093,-6.515444015444015,65.13213981244672,0.7348170855236625,2118.52,20.55,2026-08-31,5.18,11.3,-0.49,0.0,🪤 ZAYIF / TESTERE / TUZAK (UZAK DUR),0.0,50.5,55.16666666666666,81.0,32.0,,,,,,,,,,,,,,,,,,,,,,,,,,,,,,,,,,,,,,
TAVHL,267.75,281.75,282.0,266.25,5739688.0,-5.3886925795053005,1536801462.0,18.44338517916432,1.186337696441904,6.95027383463448,19.2429527421223,5.67534097989808,15.0,-0.0932835820895522,2.292263610315186,-8.461538461538462,2.980769230769231,1.7283737151861691,3360.47,2.67,2026-08-31,5.86,5.0,1.35,0.0,🪤 ZAYIF / TESTERE / TUZAK (UZAK DUR),0.0,25.666666666666664,57.333333333333336,33.5,81.33333333333333,,,,,,,,,,,,,,,,,,,,,,,,,,,,,,,,,,,,,,
ALTIN,74.5,74.87,75.7,74.41,19375699.0,-3.8213271365866177,1443488830.5,15.0,2.0,15.0,10.0,8.0,15.0,9.9144290351136,-5.863027546120799,-17.22222222222222,53.13463514902364,0.955433777324428,2394.29,4.09,2026-08-31,7.5,5.0,-0.08,0.0,🪤 ZAYIF / TESTERE / TUZAK (UZAK DUR),0.0,40.66666666666666,66.0,33.5,51.16666666666667,,,,,,,,,,,,,,,,,,,,,,,,,,,,,,,,,,,,,,
DARDL,1.66,1.69,1.76,1.64,45005375.0,-1.1904761904761916,74708922.5,15.0,0.5424677051982131,-22.549341044216,2.95290443585706,-10.8617822900343,15.0,-0.5988023952095815,-29.957805907173,-17.821782178217823,-41.75438596491229,3.056379341943542,5020.47,1.33,2026-08-31,0.0,5.0,3.8,0.0,🪤 ZAYIF / TESTERE / TUZAK (UZAK DUR),0.0,8.833333333333334,16.0,33.5,93.66666666666669,,,,,,,,,,,,,,,,,,,,,,,,,,,,,,,,,,,,,,
ADGYO,57.5,60.55,60.8,55.2,1289059.0,-5.037159372419484,74120892.5,15.0,1.774220422974149,-7.92891115612511,73.7203312858738,-114.485841098601,15.0,19.04761904761905,2.9543419874664254,12.414467253176934,26.318101933216163,1.0879150408468503,2559.89,15.0,2026-08-31,0.0,7.5,0.16,0.0,🪤 ZAYIF / TESTERE / TUZAK (UZAK DUR),0.0,59.333333333333336,16.0,73.66666666666667,60.66666666666667,,,,,,,,,,,,,,,,,,,,,,,,,,,,,,,,,,,,,,
KCHOL,215.2,214.6,217.8,213.7,27567368.0,0.5607476635513965,5932497593.599999,15.337357726764116,0.6882499329739871,5.12588457140304,4.73031145671319,1.13503860899134,15.0,12.024986985944818,14.589989350372724,13.922710428798297,16.261480280929227,0.9456006601464736,2382.0,12.49,2026-08-31,7.45,6.2,-0.1,0.0,🪤 ZAYIF / TESTERE / TUZAK (UZAK DUR),0.0,63.66666666666667,63.0,69.83333333333334,50.5,,,,,,,,,,,,,,,,,,,,,,,,,,,,,,,,,,,,,,
DSTKF,2012.0,1773.0,2066.0,1773.0,8606398.0,2.391857506361323,17316072776.0,137.27229310227196,45.26331347701661,39.4914380778913,59.4736514476196,24.2915188903436,15.0,12.151616499442586,3.925619834710744,31.67539267015707,175.6164383561644,13.55104165469367,18138.8,37.68,2026-08-31,0.87,50.4,5.0,0.0,🪤 ZAYIF / TESTERE / TUZAK (UZAK DUR),0.0,69.83333333333334,34.66666666666667,95.66666666666669,98.0,,,,,,,,,,,,,,,,,,,,,,,,,,,,,,,,,,,,,,
KZBGY,1.95,2.03,2.03,1.94,35400724.0,-3.940886699507382,69031411.8,17.135325131810195,0.3053219972755883,2.04017341556281,41.3920211247124,21.7379126611295,15.0,-3.4653465346534684,-37.898089171974526,-46.72131147540984,-52.10022107590272,1.1819745568285387,2677.47,1.78,2026-08-31,6.68,5.0,0.34,0.0,🪤 ZAYIF / TESTERE / TUZAK (UZAK DUR),0.0,8.833333333333334,60.0,33.5,66.0,,,,,,,,,,,,,,,,,,,,,,,,,,,,,,,,,,,,,,
GMTAS,44.02,44.5,44.8,43.46,1775399.0,-2.4811696942844423,78153063.98,15.0,2.868748562204336,-2.3225938462331,8.01036600957008,-1.52600240213401,15.0,-6.340425531914886,-10.273134936812063,68.52986217457887,315.16006294871534,0.4846215286342998,1805.78,15.4,2026-08-31,0.0,7.7,-0.95,0.0,🪤 ZAYIF / TESTERE / TUZAK (UZAK DUR),0.0,75.16666666666667,16.0,74.66666666666667,14.166666666666666,,,,,,,,,,,,,,,,,,,,,,,,,,,,,,,,,,,,,,
AGROT,2.05,2.09,2.1,2.03,43769589.0,-1.4423076923077045,89727657.44999999,15.0,0.5732950763740904,-6.57224839783597,-14.798129628419202,-27.892483293445803,15.0,-13.50210970464136,-30.74324324324325,-25.45454545454546,-50.48309178743962,0.2127821394426168,1465.98,8.0,2026-08-31,0.0,5.0,-1.46,0.0,🪤 ZAYIF / TESTERE / TUZAK (UZAK DUR),0.0,8.833333333333334,16.0,33.5,0.6666666666666667,,,,,,,,,,,,,,,,,,,,,,,,,,,,,,,,,,,,,,
GOKNR,17.62,18.1,18.16,17.5,5062331.0,-2.3281596452328057,89198272.22,14.410730350862847,0.5665214138342471,4.49147321918011,7.374355319974509,2.80234559425261,15.0,-22.98951048951048,-28.022875816993466,-16.571969696969695,-27.06953642384105,0.4413091305544172,1751.64,2.18,2026-08-31,7.93,5.0,-1.03,0.0,🪤 ZAYIF / TESTERE / TUZAK (UZAK DUR),0.0,8.833333333333334,71.0,33.5,10.833333333333334,,,,,,,,,,,,,,,,,,,,,,,,,,,,,,,,,,,,,,
OTKAR,318.5,332.75,332.75,316.25,279806.0,-3.9939713639789,89118211.0,15.0,6.938367472933287,-79.6834177193629,-6.437274275967559,-11.2528760958068,15.0,2.7419354838709675,-14.266487213997308,-12.799452429842573,-43.87665198237885,0.4674541602361077,1784.32,0.36,2026-08-31,0.0,5.0,-0.99,0.0,🪤 ZAYIF / TESTERE / TUZAK (UZAK DUR),0.0,24.333333333333336,16.0,33.5,12.0,,,,,,,,,,,,,,,,,,,,,,,,,,,,,,,,,,,,,,
FONET,5.0,5.18,5.18,4.98,17088906.0,-3.4749034749034693,85444530.0,16.244314489928524,2.2398423151010167,16.7826203184081,26.096322611343904,28.158075908706405,15.0,0.0,-11.660777385159014,26.903553299492387,95.66544453899564,0.7085140909671083,2085.64,2.4,2026-08-31,7.49,5.0,-0.54,0.0,🪤 ZAYIF / TESTERE / TUZAK (UZAK DUR),0.0,56.99999999999999,63.66666666666667,33.5,30.666666666666664,,,,,,,,,,,,,,,,,,,,,,,,,,,,,,,,,,,,,,
EBEBK,85.05,84.6,85.6,83.75,977605.0,0.5319148936170246,83145305.25,27.080812583582752,2.3702309031290394,10.0914293793808,2.05250069069452,1.52536726574707,15.0,1.0095011876484492,1.9173157579388789,33.41176470588235,58.675373134328346,1.5377443846505707,3122.18,31.35,2026-08-31,4.26,35.9,0.99,0.0,🪤 ZAYIF / TESTERE / TUZAK (UZAK DUR),0.0,61.0,53.0,92.33333333333331,78.0,,,,,,,,,,,,,,,,,,,,,,,,,,,,,,,,,,,,,,
KLRHO,65.4,65.85,65.95,64.7,1736333.0,-0.6079027355622971,113556178.2,66.9396110542477,2.8043394365593244,4.88154513834307,17.6493808042933,11.2856958441537,15.0,-15.064935064935058,-34.33734939759035,-71.08753315649867,-0.2288329519450671,0.3627766513754435,1653.47,23.36,2026-08-31,1.74,17.7,-1.18,0.0,🪤 ZAYIF / TESTERE / TUZAK (UZAK DUR),0.0,8.833333333333334,39.33333333333333,85.0,4.333333333333334,,,,,,,,,,,,,,,,,,,,,,,,,,,,,,,,,,,,,,
KONYA,3912.5,3787.5,4040.0,3775.0,28964.0,3.3003300330033,113321650.0,54.91836989645168,3.607682237745937,7.75529251447524,11.7225685313677,4.82662691223576,15.0,7.856650585802894,1.6233766233766234,-4.805352798053528,-27.746999076638964,2.3703291487307068,4162.91,21.06,2026-08-31,2.15,12.4,2.54,0.0,🪤 ZAYIF / TESTERE / TUZAK (UZAK DUR),0.0,35.16666666666667,41.333333333333336,81.66666666666667,91.0,,,,,,,,,,,,,,,,,,,,,,,,,,,,,,,,,,,,,,
ENDAE,18.38,18.5,18.72,17.87,3910203.0,-1.7112299465240657,71869531.14,15.0,0.6257867020666282,15.0,10.0,8.0,15.0,19.66145833333333,7.990599294947118,38.61236802413273,3.841807909604518,0.4597748628780904,1774.72,25.6,2026-08-31,23.97,22.8,-1.0,0.0,🪤 ZAYIF / TESTERE / TUZAK (UZAK DUR),0.0,72.33333333333334,93.33333333333331,87.83333333333333,11.5,,,,,,,,,,,,,,,,,,,,,,,,,,,,,,,,,,,,,,
ADESE,0.86,0.88,0.89,0.85,128720035.0,-1.1494252873563229,110699230.1,15.0,0.2935794849386897,-2.12688937144751,11.2148007795827,-15.706999306686296,15.0,2.380952380952383,-17.30769230769231,-16.50485436893204,-77.12765957446808,0.9329525206566616,2366.19,6.0,2026-08-31,0.0,5.0,-0.12,0.0,🪤 ZAYIF / TESTERE / TUZAK (UZAK DUR),0.0,23.0,16.0,33.5,49.5,,,,,,,,,,,,,,,,,,,,,,,,,,,,,,,,,,,,,,
TRGYO,96.5,97.0,97.75,95.5,1143819.0,-0.5154639175257731,110378533.5,10.714959860538968,0.6242894260121284,6.70791745653675,67.7229398008152,46.6373093192593,15.0,3.651987110633733,3.763440860215054,20.625,33.93476752255379,0.6602356998832399,2025.29,16.89,2026-08-31,10.74,8.4,-0.63,0.0,🪤 ZAYIF / TESTERE / TUZAK (UZAK DUR),0.0,56.66666666666666,78.0,76.66666666666667,26.33333333333333,,,,,,,,,,,,,,,,,,,,,,,,,,,,,,,,,,,,,,
ADEL,34.3,35.98,36.4,34.0,3162006.0,-3.216704288939054,108456805.8,15.0,6.487868820210373,-27.3799727854021,0.78032087824732,-13.057531784502,15.0,20.52002810962753,4.128718882817242,4.573170731707317,-10.677083333333336,0.4269050497060588,1733.63,1.0,2026-08-31,0.0,5.0,-1.06,0.0,🪤 ZAYIF / TESTERE / TUZAK (UZAK DUR),0.0,54.833333333333336,16.0,33.5,8.833333333333334,,,,,,,,,,,,,,,,,,,,,,,,,,,,,,,,,,,,,,
MPARK,422.5,434.0,434.25,422.0,465405.0,-2.6497695852534564,196633612.5,13.193642069762356,1.8413679590120644,16.9199976935728,19.0955251521341,9.87795056136431,15.0,5.559025608994379,-8.052230685527748,-1.2850467289719627,18.264520643806858,0.93871567567742,2373.39,5.71,2026-08-31,9.19,5.0,-0.11,0.0,🪤 ZAYIF / TESTERE / TUZAK (UZAK DUR),0.0,31.166666666666664,74.0,33.5,50.0,,,,,,,,,,,,,,,,,,,,,,,,,,,,,,,,,,,,,,
GLYHO,16.76,16.81,18.64,16.63,6307796.0,-1.1209439528023466,105718660.96,5.595806483923743,1.9336936895360173,42.3132385624069,25.114672567759,18.7134511127326,15.0,4.553961322520276,6.008855154965219,10.190664036817886,86.42936596218021,2.083327814934269,3804.16,4.38,2026-08-31,21.88,5.0,2.0,0.0,🪤 ZAYIF / TESTERE / TUZAK (UZAK DUR),0.0,53.333333333333336,92.33333333333331,33.5,87.0,,,,,,,,,,,,,,,,,,,,,,,,,,,,,,,,,,,,,,
SSAAT,35.2,37.08,37.08,35.12,2984022.0,-5.0701186623516605,105037574.4,15.0,2.0,15.0,10.0,8.0,15.0,-1.6759776536312692,-34.81481481481481,-34.81481481481481,-34.81481481481481,0.4929583874987467,1816.2,5.71,2026-08-31,7.5,5.0,-0.94,0.0,🪤 ZAYIF / TESTERE / TUZAK (UZAK DUR),0.0,8.833333333333334,66.0,33.5,15.0,,,,,,,,,,,,,,,,,,,,,,,,,,,,,,,,,,,,,,
SEGMN,47.72,51.05,53.9,46.76,2186802.0,-8.142444658325319,104354191.44,38.27091186141632,1.5395539874674111,4.92358263746162,8.02469752305923,7.29621281044465,15.0,3.919860627177694,-22.28013029315961,0.9733389758781228,96.70239076669412,1.78305562194037,3428.82,0.47,2026-08-31,3.2,5.0,1.45,0.0,🪤 ZAYIF / TESTERE / TUZAK (UZAK DUR),0.0,36.5,47.5,33.5,82.33333333333334,,,,,,,,,,,,,,,,,,,,,,,,,,,,,,,,,,,,,,
KORDS,85.0,88.3,88.35,84.85,1223675.0,-3.7372593431483545,104012375.0,15.0,0.9515684142425834,-2.58214137010517,2.84980608325778,-1.20794198536705,15.0,23.09920347574222,9.32475884244373,74.96912309592425,22.83236994219653,0.3887473004828958,1685.93,5.6,2026-08-31,0.0,5.0,-1.13,0.0,🪤 ZAYIF / TESTERE / TUZAK (UZAK DUR),0.0,80.66666666666666,16.0,33.5,5.5,,,,,,,,,,,,,,,,,,,,,,,,,,,,,,,,,,,,,,
ESCAR,43.28,46.0,46.32,42.14,2577111.0,-6.804478897502146,111537364.08,15.0,3.2768565194150723,-22.7612896158175,-19.5839809662879,-35.6531766342611,15.0,-7.363013698630132,-10.281923714759538,60.65330363771344,50.06934812760056,0.817306112704355,2221.63,7.27,2026-08-31,0.0,5.0,-0.34,0.0,🪤 ZAYIF / TESTERE / TUZAK (UZAK DUR),0.0,70.66666666666667,16.0,33.5,39.0,,,,,,,,,,,,,,,,,,,,,,,,,,,,,,,,,,,,,,
FRIGO,2.67,2.68,2.7,2.6,26786446.0,-0.7434944237918222,71519810.82,15.0,1.5559803258817222,-8.67661953247794,-12.3312121081135,-8.52739290474583,15.0,24.186046511627907,-16.300940438871475,-12.140983750297258,75.86395754409578,0.5637803265713359,1904.73,31.2,2026-08-31,0.0,35.6,-0.81,0.0,🪤 ZAYIF / TESTERE / TUZAK (UZAK DUR),0.0,53.66666666666666,16.0,92.0,21.0,,,,,,,,,,,,,,,,,,,,,,,,,,,,,,,,,,,,,,
IHLAS,1.07,1.1,1.1,1.07,66751230.0,-2.7272727272727297,71423816.10000001,15.0,0.8294252160768963,-78.0266887494466,-24.8331265319894,-16.77043128091,15.0,5.940594059405946,-31.271033994213727,-29.18833806842754,-66.05155198740798,0.6833854293614796,2054.23,8.0,2026-08-31,0.0,5.0,-0.59,0.0,🪤 ZAYIF / TESTERE / TUZAK (UZAK DUR),0.0,30.166666666666668,16.0,33.5,28.666666666666668,,,,,,,,,,,,,,,,,,,,,,,,,,,,,,,,,,,,,,
BNTAS,6.37,6.44,6.68,6.3,12141647.0,-0.4687500000000039,77342291.39,5.897602073882048,0.8510558704150534,16.5587617085175,7.99591271554132,18.3432239261349,15.0,4.942339373970343,-8.47701149425287,-0.1567398119122223,-12.137931034482756,3.240003729501624,5250.0,2.32,2026-08-31,19.46,5.0,4.14,0.0,🪤 ZAYIF / TESTERE / TUZAK (UZAK DUR),0.0,28.83333333333333,90.66666666666666,33.5,94.33333333333334,,,,,,,,,,,,,,,,,,,,,,,,,,,,,,,,,,,,,,
YIGIT,21.88,22.88,23.0,21.8,3514545.0,-4.869565217391308,76898244.6,57.33752620545073,0.8060796383104453,1.60992456628032,5.41526569180648,0.862767353676714,15.0,6.835937499999993,-11.987127916331458,-1.7070979335130392,-24.81099656357389,1.0050446619314115,2456.31,4.27,2026-08-31,2.0,5.0,0.01,0.0,🪤 ZAYIF / TESTERE / TUZAK (UZAK DUR),0.0,31.166666666666664,39.66666666666666,33.5,55.50000000000001,,,,,,,,,,,,,,,,,,,,,,,,,,,,,,,,,,,,,,
ISDMR,53.6,54.55,55.2,53.25,1420874.0,-1.7415215398716697,76158846.4,12.637336728438724,0.9960200081093868,8.49194157301141,6.02494119619609,9.22970404880562,15.0,-2.6339691189827352,-18.10542398777693,28.7223823246878,32.476520019772614,0.854099581694536,2267.62,2.05,2026-08-31,8.53,5.0,-0.27,0.0,🪤 ZAYIF / TESTERE / TUZAK (UZAK DUR),0.0,54.833333333333336,72.66666666666667,33.5,41.66666666666667,,,,,,,,,,,,,,,,,,,,,,,,,,,,,,,,,,,,,,
BSOKE,26.3,28.38,28.5,26.3,2846315.0,-9.993155373032163,74858084.5,15.0,3.127839435989896,-8.95758341656074,-8.42211928500616,-18.643576646576,15.0,-26.536312849162005,-31.259801359121795,-9.185082872928175,79.5221843003413,0.3514052084785012,1639.26,8.0,2026-08-31,0.0,5.0,-1.2,0.0,🪤 ZAYIF / TESTERE / TUZAK (UZAK DUR),0.0,28.83333333333333,16.0,33.5,3.6666666666666665,,,,,,,,,,,,,,,,,,,,,,,,,,,,,,,,,,,,,,
KATMR,2.07,2.12,2.13,2.05,36150641.0,-2.358490566037748,74831826.86999999,8.737864077669903,0.4244926082917556,5.30778394831394,13.5362758222878,18.5412369503186,15.0,-6.756756756756772,-27.874564459930323,-23.333333333333343,-36.11111111111112,0.4272753285183457,1734.09,6.0,2026-08-31,12.5,5.0,-1.06,0.0,🪤 ZAYIF / TESTERE / TUZAK (UZAK DUR),0.0,8.833333333333334,84.66666666666667,33.5,8.833333333333334,,,,,,,,,,,,,,,,,,,,,,,,,,,,,,,,,,,,,,
LMKDC,23.52,24.38,24.4,23.18,3815716.0,-3.5274815422477417,89745640.32,7.040862146385272,1.4428987541501743,24.3785937418548,31.515876496372,19.5114538263476,15.0,3.1578947368421,-32.8,-22.733245729303555,-21.7564870259481,0.8577846184848226,2272.23,7.61,2026-08-31,16.9,5.0,-0.26,0.0,🪤 ZAYIF / TESTERE / TUZAK (UZAK DUR),0.0,25.666666666666664,89.0,33.5,42.0,,,,,,,,,,,,,,,,,,,,,,,,,,,,,,,,,,,,,,
A1CAP,8.06,8.67,8.67,8.0,11881691.0,-6.712962962962964,95766429.46,4.1735708367854185,0.59591627302429,17.711826641543,36.4648518190014,7.62879343896816,15.0,-6.496519721577712,-21.13502935420744,-55.14746800222593,-19.641076769690915,1.7697082325819324,3412.14,2.99,2026-08-31,29.72,5.0,1.42,0.0,🪤 ZAYIF / TESTERE / TUZAK (UZAK DUR),0.0,8.833333333333334,96.0,33.5,81.83333333333334,,,,,,,,,,,,,,,,,,,,,,,,,,,,,,,,,,,,,,
SARKY,25.26,26.06,26.14,25.18,3739054.0,-2.920830130668709,94448504.04,92.56137779406376,1.884406646897555,2.28295128804234,2.41578152688929,0.278919867529281,15.0,7.489361702127667,-14.372881355932195,-22.94081757169005,85.46255506607932,0.4578073894383879,1772.26,3.33,2026-08-31,1.21,5.0,-1.0,0.0,🪤 ZAYIF / TESTERE / TUZAK (UZAK DUR),0.0,40.0,37.66666666666666,33.5,11.5,,,,,,,,,,,,,,,,,,,,,,,,,,,,,,,,,,,,,,
KLYPV,61.75,63.3,63.3,61.1,1525817.0,-2.2943037974683587,94219199.75,37.49013417521705,1.3970325896595153,4.51466486064799,-19.4653063082157,9.49265839003813,15.0,6.465517241379311,-2.2169437846397444,9.68028419182949,-11.151079136690647,0.3955451504392477,1694.43,8.55,2026-08-31,3.23,5.0,-1.12,0.0,🪤 ZAYIF / TESTERE / TUZAK (UZAK DUR),0.0,44.0,48.333333333333336,33.5,6.333333333333334,,,,,,,,,,,,,,,,,,,,,,,,,,,,,,,,,,,,,,
NETAS,91.95,93.5,94.2,90.5,1014903.0,-0.48701298701299,93320330.85,15.0,2.0,15.0,2.98277636380116,-0.887176389900012,15.0,46.65071770334928,34.23357664233577,65.82506762849414,10.119760479041918,0.2647979381670855,1531.0,13.95,2026-08-31,7.5,7.0,-1.36,0.0,🪤 ZAYIF / TESTERE / TUZAK (UZAK DUR),0.0,86.66666666666667,66.0,71.66666666666667,1.3333333333333337,,,,,,,,,,,,,,,,,,,,,,,,,,,,,,,,,,,,,,
BRYAT,1680.0,1703.0,1717.0,1670.0,55282.0,-1.5817223198594026,92873760.0,10.751518331978726,1.409014274497166,14.3760330070077,94.0380588001199,95.8616465622115,15.0,0.0,-17.96875,-23.006416131989003,-41.25874125874126,0.6623152880512005,2027.89,3.91,2026-08-31,10.2,5.0,-0.62,0.0,🪤 ZAYIF / TESTERE / TUZAK (UZAK DUR),0.0,8.833333333333334,76.33333333333333,33.5,26.83333333333333,,,,,,,,,,,,,,,,,,,,,,,,,,,,,,,,,,,,,,
BLCYT,21.62,22.66,22.88,20.7,4292076.0,-4.505300353356889,92794683.12,27.976190476190474,0.4439001204197135,1.8017541176258,3.40182805850116,11.2374325749426,15.0,11.328527291452108,-41.88172043010753,-36.89433741973146,4.9514563106796095,1.1662370885412017,2657.8,15.63,2026-08-31,4.06,7.8,0.31,0.0,🪤 ZAYIF / TESTERE / TUZAK (UZAK DUR),0.0,38.16666666666666,52.0,75.33333333333333,65.16666666666666,,,,,,,,,,,,,,,,,,,,,,,,,,,,,,,,,,,,,,
CRDFA,25.3,23.5,26.86,23.5,3664634.0,-3.065134099616861,92715240.2,3.266961080550605,2.874173675068417,115.343180644413,90.6189582607852,64.3172620433888,15.0,-41.02564102564102,-30.37974683544304,8.119766239424369,234.3615678417441,2.648152940216656,4510.19,22.0,2026-08-31,40.13,14.6,3.05,0.0,🪤 ZAYIF / TESTERE / TUZAK (UZAK DUR),0.0,49.16666666666666,98.0,83.33333333333334,91.33333333333331,,,,,,,,,,,,,,,,,,,,,,,,,,,,,,,,,,,,,,
SURGY,31.42,33.2,33.4,31.26,2862220.0,-5.361445783132533,89930952.4,15.0,0.4928341413910094,-5.13041368419097,-288.248174737445,-731.35838313308,15.0,-53.726067746686304,-53.794117647058826,-53.929618768328446,-51.58705701078583,0.2924283322392975,1565.54,3.81,2026-08-31,0.0,5.0,-1.31,0.0,🪤 ZAYIF / TESTERE / TUZAK (UZAK DUR),0.0,8.833333333333334,16.0,33.5,1.6666666666666667,,,,,,,,,,,,,,,,,,,,,,,,,,,,,,,,,,,,,,
NIBAS,4.12,4.41,4.47,4.02,23305648.0,-6.363636363636369,96019269.76,15.0,5.184281058499327,-107.212572449551,-2.12538037262954,-412.578172791014,15.0,11.351351351351347,-17.26907630522089,-44.39946018893387,-13.566087830784884,0.748256894052441,2135.32,4.44,2026-08-31,0.0,5.0,-0.47,0.0,🪤 ZAYIF / TESTERE / TUZAK (UZAK DUR),0.0,37.5,16.0,33.5,33.166666666666664,,,,,,,,,,,,,,,,,,,,,,,,,,,,,,,,,,,,,,
PETKM,20.2,20.32,20.4,19.91,67402002.0,0.7984031936127752,1358879856.0,15.0,0.6804480986528475,-3.27338734505416,-6.288252829657169,-2.06486104508384,15.0,7.104984093319194,-11.713286713286712,3.7493579866461246,-3.7178265014299385,1.0575214160164612,2521.9,25.14,2026-08-31,0.0,21.8,0.11,0.0,🪤 ZAYIF / TESTERE / TUZAK (UZAK DUR),0.0,36.5,16.0,86.66666666666667,59.333333333333336,,,,,,,,,,,,,,,,,,,,,,,,,,,,,,,,,,,,,,
ENKAI,87.9,89.55,89.8,86.8,15307551.0,-1.235955056179769,1345533732.9,13.204542723230382,1.288593295913796,10.5694649038713,15.3714312833788,22.0835733496102,15.0,2.867173785839676,-10.76142131979695,-5.585392051557453,22.168172341904103,0.6652635429213717,2031.58,12.53,2026-08-31,8.2,6.3,-0.62,0.0,🪤 ZAYIF / TESTERE / TUZAK (UZAK DUR),0.0,27.166666666666668,72.0,70.33333333333334,26.83333333333333,,,,,,,,,,,,,,,,,,,,,,,,,,,,,,,,,,,,,,
MGROS,540.0,558.5,558.5,538.5,2442460.0,-3.225806451612903,1318928400.0,16.174589719550585,1.0350289049072177,7.44412204961646,-2.51855524400624,1.29697970753855,15.0,-13.39214113873296,-18.91891891891892,-14.421553090332806,10.316649642492338,0.7503882650809851,2137.99,3.8,2026-08-31,7.19,5.0,-0.46,0.0,🪤 ZAYIF / TESTERE / TUZAK (UZAK DUR),0.0,20.0,62.33333333333333,33.5,34.0,,,,,,,,,,,,,,,,,,,,,,,,,,,,,,,,,,,,,,
TOASO,271.25,271.25,275.0,268.0,4228167.0,-0.2757352941176471,1146890298.75,10.66867519636262,2.0630255248546088,22.3064749598506,1.83172506284971,2.95268853737258,15.0,3.827751196172249,-9.50792326939116,-9.808811305070655,6.0606060606060606,1.346805507019276,2883.51,18.0,2026-08-31,10.81,9.0,0.64,0.0,🪤 ZAYIF / TESTERE / TUZAK (UZAK DUR),0.0,27.166666666666668,78.33333333333333,77.33333333333333,73.33333333333333,,,,,,,,,,,,,,,,,,,,,,,,,,,,,,,,,,,,,,
SKBNK,6.23,6.85,6.89,6.2,171892527.0,-7.291666666666657,1070890443.21,4.864147407870082,0.7102143182854538,16.2630100499565,16.110122208104936,14.68813407069008,15.0,-10.61692969870874,-51.59285159285159,-43.61990950226244,-25.030084235860407,1.026893300954555,2483.62,5.57,2026-08-31,22.9,5.0,0.05,0.0,🪤 ZAYIF / TESTERE / TUZAK (UZAK DUR),0.0,8.833333333333334,93.0,33.5,57.16666666666666,,,,,,,,,,,,,,,,,,,,,,,,,,,,,,,,,,,,,,
CRFSA,292.0,260.25,294.0,255.25,3593491.0,8.955223880597014,1049299372.0,15.0,2.0,15.0,-5.29942933659944,-7.60138256927883,15.0,72.57683215130025,128.125,137.97881010594946,237.5722543352601,1.0488890344426134,2511.11,45.11,2026-08-31,7.5,67.4,0.09,0.0,🪤 ZAYIF / TESTERE / TUZAK (UZAK DUR),0.0,96.5,66.0,97.66666666666669,58.333333333333336,,,,,,,,,,,,,,,,,,,,,,,,,,,,,,,,,,,,,,
DOFRB,126.4,140.4,140.4,126.4,8173476.0,-9.971509971509972,1033127366.4,64.08111533586819,8.428745757286798,22.5289716057738,22.2264947099532,25.535450416471,15.0,-5.741983594332579,-27.481353987378085,44.20992584141472,155.35353535353536,1.7677806958386773,3409.73,8.0,2026-08-31,2.67,5.0,1.42,0.0,🪤 ZAYIF / TESTERE / TUZAK (UZAK DUR),0.0,68.0,44.66666666666666,33.5,81.83333333333334,,,,,,,,,,,,,,,,,,,,,,,,,,,,,,,,,,,,,,
MIATK,28.56,29.64,29.74,28.22,9380630.0,-3.578663065496294,267910792.8,15.0,2.342273777031283,-25.9314338186004,28.335799723558395,-63.7145982201918,15.0,-7.632600258732221,-48.86302596239929,-20.7107162687396,-31.837708830548927,0.768000457690983,2160.0,4.53,2026-08-31,0.0,5.0,-0.43,0.0,🪤 ZAYIF / TESTERE / TUZAK (UZAK DUR),0.0,8.833333333333334,16.0,33.5,35.833333333333336,,,,,,,,,,,,,,,,,,,,,,,,,,,,,,,,,,,,,,
ODINE,1990.0,1757.0,1997.0,1730.0,501949.0,8.743169398907105,998878510.0,15.0,97.87647398772856,15.0,10.0,8.0,15.0,-5.2831984769157545,56.32364493322859,220.96774193548387,1253.7414965986395,0.674124693775948,2042.66,46.53,2026-08-31,0.15,70.6,-0.6,0.0,🪤 ZAYIF / TESTERE / TUZAK (UZAK DUR),0.0,95.66666666666669,32.666666666666664,98.66666666666669,28.000000000000004,,,,,,,,,,,,,,,,,,,,,,,,,,,,,,,,,,,,,,
TKFEN,208.2,221.4,223.0,204.6,4785039.0,-5.791855203619915,996245119.8,15.0,2.117744778797896,-15.7108521370911,-2.7997888223982,-10.1264628946143,15.0,35.900783289817234,37.6984126984127,199.56834532374097,91.53633854645813,0.76095889963282,2151.2,2.96,2026-08-31,0.0,5.0,-0.44,0.0,🪤 ZAYIF / TESTERE / TUZAK (UZAK DUR),0.0,93.66666666666669,16.0,33.5,35.0,,,,,,,,,,,,,,,,,,,,,,,,,,,,,,,,,,,,,,
ODAS,7.36,7.52,7.8,7.25,134826782.0,-1.6042780748663117,992325115.52,15.0,0.6499154491789961,-1.82009042316161,-8.07444371297827,-3.00942337062148,15.0,-15.693012600229094,-0.2710027100270945,25.383304940374792,15.905511811023636,2.777851440774868,4672.31,3.2,2026-08-31,0.0,5.0,3.29,0.0,🪤 ZAYIF / TESTERE / TUZAK (UZAK DUR),0.0,52.66666666666666,16.0,33.5,92.33333333333331,,,,,,,,,,,,,,,,,,,,,,,,,,,,,,,,,,,,,,
BRLSM,24.96,25.22,27.2,22.92,39514459.0,-0.9523809523809462,986280896.64,15.0,3.46237236316624,-19.104292566848,7.15613280158818,-5.79253456324417,15.0,64.21052631578948,19.083969465648853,56.78391959798996,40.93732354601919,2.911581090050901,4839.48,18.69,2026-08-31,0.0,9.3,3.54,0.0,🪤 ZAYIF / TESTERE / TUZAK (UZAK DUR),0.0,86.33333333333333,16.0,78.83333333333333,93.0,,,,,,,,,,,,,,,,,,,,,,,,,,,,,,,,,,,,,,
MANAS,33.0,33.18,34.9,31.66,73643509.0,-0.6024096385542254,2430235797.0,15.0,18.92874760522663,-89.1081959171501,-37.197341747254,-129.229422501837,15.0,21.41280353200883,29.61508248232521,41.87446259673258,615.2686001681752,3.40309837805449,5453.87,15.16,2026-08-31,0.0,7.6,4.45,0.0,🪤 ZAYIF / TESTERE / TUZAK (UZAK DUR),0.0,85.66666666666667,16.0,74.0,95.0,,,,,,,,,,,,,,,,,,,,,,,,,,,,,,,,,,,,,,
EKGYO,20.06,20.7,20.88,19.92,121029094.0,-2.7158098933074792,2427843625.64,15.0,0.4770416001202354,-1.37263805388322,21.5546970328827,-1.85512988832356,15.0,12.192393736017896,3.402061855670104,-7.5576036866359475,-3.835091083413235,0.9146627856298803,2343.33,0.17,2026-08-31,0.0,5.0,-0.16,0.0,🪤 ZAYIF / TESTERE / TUZAK (UZAK DUR),0.0,44.83333333333333,16.0,33.5,47.0,,,,,,,,,,,,,,,,,,,,,,,,,,,,,,,,,,,,,,
TRALT,52.6,52.6,53.4,52.3,45414076.0,-2.502316960148288,2388780397.6,33.59090618813462,3.0949387160946817,11.2503473841185,35.4338201336874,22.2068454595426,15.0,15.199299167761728,18.46846846846848,-1.3133208255159396,116.1051766639277,0.395341422310214,1694.18,7.27,2026-08-31,3.64,5.0,-1.12,0.0,🪤 ZAYIF / TESTERE / TUZAK (UZAK DUR),0.0,64.0,49.333333333333336,33.5,6.333333333333334,,,,,,,,,,,,,,,,,,,,,,,,,,,,,,,,,,,,,,
FROTO,77.3,78.4,78.7,76.35,27644885.0,-1.4030612244898066,2136949610.5,9.049297011273577,1.5137652766920096,18.7548843037694,3.29876823208627,3.51975220430001,15.0,0.520156046814033,-11.149425287356324,-28.7557603686636,-31.16651825467498,1.4606833320100212,3025.85,14.64,2026-08-31,12.39,7.3,0.85,0.0,🪤 ZAYIF / TESTERE / TUZAK (UZAK DUR),0.0,18.5,84.33333333333334,72.83333333333334,75.66666666666667,,,,,,,,,,,,,,,,,,,,,,,,,,,,,,,,,,,,,,
AEFES,17.92,18.42,18.44,17.77,56089890.0,-2.6615969581748966,1005130828.8,10.877086494688925,0.844583050745208,8.89029451333242,12.0030179173808,3.56018973866485,15.0,-18.39708561020036,-7.960965588084218,-3.2919589854290305,3.3448673587082,1.0934017689949749,2566.75,4.54,2026-08-31,10.53,5.0,0.17,0.0,🪤 ZAYIF / TESTERE / TUZAK (UZAK DUR),0.0,18.5,77.0,33.5,61.5,,,,,,,,,,,,,,,,,,,,,,,,,,,,,,,,,,,,,,
OBAMS,5.83,5.52,5.92,5.44,83493478.0,5.615942028985517,486766976.74,15.0,1.2990282911873297,-14.3548373047789,-0.268474295589182,-7.32797268667456,15.0,22.73684210526316,-28.9890377588307,-25.1604621309371,-29.50395018025054,1.3854816620505477,2931.85,37.5,2026-08-31,0.0,50.0,0.71,0.0,🪤 ZAYIF / TESTERE / TUZAK (UZAK DUR),0.0,49.66666666666666,16.0,95.0,74.0,,,,,,,,,,,,,,,,,,,,,,,,,,,,,,,,,,,,,,
HATSN,81.0,90.0,92.0,79.5,11679782.0,-7.216494845360821,946062342.0,15.0,2.7761126813855475,-12.8421185393824,-17.8094758974424,-18.0625099766694,15.0,38.579982891360125,44.0,120.708446866485,47.540983606557376,1.0864879832511771,2558.11,1.28,2026-08-31,0.0,5.0,0.16,0.0,🪤 ZAYIF / TESTERE / TUZAK (UZAK DUR),0.0,91.0,16.0,33.5,60.66666666666667,,,,,,,,,,,,,,,,,,,,,,,,,,,,,,,,,,,,,,
KUYAS,64.65,65.0,68.85,63.4,14464861.0,-0.3852080123266563,935153263.65,15.0,14.59068227519855,-66.6798503710024,36.8391758596407,-130.425729456663,15.0,-6.9784172661870425,-17.904761904761898,-6.575144508670516,13.7203166226913,3.845574851969269,6006.97,4.84,2026-08-31,0.0,5.0,5.0,0.0,🪤 ZAYIF / TESTERE / TUZAK (UZAK DUR),0.0,20.0,16.0,33.5,98.0,,,,,,,,,,,,,,,,,,,,,,,,,,,,,,,,,,,,,,
GLRMK,169.8,181.0,182.7,167.6,5485577.0,-5.66666666666666,931450974.6,15.031071295788117,1.9310213692874807,17.0757628948969,10.1192686719766,7.340415897079619,15.0,13.88329979879277,-0.7597895967270503,5.794392523364493,1.4943215780035863,1.1438656703716716,2629.83,0.16,2026-08-31,8.84,5.0,0.27,0.0,🪤 ZAYIF / TESTERE / TUZAK (UZAK DUR),0.0,47.0,73.0,33.5,63.66666666666667,,,,,,,,,,,,,,,,,,,,,,,,,,,,,,,,,,,,,,
EFOR,18.72,19.19,19.28,18.22,47076106.0,-2.44919228764983,881264704.3199999,13.422241342224131,7.581433587532753,0.192526384577394,12.0407192745992,0.0694484121466609,15.0,-12.359550561797755,55.99999999999999,-4.48979591836736,-7.249835440299651,0.5480376190866355,1885.05,18.42,2026-08-31,0.03,9.2,-0.84,0.0,🪤 ZAYIF / TESTERE / TUZAK (UZAK DUR),0.0,73.5,32.0,78.16666666666666,19.166666666666668,,,,,,,,,,,,,,,,,,,,,,,,,,,,,,,,,,,,,,
HEKTS,2.77,2.88,2.89,2.75,296858529.0,-3.146853146853142,822298125.33,15.0,1.4173075250331302,-30.7051469723585,-32.0823048376592,-73.8827812303789,15.0,-4.810996563573887,-30.922693266832912,-4.482758620689651,-40.557939914163086,1.035764101560503,2494.71,0.0,2026-08-31,0.0,5.0,0.07,0.0,🪤 ZAYIF / TESTERE / TUZAK (UZAK DUR),0.0,8.833333333333334,16.0,33.5,57.99999999999999,,,,,,,,,,,,,,,,,,,,,,,,,,,,,,,,,,,,,,
METEN,20.12,21.44,21.68,19.89,40607800.0,-8.95927601809955,817028936.0,15.0,2.0,15.0,10.0,8.0,15.0,-4.190476190476185,-8.54545454545454,-8.54545454545454,-8.54545454545454,0.549331034998594,1886.66,0.8,2026-08-31,7.5,5.0,-0.83,0.0,🪤 ZAYIF / TESTERE / TUZAK (UZAK DUR),0.0,8.833333333333334,66.0,33.5,19.666666666666664,,,,,,,,,,,,,,,,,,,,,,,,,,,,,,,,,,,,,,
ALKLC,427.0,427.25,431.75,423.5,3222402.0,-0.0585137507314218,1375965654.0,15.0,16.09669173402837,-13.8123098889037,12.2110206185292,-6.03372876554378,15.0,7.828282828282828,32.608695652173914,58.44155844155844,399.41520467836256,1.2841487863020176,2805.19,15.76,2026-08-31,0.0,7.9,0.53,0.0,🪤 ZAYIF / TESTERE / TUZAK (UZAK DUR),0.0,84.33333333333334,16.0,75.66666666666667,70.5,,,,,,,,,,,,,,,,,,,,,,,,,,,,,,,,,,,,,,
BJKAS,2.21,2.36,2.37,2.21,352384197.0,-9.795918367346946,778769075.37,15.0,2.6588065447545715,-38.1520835440885,-97.5065263221541,-19.0657366966078,15.0,24.15730337078651,37.2670807453416,48.32214765100671,-0.4504504504504608,0.5896848991592982,1937.11,8.0,2026-08-31,0.0,5.0,-0.76,0.0,🪤 ZAYIF / TESTERE / TUZAK (UZAK DUR),0.0,82.0,16.0,33.5,22.83333333333333,,,,,,,,,,,,,,,,,,,,,,,,,,,,,,,,,,,,,,
VESTL,23.32,22.3,24.18,22.0,32513178.0,4.667863554757626,758207310.96,15.0,0.3573110170232959,-84.2751802525192,-15.063763693930598,-23.173011019888,15.0,0.5172413793103491,-12.330827067669176,-17.12864250177683,-45.893271461716935,4.599757958391496,6949.7,25.91,2026-08-31,0.0,23.5,5.0,0.0,🪤 ZAYIF / TESTERE / TUZAK (UZAK DUR),0.0,18.5,16.0,88.33333333333333,98.0,,,,,,,,,,,,,,,,,,,,,,,,,,,,,,,,,,,,,,
ATATR,14.33,15.8,16.07,14.33,52139042.0,-9.987437185929648,747152471.86,15.0,1.5168146257765338,15.0,10.0,8.0,15.0,2.4303073624017144,-23.45085470085469,13.280632411067192,16.314935064935064,1.6187047094306464,3223.38,8.0,2026-08-31,9.89,5.0,1.14,0.0,🪤 ZAYIF / TESTERE / TUZAK (UZAK DUR),0.0,44.83333333333333,75.33333333333333,33.5,80.0,,,,,,,,,,,,,,,,,,,,,,,,,,,,,,,,,,,,,,
CEMZY,15.44,16.35,16.5,15.15,46868960.0,-6.4242424242424265,723656742.4,15.0,8.070122253989327,-10.5562382232943,20.3020335048954,-14.4778081021354,15.0,26.557377049180328,16.440422322775262,77.03129479886412,253.6373743179872,0.4223374019934489,1727.92,4.03,2026-08-31,0.0,5.0,-1.07,0.0,🪤 ZAYIF / TESTERE / TUZAK (UZAK DUR),0.0,86.0,16.0,33.5,8.0,,,,,,,,,,,,,,,,,,,,,,,,,,,,,,,,,,,,,,
MAGEN,34.54,35.8,36.86,34.46,20922875.0,-3.734671125975484,722676102.5,15.0,6.402378555924424,-7.00912138236529,4.30563545706689,-68.1375280739411,15.0,-9.391395592864637,-45.777080062794354,-23.107747105966165,73.74245472837022,1.2561119580363524,2770.14,6.13,2026-08-31,0.0,5.0,0.47,0.0,🪤 ZAYIF / TESTERE / TUZAK (UZAK DUR),0.0,28.000000000000004,16.0,33.5,69.16666666666667,,,,,,,,,,,,,,,,,,,,,,,,,,,,,,,,,,,,,,
TCKRC,147.6,159.0,160.8,147.6,4806701.0,-10.000000000000004,709469067.6,13.23090438072017,3.448752841248953,34.2345615681693,38.4863018793086,35.4117327583083,15.0,4.680851063829783,-7.576706324358169,76.76646706586826,175.11649580615094,1.8623480699031096,3527.94,8.0,2026-08-31,9.93,5.0,1.6,0.0,🪤 ZAYIF / TESTERE / TUZAK (UZAK DUR),0.0,76.33333333333333,75.66666666666667,33.5,84.0,,,,,,,,,,,,,,,,,,,,,,,,,,,,,,,,,,,,,,
ECILC,78.45,79.0,80.85,77.35,8147756.0,0.2555910543131027,639191458.2,15.0,0.7812187251107897,-2.74395274155412,-2.54138985346296,-16.3796411908637,15.0,17.264573991031384,-10.445205479452046,-29.89276139410188,15.537555228276872,1.5035519248605962,3079.44,9.6,2026-08-31,0.0,5.0,0.93,0.0,🪤 ZAYIF / TESTERE / TUZAK (UZAK DUR),0.0,45.83333333333333,16.0,33.5,77.0,,,,,,,,,,,,,,,,,,,,,,,,,,,,,,,,,,,,,,
TEHOL,36.26,36.54,37.88,36.02,39587570.0,0.7222222222222168,1435445288.1999998,23.038312472202804,6.853988866521118,43.0660429103605,43.1777117463403,22.5671764844526,15.0,-22.02150537634409,28.67281760113555,147.84688995215308,147.01316901049077,0.4754737467005925,1794.34,0.77,2026-08-31,6.28,5.0,-0.97,0.0,🪤 ZAYIF / TESTERE / TUZAK (UZAK DUR),0.0,89.33333333333333,59.0,33.5,12.666666666666668,,,,,,,,,,,,,,,,,,,,,,,,,,,,,,,,,,,,,,
VEYAS,136.1,136.5,141.8,134.0,5911950.0,-0.3660322108345534,804616395.0,15.0,4.948468301806391,15.0,10.0,8.0,15.0,0.0735294117647017,0.0735294117647017,0.0735294117647017,0.0735294117647017,1.0,2450.0,7.08,2026-08-31,3.03,5.0,0.0,0.0,🪤 ZAYIF / TESTERE / TUZAK (UZAK DUR),0.0,18.5,46.66666666666666,33.5,54.50000000000001,,,,,,,,,,,,,,,,,,,,,,,,,,,,,,,,,,,,,,
BORSK,6.22,6.18,6.38,6.13,10144643.0,0.647249190938512,63099679.46,15.0,0.7650158968335475,-5.50180500365222,4.42624463668224,-7.08171753686449,15.0,6.689536878216119,-4.307692307692312,7.612456747404836,1.2205044751830787,1.5832789557888325,3179.1,12.16,2026-08-31,0.0,6.1,1.08,0.0,🪤 ZAYIF / TESTERE / TUZAK (UZAK DUR),0.0,42.333333333333336,16.0,69.33333333333334,79.0,,,,,,,,,,,,,,,,,,,,,,,,,,,,,,,,,,,,,,
BULGS,30.52,32.5,32.54,30.42,2065944.0,-5.627705627705639,63052610.88,54.90196078431373,1.0622029085983449,2.25831577114277,117.75440775560702,23.9869652732719,15.0,-21.09617373319545,-24.7534516765286,-29.67741935483871,-16.748499727223123,1.0119678483319834,2464.96,5.36,2026-08-31,2.13,5.0,0.02,0.0,🪤 ZAYIF / TESTERE / TUZAK (UZAK DUR),0.0,8.833333333333334,41.0,33.5,56.333333333333336,,,,,,,,,,,,,,,,,,,,,,,,,,,,,,,,,,,,,,
PRDGS,7.77,8.48,8.48,7.65,8057447.0,-7.719714964370551,62606363.19,3.805652152617916,0.5177780458110289,16.512838115449,339.072550863526,335.945467140879,15.0,10.683760683760685,-6.834532374100723,19.7226502311248,7.46887966804978,0.9146350586084292,2343.29,0.1,2026-08-31,31.89,5.0,-0.16,0.0,🪤 ZAYIF / TESTERE / TUZAK (UZAK DUR),0.0,54.833333333333336,96.66666666666669,33.5,47.0,,,,,,,,,,,,,,,,,,,,,,,,,,,,,,,,,,,,,,
AAGYO,12.46,13.04,13.04,12.4,6630609.0,-4.080061585835253,82617388.14,15.0,2.0,15.0,10.0,8.0,15.0,-2.580140734949166,-30.816213214880623,-46.29310344827585,-46.29310344827585,0.817979956175105,2222.47,2.75,2026-08-31,7.5,5.0,-0.34,0.0,🪤 ZAYIF / TESTERE / TUZAK (UZAK DUR),0.0,8.833333333333334,66.0,33.5,39.0,,,,,,,,,,,,,,,,,,,,,,,,,,,,,,,,,,,,,,
ASTOR,327.0,350.0,355.25,317.0,46838725.0,-6.370794559770938,15316263075.0,32.078951498979755,7.451464645762612,29.0855151100452,29.7605487805267,25.926724109386,15.0,12.661498708010337,-2.095808383233533,86.11269208878772,182.13977566867987,1.49415578423354,3067.69,6.64,2026-08-31,3.9,5.0,0.91,0.0,🪤 ZAYIF / TESTERE / TUZAK (UZAK DUR),0.0,79.66666666666666,51.0,33.5,76.16666666666667,,,,,,,,,,,,,,,,,,,,,,,,,,,,,,,,,,,,,,
FZLGY,9.44,9.95,9.95,9.38,8750753.0,-4.259634888438133,82607108.32,15.0,2.6786601024360484,-20.3624656920139,-8.763193660704,-20.4126171001707,15.0,-14.954954954954957,-32.57142857142858,-26.651126651126653,-22.81275551921505,0.4279299381995197,1734.91,2.11,2026-08-31,0.0,5.0,-1.06,0.0,🪤 ZAYIF / TESTERE / TUZAK (UZAK DUR),0.0,8.833333333333334,16.0,33.5,8.833333333333334,,,,,,,,,,,,,,,,,,,,,,,,,,,,,,,,,,,,,,
BIGEN,184.9,182.0,195.9,179.9,13662358.0,1.5934065934065964,2526169994.2000003,15.0,29.81748281745379,-1.65985398922569,29.398556493529497,-4.60219186709565,15.0,98.81720430107526,313.0920464700626,2042.52607184241,1443.405676126878,2.973105675686716,4916.38,9.5,2026-08-31,0.0,5.0,3.65,0.0,🪤 ZAYIF / TESTERE / TUZAK (UZAK DUR),0.0,99.66666666666669,16.0,33.5,93.33333333333331,,,,,,,,,,,,,,,,,,,,,,,,,,,,,,,,,,,,,,
VAKBN,31.82,33.22,33.24,31.62,63782091.0,-5.241215008933883,2029546135.62,4.13134080315758,0.8688308436587772,24.6140156476693,32.04175801935007,22.80170053588349,15.0,9.951624049758117,1.0158730158730167,-12.147984538928766,9.648518263266714,1.1660200217794356,2657.53,1.09,2026-08-31,28.33,5.0,0.31,0.0,🪤 ZAYIF / TESTERE / TUZAK (UZAK DUR),0.0,38.83333333333333,95.66666666666669,33.5,65.16666666666666,,,,,,,,,,,,,,,,,,,,,,,,,,,,,,,,,,,,,,
AYCES,449.25,475.75,486.0,443.0,155125.0,-5.570152390961639,69689906.25,15.0,2.0270765080716,-2.60273215233987,-43.7156407490243,-33.918085667861,15.0,-3.4390112842557765,-12.084148727984344,-11.03960396039604,-9.28823826350328,1.361250709693158,2901.56,0.14,2026-08-31,0.0,5.0,0.67,0.0,🪤 ZAYIF / TESTERE / TUZAK (UZAK DUR),0.0,8.833333333333334,16.0,33.5,73.66666666666667,,,,,,,,,,,,,,,,,,,,,,,,,,,,,,,,,,,,,,
TKNKA,160.9,166.0,182.4,153.0,40622563.0,-3.013863773357444,6536170386.7,15.0,5.826657483072275,15.0,10.0,8.0,15.0,71.3525026624068,71.3525026624068,71.3525026624068,71.3525026624068,1.0,2450.0,7.05,2026-08-31,2.57,5.0,0.0,0.0,🪤 ZAYIF / TESTERE / TUZAK (UZAK DUR),0.0,92.83333333333331,44.0,33.5,54.50000000000001,,,,,,,,,,,,,,,,,,,,,,,,,,,,,,,,,,,,,,
YKBNK,36.48,37.36,37.4,36.3,185123029.0,-1.9881783987103765,6753288097.919999,5.5670858259064815,1.0755890235668395,21.7839579820642,23.07314202881721,16.368835639228283,15.0,16.84817424727738,7.483794932233351,-1.9881783987103765,9.352517985611504,0.9156484938166796,2344.56,1.16,2026-08-31,20.25,5.0,-0.16,0.0,🪤 ZAYIF / TESTERE / TUZAK (UZAK DUR),0.0,53.0,91.66666666666666,33.5,47.0,,,,,,,,,,,,,,,,,,,,,,,,,,,,,,,,,,,,,,
HALKB,42.66,45.8,46.68,41.94,168201955.0,-7.462039045553155,7175495400.299999,9.518284656061043,1.3060461732938968,15.2318624552132,11.16581345781585,12.922510537824053,15.0,18.631813125695203,-3.658536585365864,-5.242114615726358,56.26373626373625,6.225682851478546,8982.1,0.51,2026-08-31,11.66,5.0,5.0,0.0,🪤 ZAYIF / TESTERE / TUZAK (UZAK DUR),0.0,49.16666666666666,83.33333333333334,33.5,98.0,,,,,,,,,,,,,,,,,,,,,,,,,,,,,,,,,,,,,,
OZATD,4862.5,4932.5,4932.5,4812.5,1596654.0,0.8817427385892116,7763730075.0,15.0,76.82105394536345,-11.2630487426031,1.96923475023776,-17.4415379031,15.0,28.2981530343008,250.82972582972585,2310.758552305404,2051.548672566372,2.709400415678491,4586.75,15.33,2026-08-31,0.0,7.7,3.16,0.0,🪤 ZAYIF / TESTERE / TUZAK (UZAK DUR),0.0,100.0,16.0,74.66666666666667,91.66666666666666,,,,,,,,,,,,,,,,,,,,,,,,,,,,,,,,,,,,,,
TCELL,95.35,103.5,103.5,93.5,93802454.0,-7.874396135265706,8944063988.9,10.708790529992475,0.6776386563466598,7.34275858908705,15.2882288928222,7.19780150763797,15.0,-6.51960784313726,-7.963320463320464,-15.469858156028373,-1.4979338842975236,3.234345458600224,5242.93,2.36,2026-08-31,10.84,5.0,4.13,0.0,🪤 ZAYIF / TESTERE / TUZAK (UZAK DUR),0.0,8.833333333333334,79.0,33.5,94.0,,,,,,,,,,,,,,,,,,,,,,,,,,,,,,,,,,,,,,
AKBNK,71.6,73.4,73.4,71.25,128069279.0,-2.185792349726788,9169760376.4,5.578192073669531,1.1464782940915377,22.870526655457,30.34434516624573,21.828476630352352,15.0,15.483870967741929,11.007751937984487,-9.309689677010777,2.9475197699496727,0.8968118235115212,2321.01,1.12,2026-08-31,19.95,5.0,-0.19,0.0,🪤 ZAYIF / TESTERE / TUZAK (UZAK DUR),0.0,56.00000000000001,91.33333333333331,33.5,45.66666666666666,,,,,,,,,,,,,,,,,,,,,,,,,,,,,,,,,,,,,,
THYAO,303.0,305.5,306.5,302.25,30922033.0,-1.4634146341463417,9369375999.0,3.715302386376736,0.4082651624830671,12.6578146267628,3.01702862239019,9.89479075147571,15.0,-2.8846153846153846,2.8862478777589136,5.208333333333333,-10.9478324761205,0.6680662555525037,2035.08,1.88,2026-08-31,31.0,5.0,-0.61,0.0,🪤 ZAYIF / TESTERE / TUZAK (UZAK DUR),0.0,33.666666666666664,96.33333333333334,33.5,27.500000000000004,,,,,,,,,,,,,,,,,,,,,,,,,,,,,,,,,,,,,,
LOGO,134.7,136.3,136.3,132.9,546127.0,-1.1738811445341324,73563306.89999999,14.647513619904087,2.8860770884688685,23.2419548827481,20.6903591522445,13.4633176532033,15.0,1.20210368144252,-17.41263028816677,-1.9650655021834185,-27.149810708491085,1.09721274327193,2571.52,21.65,2026-08-31,8.05,13.8,0.18,0.0,🪤 ZAYIF / TESTERE / TUZAK (UZAK DUR),0.0,20.833333333333336,71.33333333333334,83.0,62.33333333333333,,,,,,,,,,,,,,,,,,,,,,,,,,,,,,,,,,,,,,
CANTE,1.4,1.32,1.43,1.31,1357432450.0,7.692307692307682,1900405430.0,15.0,0.4412728831509405,-8.69874510729253,-14.6081807616799,-35.6184104384881,15.0,17.64705882352941,-9.0909090909091,-6.666666666666672,-32.31741352040014,5.644949452156136,8256.19,34.0,2026-08-31,0.0,42.0,5.0,0.0,🪤 ZAYIF / TESTERE / TUZAK (UZAK DUR),0.0,45.33333333333333,16.0,93.66666666666669,98.0,,,,,,,,,,,,,,,,,,,,,,,,,,,,,,,,,,,,,,
TTKOM,51.25,53.6,53.65,50.95,37041910.0,-4.205607476635514,1898397887.5,6.335921273860151,0.6762369032704136,12.7278816331645,19.8303196972243,10.3424614081597,15.0,0.6876227897838928,-16.598860862489833,-19.670846394984324,-12.243150684931503,1.3288544255811894,2861.07,1.78,2026-08-31,18.82,5.0,0.61,0.0,🪤 ZAYIF / TESTERE / TUZAK (UZAK DUR),0.0,20.0,90.0,33.5,72.33333333333334,,,,,,,,,,,,,,,,,,,,,,,,,,,,,,,,,,,,,,
SISE,39.76,40.2,40.38,39.46,46828207.0,-0.9466865969108186,1861889510.32,9.988694887576935,0.4405544071396406,4.44658990245265,-1.03553987282082,4.61909984961524,15.0,-3.961352657004833,-13.41463414634147,-3.541969917515772,-2.8347996089931664,0.7035618649063088,2079.45,10.26,2026-08-31,10.09,5.1,-0.55,0.0,🪤 ZAYIF / TESTERE / TUZAK (UZAK DUR),0.0,8.833333333333334,76.0,67.16666666666666,30.166666666666668,,,,,,,,,,,,,,,,,,,,,,,,,,,,,,,,,,,,,,
PGSUS,147.4,150.0,150.1,146.0,12421116.0,-2.254641909814328,1830872498.4,15.0,0.6541791819857694,-1.23885597486283,4.04317335805354,-0.761770317215252,15.0,-1.4705882352941102,-12.987012987012989,-18.56353591160221,-41.796643632773936,1.304838473619855,2831.05,11.12,2026-08-31,0.0,5.6,0.56,0.0,🪤 ZAYIF / TESTERE / TUZAK (UZAK DUR),0.0,8.833333333333334,16.0,68.33333333333333,71.66666666666667,,,,,,,,,,,,,,,,,,,,,,,,,,,,,,,,,,,,,,
TRHOL,3140.0,3100.0,3182.5,3030.0,1008560.0,1.2903225806451613,3166878400.0,20.200616569137576,19.91603551650716,196.206662435691,-101088.810532291,10181270.1148421,15.0,69.72972972972973,105.22875816993464,287.6543209876544,1171.2550607287449,2.3467310480456898,4133.41,32.39,2026-08-31,9.85,38.3,2.49,0.0,🪤 ZAYIF / TESTERE / TUZAK (UZAK DUR),0.0,97.33333333333334,75.0,93.0,90.0,,,,,,,,,,,,,,,,,,,,,,,,,,,,,,,,,,,,,,
KARCL,149.8,129.1,157.2,129.1,18127366.0,4.755244755244763,2715479426.8,15.0,10.638887192285456,15.0,10.0,8.0,15.0,289.0909090909091,289.0909090909091,289.0909090909091,289.0909090909091,2.31792985155255,4097.41,33.25,2026-08-31,1.41,40.3,2.44,0.0,🪤 ZAYIF / TESTERE / TUZAK (UZAK DUR),0.0,99.0,38.0,93.33333333333331,89.66666666666666,,,,,,,,,,,,,,,,,,,,,,,,,,,,,,,,,,,,,,
PASEU,245.8,263.5,267.0,241.8,11006146.0,-8.283582089552235,2705310686.8,158.15210397632222,39.58865168267876,32.7765547120615,3.63454803043642,43.4890695821632,15.0,64.41471571906355,122.64492753623188,93.8485804416404,127.5925925925926,0.8487290412648422,2260.91,0.89,2026-08-31,0.83,5.0,-0.28,0.0,🪤 ZAYIF / TESTERE / TUZAK (UZAK DUR),0.0,94.66666666666669,34.333333333333336,33.5,40.833333333333336,,,,,,,,,,,,,,,,,,,,,,,,,,,,,,,,,,,,,,
SASA,2.36,2.4,2.4,2.33,1422174672.0,-1.255230125523023,3356332225.92,15.0,0.5761437429812998,-7.49333452261489,4.5473714865748,-18.1654001064526,15.0,-5.22088353413656,-14.181818181818189,3.056768558951958,-51.83673469387756,0.6165484259381204,1970.69,16.0,2026-08-31,0.0,8.0,-0.71,0.0,🪤 ZAYIF / TESTERE / TUZAK (UZAK DUR),0.0,25.666666666666664,16.0,76.0,24.666666666666668,,,,,,,,,,,,,,,,,,,,,,,,,,,,,,,,,,,,,,
EREGL,39.0,39.3,40.1,38.66,136058896.0,-0.4085801838610741,5306296944.0,33.99285278479909,0.8227073992615884,2.6359373238076,4.71572421291999,3.23319980810307,15.0,-8.364661654135343,-3.6085022244191816,33.561643835616444,30.697050938337803,0.732622374500742,2115.78,5.22,2026-08-31,3.2,5.0,-0.49,0.0,🪤 ZAYIF / TESTERE / TUZAK (UZAK DUR),0.0,58.5,47.5,33.5,32.0,,,,,,,,,,,,,,,,,,,,,,,,,,,,,,,,,,,,,,
ISCTR,12.61,12.8,12.8,12.54,419764631.0,-1.4073494917904592,5293231996.91,4.641319150502411,0.6943144401986587,16.6794653165665,18.778934134786056,12.339758019312791,15.0,4.214876033057849,-4.542013626040888,-14.969656102494946,-16.710700132100403,0.6729530647204719,2041.19,7.08,2026-08-31,24.02,5.0,-0.61,0.0,🪤 ZAYIF / TESTERE / TUZAK (UZAK DUR),0.0,28.000000000000004,93.66666666666669,33.5,27.500000000000004,,,,,,,,,,,,,,,,,,,,,,,,,,,,,,,,,,,,,,
ANELE,190.4,187.1,197.5,177.8,22369459.0,1.7637626937466655,4259144993.6,15.0,22.15855001152152,-44.3171372931416,-4.67000915733402,-16.6021997838304,15.0,65.56521739130436,101.0559662090813,1243.6838390966832,682.2514379622021,3.892131549989888,6065.16,27.82,2026-08-31,0.0,27.9,5.0,0.0,🪤 ZAYIF / TESTERE / TUZAK (UZAK DUR),0.0,99.33333333333331,16.0,89.66666666666666,98.0,,,,,,,,,,,,,,,,,,,,,,,,,,,,,,,,,,,,,,
GARAN,130.7,133.9,134.0,130.0,32085276.0,-2.31689088191332,4193545573.2,4.56238458772729,1.1279766782407257,27.6614090398923,24.954173196271217,23.833905476675625,15.0,5.658852061438954,5.148833467417531,-5.2898550724637765,-10.540725530458593,0.9029864853847598,2328.73,1.8,2026-08-31,24.52,5.0,-0.18,0.0,🪤 ZAYIF / TESTERE / TUZAK (UZAK DUR),0.0,40.0,94.33333333333334,33.5,46.0,,,,,,,,,,,,,,,,,,,,,,,,,,,,,,,,,,,,,,
SAHOL,93.3,93.45,95.1,92.5,43240697.0,-0.3737319807795072,4034357030.1,9.820845876928908,0.4673368601154086,5.37074515641721,7.135813300528328,1.6163444056398004,15.0,12.613156306578157,1.6339869281045751,1.4130434782608663,-2.761855132881715,1.1972756172205192,2696.59,9.23,2026-08-31,11.49,5.0,0.36,0.0,🪤 ZAYIF / TESTERE / TUZAK (UZAK DUR),0.0,44.333333333333336,81.83333333333334,33.5,66.66666666666666,,,,,,,,,,,,,,,,,,,,,,,,,,,,,,,,,,,,,,
CWENE,37.18,39.3,40.44,36.44,106316573.0,-6.347607052896732,3952850184.14,13.827215590018223,2.261584690811324,20.1700277435031,16.3344456770546,15.3097630205806,15.0,2.4242424242424314,-11.052631578947365,30.915492957746483,102.47896334517554,1.3145986542455528,2843.25,2.36,2026-08-31,8.92,5.0,0.58,0.0,🪤 ZAYIF / TESTERE / TUZAK (UZAK DUR),0.0,60.16666666666667,73.33333333333333,33.5,72.0,,,,,,,,,,,,,,,,,,,,,,,,,,,,,,,,,,,,,,
TERA,186.0,185.9,192.9,185.9,18805769.0,0.2695417789757413,3497873034.0,2.083639064423655,1.410274364328308,111.595685411764,149.523037530356,77.0031872433403,15.0,8.518086347724617,-7.046476761619188,-33.093525179856115,19.6333815726001,1.1652283340863077,2656.54,7.2,2026-08-31,79.13,5.0,0.31,0.0,🪤 ZAYIF / TESTERE / TUZAK (UZAK DUR),0.0,34.333333333333336,99.83333333333331,33.5,65.16666666666666,,,,,,,,,,,,,,,,,,,,,,,,,,,,,,,,,,,,,,
BMSTL,43.48,43.92,44.24,43.32,1439493.0,-1.046882111970871,62589155.63999999,15.0,16.232299588219263,-2.93344317198522,3.2481477062726,-1.49595774615165,15.0,1.1633317822242903,5.406060606060598,29.3085501858736,28.82962962962962,0.5256775466927731,1857.1,1.74,2026-08-31,0.0,5.0,-0.88,0.0,🪤 ZAYIF / TESTERE / TUZAK (UZAK DUR),0.0,60.16666666666667,16.0,33.5,16.833333333333332,,,,,,,,,,,,,,,,,,,,,,,,,,,,,,,,,,,,,,
ESCOM,5.49,5.62,5.63,5.45,12707118.0,-2.486678507992889,69762077.82000001,2.605105817595141,0.9079257452350435,47.8896582322058,99.401396046695,57.56245239383729,15.0,6.189555125725344,1.855287569573293,-11.878009630818624,65.86102719033234,0.5367245494663323,1870.91,4.44,2026-08-31,52.75,5.0,-0.86,0.0,🪤 ZAYIF / TESTERE / TUZAK (UZAK DUR),0.0,40.0,99.0,33.5,18.166666666666668,,,,,,,,,,,,,,,,,,,,,,,,,,,,,,,,,,,,,,
PAHOL,1.32,1.37,1.38,1.31,242691465.0,-3.6496350364963535,320352733.8,12.680115273775217,0.5758207627007739,15.0,198.09354910249,76.9796667523015,15.0,-0.7518796992481209,-20.958083832335323,-13.725490196078429,-20.0,1.1879830632241457,2684.98,0.0,2026-08-31,26.05,5.0,0.35,0.0,🪤 ZAYIF / TESTERE / TUZAK (UZAK DUR),0.0,8.833333333333334,95.0,33.5,66.33333333333333,,,,,,,,,,,,,,,,,,,,,,,,,,,,,,,,,,,,,,
MARTI,1.7,1.55,1.7,1.47,186531799.0,9.677419354838705,317104058.3,15.0,0.3559836666317663,-9.11037033586525,-22.8060931108058,-35.8072271663959,15.0,16.438356164383563,-14.572864321608042,24.0875912408759,-34.77234293009434,2.1573006735710547,3896.63,48.0,2026-08-31,0.0,74.0,2.14,0.0,🪤 ZAYIF / TESTERE / TUZAK (UZAK DUR),0.0,60.66666666666667,16.0,99.66666666666669,88.16666666666667,,,,,,,,,,,,,,,,,,,,,,,,,,,,,,,,,,,,,,
SMRTG,10.4,10.15,10.6,9.92,30606566.0,2.564102564102562,316877417.35999995,104.52261306532664,3.5602173101873564,4.03965078967363,14.7048064681283,1.42512936984939,15.0,-6.407942238267156,-14.29752066115703,52.052785923753646,-0.543378804248375,1.6167610129563987,3220.95,31.53,2026-08-31,1.13,36.4,1.14,0.0,🪤 ZAYIF / TESTERE / TUZAK (UZAK DUR),0.0,66.5,36.5,92.66666666666666,80.0,,,,,,,,,,,,,,,,,,,,,,,,,,,,,,,,,,,,,,
GRTHO,220.1,244.0,244.0,220.1,1386412.0,-9.979550102249492,305149281.2,15.319723535020984,2.7665959619765887,22.8715438210475,10.3607732942245,25.9799789745741,15.0,-11.250000000000002,2.467411545623828,-3.9284155390659103,-47.595238095238095,1.726285722468104,3357.86,8.0,2026-08-31,8.27,5.0,1.34,0.0,🪤 ZAYIF / TESTERE / TUZAK (UZAK DUR),0.0,26.5,72.33333333333334,33.5,81.0,,,,,,,,,,,,,,,,,,,,,,,,,,,,,,,,,,,,,,
KOCMT,4.64,5.06,5.12,4.64,61935270.0,-9.902912621359237,287379652.79999995,15.0,0.8422367193427648,-7.37113785136723,2.92998214505785,-4.82783527413329,15.0,-13.27102803738318,75.75757575757574,92.53112033195018,57.95852227078993,0.9551964612404064,2394.0,8.0,2026-08-31,0.0,5.0,-0.08,0.0,🪤 ZAYIF / TESTERE / TUZAK (UZAK DUR),0.0,90.0,16.0,33.5,51.16666666666667,,,,,,,,,,,,,,,,,,,,,,,,,,,,,,,,,,,,,,
TNZTP,31.94,32.5,32.5,29.04,8953253.0,-0.187499999999996,285966900.82,23.63474914903064,1.3406102924788572,5.50175919999278,29.7292210289326,11.8796022610107,15.0,13.42329545454546,23.13030069390902,38.86956521739131,8.08060991627482,2.1599318606953046,3899.91,38.94,2026-08-31,4.1,53.3,2.15,0.0,🪤 ZAYIF / TESTERE / TUZAK (UZAK DUR),0.0,74.33333333333333,52.5,96.66666666666669,88.66666666666667,,,,,,,,,,,,,,,,,,,,,,,,,,,,,,,,,,,,,,
ALTNY,17.81,18.45,18.56,17.62,15616514.0,-3.677663601946997,278130114.34,61.77592785293097,3.312034158025499,0.613912372658328,10.6093490390064,0.9051123882804848,15.0,15.79973992197658,2.947976878612705,5.885850178359087,-0.4045512326269503,0.4109731795903867,1713.72,3.32,2026-08-31,0.19,5.0,-1.09,0.0,🪤 ZAYIF / TESTERE / TUZAK (UZAK DUR),0.0,52.33333333333333,33.166666666666664,33.5,7.666666666666666,,,,,,,,,,,,,,,,,,,,,,,,,,,,,,,,,,,,,,
OYAKC,22.54,23.0,23.1,22.46,21844933.0,-2.000000000000004,492384789.82,15.495668912415786,1.4366598105572186,11.0453304186396,18.6622077591023,12.2419795465869,15.0,7.3333333333333295,9.20542635658914,-2.000000000000004,-9.912070343725022,0.8403098013439596,2250.39,1.0,2026-08-31,7.69,5.0,-0.3,0.0,🪤 ZAYIF / TESTERE / TUZAK (UZAK DUR),0.0,47.66666666666667,69.66666666666667,33.5,40.0,,,,,,,,,,,,,,,,,,,,,,,,,,,,,,,,,,,,,,
KARSN,9.86,9.75,10.07,9.52,27775697.0,1.1282051282051224,273868372.42,36.69519910681057,1.0815305082644946,3.38668271875612,10.4592629360576,1.15932945087302,15.0,-1.2024048096192483,-25.303030303030305,-0.2024291497975845,-21.746031746031747,1.514100374360734,3092.63,26.62,2026-08-31,3.13,25.1,0.95,0.0,🪤 ZAYIF / TESTERE / TUZAK (UZAK DUR),0.0,8.833333333333334,47.0,89.0,77.33333333333333,,,,,,,,,,,,,,,,,,,,,,,,,,,,,,,,,,,,,,
BAHKM,158.6,158.0,164.0,152.1,1723165.0,-0.5642633228840161,273293969.0,15.0,6.206969965466391,-17.7412000058965,12.0600709454693,-25.989556706789,15.0,33.27731092436974,41.98746642793195,33.83966244725738,188.3636363636364,1.089296433720731,2561.62,22.59,2026-08-31,0.0,15.9,0.17,0.0,🪤 ZAYIF / TESTERE / TUZAK (UZAK DUR),0.0,84.66666666666667,16.0,84.33333333333334,61.5,,,,,,,,,,,,,,,,,,,,,,,,,,,,,,,,,,,,,,
INFO,5.9,6.55,6.55,5.9,46228215.0,-9.923664122137396,272746468.5,15.0,1.370225692428458,15.0,10.0,8.0,15.0,0.0,54.45026178010473,52.06185567010311,55.26315789473686,1.052465768777238,2515.58,8.0,2026-08-31,10.95,5.0,0.1,0.0,🪤 ZAYIF / TESTERE / TUZAK (UZAK DUR),0.0,83.33333333333334,80.0,33.5,58.833333333333336,,,,,,,,,,,,,,,,,,,,,,,,,,,,,,,,,,,,,,
EMPAE,65.75,70.45,72.4,65.2,5713357.0,-6.671398154719663,375653222.75,15.0,5.889703544123509,15.0,10.0,8.0,15.0,34.29330065359477,-21.58616577221228,85.62958780350084,171.69421487603307,0.5247845500443343,1855.98,3.72,2026-08-31,2.55,5.0,-0.88,0.0,🪤 ZAYIF / TESTERE / TUZAK (UZAK DUR),0.0,83.0,43.333333333333336,33.5,16.833333333333332,,,,,,,,,,,,,,,,,,,,,,,,,,,,,,,,,,,,,,
MRGYO,1.64,1.62,1.67,1.5,228660867.0,1.8633540372670687,375003821.88,2.365839584535488,0.2779095777130075,13.5243138138708,112.197546531358,617.977114481406,15.0,26.153846153846143,-4.651162790697678,20.58823529411763,-14.071296721767574,2.1564119496331413,3895.51,38.12,2026-08-31,45.08,51.4,2.14,0.0,🪤 ZAYIF / TESTERE / TUZAK (UZAK DUR),0.0,63.33333333333333,98.33333333333331,96.0,88.16666666666667,,,,,,,,,,,,,,,,,,,,,,,,,,,,,,,,,,,,,,
ONCSM,224.4,244.9,247.5,223.0,1613219.0,-9.406540169559944,362006343.6,112.09351116439385,11.96631514282789,12.6378212718988,23.687757417655,6.412151409841569,15.0,-12.086190009794317,-25.2,-6.926586478639564,70.64638783269962,1.9869849828715087,3683.73,4.8,2026-08-31,1.06,5.0,1.83,0.0,🪤 ZAYIF / TESTERE / TUZAK (UZAK DUR),0.0,28.000000000000004,36.0,33.5,86.0,,,,,,,,,,,,,,,,,,,,,,,,,,,,,,,,,,,,,,
NETCD,121.3,128.8,128.8,119.7,2959172.0,-5.749805749805743,358947563.6,15.0,4.664668768139043,15.0,10.0,8.0,15.0,-0.0823723228995127,-31.196823596142945,29.04255319148936,139.72332015810275,0.814014876433177,2217.52,1.85,2026-08-31,3.22,5.0,-0.34,0.0,🪤 ZAYIF / TESTERE / TUZAK (UZAK DUR),0.0,59.66666666666667,48.0,33.5,39.0,,,,,,,,,,,,,,,,,,,,,,,,,,,,,,,,,,,,,,
MOGAN,19.12,20.32,20.38,18.46,18629453.0,-6.090373280943018,356195141.36,15.0,0.5317974252326754,-11.8424300895078,-34.6420534065733,-74.2007376356711,15.0,16.019417475728158,49.375,90.6281156530409,88.37438423645321,1.2285494361277225,2735.69,11.25,2026-08-31,0.0,5.6,0.42,0.0,🪤 ZAYIF / TESTERE / TUZAK (UZAK DUR),0.0,88.66666666666667,16.0,68.33333333333333,67.83333333333333,,,,,,,,,,,,,,,,,,,,,,,,,,,,,,,,,,,,,,
GEREL,38.32,38.64,38.9,36.22,7226867.0,-0.828157349896481,276933543.44,23.227057825190933,3.4711528358014268,25.9052982329303,22.1326650608602,20.8359372910996,15.0,-7.662650602409639,-1.79395181957971,48.75776397515527,80.24459078080902,1.1509226956370062,2638.65,35.88,2026-08-31,7.46,46.3,0.28,0.0,🪤 ZAYIF / TESTERE / TUZAK (UZAK DUR),0.0,68.0,63.33333333333333,94.0,64.16666666666667,,,,,,,,,,,,,,,,,,,,,,,,,,,,,,,,,,,,,,
VESBE,5.38,5.3,5.71,5.25,36433128.0,1.7013232514177663,196010228.64,15.0,0.2084688736209764,-14.1013672301764,-7.81275240216146,-9.20642980961166,15.0,-7.56013745704468,-21.459854014598537,-27.100271002710027,-60.75857038657915,3.8711737243165767,6038.97,7.83,2026-08-31,0.0,5.0,5.0,0.0,🪤 ZAYIF / TESTERE / TUZAK (UZAK DUR),0.0,8.833333333333334,16.0,33.5,98.0,,,,,,,,,,,,,,,,,,,,,,,,,,,,,,,,,,,,,,
TSPOR,1.1,1.1,1.11,1.08,176637870.0,-2.654867256637151,194301657.00000003,15.0,0.6786478866287858,-23.1459108480419,-95.9530124436516,-52.7708024088774,15.0,18.27956989247312,14.583333333333346,14.583333333333346,-14.062499999999996,0.3253665990053163,1606.71,29.33,2026-08-31,0.0,31.3,-1.25,0.0,🪤 ZAYIF / TESTERE / TUZAK (UZAK DUR),0.0,67.33333333333333,16.0,90.5,2.166666666666667,,,,,,,,,,,,,,,,,,,,,,,,,,,,,,,,,,,,,,
BIGTK,344.75,370.0,376.75,344.75,787254.0,-9.986945169712794,271405816.5,15.0,7.739684387008016,1.49758433731983,11.0356946247128,1.33684599855825,15.0,-7.94392523364486,40.88680016346548,34.53658536585366,-33.510125361620055,1.1291864491429773,2611.48,8.0,2026-08-31,0.19,5.0,0.24,0.0,🪤 ZAYIF / TESTERE / TUZAK (UZAK DUR),0.0,76.0,33.166666666666664,33.5,63.0,,,,,,,,,,,,,,,,,,,,,,,,,,,,,,,,,,,,,,
SVGYO,17.84,17.68,18.0,17.65,15170258.0,0.7909604519774044,270637402.72,15.0,4.2849799922178615,15.0,10.0,8.0,15.0,37.23076923076923,-6.055818852027376,346.0,346.0,0.3349418415398197,1618.68,22.4,2026-08-31,3.5,15.5,-1.23,0.0,🪤 ZAYIF / TESTERE / TUZAK (UZAK DUR),0.0,96.5,48.66666666666667,83.66666666666667,3.0,,,,,,,,,,,,,,,,,,,,,,,,,,,,,,,,,,,,,,
ASELS,387.0,404.25,406.75,385.25,27253906.0,-4.207920792079208,10547261622.0,47.547670532730486,5.753067633776661,15.6028079230998,23.1344032201253,17.7760038943185,15.0,13.489736070381232,0.5194805194805194,20.18633540372671,110.55495103373232,0.8510589224904707,2263.82,3.44,2026-08-31,2.71,5.0,-0.28,0.0,🪤 ZAYIF / TESTERE / TUZAK (UZAK DUR),0.0,61.33333333333333,45.33333333333333,33.5,40.833333333333336,,,,,,,,,,,,,,,,,,,,,,,,,,,,,,,,,,,,,,
EUREN,3.95,3.98,4.21,3.92,67588165.0,-1.496259351620938,266973251.75,117.55952380952382,0.6802053359095034,0.65583507094108,5.42868330187188,0.803773923018663,15.0,1.5424164524421606,-19.551934826883908,-14.316702819956618,-51.41451414514145,2.893719670482392,4817.15,2.21,2026-08-31,0.96,5.0,3.5,0.0,🪤 ZAYIF / TESTERE / TUZAK (UZAK DUR),0.0,21.666666666666668,35.16666666666667,33.5,92.66666666666666,,,,,,,,,,,,,,,,,,,,,,,,,,,,,,,,,,,,,,
PAPIL,13.9,13.68,14.43,13.22,18601069.0,1.6081871345029288,258554859.1,15.0,6.695213644749074,15.0,10.0,8.0,15.0,19.21097770154374,-11.57760814249364,-25.38915727321524,-35.04672897196261,2.1478131017175457,3884.77,23.47,2026-08-31,2.24,17.9,2.12,0.0,🪤 ZAYIF / TESTERE / TUZAK (UZAK DUR),0.0,46.66666666666666,41.66666666666667,85.33333333333334,87.66666666666667,,,,,,,,,,,,,,,,,,,,,,,,,,,,,,,,,,,,,,
ALVES,1.44,1.53,1.54,1.44,226486483.0,-10.000000000000009,326140535.52,29.50819672131147,0.7123106069974623,2.75376786750353,16.2683121601248,0.581707622634861,15.0,-36.84210526315789,-48.20143884892087,-52.94117647058823,-57.193816884661125,1.846253364177305,3507.82,8.0,2026-08-31,3.87,5.0,1.57,0.0,🪤 ZAYIF / TESTERE / TUZAK (UZAK DUR),0.0,8.833333333333334,50.66666666666667,33.5,83.66666666666667,,,,,,,,,,,,,,,,,,,,,,,,,,,,,,,,,,,,,,
ISVEA,85.95,86.0,95.0,82.8,2869381.0,-6.576086956521736,246623296.95,15.0,2.0,15.0,10.0,8.0,15.0,98.04147465437788,274.0208877284595,274.0208877284595,274.0208877284595,0.4344832173727085,1743.1,6.46,2026-08-31,7.5,5.0,-1.05,0.0,🪤 ZAYIF / TESTERE / TUZAK (UZAK DUR),0.0,98.33333333333331,66.0,33.5,9.833333333333332,,,,,,,,,,,,,,,,,,,,,,,,,,,,,,,,,,,,,,
BIOEN,19.0,20.28,20.66,18.75,12731373.0,-7.226562500000002,241896087.0,15.0,2.903862289680132,-18.1089486566153,-22.9172126875999,-22.2224890002437,15.0,9.321058688147303,10.658124635993,20.17710309930424,-16.07773851590106,1.40564741471188,2957.06,0.67,2026-08-31,0.0,5.0,0.75,0.0,🪤 ZAYIF / TESTERE / TUZAK (UZAK DUR),0.0,62.33333333333333,16.0,33.5,74.66666666666667,,,,,,,,,,,,,,,,,,,,,,,,,,,,,,,,,,,,,,
SOKM,55.85,57.8,58.25,55.5,4261164.0,-3.3737024221453216,237986009.4,15.0,0.8274424664511711,-6.73875323563156,-2.47348500716186,-0.781274445365508,15.0,6.178707224334601,16.112266112266113,-10.425020048115478,37.42618110236221,0.7324880426917688,2115.61,0.87,2026-08-31,0.0,5.0,-0.49,0.0,🪤 ZAYIF / TESTERE / TUZAK (UZAK DUR),0.0,54.833333333333336,16.0,33.5,32.0,,,,,,,,,,,,,,,,,,,,,,,,,,,,,,,,,,,,,,
KBORU,21.62,24.02,24.02,21.62,10962898.0,-9.991673605328886,237017854.76,45.53496208930076,2.2845984041625766,5.83779784694285,9.77705187344602,4.11604330338301,15.0,-16.2015503875969,-11.6107931316435,12.19512195121952,44.32576769025367,0.7014780381518534,2076.85,8.0,2026-08-31,2.56,5.0,-0.55,0.0,🪤 ZAYIF / TESTERE / TUZAK (UZAK DUR),0.0,43.0,43.66666666666666,33.5,30.166666666666668,,,,,,,,,,,,,,,,,,,,,,,,,,,,,,,,,,,,,,
BLUME,42.18,40.58,42.38,37.3,5497782.0,2.7277155382367204,231896444.76,15.0,12.61929693343306,-18.5931565572064,-2.79153654880455,-23.14165042137,15.0,32.55813953488372,13.265306122448973,-3.917995444191341,-35.99393019726859,1.6806751923299963,3300.84,45.8,2026-08-31,0.0,69.0,1.26,0.0,🪤 ZAYIF / TESTERE / TUZAK (UZAK DUR),0.0,65.16666666666666,16.0,98.33333333333331,80.66666666666666,,,,,,,,,,,,,,,,,,,,,,,,,,,,,,,,,,,,,,
IZENR,7.68,8.29,8.29,7.53,30191700.0,-7.358262967430633,231872256.0,74.63556851311952,0.9721014478995392,1.49989750502832,5.8453144020465,3.29741231802979,15.0,-12.727272727272736,-29.281767955801108,-10.697674418604652,-13.80471380471381,0.8781301519436786,2297.66,3.05,2026-08-31,1.54,5.0,-0.23,0.0,🪤 ZAYIF / TESTERE / TUZAK (UZAK DUR),0.0,8.833333333333334,38.66666666666666,33.5,43.0,,,,,,,,,,,,,,,,,,,,,,,,,,,,,,,,,,,,,,
ECOGR,34.66,36.16,36.16,34.38,6670783.0,-4.148230088495575,231209338.78,47.30449024157226,0.9491506115257444,15.0,17.5059525230345,6.41545619253121,15.0,4.966686856450616,-12.651209677419365,28.656273199703023,202.972027972028,0.9803536383310608,2425.44,0.81,2026-08-31,15.8,5.0,-0.04,0.0,🪤 ZAYIF / TESTERE / TUZAK (UZAK DUR),0.0,63.0,88.0,33.5,53.0,,,,,,,,,,,,,,,,,,,,,,,,,,,,,,,,,,,,,,
MASFN,39.52,42.4,42.42,39.32,8355467.0,-6.79245283018867,330208055.84000003,15.0,2.102239480823448,15.0,10.0,8.0,15.0,-13.4472185720543,-21.274900398406373,-21.274900398406373,-21.274900398406373,0.3953438881081579,1694.18,4.39,2026-08-31,7.14,5.0,-1.12,0.0,🪤 ZAYIF / TESTERE / TUZAK (UZAK DUR),0.0,8.833333333333334,62.0,33.5,6.333333333333334,,,,,,,,,,,,,,,,,,,,,,,,,,,,,,,,,,,,,,
PRKME,19.45,18.55,19.8,17.92,12792745.0,4.851752021563335,248818890.25,15.0,0.5546457211150061,-12.9422148602144,-12.9281392746781,-124.091247992696,15.0,12.55787037037036,8.598548297040754,-6.75934803451582,-10.779816513761476,3.461565895019461,5526.96,37.57,2026-08-31,0.0,50.2,4.55,0.0,🪤 ZAYIF / TESTERE / TUZAK (UZAK DUR),0.0,51.33333333333333,16.0,95.33333333333334,95.33333333333334,,,,,,,,,,,,,,,,,,,,,,,,,,,,,,,,,,,,,,
IEYHO,207.3,197.7,209.2,197.5,1934023.0,6.035805626598472,400922967.9,15.0,54.617741676261446,-36.4314001799013,-15.093277705237798,-76.4331297129911,15.0,25.63636363636364,77.93991416309015,146.6389054134444,1263.8157894736846,1.7900347525468354,3437.54,38.91,2026-08-31,0.0,53.2,1.46,0.0,🪤 ZAYIF / TESTERE / TUZAK (UZAK DUR),0.0,95.33333333333334,16.0,96.33333333333334,82.66666666666667,,,,,,,,,,,,,,,,,,,,,,,,,,,,,,,,,,,,,,
ALARK,108.3,109.9,110.3,105.9,3669930.0,-1.724137931034488,397453419.0,6.590357266736039,0.493618645822195,8.48918625901478,-27.685857120767498,64.8683834814052,15.0,6.910167818361304,11.995863495346429,9.89345509893455,21.75379426644181,0.483272029480208,1804.09,22.55,2026-08-31,17.2,15.8,-0.96,0.0,🪤 ZAYIF / TESTERE / TUZAK (UZAK DUR),0.0,57.99999999999999,89.33333333333333,84.0,13.166666666666666,,,,,,,,,,,,,,,,,,,,,,,,,,,,,,,,,,,,,,
CCOLA,76.1,77.9,78.05,75.8,5150269.0,-1.996136509980697,391935470.9,10.27822798487304,2.325231789860156,26.9016013150558,15.7949548875229,9.68943526106589,15.0,-15.631929046563204,-7.081807081807095,16.897081413210447,52.87263961430291,0.7865941484086958,2183.24,0.53,2026-08-31,11.57,5.0,-0.39,0.0,🪤 ZAYIF / TESTERE / TUZAK (UZAK DUR),0.0,47.333333333333336,83.0,33.5,37.5,,,,,,,,,,,,,,,,,,,,,,,,,,,,,,,,,,,,,,
CIMSA,44.94,46.64,46.64,44.72,8424521.0,-3.6449399656946886,378597973.74,10.645505152197089,1.136231473662387,12.0224419124516,8.59725811978777,8.20052224157158,15.0,-2.769363911726528,-12.99128751210068,-4.78813559322035,-8.28571428571429,0.9736700938643608,2417.09,1.58,2026-08-31,10.58,5.0,-0.05,0.0,🪤 ZAYIF / TESTERE / TUZAK (UZAK DUR),0.0,8.833333333333334,77.33333333333333,33.5,52.66666666666666,,,,,,,,,,,,,,,,,,,,,,,,,,,,,,,,,,,,,,
DAPGM,7.95,8.57,8.62,7.86,79161225.0,-7.558139534883715,629331738.75,26.58862876254181,1.190012873095231,5.19977862396511,71.2800476477586,8.77064758638138,15.0,-9.55631399317405,-20.5,-27.397260273972595,-53.99305555555557,0.8885575352916962,2310.7,1.37,2026-08-31,4.37,5.0,-0.21,0.0,🪤 ZAYIF / TESTERE / TUZAK (UZAK DUR),0.0,8.833333333333334,53.333333333333336,33.5,44.5,,,,,,,,,,,,,,,,,,,,,,,,,,,,,,,,,,,,,,
ENERY,9.9,9.84,10.39,9.64,63437621.0,0.7121057985757913,628032447.9,15.786955828416522,1.310999551081972,9.89807182782181,13.1262649574125,13.4268116355338,15.0,8.315098468271332,12.499999999999996,3.8824763903462856,-7.1294559099437125,2.127167584664103,3858.96,11.41,2026-08-31,7.55,5.7,2.09,0.0,🪤 ZAYIF / TESTERE / TUZAK (UZAK DUR),0.0,54.0,69.0,69.0,87.33333333333333,,,,,,,,,,,,,,,,,,,,,,,,,,,,,,,,,,,,,,
BTCIM,4.09,4.54,4.54,4.09,151050366.0,-9.911894273127755,617795996.9399999,15.0,0.9642678637105216,-3.97603446876797,-1.53022939009013,-5.8235697419608,15.0,-16.53061224489797,-36.09375000000001,-21.497120921305186,0.7389162561576417,1.8992174557791297,3574.02,8.0,2026-08-31,0.0,5.0,1.66,0.0,🪤 ZAYIF / TESTERE / TUZAK (UZAK DUR),0.0,8.833333333333334,16.0,33.5,84.33333333333334,,,,,,,,,,,,,,,,,,,,,,,,,,,,,,,,,,,,,,
GENIL,11.46,11.97,12.07,11.32,30993674.0,-4.180602006688964,355187504.04,41.77907400656216,3.9391595772106216,11.203940499913,11.1313639819238,5.18338008331172,15.0,26.2114537444934,31.875719217491383,34.82352941176472,-6.269509805239812,0.6787234852947637,2048.4,2.45,2026-08-31,2.84,5.0,-0.59,0.0,🪤 ZAYIF / TESTERE / TUZAK (UZAK DUR),0.0,78.0,45.66666666666666,33.5,28.666666666666668,,,,,,,,,,,,,,,,,,,,,,,,,,,,,,,,,,,,,,
ENJSA,111.2,118.1,118.3,110.4,5502459.0,-5.682782018659884,611873440.8000001,21.40725767638849,1.2053663516996695,6.38889149521895,18.4898167782384,2.51560319387683,15.0,0.1801801801801827,-1.4184397163120517,6.820365033621527,43.76212023270848,1.216734690068775,2720.92,2.33,2026-08-31,5.3,5.0,0.4,0.0,🪤 ZAYIF / TESTERE / TUZAK (UZAK DUR),0.0,34.333333333333336,56.333333333333336,33.5,67.33333333333333,,,,,,,,,,,,,,,,,,,,,,,,,,,,,,,,,,,,,,
EKDMR,47.94,48.2,49.58,47.08,12373415.0,-0.1250000000000047,593181515.1,15.0,0.9007184328626575,15.0,10.0,8.0,15.0,1.567796610169481,-29.44812362030905,-3.1515151515151563,-3.1515151515151563,1.416224165348818,2970.28,11.26,2026-08-31,16.65,5.6,0.77,0.0,🪤 ZAYIF / TESTERE / TUZAK (UZAK DUR),0.0,21.666666666666668,88.66666666666667,68.33333333333333,75.33333333333333,,,,,,,,,,,,,,,,,,,,,,,,,,,,,,,,,,,,,,
ORZAX,89.2,97.1,98.4,88.65,6555911.0,-9.44162436548223,584787261.2,15.0,2.0,15.0,10.0,8.0,15.0,-12.377210216110017,17.52305665349143,17.52305665349143,17.52305665349143,0.832277980963198,2240.35,4.84,2026-08-31,7.5,5.0,-0.31,0.0,🪤 ZAYIF / TESTERE / TUZAK (UZAK DUR),0.0,61.66666666666667,66.0,33.5,39.66666666666666,,,,,,,,,,,,,,,,,,,,,,,,,,,,,,,,,,,,,,
LIDER,33.58,32.0,34.26,31.04,17348123.0,4.8719550281074175,582549970.3399999,100.65947242206234,2.4623173060283507,2.85909372586912,-1.71081345295241,15.440931696247198,15.0,-64.46560846560847,-70.49209138840071,-59.123554473524045,-40.035714285714285,0.4848996423619367,1806.12,36.17,2026-08-31,1.16,47.0,-0.95,0.0,🪤 ZAYIF / TESTERE / TUZAK (UZAK DUR),0.0,8.833333333333334,37.0,94.33333333333334,14.166666666666666,,,,,,,,,,,,,,,,,,,,,,,,,,,,,,,,,,,,,,
AKSEN,79.5,83.35,83.35,78.75,6568957.0,-4.619076184763041,522232081.5,29.260213470739785,1.4221990058918397,5.67192405114027,24.0595071917766,8.30926432227319,15.0,-18.04123711340206,2.7795733678086694,21.004566210045656,103.0132788559755,0.8506027937350473,2263.25,1.13,2026-08-31,3.99,5.0,-0.28,0.0,🪤 ZAYIF / TESTERE / TUZAK (UZAK DUR),0.0,56.00000000000001,51.33333333333333,33.5,40.833333333333336,,,,,,,,,,,,,,,,,,,,,,,,,,,,,,,,,,,,,,
ALBTN,35.1,35.46,35.76,33.7,14602572.0,-0.3972758229284919,512550277.2000001,15.0,0.9720256016589236,15.0,10.0,8.0,15.0,5.278944211157762,-5.645161290322584,-5.645161290322584,-5.645161290322584,0.5353291915341324,1869.16,30.06,2026-08-31,15.43,33.0,-0.86,0.0,🪤 ZAYIF / TESTERE / TUZAK (UZAK DUR),0.0,29.33333333333333,87.33333333333333,91.0,18.166666666666668,,,,,,,,,,,,,,,,,,,,,,,,,,,,,,,,,,,,,,
CVKMD,16.34,16.66,16.82,16.2,31196879.0,-1.0895883777239692,509757002.86,157.26660250240616,4.696589942284255,3.62597150686481,20.8856856576025,8.92116747259994,15.0,13.76509339039177,-10.063099861235616,40.56006548633236,199.44972136918145,0.7910958257910417,2188.87,4.65,2026-08-31,0.77,5.0,-0.39,0.0,🪤 ZAYIF / TESTERE / TUZAK (UZAK DUR),0.0,71.5,34.0,33.5,37.5,,,,,,,,,,,,,,,,,,,,,,,,,,,,,,,,,,,,,,
TRMET,142.9,143.0,145.5,142.1,3476244.0,-2.5903203817314133,496755267.6,26.49534616382987,1.8440684615255567,8.18576711076804,32.5470561743065,9.00173008914118,15.0,10.947204968944094,25.35087719298246,-6.60130718954248,83.4403080872914,0.4845175250134453,1805.65,5.18,2026-08-31,4.44,5.0,-0.95,0.0,🪤 ZAYIF / TESTERE / TUZAK (UZAK DUR),0.0,65.83333333333333,53.66666666666666,33.5,14.166666666666666,,,,,,,,,,,,,,,,,,,,,,,,,,,,,,,,,,,,,,
GIPTA,84.85,92.0,93.0,84.85,7253891.0,-9.973474801061014,615492651.3499999,15.0,3.119924607031064,-8.22628559567446,13.0058058818924,-12.2219697729311,15.0,45.54030874785591,6.729559748427666,53.15884476534296,-38.86887608069165,0.7476064767521862,2134.51,8.0,2026-08-31,0.0,5.0,-0.47,0.0,🪤 ZAYIF / TESTERE / TUZAK (UZAK DUR),0.0,79.0,16.0,33.5,33.166666666666664,,,,,,,,,,,,,,,,,,,,,,,,,,,,,,,,,,,,,,
HKTM,13.77,15.5,15.92,13.7,25692464.0,-8.322237017310254,353785229.28,15.0,1.396044843758554,-21.9504766782517,4.07580558225415,-25.7705698110556,15.0,27.618164967562567,-8.687002652519897,26.79558011049724,-1.92307692307692,1.0706101433778696,2538.26,6.23,2026-08-31,0.0,5.0,0.13,0.0,🪤 ZAYIF / TESTERE / TUZAK (UZAK DUR),0.0,68.66666666666667,16.0,33.5,60.0,,,,,,,,,,,,,,,,,,,,,,,,,,,,,,,,,,,,,,
MCARD,157.5,168.4,168.4,153.4,2238547.0,-6.25,352571152.5,15.0,5.055183344278206,15.0,10.0,8.0,15.0,22.854914196567872,-26.641825803446668,78.97727272727273,78.97727272727273,0.6498617145950303,2012.33,7.31,2026-08-31,2.97,5.0,-0.65,0.0,🪤 ZAYIF / TESTERE / TUZAK (UZAK DUR),0.0,78.5,46.33333333333333,33.5,25.666666666666664,,,,,,,,,,,,,,,,,,,,,,,,,,,,,,,,,,,,,,
FENER,3.15,3.28,3.31,3.13,111904444.0,-3.07692307692308,352498998.6,15.0,2.895673037147348,-152.902143571936,-56.2774750000454,-32.5203586112826,15.0,6.060606060606051,-27.41935483870968,8.620689655172415,-32.11878247644861,0.5904645281103241,1938.08,1.78,2026-08-31,0.0,5.0,-0.76,0.0,🪤 ZAYIF / TESTERE / TUZAK (UZAK DUR),0.0,43.0,16.0,33.5,22.83333333333333,,,,,,,,,,,,,,,,,,,,,,,,,,,,,,,,,,,,,,
ZOREN,2.35,2.31,2.47,2.27,148513162.0,1.731601731601733,349005930.7,15.0,0.1853806456295132,-18.2797749155039,2.03534264977475,-33.2370161945152,15.0,-0.423728813559313,-23.452768729641686,-21.14093959731543,-39.11917098445596,5.022509739085223,7478.14,14.4,2026-08-31,0.0,7.2,5.0,0.0,🪤 ZAYIF / TESTERE / TUZAK (UZAK DUR),0.0,8.833333333333334,16.0,72.16666666666667,98.0,,,,,,,,,,,,,,,,,,,,,,,,,,,,,,,,,,,,,,
QUICK,67.8,67.85,72.95,67.2,5113096.0,-8.254397834912055,346667908.8,15.0,1.304967924350355,15.0,10.0,8.0,15.0,-11.488250652741511,-11.488250652741511,-11.488250652741511,-11.488250652741511,0.6823245808199693,2052.91,2.16,2026-08-31,11.49,5.0,-0.59,0.0,🪤 ZAYIF / TESTERE / TUZAK (UZAK DUR),0.0,8.833333333333334,81.83333333333334,33.5,28.666666666666668,,,,,,,,,,,,,,,,,,,,,,,,,,,,,,,,,,,,,,
SOHOE,10.66,11.75,11.75,10.62,32326359.0,-9.584393553859195,344598986.94,15.0,1.2560238479574886,15.0,10.0,8.0,15.0,-0.2806361085126226,-34.4,-34.4,-34.4,1.2866141101425526,2808.27,6.02,2026-08-31,11.94,5.0,0.53,0.0,🪤 ZAYIF / TESTERE / TUZAK (UZAK DUR),0.0,8.833333333333334,83.66666666666667,33.5,70.5,,,,,,,,,,,,,,,,,,,,,,,,,,,,,,,,,,,,,,
GOLDA,12.85,13.63,13.63,12.75,26563020.0,-3.600900225056267,341334807.0,15.0,2.0,15.0,10.0,8.0,15.0,-8.735795454545457,26.976284584980245,26.976284584980245,26.976284584980245,0.6846886544687992,2055.86,1.64,2026-08-31,7.5,5.0,-0.58,0.0,🪤 ZAYIF / TESTERE / TUZAK (UZAK DUR),0.0,71.5,66.0,33.5,29.33333333333333,,,,,,,,,,,,,,,,,,,,,,,,,,,,,,,,,,,,,,
IZFAS,58.45,64.75,64.75,58.45,5756595.0,-9.93836671802774,336472977.75,15.0,23.599760974191675,-7.18972640166338,-0.9496639899705888,-4.26545630331341,15.0,-9.938366718027735,-11.17021276595744,12.946859903381648,8.080098987909203,0.9365953092553644,2370.74,8.0,2026-08-31,0.0,5.0,-0.12,0.0,🪤 ZAYIF / TESTERE / TUZAK (UZAK DUR),0.0,41.16666666666667,16.0,33.5,49.5,,,,,,,,,,,,,,,,,,,,,,,,,,,,,,,,,,,,,,
UFUK,1660.0,1700.0,1748.0,1622.0,246030.0,-5.142857142857142,408409800.0,1296.7736895555036,27.10790054862472,2.39777182428806,13.880469138409602,352.358375292042,15.0,-6.26764539808018,15.27777777777778,9.138724523339908,83.93351800554017,5.386429167241368,7933.04,8.89,2026-08-31,0.09,5.0,5.0,0.0,🪤 ZAYIF / TESTERE / TUZAK (UZAK DUR),0.0,58.5,32.33333333333333,33.5,98.0,,,,,,,,,,,,,,,,,,,,,,,,,,,,,,,,,,,,,,
ULKER,90.6,92.0,92.0,89.75,4993839.0,-1.4145810663765084,452441813.4,7.742597102935521,0.6557312978160023,9.91775211995781,11.4466738681373,3.6841253476050406,15.0,2.72108843537414,-21.76165803108809,-22.63023057216055,-22.56410256410257,0.4839134718150222,1804.89,13.16,2026-08-31,15.12,6.6,-0.95,0.0,🪤 ZAYIF / TESTERE / TUZAK (UZAK DUR),0.0,24.333333333333336,86.66666666666667,71.0,14.166666666666666,,,,,,,,,,,,,,,,,,,,,,,,,,,,,,,,,,,,,,
DMRGD,11.68,12.0,12.02,11.45,38265486.0,-2.6666666666666687,446940876.48,99.91445680068432,8.1914326591298,8.63924314081493,9.03153475737652,11.7047620826362,15.0,-0.2561912894961668,14.84759095378564,201.0309278350516,165.4545454545454,1.409726250775381,2962.16,14.6,2026-08-31,1.05,7.3,0.76,0.0,🪤 ZAYIF / TESTERE / TUZAK (UZAK DUR),0.0,92.0,35.66666666666667,72.83333333333334,75.0,,,,,,,,,,,,,,,,,,,,,,,,,,,,,,,,,,,,,,
TMPOL,429.5,429.5,450.0,428.25,1032185.0,-5.2921719955898565,443323457.5,15.0,6.496716397681936,-12.1489498754263,4.95923093827672,-6.87082097830547,15.0,0.6444053895723492,39.90228013029316,-8.617021276595745,261.22792262405386,0.5736711250486727,1917.09,4.78,2026-08-31,0.0,5.0,-0.79,0.0,🪤 ZAYIF / TESTERE / TUZAK (UZAK DUR),0.0,72.66666666666667,16.0,33.5,22.0,,,,,,,,,,,,,,,,,,,,,,,,,,,,,,,,,,,,,,
BALSU,10.0,10.5,10.58,9.9,44059892.0,-4.761904761904762,440598920.0,15.0,2.527722799806882,15.0,10.0,8.0,15.0,-34.4692005242464,-28.926794598436388,-28.926794598436388,-60.31746031746032,0.5975907696082503,1946.99,0.24,2026-08-31,5.93,5.0,-0.74,0.0,🪤 ZAYIF / TESTERE / TUZAK (UZAK DUR),0.0,8.833333333333334,57.66666666666666,33.5,23.5,,,,,,,,,,,,,,,,,,,,,,,,,,,,,,,,,,,,,,
ISKPL,8.3,8.2,8.94,8.2,52173439.0,-5.574516496018185,433039543.7000001,41.231992051664186,3.637909648350011,10.5285592762629,14.2874435516861,9.88236500367177,15.0,7.792207792207799,-36.10469591993841,-20.268972142170984,49.01256732495512,0.8860353878499931,2307.54,0.43,2026-08-31,2.89,5.0,-0.21,0.0,🪤 ZAYIF / TESTERE / TUZAK (UZAK DUR),0.0,36.5,46.0,33.5,44.5,,,,,,,,,,,,,,,,,,,,,,,,,,,,,,,,,,,,,,
AGHOL,31.84,30.66,32.7,30.48,13430372.0,3.848662752772341,427623044.48,17.40746815373681,0.5844928037994969,3.94764331491178,2.78232466272413,0.586955089440314,15.0,-11.407902058987196,-6.900584795321645,1.6602809706257968,9.190672153635116,3.349746470124728,5387.18,26.31,2026-08-31,6.75,24.4,4.35,0.0,🪤 ZAYIF / TESTERE / TUZAK (UZAK DUR),0.0,23.0,60.333333333333336,88.66666666666667,94.66666666666669,,,,,,,,,,,,,,,,,,,,,,,,,,,,,,,,,,,,,,
YEOTK,34.42,35.34,35.98,34.0,12328723.0,-2.60328239954726,424354645.66,12.82940102128294,5.188736131210805,58.2232370664055,22.4211603094772,11.2541842940668,15.0,-12.238653748087703,-28.784106189761875,107.30025768867476,111.2177426477712,0.6032423086993774,1954.05,3.88,2026-08-31,11.22,5.0,-0.73,0.0,🪤 ZAYIF / TESTERE / TUZAK (UZAK DUR),0.0,81.0,80.66666666666666,33.5,24.166666666666668,,,,,,,,,,,,,,,,,,,,,,,,,,,,,,,,,,,,,,
BINHO,9.77,10.85,10.86,9.71,43400262.0,-9.36920222634508,424020559.74,15.0,0.8797347649208238,-28.3285437754834,10.0,8.0,15.0,3.495762711864408,5.053763440860203,14.13551401869158,-15.795000558709216,1.259608004751259,2774.51,5.08,2026-08-31,0.0,5.0,0.48,0.0,🪤 ZAYIF / TESTERE / TUZAK (UZAK DUR),0.0,51.83333333333333,16.0,33.5,69.66666666666667,,,,,,,,,,,,,,,,,,,,,,,,,,,,,,,,,,,,,,
HUNER,3.99,4.02,4.12,3.93,83235460.0,0.7575757575757638,332109485.40000004,15.0,0.7815223820958903,-6.91801127402945,20.0018754116481,-37.7356616270622,15.0,16.3265306122449,3.63636363636364,29.54545454545455,-3.15533980582524,1.8155551200273503,3469.44,9.68,2026-08-31,0.0,5.0,1.51,0.0,🪤 ZAYIF / TESTERE / TUZAK (UZAK DUR),0.0,64.66666666666666,16.0,33.5,83.0,,,,,,,,,,,,,,,,,,,,,,,,,,,,,,,,,,,,,,
SEGMN,48.78,47.6,49.0,43.7,2403433.0,2.478991596638654,117239461.74,,1.573751959527668,4.92358263746162,,,,6.228222996515678,,,,1.858538791302894,,45.68,2026-09-01,,73.3,1.59,88.3,🎯 TABANDAN DÖNÜŞ (DİP ATEŞLEMESİ),17.3,,,,,-14.270650263620382,,,,,,,59.1,43.7,,,,,,,,11.6,33.0,,,,,,,,,,,,,,,,,,,,
TCELL,96.55,95.5,96.75,94.9,60637136.0,1.5781167806417675,5854515480.8,,0.6861668827506031,7.34275858908705,,,,-5.343137254901963,,,,1.6339763049041396,,41.95,2026-09-01,,63.8,1.17,87.0,🎯 TABANDAN DÖNÜŞ (DİP ATEŞLEMESİ),3.6,,,,,-6.62475822050291,,,,,,,108.4,93.5,,,,,,,,3.3,20.5,,,,,,,,,,,,,,,,,,,,
ESCAR,45.0,43.42,45.0,41.64,13116012.0,5.1893408134642325,590220540.0,,3.40708279514044,-22.7612896158175,,,,-3.681506849315066,,,,4.60364515278834,,48.0,2026-09-01,,79.2,5.0,86.5,🎯 TABANDAN DÖNÜŞ (DİP ATEŞLEMESİ),15.6,,,,,-5.818334030975306,,,,,,,49.08,41.64,,,,,,,,8.1,45.2,,,,,,,,,,,,,,,,,,,,
ISMEN,33.94,33.22,33.94,32.82,9324407.0,2.16736905478627,316470373.58,,1.4441447038099209,22.1737418237606,,,,-1.0495626822157418,,,,1.3622286467014202,,48.0,2026-09-01,,79.2,0.67,85.0,🎯 TABANDAN DÖNÜŞ (DİP ATEŞLEMESİ),25.7,,,,,3.412553321145635,,,,,,,35.08,32.04,,,,,,,,5.9,62.5,,,,,,,,,,,,,,,,,,,,
HDFGS,2.51,2.44,2.66,2.42,116845811.0,2.868852459016387,293282985.60999995,,0.6561902794952301,17.3728281583495,,,,-2.334630350194555,,,,2.7877677736205926,,13.0,2026-09-01,,5.2,3.31,85.0,🎯 TABANDAN DÖNÜŞ (DİP ATEŞLEMESİ),5.2,,,,,-1.5686274509803937,,,,,,,2.81,2.4,,,,,,,,4.6,26.8,,,,,,,,,,,,,,,,,,,,
SKTAS,3.36,3.11,3.43,3.05,61052447.0,7.692307692307684,205136221.92,,0.6337577875817425,-4.33754404839619,,,,7.006369426751585,,,,4.509349815635165,,37.68,2026-09-01,,53.0,5.0,84.1,🎯 TABANDAN DÖNÜŞ (DİP ATEŞLEMESİ),29.1,,,,,1.204819277108435,,,,,,,3.52,3.05,,,,,,,,10.2,66.0,,,,,,,,,,,,,,,,,,,,
KARSN,10.28,9.97,10.59,9.97,48279191.0,4.048582995951403,496310083.48,,1.1275997591236313,3.38668271875612,,,,3.006012024048085,,,,2.5263410263172137,,20.0,2026-09-01,,8.0,2.82,82.9,🎯 TABANDAN DÖNÜŞ (DİP ATEŞLEMESİ),30.7,,,,,9.245483528161522,,,,,,,10.59,9.23,,,,,,,,11.4,77.2,,,,,,,,,,,,,,,,,,,,
PGSUS,151.9,147.5,152.5,147.0,17278729.0,3.333333333333337,2624638935.1,,0.6741507309609116,-1.23885597486283,,,,1.5374331550802216,,,,1.7090430397771972,,41.89,2026-09-01,,63.7,1.31,82.2,🎯 TABANDAN DÖNÜŞ (DİP ATEŞLEMESİ),2.0,,,,,1.2666666666666704,,,,,,,159.7,146.0,,,,,,,,4.0,43.1,,,,,,,,,,,,,,,,,,,,
KUYAS,67.1,65.5,67.45,64.6,10530058.0,2.4427480916030446,706566891.8,,15.143616096919144,-66.6798503710024,,,,-3.4532374100719507,,,,2.085969438754915,,41.12,2026-09-01,,61.7,2.01,80.6,🎯 TABANDAN DÖNÜŞ (DİP ATEŞLEMESİ),14.6,,,,,3.230769230769222,,,,,,,71.8,60.25,,,,,,,,11.4,59.3,,,,,,,,,,,,,,,,,,,,
LOGO,135.7,134.4,137.5,132.4,707800.0,1.1931394481730009,96048460.0,,2.907503050521347,23.2419548827481,,,,1.953418482344098,,,,1.3934401217438903,,28.24,2026-09-01,,28.9,0.73,80.4,🎯 TABANDAN DÖNÜŞ (DİP ATEŞLEMESİ),12.3,,,,,-1.9508670520231337,,,,,,,140.6,131.1,,,,,,,,3.5,48.4,,,,,,,,,,,,,,,,,,,,
MEKAG,3.08,2.95,3.24,2.91,26282492.0,4.406779661016945,80950075.36,,1.5420972522630778,-5.43442325410593,,,,8.070175438596491,,,,2.5844354213676817,,20.85,2026-09-01,,10.2,2.93,78.7,🎯 TABANDAN DÖNÜŞ (DİP ATEŞLEMESİ),29.1,,,,,-0.3236245954692487,,,,,,,3.24,2.84,,,,,,,,8.5,60.0,,,,,,,,,,,,,,,,,,,,
PKART,126.7,126.7,135.0,124.4,1169916.0,3.1758957654723177,148228357.20000002,,4.766178863745968,20.3092728423121,,,,9.036144578313252,,,,2.356019265968765,,4.15,2026-09-01,,5.0,2.51,77.1,🎯 TABANDAN DÖNÜŞ (DİP ATEŞLEMESİ),5.1,,,,,-3.2824427480916007,,,,,,,142.5,116.2,,,,,,,,9.0,39.9,,,,,,,,,,,,,,,,,,,,
PAHOL,1.34,1.32,1.37,1.32,301684260.0,1.5151515151515165,404256908.4,,0.5845453197113917,15.0,,,,0.7518796992481209,,,,1.476657598401607,,14.4,2026-09-01,,5.8,0.88,76.1,🎯 TABANDAN DÖNÜŞ (DİP ATEŞLEMESİ),-1.3,,,,,0.7518796992481209,,,,,,,1.42,1.28,,,,,,,,4.7,42.9,,,,,,,,,,,,,,,,,,,,
BIMAS,408.25,405.5,412.0,399.25,10795363.0,0.6781750924784217,4407206944.75,,2.404204168374736,16.1065139976773,,,,6.245933636955107,,,,0.9554320664134208,,31.53,2026-09-01,,37.3,-0.08,75.9,🎯 TABANDAN DÖNÜŞ (DİP ATEŞLEMESİ),25.8,,,,,-1.0902483343428224,,,,,,,422.75,370.25,,,,,,,,10.3,72.4,,,,,,,,,,,,,,,,,,,,
AGHOL,32.38,32.02,32.64,31.74,6433278.0,1.187500000000008,208309541.64,,0.5944056842659458,3.94764331491178,,,,-9.905397885364485,,,,1.262825873710938,,31.82,2026-09-01,,38.1,0.49,75.8,🎯 TABANDAN DÖNÜŞ (DİP ATEŞLEMESİ),-2.8,,,,,3.982016698779711,,,,,,,36.12,30.24,,,,,,,,7.1,36.4,,,,,,,,,,,,,,,,,,,,
GARAN,132.9,131.0,133.8,130.9,31851535.0,1.5278838808250572,4233069001.5,,1.1469632787925972,27.6614090398923,,,,7.437348423605499,,,,0.8768111923130749,,30.62,2026-09-01,,35.0,-0.23,74.6,🎯 TABANDAN DÖNÜŞ (DİP ATEŞLEMESİ),25.8,,,,,0.9878419452887623,,,,,,,137.3,123.5,,,,,,,,7.6,68.1,,,,,,,,,,,,,,,,,,,,
ULUUN,8.61,8.3,8.79,8.24,13845278.0,1.6528925619834565,119207843.58,,0.4254127022007324,0.614222040469284,,,,3.734939759036129,,,,1.1669280339125658,,29.67,2026-09-01,,32.6,0.31,74.5,🎯 TABANDAN DÖNÜŞ (DİP ATEŞLEMESİ),24.3,,,,,-1.712328767123292,,,,,,,9.22,7.69,,,,,,,,12.0,60.1,,,,,,,,,,,,,,,,,,,,
ISCTR,12.75,12.66,12.89,12.65,730470650.0,0.8702531645569574,9313500787.5,,0.7020229272428945,16.6794653165665,,,,5.371900826446283,,,,1.144833441426618,,15.33,2026-09-01,,6.1,0.27,73.8,🎯 TABANDAN DÖNÜŞ (DİP ATEŞLEMESİ),12.3,,,,,1.2708498808578248,,,,,,,13.39,11.86,,,,,,,,7.5,58.2,,,,,,,,,,,,,,,,,,,,
ISDMR,53.55,53.3,54.35,52.6,2039770.0,0.4690431519699812,109229683.5,,0.9950908849674936,8.49194157301141,,,,-2.724795640326976,,,,1.283101459981843,,22.4,2026-09-01,,14.1,0.52,73.3,🎯 TABANDAN DÖNÜŞ (DİP ATEŞLEMESİ),24.3,,,,,-0.3720930232558192,,,,,,,56.0,49.74,,,,,,,,7.7,60.9,,,,,,,,,,,,,,,,,,,,
SKBNK,6.32,6.26,6.36,6.2,110878928.0,1.2820512820512833,700754824.96,,0.7204742362061104,16.2630100499565,,,,-9.32568149210903,,,,0.7431999242320192,,34.0,2026-09-01,,43.6,-0.48,72.8,🎯 TABANDAN DÖNÜŞ (DİP ATEŞLEMESİ),12.3,,,,,0.9584664536741294,,,,,,,6.94,5.81,,,,,,,,8.8,45.1,,,,,,,,,,,,,,,,,,,,
VEYAS,136.3,136.1,139.0,134.0,3353313.0,0.220588235294126,457056561.9,,4.955740114152911,15.0,,,,0.220588235294126,,,,1.0,,17.76,2026-09-01,,7.1,0.0,72.6,🎯 TABANDAN DÖNÜŞ (DİP ATEŞLEMESİ),-1.3,,,,,-11.378413524057216,,,,,,,164.0,131.2,,,,,,,,3.9,15.5,,,,,,,,,,,,,,,,,,,,
EFOR,18.18,18.02,18.3,17.3,102330725.0,0.8879023307436191,1860372580.5,,7.362738387892385,0.192526384577394,,,,-14.887640449438203,,,,1.2189000301441268,,41.28,2026-09-01,,62.1,0.4,70.9,🎯 TABANDAN DÖNÜŞ (DİP ATEŞLEMESİ),-5.1,,,,,-8.413098236775827,,,,,,,21.86,17.29,,,,,,,,5.1,19.5,,,,,,,,,,,,,,,,,,,,
HURGZ,7.23,6.87,7.36,6.85,11632342.0,5.547445255474464,84101832.66000001,,2.290272203444595,-64.4524627433031,,,,-1.09439124487003,,,,1.1668472491592417,,33.73,2026-09-01,,42.9,0.31,70.6,🎯 TABANDAN DÖNÜŞ (DİP ATEŞLEMESİ),-4.5,,,,,-6.829896907216487,,,,,,,8.59,6.85,,,,,,,,5.5,21.8,,,,,,,,,,,,,,,,,,,,
BULGS,32.36,32.0,32.66,31.0,3643975.0,1.761006289308172,117919031.0,,1.1262413539397913,2.25831577114277,,,,-16.339193381592555,,,,1.602326484967577,,37.88,2026-09-01,,53.5,1.11,68.2,⚡ TABANDA SIKIŞMA,-14.2,,,,,-2.9394121175764965,,,,,,,38.72,30.42,,,,,,,,6.4,23.4,,,,,,,,,,,,,,,,,,,,
HRKET,93.9,91.85,94.15,89.65,1147818.0,1.6233766233766231,107780110.2,,1.4261773253297296,-18.5083754259682,,,,-1.2618296529968336,,,,0.7988370762603931,,44.89,2026-09-01,,71.3,-0.37,66.7,⚡ TABANDA SIKIŞMA,-4.5,,,,,-6.193806193806183,,,,,,,110.7,85.85,,,,,,,,9.4,32.4,,,,,,,,,,,,,,,,,,,,
ODAS,7.47,7.37,7.52,7.27,50057104.0,2.049180327868845,373926566.88,,0.6596288594248778,-1.82009042316161,,,,-14.432989690721657,,,,0.8606565353703101,,36.8,2026-09-01,,50.7,-0.26,66.4,⚡ TABANDA SIKIŞMA,9.1,,,,,5.063291139240498,,,,,,,7.99,6.97,,,,,,,,7.2,49.0,,,,,,,,,,,,,,,,,,,,
DGNMO,7.55,7.27,7.65,6.55,14728967.0,3.851444291609357,111203700.85,,1.5308253480346634,-62.7733757873064,,,,-9.036144578313262,,,,2.4955161003675865,,42.91,2026-09-01,,66.3,2.77,66.4,⚡ TABANDA SIKIŞMA,11.2,,,,,-11.28084606345476,,,,,,,9.25,6.55,,,,,,,,15.3,37.0,,,,,,,,,,,,,,,,,,,,
TTKOM,51.55,51.3,51.8,50.85,38697884.0,0.8806262230919681,1994875920.2,,0.6801953631919966,12.7278816331645,,,,1.277013752455793,,,,1.301352460947001,,33.26,2026-09-01,,41.7,0.56,65.1,⚡ TABANDA SIKIŞMA,-14.1,,,,,-3.554724041159973,,,,,,,57.7,50.85,,,,,,,,1.4,10.2,,,,,,,,,,,,,,,,,,,,
SOHOE,10.74,10.63,10.94,10.55,13208519.0,1.129943502824868,141859494.06,,1.2654499181110157,15.0,,,,0.4677268475210543,,,,0.4865611298301184,,19.28,2026-09-01,,7.7,-0.95,64.3,⚡ TABANDA SIKIŞMA,-1.3,,,,,-4.107142857142849,,,,,,,11.85,10.24,,,,,,,,4.9,31.1,,,,,,,,,,,,,,,,,,,,
BMSTL,44.66,43.2,44.72,43.2,2135691.0,2.525252525252512,95379960.06,,16.672826577963942,-2.93344317198522,,,,3.908794788273615,,,,0.8007340073919645,,45.79,2026-09-01,,73.6,-0.37,64.2,⚡ TABANDA SIKIŞMA,-5.4,,,,,0.8581752484191406,,,,,,,51.95,42.16,,,,,,,,5.9,25.5,,,,,,,,,,,,,,,,,,,,
ZERGY,9.76,9.45,9.85,9.04,15238677.0,4.051172707889115,148729487.52,,2.042238343443389,15.0,,,,7.726269315673281,,,,0.7943989159204211,,41.78,2026-09-01,,63.4,-0.38,64.1,⚡ TABANDA SIKIŞMA,0.9,,,,,5.285868392664511,,,,,,,10.98,8.62,,,,,,,,13.2,48.3,,,,,,,,,,,,,,,,,,,,
SASA,2.36,2.35,2.39,2.33,2163930500.0,0.4255319148936079,5106875980.0,,0.5761437429812998,-7.49333452261489,,,,-5.22088353413656,,,,0.9641154351348464,,20.0,2026-09-01,,8.0,-0.07,63.1,⚡ TABANDA SIKIŞMA,-4.5,,,,,1.2875536480686611,,,,,,,2.62,2.22,,,,,,,,6.3,35.0,,,,,,,,,,,,,,,,,,,,
KLRHO,66.0,65.85,66.3,65.0,1274806.0,0.2277904328018309,84137196.0,,2.8300673212984004,4.88154513834307,,,,-14.285714285714286,,,,0.3445067524546061,,35.08,2026-09-01,,46.3,-1.21,62.8,⚡ TABANDA SIKIŞMA,-2.8,,,,,-4.139433551198249,,,,,,,82.25,63.85,,,,,,,,3.4,11.7,,,,,,,,,,,,,,,,,,,,
NTHOL,43.26,42.84,43.42,42.52,1546677.0,0.9803921568627324,66909247.02,,0.220422102721897,1.33838653109446,,,,-1.8602540834845744,,,,0.9529753550513612,,38.04,2026-09-01,,53.9,-0.09,61.9,⚡ TABANDA SIKIŞMA,-14.2,,,,,-1.8602540834845744,,,,,,,47.22,42.36,,,,,,,,2.1,18.5,,,,,,,,,,,,,,,,,,,,
TSKB,10.99,10.95,11.09,10.94,15519929.0,0.5489478499542589,170564019.71,,0.6117328013465915,23.7706505712981,,,,-0.0909090909090889,,,,0.9096201130633668,,10.67,2026-09-01,,5.0,-0.17,61.7,⚡ TABANDA SIKIŞMA,-1.3,,,,,-1.4349775784753376,,,,,,,11.38,10.69,,,,,,,,2.8,43.5,,,,,,,,,,,,,,,,,,,,
CCOLA,76.75,75.9,77.4,75.45,4713505.0,2.061170212765953,361761508.75,,2.345092508170394,26.9016013150558,,,,-14.911308203991132,,,,0.7144367669035472,,29.33,2026-09-01,,31.7,-0.53,59.5,⚡ TABANDA SIKIŞMA,-12.7,,,,,-3.701380175658724,,,,,,,92.15,75.2,,,,,,,,2.1,9.1,,,,,,,,,,,,,,,,,,,,
SSAAT,35.26,35.1,36.02,34.6,4492197.0,0.6853226727584091,158394866.22,,2.0,15.0,,,,-1.508379888268154,,,,0.7833434243374442,,18.03,2026-09-01,,7.2,-0.4,57.1,⚡ TABANDA SIKIŞMA,-12.7,,,,,-6.965699208443273,,,,,,,44.0,34.6,,,,,,,,1.9,7.0,,,,,,,,,,,,,,,,,,,,
ENJSA,110.8,110.1,112.4,110.0,4199705.0,0.6357856494096302,465327314.0,,1.2010305015136995,6.38889149521895,,,,-0.1801801801801827,,,,0.8586822554342047,,10.67,2026-09-01,,5.0,-0.26,56.3,⚡ TABANDA SIKIŞMA,10.7,,,,,0.0903342366756949,,,,,,,118.6,104.3,,,,,,,,6.2,45.5,,,,,,,,,,,,,,,,,,,,
AGESA,264.5,259.75,266.75,259.75,398820.0,1.244019138755981,105487890.0,,3.707459703277072,70.4502550027856,,,,11.181168558217736,,,,1.4577931916284173,,30.0,2026-09-01,,33.4,0.85,56.3,⚡ TABANDA SIKIŞMA,9.8,,,,,7.215241183623839,,,,,,,266.75,227.6,,,,,,,,16.2,94.3,,,,,,,,,,,,,,,,,,,,
DSTKF,2190.0,2075.0,2192.0,1873.0,4212853.0,5.237866410379626,9226148070.0,,49.26772192577852,39.4914380778913,,,,22.073578595317727,,,,2.58582374096127,,47.65,2026-09-01,,78.3,2.93,56.3,⚡ TABANDA SIKIŞMA,-1.5,,,,,-0.4545454545454545,,,,,,,2454.0,1568.0,,,,,,,,39.7,70.2,,,,,,,,,,,,,,,,,,,,
NTGAZ,11.69,11.64,11.98,11.3,7354558.0,0.4295532646048018,85974783.02,,1.3438774255033217,21.3164155393588,,,,9.868421052631568,,,,1.7534450829360195,,24.12,2026-09-01,,18.5,1.39,55.8,⚡ TABANDA SIKIŞMA,0.9,,,,,2.9955947136563865,,,,,,,11.98,10.16,,,,,,,,15.1,84.1,,,,,,,,,,,,,,,,,,,,
ARTMS,42.3,40.32,42.6,40.32,1944049.0,5.171556439582294,82233272.69999999,,1.143751749088446,4.33332473105516,,,,6.818181818181807,,,,1.7249271871041874,,40.63,2026-09-01,,60.5,1.34,55.6,⚡ TABANDA SIKIŞMA,-0.6,,,,,11.198738170346996,,,,,,,46.88,35.3,,,,,,,,19.8,60.4,,,,,,,,,,,,,,,,,,,,
HOROZ,58.5,58.45,62.2,58.3,2713761.0,0.1712328767123312,158755018.5,,1.2021369679927436,-1.57077415257944,,,,6.267029972752049,,,,1.0882312463277983,,5.13,2026-09-01,,5.0,0.16,55.5,⚡ TABANDA SIKIŞMA,-4.5,,,,,-8.807482462977404,,,,,,,72.0,54.45,,,,,,,,7.4,23.1,,,,,,,,,,,,,,,,,,,,
AVPGY,56.9,54.45,57.2,54.4,1194094.0,4.021937842778786,67943948.6,,0.4863324346297412,4.45165693110861,,,,13.45962113659023,,,,1.4928244427883817,,42.0,2026-09-01,,63.9,0.91,55.4,⚡ TABANDA SIKIŞMA,8.3,,,,,7.358490566037734,,,,,,,57.2,50.0,,,,,,,,13.8,95.8,,,,,,,,,,,,,,,,,,,,
AEFES,18.08,18.24,18.24,17.86,41019439.0,1.345291479820619,741631457.1199999,,0.8521239708411472,8.89029451333242,,,,-17.66848816029145,,,,0.7800139461631388,,24.42,2026-09-01,,19.2,-0.41,54.8,⚡ TABANDA SIKIŞMA,-14.2,,,,,-4.892162019989496,,,,,,,22.52,17.77,,,,,,,,1.7,6.5,,,,,,,,,,,,,,,,,,,,
BVSAN,104.6,105.0,107.4,102.6,851253.0,0.867888138862094,89041063.8,,1.5269139011788917,-0.200203151364658,,,,-1.227573182247414,,,,1.3597821544815707,,15.33,2026-09-01,,6.1,0.67,54.7,⚡ TABANDA SIKIŞMA,-15.8,,,,,-1.1342155009451822,,,,,,,115.1,102.5,,,,,,,,2.0,16.7,,,,,,,,,,,,,,,,,,,,
VAKBN,32.56,31.78,32.72,31.7,57631021.0,2.583490863264032,1876466043.76,,0.8890362121159581,24.6140156476693,,,,12.508638562543196,,,,0.9678263444723766,,39.22,2026-09-01,,56.9,-0.06,53.4,⚡ TABANDA SIKIŞMA,0.8,,,,,4.025559105431315,,,,,,,34.74,28.58,,,,,,,,13.9,64.6,,,,,,,,,,,,,,,,,,,,
BRKVY,90.05,88.1,92.55,86.0,841513.0,2.914285714285711,75778245.64999999,,3.442613863354417,24.9595404187976,,,,21.03494623655913,,,,1.181293374836355,,26.63,2026-09-01,,24.9,0.34,53.2,⚡ TABANDA SIKIŞMA,9.8,,,,,14.276649746192891,,,,,,,92.55,72.25,,,,,,,,24.6,87.7,,,,,,,,,,,,,,,,,,,,
AKFYE,22.78,22.64,23.22,22.4,6243860.0,0.5295675198587864,142235130.8,,0.3898508709179465,4.46642791828936,,,,-5.398671096345503,,,,0.806504717473797,,17.95,2026-09-01,,7.2,-0.36,53.1,⚡ TABANDA SIKIŞMA,-14.2,,,,,-4.686192468619236,,,,,,,24.8,22.28,,,,,,,,2.2,19.8,,,,,,,,,,,,,,,,,,,,
EKIM,18.98,18.91,19.55,18.72,8687699.0,0.6896551724137878,164892527.02,,2.0,15.0,,,,-1.042752867570382,,,,0.3610347793137308,,9.54,2026-09-01,,5.0,-1.18,53.0,⚡ TABANDA SIKIŞMA,12.3,,,,,-3.06435137895811,,,,,,,20.42,17.0,,,,,,,,11.6,57.9,,,,,,,,,,,,,,,,,,,,
ENERY,10.17,10.02,10.3,9.92,62738809.0,2.9352226720647687,638053687.53,,1.3467540842932983,9.89807182782181,,,,11.269146608315092,,,,1.8272142564979832,,28.84,2026-09-01,,30.5,1.53,52.9,⚡ TABANDA SIKIŞMA,8.3,,,,,14.398200224971871,,,,,,,10.39,8.28,,,,,,,,22.8,89.6,,,,,,,,,,,,,,,,,,,,
YKBNK,36.82,36.6,37.36,36.06,248952295.0,0.8214676889375607,9166423501.9,,1.0856137019663112,21.7839579820642,,,,17.93721973094171,,,,1.1842563518734228,,24.74,2026-09-01,,20.0,0.34,52.9,⚡ TABANDA SIKIŞMA,0.8,,,,,1.209455744914782,,,,,,,38.02,33.0,,,,,,,,11.6,76.1,,,,,,,,,,,,,,,,,,,,
GOLDA,13.33,12.86,13.8,12.75,47732537.0,2.9343629343629405,636274718.21,,2.0,15.0,,,,-5.326704545454546,,,,1.2314164992423953,,22.93,2026-09-01,,15.5,0.43,52.7,⚡ TABANDA SIKIŞMA,0.8,,,,,-0.8921933085501801,,,,,,,14.94,11.47,,,,,,,,16.2,53.6,,,,,,,,,,,,,,,,,,,,
DOAS,164.2,164.1,165.4,163.1,632631.0,0.2442002442002303,103878010.2,,0.4859207136606842,3.74584386729599,,,,-10.273224043715851,,,,0.6924719314138301,,18.78,2026-09-01,,7.5,-0.57,51.3,⚡ TABANDA SIKIŞMA,-0.6,,,,,-2.2619047619047685,,,,,,,198.2,163.1,,,,,,,,0.7,3.1,,,,,,,,,,,,,,,,,,,,
TURGG,28.92,28.16,30.92,27.38,3472371.0,2.698863636363642,100420969.32,,1.385642785889442,11.1212233891846,,,,11.488049344641482,,,,7.262422131288952,,16.36,2026-09-01,,6.5,5.0,51.0,⚡ TABANDA SIKIŞMA,-0.7,,,,,6.794682422452008,,,,,,,30.92,25.78,,,,,,,,12.2,61.1,,,,,,,,,,,,,,,,,,,,
ULKER,90.3,89.95,92.15,89.95,5556438.0,0.3891050583657524,501746351.4,,0.6535600021278698,9.91775211995781,,,,2.3809523809523743,,,,0.543732087172054,,0.91,2026-09-01,,5.0,-0.84,50.8,⚡ TABANDA SIKIŞMA,-2.8,,,,,-1.580381471389649,,,,,,,100.6,86.2,,,,,,,,4.8,28.5,,,,,,,,,,,,,,,,,,,,
AHGAZ,38.5,38.1,38.7,37.88,6688047.0,1.3691416535018512,257489809.5,,1.6239840081865666,10.5587550611099,,,,15.824308062575202,,,,1.168546275050797,,34.34,2026-09-01,,44.5,0.31,50.8,⚡ TABANDA SIKIŞMA,8.2,,,,,14.994026284348877,,,,,,,38.84,31.54,,,,,,,,22.1,95.3,,,,,,,,,,,,,,,,,,,,
OFSYM,69.0,67.5,70.6,67.45,5680250.0,2.9082774049217046,391937250.0,,1.991965738189303,7.86971394507022,,,,33.72093023255813,,,,2.0826948180836977,,19.56,2026-09-01,,7.8,2.0,50.7,⚡ TABANDA SIKIŞMA,8.3,,,,,1.620029455080993,,,,,,,70.6,49.9,,,,,,,,38.3,92.3,,,,,,,,,,,,,,,,,,,,
TBORG,165.0,161.1,166.5,159.6,562105.0,2.484472049689441,92747325.0,,1.7830449285177288,11.9764410664178,,,,27.80790085205268,,,,1.023605916138267,,35.83,2026-09-01,,48.2,0.04,49.3,NÖTR,8.3,,,,,1.2269938650306749,,,,,,,168.0,131.5,,,,,,,,25.5,91.8,,,,,,,,,,,,,,,,,,,,
SANFM,10.42,10.13,10.67,9.4,14691936.0,0.2887391722810333,153089973.12,,5.616947873430004,2.93188510766028,,,,16.03563474387527,,,,2.151188569074143,,36.98,2026-09-01,,51.2,2.13,49.3,NÖTR,-3.0,,,,,1.9569471624266075,,,,,,,11.6,8.84,,,,,,,,17.9,57.2,,,,,,,,,,,,,,,,,,,,
FROTO,77.25,77.15,78.65,77.1,16983551.0,0.3898635477582809,1311979314.75,,1.5127861270951843,18.7548843037694,,,,0.4551365409622813,,,,0.8419921823738238,,2.58,2026-09-01,,5.0,-0.29,49.0,NÖTR,-12.7,,,,,-3.6783042394015,,,,,,,81.7,75.75,,,,,,,,2.0,25.2,,,,,,,,,,,,,,,,,,,,
METEN,20.66,20.16,20.84,19.18,49470843.0,2.4801587301587302,1022067616.38,,2.0,15.0,,,,-1.6190476190476184,,,,0.6546988676659243,,41.93,2026-09-01,,63.8,-0.64,48.3,NÖTR,0.9,,,,,-14.628099173553714,,,,,,,30.86,17.45,,,,,,,,18.4,23.9,,,,,,,,,,,,,,,,,,,,
ALKLC,427.0,425.75,429.75,425.25,629967.0,0.2935995302407516,268995909.0,,16.09669173402837,-13.8123098889037,,,,7.828282828282828,,,,0.2106924740786186,,13.78,2026-09-01,,5.5,-1.46,47.9,NÖTR,21.8,,,,,0.411522633744856,,,,,,,438.75,400.0,,,,,,,,6.7,69.7,,,,,,,,,,,,,,,,,,,,
BUCIM,5.89,5.72,6.01,5.69,13870463.0,2.9720279720279708,81697027.07,,0.4353124900687409,-2.00351514421762,,,,17.09741550695824,,,,2.0480886684409825,,27.0,2026-09-01,,25.8,1.94,47.9,NÖTR,6.6,,,,,3.697183098591549,,,,,,,6.01,4.91,,,,,,,,20.0,89.1,,,,,,,,,,,,,,,,,,,,
OYYAT,37.0,36.02,39.62,35.68,3678108.0,2.7207107162687305,136089996.0,,0.8404037026824324,21.2122050561393,,,,10.977804439112166,,,,8.556523389819175,,10.76,2026-09-01,,5.0,5.0,46.9,NÖTR,0.8,,,,,0.8174386920980848,,,,,,,39.62,32.22,,,,,,,,14.8,64.6,,,,,,,,,,,,,,,,,,,,
HATEK,13.57,12.94,14.2,12.71,5409400.0,5.112316034082108,73405558.0,,0.5037356994928863,-4.02964237086407,,,,-6.863417982155113,,,,1.856125913784468,,24.32,2026-09-01,,19.0,1.58,46.6,NÖTR,-2.3,,,,,3.984674329501912,,,,,,,14.7,11.21,,,,,,,,21.1,67.6,,,,,,,,,,,,,,,,,,,,
BORSK,6.38,6.15,6.56,6.15,13548180.0,3.90879478827362,86437388.4,,0.7846947623469507,-5.50180500365222,,,,9.43396226415094,,,,1.9121433731683244,,23.41,2026-09-01,,16.7,1.69,46.4,NÖTR,-2.4,,,,,0.3144654088050247,,,,,,,6.56,5.56,,,,,,,,14.7,82.0,,,,,,,,,,,,,,,,,,,,
MRGYO,1.61,1.63,1.66,1.58,172957040.0,0.6250000000000006,278460834.40000004,,0.2728258659255744,13.5243138138708,,,,23.84615384615385,,,,1.374632567603792,,13.0,2026-09-01,,5.2,0.69,45.4,NÖTR,-0.7,,,,,17.51824817518248,,,,,,,1.68,1.25,,,,,,,,28.8,83.7,,,,,,,,,,,,,,,,,,,,
TURSG,6.1,6.02,6.24,6.02,42437092.0,2.1775544388609696,258866261.2,,2.0663886639950406,49.9664216719778,,,,-3.020667726550086,,,,0.6360076952073332,,12.36,2026-09-01,,5.0,-0.67,45.2,NÖTR,-12.7,,,,,-1.4539579967689942,,,,,,,6.42,5.97,,,,,,,,2.2,28.9,,,,,,,,,,,,,,,,,,,,
TERA,190.0,188.1,191.2,187.3,9832834.0,1.3333333333333337,1868238460.0,,1.4406028452816049,111.595685411764,,,,10.85180863477246,,,,0.5415545637688651,,30.77,2026-09-01,,35.4,-0.85,43.6,NÖTR,0.8,,,,,5.8495821727019495,,,,,,,199.2,172.6,,,,,,,,10.1,65.4,,,,,,,,,,,,,,,,,,,,
ENKAI,88.9,87.65,89.3,87.45,13972508.0,1.7162471395881007,1242155961.2,,1.3032530603724284,10.5694649038713,,,,4.0374488004681135,,,,0.7118287157841449,,35.89,2026-09-01,,48.4,-0.53,43.4,NÖTR,8.3,,,,,6.979542719614936,,,,,,,90.35,78.5,,,,,,,,13.2,87.8,,,,,,,,,,,,,,,,,,,,
MAVI,37.08,36.92,37.56,36.92,3138173.0,0.5422993492407693,116363454.84,,1.8513229869608545,14.613450639407,,,,-5.069124423963143,,,,0.7351725533843365,,6.0,2026-09-01,,5.0,-0.49,42.5,NÖTR,-14.2,,,,,-2.9319371727748806,,,,,,,39.66,36.88,,,,,,,,0.5,7.2,,,,,,,,,,,,,,,,,,,,
GENIL,11.62,11.42,11.77,11.25,29566057.0,1.7513134851138292,343557582.34,,3.994156569562602,11.203940499913,,,,27.97356828193832,,,,0.6386713982522009,,31.85,2026-09-01,,38.1,-0.67,40.8,NÖTR,-0.6,,,,,-2.4349286314021907,,,,,,,12.66,9.13,,,,,,,,27.3,70.5,,,,,,,,,,,,,,,,,,,,
AKBNK,71.95,71.85,73.6,71.35,169645935.0,0.1391788448155999,12206025023.25,,1.1520825874285774,22.870526655457,,,,16.048387096774196,,,,1.12272890746611,,6.93,2026-09-01,,5.0,0.23,40.5,NÖTR,0.8,,,,,-0.2772002772002811,,,,,,,74.85,63.9,,,,,,,,12.6,73.5,,,,,,,,,,,,,,,,,,,,
DEVA,95.65,93.25,95.75,92.15,953183.0,2.135611318739989,91171953.95,,0.606696393204214,-2.99029527989834,,,,32.022084195997245,,,,0.6289352870000678,,46.44,2026-09-01,,75.2,-0.69,38.8,NÖTR,6.6,,,,,13.46381969157771,,,,,,,95.75,67.3,,,,,,,,42.1,99.6,,,,,,,,,,,,,,,,,,,,
BOBET,20.78,20.04,21.0,19.76,5740754.0,3.9000000000000057,119292868.12,,1.0997990934860986,-14.7450464929952,,,,14.113124656781988,,,,0.6532370351726607,,38.06,2026-09-01,,53.9,-0.64,38.0,NÖTR,-2.4,,,,,-5.459508644222017,,,,,,,21.98,17.64,,,,,,,,17.8,72.4,,,,,,,,,,,,,,,,,,,,
DAGI,10.61,10.3,10.8,10.12,6225639.0,1.8234165067178447,66054029.79,,2.303987353042088,-5.93450154384257,,,,17.367256637168147,,,,0.736207765006264,,32.35,2026-09-01,,39.4,-0.49,37.7,NÖTR,-2.3,,,,,0.9514747859181698,,,,,,,11.25,8.97,,,,,,,,18.3,71.9,,,,,,,,,,,,,,,,,,,,
IEYHO,208.5,207.8,210.0,207.0,1293621.0,0.4335260115606963,269719978.5,,54.933908053548045,-36.4314001799013,,,,26.363636363636363,,,,1.053937745194807,,20.0,2026-09-01,,8.0,0.1,37.7,NÖTR,5.8,,,,,9.679116254602842,,,,,,,210.0,166.4,,,,,,,,25.3,96.6,,,,,,,,,,,,,,,,,,,,
BIOEN,19.38,19.16,19.77,18.8,8426063.0,1.4659685863874217,163297100.94,,2.9619395354737343,-18.1089486566153,,,,11.507479861910245,,,,0.8338075953782269,,25.48,2026-09-01,,21.9,-0.31,37.7,NÖTR,-2.3,,,,,-4.343534057255688,,,,,,,20.9,16.78,,,,,,,,15.5,63.1,,,,,,,,,,,,,,,,,,,,
MANAS,33.78,33.08,34.06,32.68,22364894.0,2.054380664652568,755486119.32,,19.376154366804712,-89.1081959171501,,,,24.28256070640177,,,,0.8058028891944606,,36.64,2026-09-01,,50.3,-0.36,37.6,NÖTR,-3.2,,,,,-1.1702750146284335,,,,,,,35.06,28.28,,,,,,,,19.4,81.1,,,,,,,,,,,,,,,,,,,,
BESTE,32.0,31.3,33.4,31.3,8943724.0,0.5656819610307973,286199168.0,,1.1998410210647088,15.0,,,,11.888111888111885,,,,0.9537286770174302,,10.67,2026-09-01,,5.0,-0.09,37.3,NÖTR,0.8,,,,,-5.1570835803201005,,,,,,,36.7,26.96,,,,,,,,18.7,51.7,,,,,,,,,,,,,,,,,,,,
SOKM,56.55,55.45,56.8,55.25,3115004.0,2.075812274368229,176153476.2,,0.8378132762365931,-6.73875323563156,,,,7.509505703422044,,,,0.534543118689407,,38.97,2026-09-01,,56.2,-0.86,36.2,NÖTR,-2.3,,,,,-3.1678082191780845,,,,,,,61.1,49.12,,,,,,,,15.1,62.0,,,,,,,,,,,,,,,,,,,,
BJKAS,2.25,2.25,2.34,2.14,451664230.0,1.8099547511312235,1016244517.5,,2.7069297401347447,-38.1520835440885,,,,26.40449438202247,,,,0.7595300105540554,,22.8,2026-09-01,,15.1,-0.44,35.6,NÖTR,-2.3,,,,,-18.181818181818183,,,,,,,3.2,1.72,,,,,,,,30.8,35.8,,,,,,,,,,,,,,,,,,,,
PETKM,20.42,20.12,21.06,20.08,95529638.0,1.794616151545379,1950715207.9600005,,0.6878589195292647,-3.27338734505416,,,,8.271474019088028,,,,1.46825177759886,,11.43,2026-09-01,,5.0,0.87,33.7,NÖTR,-2.3,,,,,-1.161665053242974,,,,,,,21.08,18.2,,,,,,,,12.2,77.1,,,,,,,,,,,,,,,,,,,,
OTKAR,321.0,317.75,322.75,316.0,239615.0,1.0228166797797011,76916415.0,,6.99282875608033,-79.6834177193629,,,,3.548387096774193,,,,0.4403307419273922,,33.48,2026-09-01,,42.3,-1.04,31.0,NÖTR,-3.2,,,,,-3.386004514672686,,,,,,,339.25,270.0,,,,,,,,18.9,73.6,,,,,,,,,,,,,,,,,,,,
VBTYZ,37.94,38.02,39.0,37.6,2233577.0,0.5299417064122833,84741911.38,,3.8083345713264727,16.8468461642866,,,,27.91638570465272,,,,0.5404532687124977,,5.6,2026-09-01,,5.0,-0.85,30.2,NÖTR,0.9,,,,,-1.9638242894056976,,,,,,,39.9,29.82,,,,,,,,27.2,80.6,,,,,,,,,,,,,,,,,,,,
ARMGD,185.7,186.5,193.1,185.3,503585.0,-0.1075847229693475,93515734.5,,5.477132896421134,33.8360355788564,,,,-8.069306930693076,,,,0.5496650719792352,,5.13,2026-09-01,,5.0,-0.83,0.0,NÖTR,0.0,,,,,-4.915514592933959,,,,,,,220.7,175.8,,,,,,,,5.6,22.0,,,,,,,,,,,,,,,,,,,,
KTLEV,56.55,57.3,60.2,56.55,91999682.0,-9.952229299363058,5202582017.099999,,11.943154386654076,148.508364400309,,,,22.89978716147488,,,,0.8594719725814189,,8.0,2026-09-01,,5.0,-0.26,0.0,🚨 KURUMSAL BOŞALTIM,0.0,,,,,2.445652173913033,,,,,,,69.0,37.28,,,,,,,,51.7,60.8,,,,,,,,,,,,,,,,,,,,
ZOREN,2.31,2.32,2.39,2.3,31964273.0,-0.4310344827586115,73837470.63,,0.1822252303847555,-18.2797749155039,,,,-2.1186440677966027,,,,0.787407370772102,,1.78,2026-09-01,,5.0,-0.39,0.0,NÖTR,0.0,,,,,1.7621145374449354,,,,,,,2.47,2.22,,,,,,,,4.1,36.0,,,,,,,,,,,,,,,,,,,,
FONET,4.9,5.01,5.02,4.84,15926733.0,-1.999999999999993,78040991.7,,2.195045468798997,16.7826203184081,,,,-1.999999999999993,,,,0.6942490642028724,,10.67,2026-09-01,,5.0,-0.57,0.0,🚨 KURUMSAL BOŞALTIM,0.0,,,,,-9.090909090909078,,,,,,,5.68,4.77,,,,,,,,2.7,14.3,,,,,,,,,,,,,,,,,,,,
SAHOL,93.2,93.35,95.4,93.2,34494745.0,0.0,3214910234.0,,0.4668359631592292,5.37074515641721,,,,12.492456246228135,,,,0.8948248158974148,,8.0,2026-09-01,,5.0,-0.19,0.0,NÖTR,0.0,,,,,-0.9037745879851082,,,,,,,96.5,85.35,,,,,,,,9.2,70.4,,,,,,,,,,,,,,,,,,,,
MGROS,529.0,535.5,538.0,526.0,2438501.0,-0.8434864104967198,1289967029.0,,1.013944982770219,7.44412204961646,,,,-15.156375300721733,,,,0.7541090110593435,,6.0,2026-09-01,,5.0,-0.45,0.0,NÖTR,0.0,,,,,-6.5371024734982335,,,,,,,671.0,526.0,,,,,,,,0.6,2.1,,,,,,,,,,,,,,,,,,,,
SOKE,11.81,11.61,12.3,11.51,6954311.0,-7.589984350547723,82130412.91,,1.059012365605861,-6.46062039460925,,,,-28.46759539672926,,,,2.102026738917859,,13.27,2026-09-01,,5.3,2.04,0.0,🪤 DÜŞEN BIÇAK (SERBEST DÜŞÜŞ),0.0,,,,,-17.06460674157303,,,,,,,16.45,11.51,,,,,,,,2.6,6.1,,,,,,,,,,,,,,,,,,,,
NIBAS,4.46,4.2,4.46,4.1,18407566.0,9.852216748768484,82097744.36,,5.612110077890048,-107.212572449551,,,,20.540540540540533,,,,0.5534276939576721,,48.0,2026-09-01,,79.2,-0.83,0.0,🪤 DÜŞEN BIÇAK (SERBEST DÜŞÜŞ),-39.1,,,,,18.933333333333334,,,,,,,4.97,3.3,,,,,,,,35.2,69.5,,,,,,,,,,,,,,,,,,,,
YIGIT,21.62,21.88,22.3,21.4,3631124.0,-0.2767527675276693,78504900.88000001,,0.7965009954420397,1.60992456628032,,,,5.566406250000003,,,,0.9878441105186516,,5.69,2026-09-01,,5.0,-0.02,0.0,NÖTR,0.0,,,,,2.077431539187919,,,,,,,23.04,20.56,,,,,,,,5.2,42.7,,,,,,,,,,,,,,,,,,,,
ALGYO,3.62,3.68,3.69,3.57,21753770.0,-1.362397820163483,78748647.4,,0.41762275744078,-12.9835666063568,,,,8.059701492537313,,,,0.8158623102094028,,15.33,2026-09-01,,6.1,-0.34,0.0,NÖTR,0.0,,,,,-2.425876010781668,,,,,,,3.89,3.23,,,,,,,,12.1,59.1,,,,,,,,,,,,,,,,,,,,
SNGYO,3.37,3.44,3.53,3.34,23271701.0,-0.8823529411764649,78425632.37,,0.2202142285836761,-0.248871296514052,,,,9.061488673139166,,,,1.2749494073282746,,0.84,2026-09-01,,5.0,0.51,0.0,NÖTR,0.0,,,,,-1.1730205278592385,,,,,,,3.72,3.1,,,,,,,,8.7,43.5,,,,,,,,,,,,,,,,,,,,
ASTOR,316.75,329.25,342.25,316.25,35357027.0,-2.762854950115119,11199338302.25,,7.217894270780756,29.0855151100452,,,,9.13006029285099,,,,0.9315396546632826,,6.92,2026-09-01,,5.0,-0.13,0.0,🚨 KURUMSAL BOŞALTIM,0.0,,,,,-7.17948717948718,,,,,,,357.75,287.25,,,,,,,,10.3,41.8,,,,,,,,,,,,,,,,,,,,
USHOL,85.45,84.35,90.8,82.6,996653.0,0.0,85163998.85000001,,8.693767753803078,27.8560193849719,,,,0.0,,,,1.0,,11.46,2026-09-01,,5.0,0.0,0.0,NÖTR,0.0,,,,,0.0,,,,,,,90.8,82.6,,,,,,,,3.5,34.8,,,,,,,,,,,,,,,,,,,,
PNSUT,11.26,11.82,12.02,11.12,7542638.0,-4.49533502968617,84930103.88,,0.2870648233671786,-8.96119067597258,,,,5.827067669172925,,,,1.4895302209340209,,0.71,2026-09-01,,5.0,0.91,0.0,🚨 KURUMSAL BOŞALTIM,0.0,,,,,5.430711610486892,,,,,,,12.15,9.99,,,,,,,,12.7,58.8,,,,,,,,,,,,,,,,,,,,
LMKDC,23.0,23.4,23.5,22.94,3604586.0,-1.709401709401703,82905478.0,,1.4109979313543373,24.3785937418548,,,,0.8771929824561372,,,,0.8244518086650483,,2.0,2026-09-01,,5.0,-0.32,0.0,🚨 KURUMSAL BOŞALTIM,0.0,,,,,-6.882591093117407,,,,,,,25.84,22.86,,,,,,,,0.6,4.7,,,,,,,,,,,,,,,,,,,,
KARTN,157.2,162.5,164.7,154.4,591565.0,-5.072463768115946,92994018.0,,4.03816839778733,-18.3734765991418,,,,-28.54545454545455,,,,0.953554966846857,,7.22,2026-09-01,,5.0,-0.09,0.0,🪤 DÜŞEN BIÇAK (SERBEST DÜŞÜŞ),0.0,,,,,-8.816705336426924,,,,,,,211.9,154.4,,,,,,,,1.8,4.9,,,,,,,,,,,,,,,,,,,,
SARKY,24.54,25.06,25.2,24.54,3783491.0,-2.075019952114922,92846869.14,,1.8306943434230405,2.28295128804234,,,,4.425531914893614,,,,0.48501140692882,,8.0,2026-09-01,,5.0,-0.95,0.0,🚨 KURUMSAL BOŞALTIM,0.0,,,,,-5.250965250965249,,,,,,,27.5,23.6,,,,,,,,4.0,24.1,,,,,,,,,,,,,,,,,,,,
KLYPV,61.6,61.5,62.55,60.8,1453331.0,-0.964630225080388,89525189.60000001,,1.393638988227144,4.51466486064799,,,,6.20689655172414,,,,0.3772969633707058,,17.6,2026-09-01,,7.0,-1.15,0.0,NÖTR,0.0,,,,,-8.740740740740739,,,,,,,71.5,57.3,,,,,,,,7.5,30.3,,,,,,,,,,,,,,,,,,,,
RUBNS,32.9,31.72,33.58,31.72,2667137.0,2.812499999999996,87748807.3,,0.497828845837538,-0.61429113510575,,,,50.77910174152153,,,,0.8637486007311336,,27.53,2026-09-01,,27.1,-0.25,0.0,🪤 DÜŞEN BIÇAK (SERBEST DÜŞÜŞ),-41.3,,,,,0.243753808653255,,,,,,,37.5,22.62,,,,,,,,45.4,69.1,,,,,,,,,,,,,,,,,,,,
GEREL,36.98,38.36,38.5,36.98,2624003.0,-3.446475195822455,97035630.94,,3.3497711865327964,25.9052982329303,,,,-10.891566265060248,,,,0.4077105813811057,,8.0,2026-09-01,,5.0,-1.1,0.0,🚨 KURUMSAL BOŞALTIM,0.0,,,,,-5.179487179487188,,,,,,,47.0,36.22,,,,,,,,2.1,7.1,,,,,,,,,,,,,,,,,,,,
SAFKR,16.83,17.96,17.99,16.75,4604280.0,-6.239554317548753,77490032.39999999,,2.4279793239455314,11.8043937127077,,,,-11.69989506820567,,,,1.3549998085634694,,4.39,2026-09-01,,5.0,0.66,0.0,🪤 DÜŞEN BIÇAK (SERBEST DÜŞÜŞ),0.0,,,,,-11.79245283018868,,,,,,,22.0,16.75,,,,,,,,0.5,1.5,,,,,,,,,,,,,,,,,,,,
KAREL,8.53,8.58,8.82,8.45,8825854.0,-0.3504672897196394,75284534.61999999,,6.066985782057938,-52.9035629797942,,,,-4.479283314669657,,,,0.7568059079376414,,4.11,2026-09-01,,5.0,-0.45,0.0,NÖTR,0.0,,,,,-2.847380410022779,,,,,,,10.25,8.45,,,,,,,,0.9,4.4,,,,,,,,,,,,,,,,,,,,
EGGUB,108.4,113.7,113.7,107.8,692253.0,-3.214285714285709,75040225.2,,1.0630002180915576,8.18761189188483,,,,17.189189189189193,,,,0.7217110812013975,,2.31,2026-09-01,,5.0,-0.51,0.0,🚨 KURUMSAL BOŞALTIM,0.0,,,,,1.498127340823978,,,,,,,114.9,92.85,,,,,,,,16.7,70.5,,,,,,,,,,,,,,,,,,,,
PRKME,18.63,19.52,19.55,18.57,4018756.0,-4.559426229508199,74869424.28,,0.5312621997106717,-12.9422148602144,,,,7.812499999999987,,,,0.927158221555036,,4.57,2026-09-01,,5.0,-0.13,0.0,🚨 KURUMSAL BOŞALTIM,0.0,,,,,3.3851276359600413,,,,,,,20.22,17.19,,,,,,,,8.4,47.5,,,,,,,,,,,,,,,,,,,,
TUPRS,402.75,404.0,417.25,400.0,29832344.0,0.6246096189881324,12014976546.0,,1.7012724419589418,18.2096828624145,,,,39.84375,,,,0.9687369662672224,,0.93,2026-09-01,,5.0,-0.06,0.0,🪤 DÜŞEN BIÇAK (SERBEST DÜŞÜŞ),-27.9,,,,,1.066499372647428,,,,,,,417.25,283.0,,,,,,,,42.3,89.2,,,,,,,,,,,,,,,,,,,,
CWENE,34.52,37.5,37.5,34.4,49237612.0,-7.946666666666659,1699682366.2400002,,2.0997822357936227,20.1700277435031,,,,-4.903581267217615,,,,0.5783490538262129,,5.83,2026-09-01,,5.0,-0.78,0.0,🚨 KURUMSAL BOŞALTIM,0.0,,,,,-2.9246344206974104,,,,,,,48.3,33.1,,,,,,,,4.3,9.3,,,,,,,,,,,,,,,,,,,,
ANELE,193.0,190.5,195.9,182.5,8424457.0,1.3123359580052494,1625920201.0,,22.461135253275486,-44.3171372931416,,,,67.82608695652173,,,,0.9684168061458772,,35.88,2026-09-01,,48.4,-0.06,0.0,🪤 DÜŞEN BIÇAK (SERBEST DÜŞÜŞ),-34.6,,,,,32.82863041982105,,,,,,,197.5,108.5,,,,,,,,77.9,94.9,,,,,,,,,,,,,,,,,,,,
GUBRF,471.0,481.75,484.5,466.25,3423715.0,-2.2314478463933574,1612569765.0,,4.416742435836267,23.5062247678353,,,,16.296296296296298,,,,0.7575674264029136,,6.58,2026-09-01,,5.0,-0.45,0.0,🚨 KURUMSAL BOŞALTIM,0.0,,,,,-4.122137404580153,,,,,,,508.0,392.5,,,,,,,,20.0,68.0,,,,,,,,,,,,,,,,,,,,
CRFSA,317.5,290.75,317.5,282.0,4826721.0,9.956709956709958,1532483917.5,,2.0,15.0,,,,87.64775413711585,,,,1.2808127981902957,,48.0,2026-09-01,,79.2,0.52,0.0,🪤 DÜŞEN BIÇAK (SERBEST DÜŞÜŞ),-49.8,,,,,20.03780718336484,,,,,,,338.25,164.3,,,,,,,,93.2,88.1,,,,,,,,,,,,,,,,,,,,
ALTIN,73.05,74.48,74.86,72.74,18607299.0,-1.919978517722888,1359263191.95,,2.0,15.0,,,,7.775154912953667,,,,0.8934311795768343,,0.19,2026-09-01,,5.0,-0.2,0.0,🚨 KURUMSAL BOŞALTIM,0.0,,,,,-8.801498127340821,,,,,,,80.25,67.47,,,,,,,,8.3,43.7,,,,,,,,,,,,,,,,,,,,
BIGEN,186.0,183.7,190.0,182.6,6938372.0,1.196953210010875,1290537192.0,,29.994871844491104,-1.65985398922569,,,,100.0,,,,1.3513395286987664,,17.73,2026-09-01,,7.1,0.65,0.0,🪤 DÜŞEN BIÇAK (SERBEST DÜŞÜŞ),-33.5,,,,,23.178807947019862,,,,,,,195.9,99.25,,,,,,,,87.4,89.8,,,,,,,,,,,,,,,,,,,,
SISE,39.56,39.66,40.22,39.42,49808362.0,-0.1514386673397152,1970418800.72,,0.4383383386932642,4.44658990245265,,,,-4.444444444444436,,,,0.8722063804613048,,1.8,2026-09-01,,5.0,-0.24,0.0,NÖTR,0.0,,,,,-0.3526448362720417,,,,,,,42.88,37.98,,,,,,,,4.2,32.2,,,,,,,,,,,,,,,,,,,,
KRDMA,63.05,70.0,71.15,60.75,28740520.0,-5.401350337584408,1812089786.0,,0.6634172374632819,5.44820350665331,,,,48.70283018867924,,,,1.9897931688271704,,4.38,2026-09-01,,5.0,1.83,0.0,🪤 DÜŞEN BIÇAK (SERBEST DÜŞÜŞ),0.0,,,,,16.759259259259256,,,,,,,71.15,38.78,,,,,,,,62.6,75.0,,,,,,,,,,,,,,,,,,,,
TAVHL,260.25,266.0,270.5,257.0,6748195.0,-1.7924528301886793,1756217748.75,,1.153106948642411,6.95027383463448,,,,-2.89179104477612,,,,1.82370448971288,,5.48,2026-09-01,,5.0,1.52,0.0,🚨 KURUMSAL BOŞALTIM,0.0,,,,,-5.9620596205962055,,,,,,,293.0,257.0,,,,,,,,1.3,9.0,,,,,,,,,,,,,,,,,,,,
KRDMD,44.4,47.4,47.42,44.2,67566295.0,-6.289573659772064,2999943498.0,,0.4671804178171247,5.44820350665331,,,,7.819329771733849,,,,1.0001632515208876,,4.52,2026-09-01,,5.0,0.0,0.0,🚨 KURUMSAL BOŞALTIM,0.0,,,,,-1.7699115044247882,,,,,,,47.96,38.7,,,,,,,,14.7,61.6,,,,,,,,,,,,,,,,,,,,
EKGYO,19.75,20.1,20.46,19.69,130966094.0,-1.25,2586580356.5,,0.4696695714045189,-1.37263805388322,,,,10.458612975391508,,,,0.9967788515472056,,3.64,2026-09-01,,5.0,-0.01,0.0,NÖTR,0.0,,,,,-4.033041788143821,,,,,,,21.08,17.47,,,,,,,,13.1,63.2,,,,,,,,,,,,,,,,,,,,
PASEU,217.1,218.0,233.3,217.1,11482822.0,-9.991708126036482,2492920656.2,,34.96621757652383,32.7765547120615,,,,45.21739130434782,,,,0.8608877797128331,,8.0,2026-09-01,,5.0,-0.26,0.0,🪤 DÜŞEN BIÇAK (SERBEST DÜŞÜŞ),0.0,,,,,-0.3213957759412383,,,,,,,268.0,134.9,,,,,,,,60.9,61.8,,,,,,,,,,,,,,,,,,,,
SARAE,85.4,88.4,89.05,82.1,25732589.0,-3.3389926428975536,2197563100.6000004,,2.0,15.0,,,,9.487179487179494,,,,0.6341541776574844,,18.59,2026-09-01,,7.4,-0.68,0.0,🚨 KURUMSAL BOŞALTIM,0.0,,,,,-3.284258210645517,,,,,,,98.5,71.45,,,,,,,,19.5,51.6,,,,,,,,,,,,,,,,,,,,
LIDER,31.24,32.0,34.2,29.3,69952337.0,-3.995082974800248,2185311007.88,,2.290732359747638,2.85909372586912,,,,-66.94179894179895,,,,2.0000224784151603,,14.17,2026-09-01,,5.7,1.85,0.0,🪤 DÜŞEN BIÇAK (SERBEST DÜŞÜŞ),0.0,,,,,-10.64073226544623,,,,,,,99.0,29.3,,,,,,,,6.6,2.8,,,,,,,,,,,,,,,,,,,,
TKNKA,172.8,164.0,172.8,161.0,12247133.0,9.993634627625728,2116304582.4,,6.257591131602791,15.0,,,,84.02555910543131,,,,1.0,,48.0,2026-09-01,,79.2,0.0,0.0,🪤 DÜŞEN BIÇAK (SERBEST DÜŞÜŞ),-41.6,,,,,38.46153846153848,,,,,,,182.4,93.9,,,,,,,,84.0,89.2,,,,,,,,,,,,,,,,,,,,
SELEC,338.0,334.5,340.0,329.0,6089083.0,1.3493253373313343,2058110054.0,,5.655677028045465,6.37484548994022,,,,58.68544600938967,,,,0.8735694150831661,,37.82,2026-09-01,,53.3,-0.23,0.0,🪤 DÜŞEN BIÇAK (SERBEST DÜŞÜŞ),-34.3,,,,,15.753424657534246,,,,,,,341.75,207.5,,,,,,,,62.9,97.2,,,,,,,,,,,,,,,,,,,,
MAGEN,32.98,34.9,35.2,32.98,19235729.0,-5.120828538550061,634394342.42,,6.113214961620947,-7.00912138236529,,,,-13.48373557187828,,,,1.08889236586597,,8.0,2026-09-01,,5.0,0.16,0.0,🚨 KURUMSAL BOŞALTIM,0.0,,,,,-4.956772334293965,,,,,,,37.94,31.52,,,,,,,,4.6,22.7,,,,,,,,,,,,,,,,,,,,
TCKRC,144.4,139.9,147.3,139.4,4286773.0,-2.1680216802167944,619010021.2,,3.373983131953583,34.2345615681693,,,,2.4113475177305004,,,,1.6741178031333943,,27.44,2026-09-01,,26.9,1.25,0.0,🚨 KURUMSAL BOŞALTIM,0.0,,,,,-16.53179190751445,,,,,,,177.2,136.3,,,,,,,,5.9,19.8,,,,,,,,,,,,,,,,,,,,
BETAE,86.75,89.25,90.0,85.85,7110845.0,-2.801120448179272,616865803.75,,2.0,15.0,,,,8.573216520650806,,,,0.4809559640688371,,4.14,2026-09-01,,5.0,-0.96,0.0,🚨 KURUMSAL BOŞALTIM,0.0,,,,,-14.783889980353631,,,,,,,119.0,76.65,,,,,,,,13.2,23.8,,,,,,,,,,,,,,,,,,,,
SMRTG,10.2,10.23,10.56,9.98,59422263.0,-1.0669253152279456,606107082.5999999,,3.491751592683753,4.03965078967363,,,,-7.9422382671480225,,,,2.8739660143874777,,13.24,2026-09-01,,5.3,3.47,0.0,NÖTR,0.0,,,,,-0.4878048780487874,,,,,,,11.29,9.48,,,,,,,,7.6,39.8,,,,,,,,,,,,,,,,,,,,
KBORU,19.46,21.04,21.54,19.46,29748596.0,-9.990749306197964,578907678.16,,2.056349904949294,5.83779784694285,,,,-24.57364341085272,,,,1.936041695624601,,8.0,2026-09-01,,5.0,1.73,0.0,🪤 DÜŞEN BIÇAK (SERBEST DÜŞÜŞ),0.0,,,,,-10.651974288337923,,,,,,,25.06,19.46,,,,,,,,0.0,0.0,,,,,,,,,,,,,,,,,,,,
EMPAE,63.0,65.8,66.85,62.65,4540352.0,-3.963414634146333,286042176.0,,5.643366133532791,15.0,,,,28.676470588235293,,,,0.4599965482670948,,3.33,2026-09-01,,5.0,-1.0,0.0,🚨 KURUMSAL BOŞALTIM,0.0,,,,,-11.01694915254237,,,,,,,89.5,52.05,,,,,,,,21.0,29.2,,,,,,,,,,,,,,,,,,,,
ALTNY,17.4,17.73,17.73,17.13,16062517.0,-1.9165727170236744,279487795.79999995,,3.235788565392683,0.613912372658328,,,,13.133940182054602,,,,0.4340989107584093,,17.2,2026-09-01,,6.9,-1.05,0.0,🚨 KURUMSAL BOŞALTIM,0.0,,,,,-8.421052631578954,,,,,,,19.73,15.18,,,,,,,,14.6,48.8,,,,,,,,,,,,,,,,,,,,
MOGAN,17.18,19.25,19.28,17.18,16123395.0,-9.958071278825988,276999926.1,,0.4778388998691089,-11.8424300895078,,,,4.247572815533976,,,,1.0409019042001968,,8.0,2026-09-01,,5.0,0.08,0.0,🚨 KURUMSAL BOŞALTIM,0.0,,,,,-16.844143272023235,,,,,,,21.86,17.08,,,,,,,,0.6,2.1,,,,,,,,,,,,,,,,,,,,
BAHKM,161.6,161.2,168.5,154.6,1637822.0,0.2481389578163807,264672035.2,,6.324377972379375,-17.7412000058965,,,,35.798319327731086,,,,0.9863394008631708,,20.2,2026-09-01,,8.5,-0.03,0.0,🪤 DÜŞEN BIÇAK (SERBEST DÜŞÜŞ),-39.5,,,,,24.884080370942804,,,,,,,173.0,112.7,,,,,,,,43.4,81.1,,,,,,,,,,,,,,,,,,,,
ATATP,297.0,298.0,305.25,288.0,1048938.0,-0.7518796992481203,311534586.0,,4.339391874408356,46.0081011020881,,,,30.49209138840071,,,,0.5889778272396171,,21.22,2026-09-01,,11.1,-0.76,0.0,NÖTR,0.0,,,,,-6.896551724137931,,,,,,,368.5,238.3,,,,,,,,24.6,45.1,,,,,,,,,,,,,,,,,,,,
DUNYH,138.1,146.9,146.9,131.9,2236542.0,-4.758620689655176,308866450.2,,2.940479457844575,46.43083034837,,,,-2.1954674220963133,,,,2.536995597972756,,15.15,2026-09-01,,6.1,2.84,0.0,🚨 KURUMSAL BOŞALTIM,0.0,,,,,-13.416927899686524,,,,,,,171.0,131.9,,,,,,,,4.7,15.9,,,,,,,,,,,,,,,,,,,,
CATES,72.2,72.9,73.0,69.3,4269381.0,3.0692362598144265,308249308.2,,0.8067845890734325,15.0371644035297,,,,57.22996515679442,,,,1.190295150962878,,35.89,2026-09-01,,48.4,0.35,0.0,🪤 DÜŞEN BIÇAK (SERBEST DÜŞÜŞ),-46.3,,,,,14.240506329113924,,,,,,,73.0,45.5,,,,,,,,58.7,97.1,,,,,,,,,,,,,,,,,,,,
QUICK,65.05,67.7,67.8,64.65,4727350.0,-3.9143279172821352,307514117.5,,1.25203780942464,15.0,,,,-15.078328981723237,,,,0.6324182658571689,,0.89,2026-09-01,,5.0,-0.68,0.0,🚨 KURUMSAL BOŞALTIM,0.0,,,,,-8.63764044943821,,,,,,,84.25,64.65,,,,,,,,0.6,2.0,,,,,,,,,,,,,,,,,,,,
OBAMS,5.5,5.79,5.83,5.5,53900041.0,-5.660377358490567,296450225.5,,1.2254983879125751,-14.3548373047789,,,,15.789473684210526,,,,0.8299509879361032,,8.0,2026-09-01,,5.0,-0.31,0.0,🚨 KURUMSAL BOŞALTIM,0.0,,,,,2.6119402985074567,,,,,,,5.92,4.69,,,,,,,,17.3,65.9,,,,,,,,,,,,,,,,,,,,
FENER,3.09,3.13,3.15,3.09,93864874.0,-1.2779552715654965,290042460.66,,2.8405173602493035,-152.902143571936,,,,4.040404040404029,,,,0.4839907015085577,,8.0,2026-09-01,,5.0,-0.95,0.0,NÖTR,0.0,,,,,-1.5923566878980977,,,,,,,3.52,2.95,,,,,,,,4.7,24.6,,,,,,,,,,,,,,,,,,,,
NETCD,118.8,121.5,125.0,115.9,2953259.0,-2.061005770816158,350847169.2,,4.568529675638239,15.0,,,,-2.141680395387157,,,,0.8240828173849761,,9.85,2026-09-01,,5.0,-0.33,0.0,🚨 KURUMSAL BOŞALTIM,0.0,,,,,-7.5486381322957214,,,,,,,153.5,115.9,,,,,,,,2.5,7.7,,,,,,,,,,,,,,,,,,,,
MEGMT,45.0,44.26,45.5,43.92,7703024.0,1.671938544961595,346636080.0,,2.3658721367032465,26.7210478100631,,,,-37.150837988826815,,,,0.6669410441278872,,30.28,2026-09-01,,34.1,-0.62,0.0,🪤 DÜŞEN BIÇAK (SERBEST DÜŞÜŞ),-58.2,,,,,-13.710450623202298,,,,,,,73.9,43.92,,,,,,,,2.5,3.6,,,,,,,,,,,,,,,,,,,,
YEOTK,33.5,34.32,34.4,33.0,10224133.0,-2.2753792298716484,342508455.5,,5.050048239266763,58.2232370664055,,,,-14.584395716471183,,,,0.5399804448710243,,12.0,2026-09-01,,5.0,-0.85,0.0,🚨 KURUMSAL BOŞALTIM,0.0,,,,,-3.179190751445091,,,,,,,43.38,33.0,,,,,,,,1.5,4.8,,,,,,,,,,,,,,,,,,,,
BALSU,9.6,9.9,9.93,9.55,35468553.0,-3.420523138832997,340498108.8,,2.426613887814607,15.0,,,,-37.09043250327654,,,,0.5709850100435725,,0.63,2026-09-01,,5.0,-0.79,0.0,🪤 DÜŞEN BIÇAK (SERBEST DÜŞÜŞ),0.0,,,,,-11.028730305838735,,,,,,,15.26,9.55,,,,,,,,0.5,0.9,,,,,,,,,,,,,,,,,,,,
IZFAS,55.0,58.0,59.0,52.65,6093635.0,-5.902480752780159,335149925.0,,22.206789624987888,-7.18972640166338,,,,-15.2542372881356,,,,0.9765814278825056,,12.72,2026-09-01,,5.1,-0.04,0.0,🚨 KURUMSAL BOŞALTIM,0.0,,,,,8.588351431391908,,,,,,,71.7,48.7,,,,,,,,12.9,27.4,,,,,,,,,,,,,,,,,,,,
GIPTA,76.4,79.9,80.45,76.4,4285770.0,-9.958750736593975,327432828.0,,2.8092190922471807,-8.22628559567446,,,,31.046312178387662,,,,0.4243577845350595,,8.0,2026-09-01,,5.0,-1.06,0.0,🚨 KURUMSAL BOŞALTIM,0.0,,,,,-25.024533856722275,,,,,,,103.2,56.95,,,,,,,,34.2,42.1,,,,,,,,,,,,,,,,,,,,
MIATK,27.44,28.28,29.16,27.26,11698413.0,-2.9016277423920744,321004452.72,,2.250419903422213,-25.9314338186004,,,,-11.254851228978008,,,,1.0493862692968297,,2.69,2026-09-01,,5.0,0.09,0.0,🚨 KURUMSAL BOŞALTIM,0.0,,,,,-8.042895442359244,,,,,,,33.64,27.26,,,,,,,,0.7,2.8,,,,,,,,,,,,,,,,,,,,
ODINE,1812.0,2013.0,2074.0,1812.0,677839.0,-9.985096870342772,1228244268.0,,89.12169390239404,15.0,,,,-13.755354593050928,,,,0.8599676864609824,,8.0,2026-09-01,,5.0,-0.26,0.0,🚨 KURUMSAL BOŞALTIM,0.0,,,,,6.588235294117647,,,,,,,3512.5,1673.0,,,,,,,,8.3,7.6,,,,,,,,,,,,,,,,,,,,
TRHOL,3350.0,3130.0,3355.0,3115.0,364620.0,6.85805422647528,1221477000.0,,21.24799967525445,196.206662435691,,,,81.08108108108108,,,,0.6539655562357142,,46.83,2026-09-01,,76.2,-0.64,0.0,🪤 DÜŞEN BIÇAK (SERBEST DÜŞÜŞ),-34.5,,,,,31.50147203140334,,,,,,,3355.0,1785.0,,,,,,,,87.7,99.7,,,,,,,,,,,,,,,,,,,,
DAPGM,7.76,8.08,8.11,7.3,146956139.0,-4.315659679408134,1140379638.64,,1.1615723138640242,5.19977862396511,,,,-11.717861205915808,,,,1.5894103153570671,,23.8,2026-09-01,,17.7,1.09,0.0,🚨 KURUMSAL BOŞALTIM,0.0,,,,,-9.87224157955865,,,,,,,9.4,7.3,,,,,,,,6.3,21.9,,,,,,,,,,,,,,,,,,,,
RYSAS,30.02,28.7,30.04,28.3,37894426.0,4.236111111111107,1137590668.52,,2.084371931939216,12.8310900116321,,,,33.422222222222224,,,,2.043935003899609,,47.36,2026-09-01,,77.6,1.93,0.0,🪤 DÜŞEN BIÇAK (SERBEST DÜŞÜŞ),-49.6,,,,,24.979184013322232,,,,,,,30.04,22.0,,,,,,,,36.5,99.8,,,,,,,,,,,,,,,,,,,,
TEHOL,36.5,36.04,36.82,35.9,31148580.0,1.3888888888888888,1136923170.0,,6.8993544850529736,43.0660429103605,,,,-21.50537634408602,,,,0.359414077714045,,28.52,2026-09-01,,29.7,-1.19,0.0,🪤 DÜŞEN BIÇAK (SERBEST DÜŞÜŞ),-35.2,,,,,-12.217412217412214,,,,,,,52.5,30.34,,,,,,,,20.3,27.8,,,,,,,,,,,,,,,,,,,,
GESAN,82.9,92.4,93.2,82.9,13322409.0,-9.989142236699228,1104427706.1,,2.213816189165119,11.7816297467189,,,,9.946949602122016,,,,0.9504639965417352,,8.0,2026-09-01,,5.0,-0.09,0.0,🚨 KURUMSAL BOŞALTIM,0.0,,,,,-7.426018983807919,,,,,,,97.2,74.85,,,,,,,,10.8,36.0,,,,,,,,,,,,,,,,,,,,
ALBTN,31.7,36.5,36.7,30.96,34584132.0,-7.848837209302324,1096316984.4,,0.8778692755723043,15.0,,,,-4.919016196760659,,,,1.2533667386331415,,0.78,2026-09-01,,5.0,0.47,0.0,🚨 KURUMSAL BOŞALTIM,0.0,,,,,-13.15068493150685,,,,,,,36.7,25.3,,,,,,,,25.3,56.1,,,,,,,,,,,,,,,,,,,,
ECILC,75.05,77.85,78.7,75.05,5624378.0,-3.472668810289393,422109568.9,,0.7473609346024827,-2.74395274155412,,,,12.182361733931224,,,,0.9718911978719876,,8.0,2026-09-01,,5.0,-0.05,0.0,🚨 KURUMSAL BOŞALTIM,0.0,,,,,-5.359394703656999,,,,,,,80.85,66.5,,,,,,,,12.9,59.6,,,,,,,,,,,,,,,,,,,,
CEMZY,14.85,15.0,15.19,14.5,27988996.0,-3.94566623544632,415636590.6,,7.761743230035071,-10.5562382232943,,,,21.72131147540984,,,,0.2449163577048428,,20.41,2026-09-01,,9.0,-1.4,0.0,🚨 KURUMSAL BOŞALTIM,0.0,,,,,-13.662790697674415,,,,,,,18.63,11.94,,,,,,,,24.4,43.5,,,,,,,,,,,,,,,,,,,,
MPARK,413.5,418.75,422.25,410.75,999628.0,-1.7814726840855106,413346178.0,,1.8021435527845888,16.9199976935728,,,,3.310430980637102,,,,1.9737835339805672,,5.39,2026-09-01,,5.0,1.8,0.0,🚨 KURUMSAL BOŞALTIM,0.0,,,,,-7.130825379000561,,,,,,,449.0,398.0,,,,,,,,3.9,30.4,,,,,,,,,,,,,,,,,,,,
PATEK,19.6,20.7,21.46,19.37,21082965.0,-5.405405405405393,413226114.00000006,,3.488382440621858,-16.4083014952765,,,,4.255319148936174,,,,1.002884189930474,,1.84,2026-09-01,,5.0,0.01,0.0,🚨 KURUMSAL BOŞALTIM,0.0,,,,,-12.028725314183124,,,,,,,23.5,18.7,,,,,,,,4.8,18.8,,,,,,,,,,,,,,,,,,,,
CIMSA,43.8,44.86,45.28,43.66,9377415.0,-1.9695613249776245,410730777.0,,1.1074085123812316,12.0224419124516,,,,-5.235828645607966,,,,1.0454015165822703,,3.16,2026-09-01,,5.0,0.08,0.0,🪤 DÜŞEN BIÇAK (SERBEST DÜŞÜŞ),0.0,,,,,-4.78260869565218,,,,,,,47.48,43.66,,,,,,,,0.3,3.7,,,,,,,,,,,,,,,,,,,,
ARDYZ,82.35,86.5,87.75,80.9,4829827.0,-4.797687861271683,397736253.45,,3.864649508905588,24.268344789997,,,,20.218978102189773,,,,0.9042044560754222,,3.85,2026-09-01,,5.0,-0.18,0.0,🚨 KURUMSAL BOŞALTIM,0.0,,,,,-9.455744914788356,,,,,,,97.9,73.3,,,,,,,,12.3,36.8,,,,,,,,,,,,,,,,,,,,
AKFIS,17.0,17.8,18.5,16.02,23087282.0,-4.494382022471914,392483794.0,,1.7117063597946356,4.59804438160996,,,,10.270049730170811,,,,0.8352799172170178,,14.13,2026-09-01,,5.7,-0.3,0.0,🚨 KURUMSAL BOŞALTIM,0.0,,,,,-4.333145751266176,,,,,,,19.52,14.2333618,,,,,,,,19.4,52.3,,,,,,,,,,,,,,,,,,,,
PSGYO,3.16,3.21,3.26,2.99,154757702.0,-1.5576323987538885,489034338.32,,0.5120020739324513,7.94952628156929,,,,-10.98591549295774,,,,1.2815248830332773,,27.26,2026-09-01,,26.5,0.52,0.0,🚨 KURUMSAL BOŞALTIM,0.0,,,,,-9.19540229885057,,,,,,,4.05,2.99,,,,,,,,5.7,16.0,,,,,,,,,,,,,,,,,,,,
EUPWR,92.35,101.8,101.9,92.35,5034966.0,-9.990253411306044,464979110.1,,4.652592176491184,8.39945726669861,,,,7.5087310826542355,,,,0.2873539254848741,,8.0,2026-09-01,,5.0,-1.32,0.0,🚨 KURUMSAL BOŞALTIM,0.0,,,,,-1.2299465240641771,,,,,,,109.3,85.1,,,,,,,,8.5,30.0,,,,,,,,,,,,,,,,,,,,
RALYH,258.5,270.0,271.25,257.5,1765509.0,-4.700460829493087,456384076.5,,10.21224078290949,39.0893651880271,,,,10.23454157782516,,,,0.7598765042346908,,3.93,2026-09-01,,5.0,-0.44,0.0,🚨 KURUMSAL BOŞALTIM,0.0,,,,,-3.544776119402985,,,,,,,281.0,224.7,,,,,,,,15.0,60.0,,,,,,,,,,,,,,,,,,,,
ORZAX,88.75,88.85,90.5,86.75,5090801.0,0.0,451808588.75,,2.0,15.0,,,,-12.819253438113948,,,,0.6871556663470343,,21.87,2026-09-01,,12.7,-0.58,0.0,NÖTR,0.0,,,,,-15.152963671128104,,,,,,,122.3,86.75,,,,,,,,2.3,5.6,,,,,,,,,,,,,,,,,,,,
OZATD,4820.0,4827.5,5052.5,4790.0,89802.0,-0.3102378490175801,432845640.0,,76.14961028620088,-11.2630487426031,,,,27.176781002638524,,,,0.1277936630839225,,1.6,2026-09-01,,5.0,-1.61,0.0,NÖTR,0.0,,,,,8.865047995482778,,,,,,,5052.5,3812.5,,,,,,,,26.4,81.2,,,,,,,,,,,,,,,,,,,,
BRLSM,22.04,24.44,25.2,22.04,19555423.0,-9.967320261437914,431001522.92,,3.057319186065061,-19.104292566848,,,,45.0,,,,1.1262459239979832,,8.0,2026-09-01,,5.0,0.23,0.0,🪤 DÜŞEN BIÇAK (SERBEST DÜŞÜŞ),0.0,,,,,11.088709677419352,,,,,,,27.2,15.06,,,,,,,,46.3,57.5,,,,,,,,,,,,,,,,,,,,
RGYAS,203.4,214.9,215.0,203.0,2806990.0,-5.571030640668524,570941766.0,,0.410696947267784,14.6679746676783,,,,1.1940298507462714,,,,1.160970281784663,,6.13,2026-09-01,,5.0,0.3,0.0,🚨 KURUMSAL BOŞALTIM,0.0,,,,,-2.586206896551727,,,,,,,216.1,195.6,,,,,,,,4.0,38.0,,,,,,,,,,,,,,,,,,,,
AYGAZ,331.5,335.0,346.5,328.75,1589856.0,-1.0447761194029852,527037264.0,,0.8665968178303433,11.7381928238,,,,26.76864244741874,,,,1.3970237009402555,,0.68,2026-09-01,,5.0,0.73,0.0,NÖTR,0.0,,,,,-0.3756574004507889,,,,,,,346.5,253.25,,,,,,,,30.9,83.9,,,,,,,,,,,,,,,,,,,,
GLRMK,165.4,169.5,171.8,165.1,3145468.0,-2.4764150943396164,520260407.2,,1.8809831241469328,17.0757628948969,,,,10.932260228034885,,,,0.6257628147203192,,5.49,2026-09-01,,5.0,-0.69,0.0,🚨 KURUMSAL BOŞALTIM,0.0,,,,,-7.078651685393256,,,,,,,185.7,147.0,,,,,,,,12.5,47.5,,,,,,,,,,,,,,,,,,,,
EKDMR,47.52,48.18,49.46,46.84,10773762.0,-0.9999999999999934,511969170.24,,0.8928272826373277,15.0,,,,0.6779661016949158,,,,1.2206337016683124,,6.53,2026-09-01,,5.0,0.41,0.0,NÖTR,0.0,,,,,-0.9174311926605456,,,,,,,50.1,42.5,,,,,,,,11.8,66.1,,,,,,,,,,,,,,,,,,,,
KRDMB,124.8,135.5,136.4,122.7,3928693.0,-6.726457399103149,490300886.4,,1.3131557689994855,5.44820350665331,,,,-5.811320754716983,,,,1.661974152315297,,0.58,2026-09-01,,5.0,1.22,0.0,🚨 KURUMSAL BOŞALTIM,0.0,,,,,-4.732824427480918,,,,,,,140.5,120.4,,,,,,,,3.7,21.9,,,,,,,,,,,,,,,,,,,,
MARTI,1.87,1.78,1.87,1.76,261995923.0,10.000000000000009,489932376.0100001,,0.3915820332949429,-9.11037033586525,,,,28.08219178082193,,,,2.57546788071,,48.0,2026-09-01,,79.2,2.91,0.0,🪤 DÜŞEN BIÇAK (SERBEST DÜŞÜŞ),-47.6,,,,,33.57142857142859,,,,,,,1.87,1.35,,,,,,,,38.5,100.0,,,,,,,,,,,,,,,,,,,,
VESTL,22.6,23.44,24.0,22.48,17153272.0,-1.5679442508710777,387663947.2000001,,0.3462791159831255,-84.2751802525192,,,,-2.586206896551715,,,,1.7333894473857547,,3.58,2026-09-01,,5.0,1.36,0.0,🚨 KURUMSAL BOŞALTIM,0.0,,,,,2.3550724637681304,,,,,,,24.18,21.1,,,,,,,,7.1,48.7,,,,,,,,,,,,,,,,,,,,
MCARD,154.9,157.8,161.2,150.0,2493548.0,-1.8377693282636285,386250585.2,,4.971732698594884,15.0,,,,20.82683307332295,,,,0.7374068577842952,,16.5,2026-09-01,,6.6,-0.49,0.0,🚨 KURUMSAL BOŞALTIM,0.0,,,,,-4.969325153374229,,,,,,,180.9,126.4,,,,,,,,22.5,52.3,,,,,,,,,,,,,,,,,,,,
INFO,5.5,5.4,5.76,5.31,66999993.0,-6.779661016949159,368499961.5,,1.2773290353146642,15.0,,,,-6.779661016949159,,,,1.4620599686478897,,15.64,2026-09-01,,6.3,0.85,0.0,🚨 KURUMSAL BOŞALTIM,0.0,,,,,-17.41741741741742,,,,,,,8.1,5.31,,,,,,,,3.6,6.8,,,,,,,,,,,,,,,,,,,,
OYAKC,21.7,22.46,22.76,21.66,16548731.0,-3.46975088967972,359107462.7,,1.3831196933935956,11.0453304186396,,,,3.33333333333333,,,,0.6435919934874533,,5.96,2026-09-01,,5.0,-0.66,0.0,🚨 KURUMSAL BOŞALTIM,0.0,,,,,-2.777777777777782,,,,,,,23.28,20.1,,,,,,,,8.0,50.3,,,,,,,,,,,,,,,,,,,,
ALARK,107.9,108.3,110.0,106.8,3288617.0,-0.3693444136657354,354841774.3,,0.4917954929290383,8.48918625901478,,,,6.515301085883523,,,,0.426272160989068,,11.25,2026-09-01,,5.0,-1.06,0.0,NÖTR,0.0,,,,,3.550863723608448,,,,,,,116.3,99.15,,,,,,,,8.8,51.0,,,,,,,,,,,,,,,,,,,,
ARCLK,90.25,90.8,92.05,90.2,1854423.0,-0.4412575841147332,167361675.75,,0.7844245018578475,-3.20926092758056,,,,-7.054582904222445,,,,1.0522519097505445,,6.49,2026-09-01,,5.0,0.1,0.0,🪤 DÜŞEN BIÇAK (SERBEST DÜŞÜŞ),0.0,,,,,-3.0612244897959124,,,,,,,100.8,90.2,,,,,,,,0.1,0.5,,,,,,,,,,,,,,,,,,,,
ECOGR,33.6,34.68,35.4,33.1,4969342.0,-3.1141868512110675,166969891.20000002,,0.9201229240411142,15.0,,,,1.7565112053300975,,,,0.6999115727026455,,4.17,2026-09-01,,5.0,-0.56,0.0,🚨 KURUMSAL BOŞALTIM,0.0,,,,,-8.396946564885491,,,,,,,38.34,33.1,,,,,,,,1.5,9.5,,,,,,,,,,,,,,,,,,,,
GSRAY,1.06,1.08,1.09,1.05,153106894.0,-2.752293577981653,162293307.64000002,,0.839816824858578,4.47213247689932,,,,8.163265306122456,,,,0.4059153058537083,,6.0,2026-09-01,,5.0,-1.1,0.0,🚨 KURUMSAL BOŞALTIM,0.0,,,,,-6.194690265486712,,,,,,,1.17,0.96,,,,,,,,10.4,47.6,,,,,,,,,,,,,,,,,,,,
ARSAN,4.08,4.41,4.45,4.05,39655265.0,-7.272727272727278,161793481.2,,0.552719706083168,-0.666754401903954,,,,24.012158054711247,,,,0.874619727400795,,3.8,2026-09-01,,5.0,-0.23,0.0,🚨 KURUMSAL BOŞALTIM,0.0,,,,,1.2406947890818814,,,,,,,4.57,3.26,,,,,,,,25.2,62.6,,,,,,,,,,,,,,,,,,,,
TABGD,232.7,235.8,239.3,231.4,834352.0,-1.3146734520780416,194153710.4,,2.2746367252660136,12.2193886562881,,,,-2.0210526315789523,,,,1.5113596697713756,,1.22,2026-09-01,,5.0,0.95,0.0,NÖTR,0.0,,,,,-10.67178502879079,,,,,,,267.0,231.4,,,,,,,,0.6,3.7,,,,,,,,,,,,,,,,,,,,
ONCSM,215.9,224.0,226.2,201.6,866770.0,-3.616071428571426,187135643.0,,11.513045629841985,12.6378212718988,,,,-15.41625857002938,,,,0.8991011374417218,,24.55,2026-09-01,,19.6,-0.19,0.0,🚨 KURUMSAL BOŞALTIM,0.0,,,,,-15.333333333333332,,,,,,,273.25,201.6,,,,,,,,7.1,20.0,,,,,,,,,,,,,,,,,,,,
ALVES,1.38,1.37,1.42,1.35,135557183.0,-4.166666666666671,187068912.54,,0.682630998372568,2.75376786750353,,,,-39.47368421052632,,,,0.9713593160787792,,16.0,2026-09-01,,6.4,-0.05,0.0,🪤 DÜŞEN BIÇAK (SERBEST DÜŞÜŞ),0.0,,,,,-23.75690607734808,,,,,,,2.22,1.35,,,,,,,,2.2,3.4,,,,,,,,,,,,,,,,,,,,
ISVEA,81.7,84.6,88.65,78.5,2209686.0,-5.983889528193329,180531346.2,,2.0,15.0,,,,88.24884792626729,,,,0.3712743748959737,,9.66,2026-09-01,,5.0,-1.16,0.0,🪤 DÜŞEN BIÇAK (SERBEST DÜŞÜŞ),0.0,,,,,20.147058823529417,,,,,,,95.05,41.3,,,,,,,,97.8,75.2,,,,,,,,,,,,,,,,,,,,
ISKPL,8.12,8.18,8.38,8.1,20725539.0,-0.8547008547008582,168291376.67999998,,3.559015222241215,10.5285592762629,,,,5.454545454545442,,,,0.3698452048290269,,4.0,2026-09-01,,5.0,-1.17,0.0,NÖTR,0.0,,,,,-2.754491017964077,,,,,,,8.99,6.8,,,,,,,,19.4,60.3,,,,,,,,,,,,,,,,,,,,
KCAER,15.36,16.0,16.03,15.24,10902216.0,-3.396226415094345,167458037.76,,1.9798457885741243,5.08161965165783,,,,3.994583615436696,,,,0.7058656121304642,,0.51,2026-09-01,,5.0,-0.54,0.0,🚨 KURUMSAL BOŞALTIM,0.0,,,,,-6.51247717589775,,,,,,,16.9,14.14,,,,,,,,8.6,44.2,,,,,,,,,,,,,,,,,,,,
KOCMT,4.18,4.64,4.64,4.18,51798890.0,-9.913793103448276,216519360.2,,0.7587391135458528,-7.37113785136723,,,,-21.86915887850468,,,,0.910429643240148,,8.0,2026-09-01,,5.0,-0.17,0.0,🪤 DÜŞEN BIÇAK (SERBEST DÜŞÜŞ),0.0,,,,,-15.04065040650407,,,,,,,6.39,4.18,,,,,,,,0.0,0.0,,,,,,,,,,,,,,,,,,,,
IZENR,7.12,7.6,7.65,7.0,29831561.0,-6.315789473684205,212400714.32,,0.9012190506568648,1.49989750502832,,,,-19.090909090909097,,,,1.01890356930397,,2.34,2026-09-01,,5.0,0.03,0.0,🪤 DÜŞEN BIÇAK (SERBEST DÜŞÜŞ),0.0,,,,,-15.338882282996432,,,,,,,9.29,7.0,,,,,,,,1.7,5.2,,,,,,,,,,,,,,,,,,,,
PAMEL,75.4,75.9,81.3,75.0,2792131.0,-0.396301188903563,210526677.4,,3.662420072782099,-59.0650619300994,,,,-4.556962025316449,,,,14.29655250101126,,4.44,2026-09-01,,5.0,5.0,0.0,NÖTR,0.0,,,,,-2.1414665801427533,,,,,,,90.5,75.0,,,,,,,,0.5,2.6,,,,,,,,,,,,,,,,,,,,
NETAS,95.2,91.95,97.5,90.8,2186769.0,3.8734315330059976,208180408.8,,2.0,15.0,,,,51.8341307814992,,,,0.561738889592314,,28.78,2026-09-01,,30.3,-0.81,0.0,🪤 DÜŞEN BIÇAK (SERBEST DÜŞÜŞ),-42.7,,,,,-12.01478743068392,,,,,,,109.6,60.15,,,,,,,,58.3,70.9,,,,,,,,,,,,,,,,,,,,
BINHO,9.58,9.9,10.07,9.56,21099175.0,-1.6427104722792625,202130096.5,,0.8626263099223637,-28.3285437754834,,,,1.4830508474576332,,,,0.5644788360275941,,5.8,2026-09-01,,5.0,-0.81,0.0,🚨 KURUMSAL BOŞALTIM,0.0,,,,,-13.537906137184116,,,,,,,11.92,9.33,,,,,,,,2.7,9.7,,,,,,,,,,,,,,,,,,,,
KGYO,11.75,12.92,13.0,11.75,16566991.0,-9.961685823754792,194662144.25,,8.144112672932435,-46.8242068023256,,,,17.03187250996017,,,,0.6666310824083534,,8.0,2026-09-01,,5.0,-0.62,0.0,🚨 KURUMSAL BOŞALTIM,0.0,,,,,-7.480314960629916,,,,,,,14.0,8.65,,,,,,,,35.8,57.9,,,,,,,,,,,,,,,,,,,,
TGSAS,232.6,228.0,239.2,209.0,1124433.0,0.1722652885443607,261543115.8,,9.674494439037376,19.8764898445464,,,,34.68442385639839,,,,0.9150083576285444,,35.76,2026-09-01,,48.1,-0.16,0.0,🪤 DÜŞEN BIÇAK (SERBEST DÜŞÜŞ),-45.9,,,,,22.292323869610943,,,,,,,280.75,169.6,,,,,,,,37.1,56.7,,,,,,,,,,,,,,,,,,,,
MASFN,39.56,39.78,40.68,39.02,6447528.0,-0.5030181086519008,255064207.68,,2.104367253577318,15.0,,,,-13.359614542268933,,,,0.3172740604286285,,10.22,2026-09-01,,5.0,-1.26,0.0,NÖTR,0.0,,,,,-9.845031905195988,,,,,,,47.64,39.02,,,,,,,,1.4,6.3,,,,,,,,,,,,,,,,,,,,
TSPOR,1.06,1.05,1.06,1.03,235934686.0,-2.752293577981653,250090767.16000003,,0.6539697816604663,-23.1459108480419,,,,13.978494623655914,,,,0.426106286417901,,48.0,2026-09-01,,79.2,-1.06,0.0,🚨 KURUMSAL BOŞALTIM,0.0,,,,,-12.396694214876026,,,,,,,1.28,0.92,,,,,,,,15.2,38.9,,,,,,,,,,,,,,,,,,,,
HKTM,13.6,13.76,14.54,13.45,17232905.0,-1.1627906976744196,234367508.0,,1.3788097222306708,-21.9504766782517,,,,26.04263206672846,,,,0.6799998457927205,,0.29,2026-09-01,,5.0,-0.59,0.0,NÖTR,0.0,,,,,-3.886925795053009,,,,,,,16.22,10.76,,,,,,,,26.4,52.0,,,,,,,,,,,,,,,,,,,,
PEKGY,14.18,14.18,14.18,14.18,16277876.0,-9.96825396825397,230820281.68,,8.53574115876599,19.442707708089,,,,-3.537414965986392,,,,0.102369559283754,,20.0,2026-09-01,,8.0,-1.66,0.0,🪤 DÜŞEN BIÇAK (SERBEST DÜŞÜŞ),0.0,,,,,-6.278916060806353,,,,,,,18.05,14.18,,,,,,,,0.0,0.0,,,,,,,,,,,,,,,,,,,,
RYGYO,48.28,50.25,52.1,48.1,4513140.0,-4.960629921259835,217894399.2,,0.9316999123491922,21.6976044838379,,,,24.625709860609184,,,,1.4467836397536673,,5.48,2026-09-01,,5.0,0.83,0.0,🚨 KURUMSAL BOŞALTIM,0.0,,,,,10.73394495412844,,,,,,,52.1,37.52,,,,,,,,28.7,73.8,,,,,,,,,,,,,,,,,,,,
ESCOM,5.36,5.46,5.58,5.35,24258571.0,-2.0109689213893867,130025940.56,,0.8864265927977839,47.8896582322058,,,,3.675048355899427,,,,1.0870363923895725,,5.57,2026-09-01,,5.0,0.16,0.0,🚨 KURUMSAL BOŞALTIM,0.0,,,,,-7.426597582037991,,,,,,,6.27,5.17,,,,,,,,3.7,17.3,,,,,,,,,,,,,,,,,,,,
UCAYM,22.54,24.14,24.18,22.36,5730202.0,-6.628003314001663,129158753.08,,2.358712691213743,15.0,,,,-11.538461538461542,,,,0.8534603873102033,,2.46,2026-09-01,,5.0,-0.27,0.0,🚨 KURUMSAL BOŞALTIM,0.0,,,,,-10.838607594936718,,,,,,,28.92,22.36,,,,,,,,0.8,2.7,,,,,,,,,,,,,,,,,,,,
TRGYO,94.4,96.4,96.45,94.2,1355008.0,-2.1761658031088023,127912755.2,,0.6107038530108283,6.70791745653675,,,,1.3963480128893786,,,,0.7732576994754833,,3.02,2026-09-01,,5.0,-0.42,0.0,🚨 KURUMSAL BOŞALTIM,0.0,,,,,-2.980472764645418,,,,,,,98.65,89.1,,,,,,,,5.9,55.5,,,,,,,,,,,,,,,,,,,,
GZNMI,53.6,58.4,58.4,53.35,2357183.0,-6.782608695652172,126345008.8,,2.62245930907004,-22.5988008738838,,,,-13.757039420756232,,,,1.0975371725186116,,5.23,2026-09-01,,5.0,0.18,0.0,🪤 DÜŞEN BIÇAK (SERBEST DÜŞÜŞ),0.0,,,,,-7.025151777970507,,,,,,,64.65,53.35,,,,,,,,0.5,2.2,,,,,,,,,,,,,,,,,,,,
TNZTP,32.0,31.58,32.5,31.1,3919171.0,0.0,125413472.0,,1.343128658713946,5.50175919999278,,,,13.636363636363637,,,,0.7830294336692523,,28.0,2026-09-01,,28.3,-0.4,0.0,NÖTR,0.0,,,,,9.890109890109883,,,,,,,32.5,25.7,,,,,,,,24.5,92.6,,,,,,,,,,,,,,,,,,,,
FORTE,111.8,113.9,114.3,111.1,1117716.0,-2.0157756354075347,124960648.8,,2.402292448808394,131.436854892705,,,,6.476190476190474,,,,0.4299894518099596,,4.25,2026-09-01,,5.0,-1.05,0.0,🚨 KURUMSAL BOŞALTIM,0.0,,,,,-12.519561815336465,,,,,,,146.1,108.0,,,,,,,,3.5,10.0,,,,,,,,,,,,,,,,,,,,
INDES,11.54,11.9,12.09,11.51,10804141.0,-2.780117944397642,124679787.14,,1.0205525487282887,12.5280970462568,,,,17.038539553752532,,,,1.0641955679886506,,5.1,2026-09-01,,5.0,0.12,0.0,🚨 KURUMSAL BOŞALTIM,0.0,,,,,-1.1986301369863062,,,,,,,12.15,9.82,,,,,,,,17.5,73.8,,,,,,,,,,,,,,,,,,,,
TRENJ,104.0,107.9,108.5,103.4,1176688.0,-2.7128157156220816,122375552.0,,1.7042064567466666,12.7553176698714,,,,11.289459604066344,,,,0.4553376432517247,,1.41,2026-09-01,,5.0,-1.01,0.0,🚨 KURUMSAL BOŞALTIM,0.0,,,,,-5.0228310502283104,,,,,,,112.5,90.3,,,,,,,,15.2,61.7,,,,,,,,,,,,,,,,,,,,
EGEGY,26.64,28.94,28.94,26.64,5193986.0,-10.000000000000002,138367787.04,,1.9988835065098776,61.2777816935109,,,,-11.495016611295684,,,,1.3596419791770558,,8.0,2026-09-01,,5.0,0.67,0.0,🪤 DÜŞEN BIÇAK (SERBEST DÜŞÜŞ),0.0,,,,,-17.42095474271543,,,,,,,33.8,26.64,,,,,,,,0.0,0.0,,,,,,,,,,,,,,,,,,,,
QUAGR,3.11,3.18,3.21,3.08,43668190.0,-2.201257861635229,135808070.9,,0.7637487045741425,-10.7583902505042,,,,-7.715133531157276,,,,0.8513550859421166,,4.92,2026-09-01,,5.0,-0.27,0.0,🚨 KURUMSAL BOŞALTIM,0.0,,,,,-8.259587020648974,,,,,,,3.64,3.08,,,,,,,,1.0,5.4,,,,,,,,,,,,,,,,,,,,
KATMR,2.01,2.07,2.07,2.0,67459874.0,-1.951219512195124,135594346.73999998,,0.4121884747180815,5.30778394831394,,,,-9.459459459459476,,,,0.8138420443695349,,0.0,2026-09-01,,5.0,-0.34,0.0,🪤 DÜŞEN BIÇAK (SERBEST DÜŞÜŞ),0.0,,,,,-5.633802816901413,,,,,,,2.32,2.0,,,,,,,,0.5,3.1,,,,,,,,,,,,,,,,,,,,
SAYAS,56.7,58.2,58.2,54.9,2382160.0,-2.07253886010362,135068472.0,,2.788763692362477,14.896745544339,,,,25.609215773150204,,,,0.7257069318209097,,22.55,2026-09-01,,14.5,-0.51,0.0,🚨 KURUMSAL BOŞALTIM,0.0,,,,,-9.424920127795524,,,,,,,64.95,47.24,,,,,,,,20.0,53.4,,,,,,,,,,,,,,,,,,,,
AKSA,10.7,10.82,10.88,10.63,12525235.0,-0.6499535747446638,134020014.5,,1.13467776742075,18.2911638761343,,,,-13.709677419354849,,,,0.6586256668479473,,7.68,2026-09-01,,5.0,-0.63,0.0,NÖTR,0.0,,,,,-4.888888888888896,,,,,,,13.28,10.63,,,,,,,,0.7,2.6,,,,,,,,,,,,,,,,,,,,
EUREN,3.85,3.93,4.01,3.85,34459775.0,-1.5345268542199502,132670133.75,,0.6629849476586299,0.65583507094108,,,,-1.0282776349614404,,,,1.1698320664211483,,8.0,2026-09-01,,5.0,0.31,0.0,🚨 KURUMSAL BOŞALTIM,0.0,,,,,-1.7857142857142816,,,,,,,4.21,3.73,,,,,,,,3.2,25.0,,,,,,,,,,,,,,,,,,,,
HUNER,3.97,4.01,4.08,3.95,32870252.0,-0.7499999999999951,130494900.44,,0.7776049766718508,-6.91801127402945,,,,15.74344023323615,,,,0.6350837685684707,,0.62,2026-09-01,,5.0,-0.68,0.0,NÖTR,0.0,,,,,0.0,,,,,,,4.15,3.36,,,,,,,,18.2,77.2,,,,,,,,,,,,,,,,,,,,
HATSN,72.9,75.0,78.7,72.9,2042403.0,-9.999999999999991,148891178.70000002,,2.498501413246993,-12.8421185393824,,,,24.72198460222413,,,,0.1784953654590668,,8.0,2026-09-01,,5.0,-1.52,0.0,🚨 KURUMSAL BOŞALTIM,0.0,,,,,0.8996539792387622,,,,,,,92.0,49.5,,,,,,,,47.3,55.1,,,,,,,,,,,,,,,,,,,,
PRZMA,87.0,89.3,90.5,85.9,1670245.0,-4.395604395604396,145311315.0,,13.508960167200556,-25.8732914584295,,,,24.731182795698924,,,,0.2632674877085124,,5.39,2026-09-01,,5.0,-1.36,0.0,🚨 KURUMSAL BOŞALTIM,0.0,,,,,10.126582278481012,,,,,,,95.45,56.2,,,,,,,,54.8,78.5,,,,,,,,,,,,,,,,,,,,
DOHOL,21.64,22.04,22.34,21.6,6635303.0,-2.169981916817361,143587956.92000002,,0.5408288276760406,7.04256791810812,,,,1.7873941674506066,,,,0.5553783568901954,,4.97,2026-09-01,,5.0,-0.82,0.0,🚨 KURUMSAL BOŞALTIM,0.0,,,,,0.0,,,,,,,22.86,20.38,,,,,,,,6.2,50.8,,,,,,,,,,,,,,,,,,,,
GRSEL,300.0,310.0,310.0,295.0,472934.0,0.0,141880200.0,,2.197729423172214,30.7526568418126,,,,-17.355371900826448,,,,1.3313807444217074,,10.67,2026-09-01,,5.0,0.61,0.0,NÖTR,0.0,,,,,-6.832298136645963,,,,,,,361.5,295.0,,,,,,,,1.7,7.5,,,,,,,,,,,,,,,,,,,,
BLUME,41.0,42.0,42.5,40.14,3834752.0,-2.101241642788927,157224832.0,,12.266267763649964,-18.5931565572064,,,,28.84978001257071,,,,1.03987527414756,,12.41,2026-09-01,,5.0,0.07,0.0,🚨 KURUMSAL BOŞALTIM,0.0,,,,,-5.96330275229358,,,,,,,45.32,31.32,,,,,,,,30.9,69.1,,,,,,,,,,,,,,,,,,,,
SDTTR,21.18,22.3,22.3,21.0,7409963.0,-5.022421524663682,156943016.34,,4.70037860462226,4.75837685590879,,,,4.148517201713449,,,,0.5744204777291757,,0.25,2026-09-01,,5.0,-0.79,0.0,🚨 KURUMSAL BOŞALTIM,0.0,,,,,-14.970717890425918,,,,,,,25.7,20.0817981,,,,,,,,5.5,19.5,,,,,,,,,,,,,,,,,,,,
TATEN,8.32,8.5,8.51,8.17,18626155.0,-1.1876484560570029,154969609.6,,1.629950337450656,4.26432907206956,,,,-32.957292506043515,,,,0.4330052801260364,,16.71,2026-09-01,,6.7,-1.05,0.0,🪤 DÜŞEN BIÇAK (SERBEST DÜŞÜŞ),0.0,,,,,-11.677282377919315,,,,,,,11.7,8.16,,,,,,,,2.0,4.5,,,,,,,,,,,,,,,,,,,,
FZLGY,8.95,9.42,9.48,8.82,17239036.0,-4.888416578108404,154289372.2,,2.539619482712143,-20.3624656920139,,,,-19.369369369369373,,,,0.9136051872358084,,3.03,2026-09-01,,5.0,-0.16,0.0,🪤 DÜŞEN BIÇAK (SERBEST DÜŞÜŞ),0.0,,,,,-9.321175278622087,,,,,,,11.65,8.82,,,,,,,,1.5,4.6,,,,,,,,,,,,,,,,,,,,
FRIGO,2.5,2.7,2.7,2.46,61354795.0,-6.015037593984967,153386987.5,,1.4569104174922494,-8.67661953247794,,,,16.279069767441865,,,,1.3256611846646602,,1.33,2026-09-01,,5.0,0.6,0.0,🚨 KURUMSAL BOŞALTIM,0.0,,,,,8.225108225108222,,,,,,,2.76,2.04,,,,,,,,22.5,63.9,,,,,,,,,,,,,,,,,,,,
GUNDG,1500.0,1684.0,1697.0,1500.0,100328.0,-9.963985594237696,150492000.0,,67.72706174721371,-17.9104469072489,,,,-13.144180660104228,,,,0.3661919909189292,,8.0,2026-09-01,,5.0,-1.17,0.0,🚨 KURUMSAL BOŞALTIM,0.0,,,,,-24.924924924924923,,,,,,,2201.0,1277.0,,,,,,,,17.5,24.1,,,,,,,,,,,,,,,,,,,,
IZMDC,11.37,12.5,12.5,11.31,13119368.0,-9.47452229299364,149167214.16,,0.8264967441698178,-7.44835055635709,,,,1.6994633273702997,,,,1.4762057088682332,,5.18,2026-09-01,,5.0,0.88,0.0,🚨 KURUMSAL BOŞALTIM,0.0,,,,,-15.590200445434307,,,,,,,14.85,11.24,,,,,,,,1.2,3.6,,,,,,,,,,,,,,,,,,,,
LYDHO,143.2,147.6,149.9,133.2,727805.0,-3.243243243243251,104221676.0,,6.957204447558128,-4.92212551714847,,,,-22.5945945945946,,,,2.241814261512665,,25.53,2026-09-01,,22.1,2.3,0.0,🪤 DÜŞEN BIÇAK (SERBEST DÜŞÜŞ),0.0,,,,,-15.81422692533804,,,,,,,188.4,133.2,,,,,,,,7.5,18.1,,,,,,,,,,,,,,,,,,,,
AGROT,2.0,2.03,2.05,1.99,50255544.0,-1.4778325123152616,100511088.0,,0.5593122696332589,-6.57224839783597,,,,-15.611814345991569,,,,0.2403029970571394,,1.33,2026-09-01,,5.0,-1.41,0.0,NÖTR,0.0,,,,,-13.419913419913422,,,,,,,2.98,1.99,,,,,,,,0.5,1.0,,,,,,,,,,,,,,,,,,,,
YYLGD,10.04,10.15,10.29,10.01,9979283.0,-0.8884501480750407,100192001.32,,0.6023406092159312,16.5320333566852,,,,2.240325865580437,,,,1.3751497735959148,,2.0,2026-09-01,,5.0,0.69,0.0,NÖTR,0.0,,,,,-2.144249512670572,,,,,,,11.38,9.7,,,,,,,,3.5,20.2,,,,,,,,,,,,,,,,,,,,
TKNSA,16.9,18.11,18.35,16.86,5848946.0,-6.11111111111112,98847187.4,,2.0,-526.035964670245,,,,6.423173803526434,,,,0.3716959907473344,,6.5,2026-09-01,,5.0,-1.16,0.0,🚨 KURUMSAL BOŞALTIM,0.0,,,,,-10.344827586206913,,,,,,,23.0,15.73,,,,,,,,7.4,16.1,,,,,,,,,,,,,,,,,,,,
ICUGS,4.28,4.74,4.74,4.28,23073831.0,-9.894736842105258,98755996.68,,3.194244389548552,15.0,,,,-25.69444444444444,,,,2.5547545405326,,8.0,2026-09-01,,5.0,2.88,0.0,🪤 DÜŞEN BIÇAK (SERBEST DÜŞÜŞ),0.0,,,,,-21.03321033210332,,,,,,,5.75,4.28,,,,,,,,0.0,0.0,,,,,,,,,,,,,,,,,,,,
KORDS,83.7,83.65,85.3,83.45,1168538.0,-0.3571428571428537,97806630.6,,0.9370150149659322,-2.58214137010517,,,,21.21650977552499,,,,0.503227571271459,,0.43,2026-09-01,,5.0,-0.92,0.0,NÖTR,0.0,,,,,-6.532663316582909,,,,,,,98.9,65.15,,,,,,,,28.5,55.0,,,,,,,,,,,,,,,,,,,,
AKHAN,40.4,41.54,41.54,40.12,2646112.0,-2.744342802118441,106902924.8,,1.942274076025607,15.0,,,,-7.551487414187653,,,,1.4048530042300955,,3.04,2026-09-01,,5.0,0.75,0.0,🚨 KURUMSAL BOŞALTIM,0.0,,,,,-1.463414634146345,,,,,,,49.7,39.88,,,,,,,,1.3,5.3,,,,,,,,,,,,,,,,,,,,
ORGE,23.54,23.9,24.28,23.34,4537145.0,-1.9983347210657805,106804393.3,,1.8083918909679504,20.2060622539078,,,,14.271844660194162,,,,0.5870044954801377,,3.91,2026-09-01,,5.0,-0.76,0.0,🚨 KURUMSAL BOŞALTIM,0.0,,,,,-1.834862385321106,,,,,,,25.0,18.93,,,,,,,,24.4,75.9,,,,,,,,,,,,,,,,,,,,
ESEN,3.55,3.65,3.68,3.54,30012284.0,-2.203856749311297,106543608.2,,0.4056683872339015,-4.23149320297435,,,,4.411764705882351,,,,0.8295091431346162,,4.0,2026-09-01,,5.0,-0.32,0.0,🚨 KURUMSAL BOŞALTIM,0.0,,,,,-0.5602240896358549,,,,,,,3.82,3.3,,,,,,,,7.6,48.1,,,,,,,,,,,,,,,,,,,,
A1CAP,7.72,8.04,8.1,7.66,13570719.0,-3.740648379052367,104765950.68,,0.5707783657254984,17.711826641543,,,,-10.44083526682134,,,,1.950933334130725,,0.36,2026-09-01,,5.0,1.76,0.0,🚨 KURUMSAL BOŞALTIM,0.0,,,,,-6.5375302663438255,,,,,,,9.32,7.66,,,,,,,,0.8,3.6,,,,,,,,,,,,,,,,,,,,
SURGY,30.64,31.4,32.04,30.46,3410160.0,-2.4203821656050897,104487302.4,,0.4805995573590239,-5.13041368419097,,,,-54.87481590574375,,,,0.4373456641411375,,1.62,2026-09-01,,5.0,-1.04,0.0,🪤 DÜŞEN BIÇAK (SERBEST DÜŞÜŞ),0.0,,,,,-8.043217286914766,,,,,,,69.0,30.46,,,,,,,,0.6,0.5,,,,,,,,,,,,,,,,,,,,
GENKM,9.8,9.93,10.35,9.66,10651968.0,-1.209677419354831,104389286.4,,0.8483849520749072,15.0,,,,-5.8597502401536925,,,,0.9935761638160916,,3.36,2026-09-01,,5.0,-0.01,0.0,NÖTR,0.0,,,,,-6.755470980019021,,,,,,,11.34,9.66,,,,,,,,1.4,8.3,,,,,,,,,,,,,,,,,,,,
ENSRI,5.02,5.09,5.21,4.94,23176552.0,-1.3752455795677856,116346291.04,,1.6842981140558366,-5.18601940057923,,,,-9.38628158844766,,,,0.7598574783148575,,8.59,2026-09-01,,5.0,-0.44,0.0,NÖTR,0.0,,,,,-2.144249512670572,,,,,,,6.39,4.94,,,,,,,,1.6,5.5,,,,,,,,,,,,,,,,,,,,
TUKAS,2.01,2.03,2.05,2.01,57725167.0,-0.4950495049505065,116027585.67,,0.4506271788720868,-7.59984024912718,,,,1.5151515151515054,,,,1.005029933491638,,8.0,2026-09-01,,5.0,0.01,0.0,NÖTR,0.0,,,,,-1.4705882352941295,,,,,,,2.07,1.93,,,,,,,,4.1,57.1,,,,,,,,,,,,,,,,,,,,
CRDFA,27.5,25.0,27.5,25.0,4131305.0,10.0,113610887.5,,3.124101820726541,115.343180644413,,,,-35.89743589743589,,,,2.623616995185183,,48.0,2026-09-01,,79.2,3.0,0.0,🪤 DÜŞEN BIÇAK (SERBEST DÜŞÜŞ),-63.1,,,,,2.0786933927245683,,,,,,,42.5,23.5,,,,,,,,17.0,21.1,,,,,,,,,,,,,,,,,,,,
ADEL,32.88,34.1,34.14,32.52,3338473.0,-3.577712609970671,109768992.24,,6.219274834067554,-27.3799727854021,,,,15.53056921995784,,,,0.4478816495668891,,4.44,2026-09-01,,5.0,-1.02,0.0,🚨 KURUMSAL BOŞALTIM,0.0,,,,,-8.156424581005572,,,,,,,39.1,28.66,,,,,,,,14.7,40.4,,,,,,,,,,,,,,,,,,,,
MEYSU,11.65,12.15,12.38,11.62,10464480.0,-2.9166666666666634,121911192.0,,2.04728615964263,15.0,,,,3.555555555555559,,,,0.6524438152962164,,5.79,2026-09-01,,5.0,-0.64,0.0,🚨 KURUMSAL BOŞALTIM,0.0,,,,,-4.429860541427392,,,,,,,13.12,10.5,,,,,,,,11.0,43.9,,,,,,,,,,,,,,,,,,,,
BERA,13.58,13.64,13.98,13.57,7069820.0,-0.1470588235294086,96008155.6,,0.266910541924708,-1.25779548537557,,,,7.013396375098507,,,,0.8169953504153962,,6.63,2026-09-01,,5.0,-0.34,0.0,NÖTR,0.0,,,,,-2.020202020202016,,,,,,,14.53,12.62,,,,,,,,7.6,50.3,,,,,,,,,,,,,,,,,,,,
TARKM,550.0,553.0,573.0,550.0,173931.0,-2.3957409050576755,95662050.0,,3.562442195327151,15.0,,,,17.962466487935657,,,,0.7076611106793841,,8.0,2026-09-01,,5.0,-0.54,0.0,🚨 KURUMSAL BOŞALTIM,0.0,,,,,8.26771653543307,,,,,,,584.0,430.25,,,,,,,,27.8,77.9,,,,,,,,,,,,,,,,,,,,
IHLAS,1.06,1.07,1.09,1.06,89999938.0,-0.9345794392523372,95399934.28,,0.8216735785434675,-78.0266887494466,,,,4.950495049504955,,,,0.991194746243078,,8.0,2026-09-01,,5.0,-0.02,0.0,NÖTR,0.0,,,,,-1.8518518518518527,,,,,,,1.15,1.0,,,,,,,,6.0,40.0,,,,,,,,,,,,,,,,,,,,
PAPIL,12.98,13.75,14.1,12.93,7328750.0,-6.752873563218387,95127175.0,,7.769896141989165,15.0,,,,11.320754716981137,,,,0.7310360058237484,,5.61,2026-09-01,,5.0,-0.5,0.0,🚨 KURUMSAL BOŞALTIM,0.0,,,,,-6.88665710186513,,,,,,,14.43,11.1,,,,,,,,16.9,56.5,,,,,,,,,,,,,,,,,,,,
ASELS,384.5,386.75,396.5,382.5,31959546.0,-0.4530744336569579,12288445437.0,,5.71590311417862,15.6028079230998,,,,12.756598240469208,,,,0.9967900502871015,,0.0,2026-09-01,,5.0,-0.01,0.0,NÖTR,0.0,,,,,-3.814884302689181,,,,,,,412.75,331.75,,,,,,,,15.9,65.1,,,,,,,,,,,,,,,,,,,,
BTCIM,4.0,4.09,4.13,3.77,171719107.0,-2.200488997555009,686876428.0,,0.9430492554626128,-3.97603446876797,,,,-18.367346938775515,,,,2.017110756038621,,27.78,2026-09-01,,27.8,1.88,0.0,🪤 DÜŞEN BIÇAK (SERBEST DÜŞÜŞ),0.0,,,,,-15.433403805496836,,,,,,,5.18,3.77,,,,,,,,6.1,16.3,,,,,,,,,,,,,,,,,,,,
ATATR,13.24,14.14,14.51,12.99,51553225.0,-7.6064200976971375,682564699.0,,1.401439333236658,15.0,,,,-5.36097212294496,,,,1.5050954585395937,,1.21,2026-09-01,,5.0,0.93,0.0,🚨 KURUMSAL BOŞALTIM,0.0,,,,,-12.433862433862426,,,,,,,16.42,12.99,,,,,,,,1.9,7.3,,,,,,,,,,,,,,,,,,,,
EDIP,37.88,40.42,43.94,36.84,17725346.0,-5.9115747640337695,671436106.48,,0.3238202168620915,8.51349643680434,,,,11.938534278959809,,,,9.605627460123875,,0.2,2026-09-01,,5.0,5.0,0.0,🚨 KURUMSAL BOŞALTIM,0.0,,,,,3.7808219178082254,,,,,,,43.94,33.56,,,,,,,,12.9,41.6,,,,,,,,,,,,,,,,,,,,
AKSEN,78.55,80.0,80.1,76.75,8413464.0,-1.0705289672544187,660877597.1999999,,1.4052041750038238,5.67192405114027,,,,-19.020618556701034,,,,1.0925764853237334,,22.09,2026-09-01,,13.3,0.17,0.0,🪤 DÜŞEN BIÇAK (SERBEST DÜŞÜŞ),0.0,,,,,-3.678724708767627,,,,,,,99.95,76.75,,,,,,,,2.3,7.8,,,,,,,,,,,,,,,,,,,,
CVKMD,16.16,16.76,16.9,16.0,39552502.0,-3.5799522673031112,639168432.32,,4.64485272137782,3.62597150686481,,,,12.51186714741316,,,,1.0156160124150089,,1.96,2026-09-01,,5.0,0.03,0.0,🚨 KURUMSAL BOŞALTIM,0.0,,,,,0.0619195046439725,,,,,,,17.56,14.32425696,,,,,,,,12.8,56.7,,,,,,,,,,,,,,,,,,,,
BSOKE,26.88,23.68,27.78,23.68,31389083.0,2.205323193916344,843738551.04,,3.196818404540243,-8.95758341656074,,,,-24.91620111731843,,,,3.961197629582395,,35.71,2026-09-01,,47.9,5.0,0.0,🪤 DÜŞEN BIÇAK (SERBEST DÜŞÜŞ),-67.8,,,,,-19.665271966527204,,,,,,,37.16,23.68,,,,,,,,13.5,23.7,,,,,,,,,,,,,,,,,,,,
HEKTS,2.71,2.75,2.75,2.68,307998570.0,-0.7326007326007333,834676124.7,,1.386607723046853,-30.7051469723585,,,,-6.872852233676982,,,,1.0287208975640325,,16.0,2026-09-01,,6.4,0.05,0.0,NÖTR,0.0,,,,,-6.551724137931032,,,,,,,2.99,2.68,,,,,,,,1.1,9.7,,,,,,,,,,,,,,,,,,,,
TRMET,134.7,145.3,145.3,134.7,5925380.0,-6.91085003455425,798148685.9999999,,1.7382506771692967,8.18576711076804,,,,4.580745341614889,,,,0.8667676089954687,,8.0,2026-09-01,,5.0,-0.25,0.0,🚨 KURUMSAL BOŞALTIM,0.0,,,,,-8.242506811989116,,,,,,,150.1,121.5,,,,,,,,10.9,46.2,,,,,,,,,,,,,,,,,,,,
CANTE,1.3,1.41,1.42,1.29,606435910.0,-5.797101449275352,788366683.0,,0.4097533914973019,-8.69874510729253,,,,9.243697478991606,,,,1.6854255455978764,,3.69,2026-09-01,,5.0,1.27,0.0,🚨 KURUMSAL BOŞALTIM,0.0,,,,,5.6910569105691104,,,,,,,1.43,1.18,,,,,,,,10.2,48.0,,,,,,,,,,,,,,,,,,,,
TMPOL,390.0,412.75,428.0,386.5,1928729.0,-8.181283107710417,752204310.0,,5.899230256335168,-12.1489498754263,,,,-8.611599297012303,,,,1.0536128292463272,,3.28,2026-09-01,,5.0,0.1,0.0,🚨 KURUMSAL BOŞALTIM,0.0,,,,,-26.69172932330827,,,,,,,690.0,386.5,,,,,,,,0.9,1.2,,,,,,,,,,,,,,,,,,,,
KARCL,161.0,150.8,161.6,143.4,4665255.0,6.270627062706271,751106055.0,,11.434318010400258,15.0,,,,318.1818181818182,,,,0.4883023389418848,,46.15,2026-09-01,,74.5,-0.95,0.0,🪤 DÜŞEN BIÇAK (SERBEST DÜŞÜŞ),-32.1,,,,,56.614785992217904,,,,,,,161.6,38.5,,,,,,,,318.2,99.5,,,,,,,,,,,,,,,,,,,,
DOFRB,117.8,123.0,125.7,117.0,6302515.0,-6.803797468354437,742436267.0,,7.855270966838487,22.5289716057738,,,,-12.155108128262489,,,,1.2176600217847118,,2.85,2026-09-01,,5.0,0.4,0.0,🚨 KURUMSAL BOŞALTIM,0.0,,,,,-10.486322188449847,,,,,,,149.5,117.0,,,,,,,,0.7,2.5,,,,,,,,,,,,,,,,,,,,
BRSAN,707.0,727.0,730.5,704.5,1484257.0,-2.348066298342541,1049369699.0,,2.309371507973865,6.34788716410025,,,,32.39700374531835,,,,0.4467919167181989,,2.62,2026-09-01,,5.0,-1.02,0.0,🚨 KURUMSAL BOŞALTIM,0.0,,,,,-4.523970290344362,,,,,,,759.5,519.0,,,,,,,,36.2,78.2,,,,,,,,,,,,,,,,,,,,
DMRGD,11.1,12.0,12.0,11.09,93246100.0,-5.128205128205125,1035031710.0,,7.784666311330546,8.63924314081493,,,,-5.209222886421872,,,,3.183291068327293,,7.38,2026-09-01,,5.0,4.04,0.0,🚨 KURUMSAL BOŞALTIM,0.0,,,,,-1.5957446808510614,,,,,,,12.15,10.1,,,,,,,,9.9,48.8,,,,,,,,,,,,,,,,,,,,
TKFEN,214.3,210.7,219.1,209.6,4649376.0,2.388915432393693,996361276.8,,2.179792056178622,-15.7108521370911,,,,39.88250652741516,,,,0.8009872105487601,,19.71,2026-09-01,,7.9,-0.37,0.0,🪤 DÜŞEN BIÇAK (SERBEST DÜŞÜŞ),-37.3,,,,,-2.146118721461182,,,,,,,245.2,154.5,,,,,,,,38.7,65.9,,,,,,,,,,,,,,,,,,,,
TOASO,268.0,270.5,275.5,266.75,3570596.0,-1.19815668202765,956919728.0,,2.038307246676628,22.3064749598506,,,,2.583732057416268,,,,1.0601081646441912,,0.0,2026-09-01,,5.0,0.11,0.0,NÖTR,0.0,,,,,-3.597122302158273,,,,,,,286.5,257.0,,,,,,,,4.3,37.3,,,,,,,,,,,,,,,,,,,,
SVGYO,18.08,18.06,18.51,16.91,51361857.0,0.1107419712070851,928622374.56,,4.342625462965186,15.0,,,,39.076923076923066,,,,1.0888142526449591,,32.95,2026-09-01,,40.9,0.16,0.0,🪤 DÜŞEN BIÇAK (SERBEST DÜŞÜŞ),-44.1,,,,,4.56911509543088,,,,,,,18.55,12.6,,,,,,,,43.5,92.1,,,,,,,,,,,,,,,,,,,,
GRTHO,205.7,203.2,217.7,198.1,4503404.0,-6.542480690595188,926350202.8,,2.585591955377484,22.8715438210475,,,,-17.056451612903228,,,,5.046124250810776,,13.71,2026-09-01,,5.5,5.0,0.0,🚨 KURUMSAL BOŞALTIM,0.0,,,,,-7.467386414754846,,,,,,,247.5,198.1,,,,,,,,3.8,15.4,,,,,,,,,,,,,,,,,,,,
HEDEF,75.85,77.05,80.5,75.85,1577460.0,-9.970326409495556,119650341.0,,31.944777860605367,41.4069060729385,,,,-73.10283687943263,,,,0.1396362642883055,,8.0,2026-09-01,,5.0,-1.59,0.0,🪤 DÜŞEN BIÇAK (SERBEST DÜŞÜŞ),0.0,,,,,-36.42078792958928,,,,,,,396.0,75.85,,,,,,,,0.0,0.0,,,,,,,,,,,,,,,,,,,,
BIGTK,330.0,354.75,354.75,313.0,357132.0,-4.278462654097172,117853560.0,,7.408544880964889,1.49758433731983,,,,-11.882510013351135,,,,0.4686512726790292,,14.8,2026-09-01,,5.9,-0.98,0.0,🚨 KURUMSAL BOŞALTIM,0.0,,,,,-5.172413793103448,,,,,,,399.5,308.0,,,,,,,,7.1,24.0,,,,,,,,,,,,,,,,,,,,
ALBRK,8.68,8.68,8.75,8.55,13562696.0,0.0,117724201.28,,0.6742690240188919,34.3970756422385,,,,8.499999999999996,,,,0.9441612222157356,,28.4,2026-09-01,,29.4,-0.1,0.0,NÖTR,0.0,,,,,-2.908277404921698,,,,,,,9.43,7.95,,,,,,,,9.2,49.3,,,,,,,,,,,,,,,,,,,,
OZSUB,43.88,42.96,44.04,41.72,2677106.0,1.1059907834101474,117471411.28,,3.7047262276549207,41.5311324649096,,,,35.348550277606414,,,,0.7733928942654018,,44.14,2026-09-01,,69.4,-0.42,0.0,🪤 DÜŞEN BIÇAK (SERBEST DÜŞÜŞ),-49.8,,,,,4.4761904761904825,,,,,,,45.8,34.24,,,,,,,,28.2,83.4,,,,,,,,,,,,,,,,,,,,
AKSGY,9.97,10.1,10.23,9.97,6547694.0,-0.3996003996003911,65280509.18000001,,0.488050592783215,7.45811168344226,,,,7.0891514500537065,,,,1.0059551703426872,,8.0,2026-09-01,,5.0,0.01,0.0,NÖTR,0.0,,,,,-1.870078740157476,,,,,,,10.34,9.3,,,,,,,,7.2,64.4,,,,,,,,,,,,,,,,,,,,
TUREX,6.35,6.5,6.5,6.32,10111606.0,-1.397515527950322,64208698.1,,0.7652889056007095,7.58457916924205,,,,-4.511278195488733,,,,0.5263630228394754,,1.33,2026-09-01,,5.0,-0.88,0.0,🪤 DÜŞEN BIÇAK (SERBEST DÜŞÜŞ),0.0,,,,,-8.236994219653184,,,,,,,7.16,6.32,,,,,,,,0.5,3.6,,,,,,,,,,,,,,,,,,,,
VAKFN,1.13,1.17,1.18,1.13,56327503.0,-3.4188034188034218,63650078.38999999,,0.8356875563904214,22.8808545831209,,,,-6.611570247933891,,,,1.3693284604277562,,8.0,2026-09-01,,5.0,0.68,0.0,🪤 DÜŞEN BIÇAK (SERBEST DÜŞÜŞ),0.0,,,,,-5.833333333333338,,,,,,,1.23,1.13,,,,,,,,0.0,0.0,,,,,,,,,,,,,,,,,,,,
MAKTK,10.12,10.93,10.95,9.89,6250677.0,-5.597014925373147,63256851.24,,0.9875666143932954,-6.45595239061317,,,,3.3707865168539337,,,,1.1058619906332088,,4.15,2026-09-01,,5.0,0.2,0.0,🚨 KURUMSAL BOŞALTIM,0.0,,,,,1.3013013013012913,,,,,,,11.34,9.27,,,,,,,,9.2,41.1,,,,,,,,,,,,,,,,,,,,
DOCO,11290.0,11410.0,11422.5,11172.5,5537.0,-0.9649122807017544,62512730.0,,4.425109057249647,23.7194327493566,,,,0.9387572641931158,,,,1.2768067149379698,,18.32,2026-09-01,,7.3,0.51,0.0,NÖTR,0.0,,,,,-2.3356401384083045,,,,,,,11900.0,10915.0,,,,,,,,3.4,38.1,,,,,,,,,,,,,,,,,,,,
GSDDE,13.02,13.7,13.7,12.7,4782398.0,-3.2689450222882708,62266821.96,,0.569778377216917,17.3987651643666,,,,6.721311475409839,,,,0.6242606612027988,,9.92,2026-09-01,,5.0,-0.7,0.0,🚨 KURUMSAL BOŞALTIM,0.0,,,,,-10.330578512396697,,,,,,,15.25,11.93,,,,,,,,9.1,32.8,,,,,,,,,,,,,,,,,,,,
ECZYT,315.0,321.0,322.0,313.5,197460.0,-1.4855355746677092,62199900.0,,1.05156518467304,-1.54210473736186,,,,5.0,,,,0.6354547446869245,,1.88,2026-09-01,,5.0,-0.67,0.0,NÖTR,0.0,,,,,-3.076923076923077,,,,,,,336.5,310.0,,,,,,,,1.6,18.9,,,,,,,,,,,,,,,,,,,,
ADESE,0.85,0.86,0.86,0.84,71821401.0,0.0,61048190.85,,0.2901657699975421,-2.12688937144751,,,,1.1904761904761916,,,,0.5613833712809734,,20.0,2026-09-01,,8.0,-0.81,0.0,NÖTR,0.0,,,,,-1.1627906976744196,,,,,,,0.92,0.83,,,,,,,,2.4,22.2,,,,,,,,,,,,,,,,,,,,
INGRM,378.0,375.0,405.0,370.0,181252.0,0.0,68513256.0,,4.25931138428296,0.0429484684384019,,,,1.9554956169925823,,,,6.845225956055079,,4.8,2026-09-01,,5.0,5.0,0.0,NÖTR,0.0,,,,,-4.545454545454546,,,,,,,415.0,370.0,,,,,,,,2.2,17.8,,,,,,,,,,,,,,,,,,,,
LINK,5.26,5.42,5.45,5.22,12823995.0,-2.772643253234757,67454213.7,,2.1737872664005224,21.8633290097379,,,,-6.571936056838369,,,,0.8541450910136476,,1.74,2026-09-01,,5.0,-0.27,0.0,🚨 KURUMSAL BOŞALTIM,0.0,,,,,-5.734767025089611,,,,,,,6.25,5.22,,,,,,,,0.8,3.9,,,,,,,,,,,,,,,,,,,,
KZBGY,1.9,1.96,1.96,1.89,35407838.0,-2.061855670103095,67274892.2,,0.2974932281146757,2.04017341556281,,,,-5.940594059405946,,,,1.1355829078801365,,0.0,2026-09-01,,5.0,0.25,0.0,🚨 KURUMSAL BOŞALTIM,0.0,,,,,-6.8627450980392215,,,,,,,2.13,1.89,,,,,,,,0.5,4.2,,,,,,,,,,,,,,,,,,,,
METRO,8.41,8.75,8.84,8.3,7938600.0,-4.104903078677303,66763626.0,,0.9007561639140584,1.93709576793657,,,,11.984021304926769,,,,1.0215574933769476,,3.41,2026-09-01,,5.0,0.04,0.0,🚨 KURUMSAL BOŞALTIM,0.0,,,,,-2.774566473988441,,,,,,,9.08,7.15,,,,,,,,17.6,65.3,,,,,,,,,,,,,,,,,,,,
EKOS,5.09,5.33,5.33,5.05,12934195.0,-3.780718336483936,65835052.55,,1.6031698037140625,-15.3554963768237,,,,-4.859813084112146,,,,1.0855795155996322,,0.0,2026-09-01,,5.0,0.16,0.0,🚨 KURUMSAL BOŞALTIM,0.0,,,,,-9.591474245115451,,,,,,,5.83,5.05,,,,,,,,0.8,5.1,,,,,,,,,,,,,,,,,,,,
GOKNR,17.57,17.62,18.05,17.54,4185238.0,-0.2837684449489257,73534631.66,,0.5649138048279071,4.49147321918011,,,,-23.20804195804196,,,,0.4843997318441507,,4.71,2026-09-01,,5.0,-0.95,0.0,🪤 DÜŞEN BIÇAK (SERBEST DÜŞÜŞ),0.0,,,,,-2.659279778393354,,,,,,,23.98,17.48,,,,,,,,0.5,1.4,,,,,,,,,,,,,,,,,,,,
BLCYT,1.98,2.18,2.18,1.98,36582697.0,-90.89236430542778,72433740.06,,0.4065324425208297,1.8017541176258,,,,-89.80432543769311,,,,9.203728840500412,,8.0,2026-09-01,,5.0,5.0,0.0,🪤 DÜŞEN BIÇAK (SERBEST DÜŞÜŞ),0.0,,,,,-91.11310592459604,,,,,,,22.88,1.98,,,,,,,,0.0,0.0,,,,,,,,,,,,,,,,,,,,
AKGRT,6.17,6.23,6.32,6.17,11704364.0,-0.8038585209003187,72215925.88,,1.1582895611265258,30.7936042243563,,,,-12.108262108262103,,,,1.0365200972109392,,8.0,2026-09-01,,5.0,0.07,0.0,🪤 DÜŞEN BIÇAK (SERBEST DÜŞÜŞ),0.0,,,,,-1.1217948717948762,,,,,,,6.8,6.15,,,,,,,,0.3,3.1,,,,,,,,,,,,,,,,,,,,
PRDGS,7.8,7.85,8.22,7.69,9207335.0,-0.3831417624521104,71817213.0,,0.5197771888450484,16.512838115449,,,,11.111111111111116,,,,1.1380814923471778,,3.62,2026-09-01,,5.0,0.26,0.0,NÖTR,0.0,,,,,-3.7037037037037015,,,,,,,8.7,7.05,,,,,,,,10.6,45.5,,,,,,,,,,,,,,,,,,,,
YUNSA,7.62,8.08,8.08,7.59,9278716.0,-5.105853051058522,70703815.92,,0.7057921266202191,8.6156697298287,,,,-12.413793103448269,,,,2.052324394319591,,4.57,2026-09-01,,5.0,1.95,0.0,🪤 DÜŞEN BIÇAK (SERBEST DÜŞÜŞ),0.0,,,,,-9.501187648456057,,,,,,,9.38,7.59,,,,,,,,0.4,1.7,,,,,,,,,,,,,,,,,,,,
MARMR,2.23,2.26,2.31,2.21,31283704.0,-1.3274336283185757,69762659.92,,1.5546569994422756,15.0,,,,3.720930232558143,,,,0.5392990769561757,,3.2,2026-09-01,,5.0,-0.85,0.0,NÖTR,0.0,,,,,-10.4417670682731,,,,,,,2.62,2.18,,,,,,,,2.3,11.4,,,,,,,,,,,,,,,,,,,,
PSDTC,169.5,174.3,175.7,164.5,406396.0,-2.753872633390712,68884122.0,,4.807389595958049,12.6675979739311,,,,20.29808374733853,,,,0.6802212347609862,,17.0,2026-09-01,,6.8,-0.59,0.0,🚨 KURUMSAL BOŞALTIM,0.0,,,,,7.893061744112034,,,,,,,196.3,139.9,,,,,,,,21.2,52.5,,,,,,,,,,,,,,,,,,,,
AKENR,10.48,10.0,10.65,10.0,7403856.0,-0.3802281368821212,77592410.88000001,,0.4806596411472171,-26.5432289814888,,,,7.2671443193449425,,,,0.6395538418795755,,33.35,2026-09-01,,42.0,-0.67,0.0,NÖTR,0.0,,,,,-0.8514664143803203,,,,,,,11.74,9.79,,,,,,,,7.0,35.4,,,,,,,,,,,,,,,,,,,,
KPEKS,110.3,116.5,123.7,110.3,43097357.0,-9.95918367346939,4753638477.099999,,2.0,15.0,,,,6.673114119922621,,,,1.0,,8.0,2026-09-01,,5.0,0.0,0.0,🚨 KURUMSAL BOŞALTIM,0.0,,,,,-8.083333333333336,,,,,,,159.2,103.4,,,,,,,,6.7,12.4,,,,,,,,,,,,,,,,,,,,
EREGL,37.78,38.82,39.1,37.68,121583478.0,-2.578648788035069,4593423798.84,,0.7969714242077645,2.6359373238076,,,,-11.2312030075188,,,,0.6639883017848264,,4.06,2026-09-01,,5.0,-0.62,0.0,🚨 KURUMSAL BOŞALTIM,0.0,,,,,-1.2029288702928893,,,,,,,43.14,36.24,,,,,,,,4.2,22.3,,,,,,,,,,,,,,,,,,,,
CITAS,126.5,127.9,137.9,115.2,56207151.0,-1.171875,7110204601.5,,4.005382727776459,15.0,,,,56.07649599012955,,,,2.85389151030156,,19.88,2026-09-01,,8.0,3.43,0.0,🪤 DÜŞEN BIÇAK (SERBEST DÜŞÜŞ),0.0,,,,,2.3462783171521084,,,,,,,145.0,81.05,,,,,,,,56.1,71.1,,,,,,,,,,,,,,,,,,,,
THYAO,301.5,302.25,305.5,300.0,34640016.0,-0.2481389578163771,10443964824.0,,0.4062440478173093,12.6578146267628,,,,-3.3653846153846154,,,,0.739870687451624,,7.27,2026-09-01,,5.0,-0.48,0.0,NÖTR,0.0,,,,,0.0829875518672199,,,,,,,325.5,295.25,,,,,,,,2.1,20.7,,,,,,,,,,,,,,,,,,,,
TRALT,49.36,52.95,53.0,48.88,76580456.0,-6.691871455576558,3780011308.16,,2.9042999054455034,11.2503473841185,,,,8.103372755146744,,,,0.7141685631484277,,1.48,2026-09-01,,5.0,-0.53,0.0,🚨 KURUMSAL BOŞALTIM,0.0,,,,,-12.482269503546098,,,,,,,57.45,43.8,,,,,,,,12.7,40.7,,,,,,,,,,,,,,,,,,,,
HALKB,40.88,42.5,43.16,40.04,86352172.0,-3.082029397818865,3530076791.36,,1.25155104463794,15.2318624552132,,,,13.681868743047836,,,,2.00759160679773,,7.08,2026-09-01,,5.0,1.86,0.0,🪤 DÜŞEN BIÇAK (SERBEST DÜŞÜŞ),0.0,,,,,18.287037037037035,,,,,,,46.68,32.14,,,,,,,,27.2,60.1,,,,,,,,,,,,,,,,,,,,
KCHOL,214.7,215.8,222.6,214.1,49261246.0,-0.0930665425779511,10576389516.2,,0.6866508392635456,5.12588457140304,,,,11.764705882352938,,,,1.6366301249339148,,4.05,2026-09-01,,5.0,1.18,0.0,NÖTR,0.0,,,,,-1.739130434782614,,,,,,,226.8,193.4,,,,,,,,11.0,63.8,,,,,,,,,,,,,,,,,,,,
VESBE,5.8,5.28,5.8,5.27,42757237.0,9.84848484848484,247991974.6,,0.224743395353469,-14.1013672301764,,,,-0.1721170395869154,,,,3.4963162464420185,,48.0,2026-09-02,,79.2,4.62,86.5,🎯 TABANDAN DÖNÜŞ (DİP ATEŞLEMESİ),0.0,,,,,9.84848484848484,,,,,,,5.95,5.25,,,,,,,,10.5,78.6,,,,,,,,,,,,,,,,,,,,
ISMEN,34.7,33.8,34.7,32.96,10227540.0,2.2392457277548767,354895638.0,,1.476482652392583,22.1737418237606,,,,0.0,,,,1.3926360254896524,,48.0,2026-09-02,,79.2,0.73,85.2,🎯 TABANDAN DÖNÜŞ (DİP ATEŞLEMESİ),0.2,,,,,7.496902106567539,,,,,,,35.08,32.04,,,,,,,,8.3,87.5,,,,,,,,,,,,,,,,,,,,
EGEPO,17.19,16.67,17.25,16.47,8209271.0,4.055690072639235,141117368.49,,3.976414472390637,-3.14186819529634,,,,-7.580645161290322,,,,2.84093965865484,,43.69,2026-09-02,,68.2,3.41,84.6,🎯 TABANDAN DÖNÜŞ (DİP ATEŞLEMESİ),0.0,,,,,0.7029876977152958,,,,,,,19.14,15.82,,,,,,,,8.7,41.3,,,,,,,,,,,,,,,,,,,,
ISDMR,55.55,53.65,57.2,52.0,2467509.0,3.734827264239029,137070124.95,,1.032255810643217,8.49194157301141,,,,0.1803426510369599,,,,1.5186881044533558,,30.23,2026-09-02,,34.0,0.96,82.0,🎯 TABANDAN DÖNÜŞ (DİP ATEŞLEMESİ),8.7,,,,,3.8317757009345743,,,,,,,57.2,49.74,,,,,,,,11.7,77.9,,,,,,,,,,,,,,,,,,,,
DAPGM,8.04,7.68,8.1,7.41,142088507.0,3.608247422680405,1142391596.28,,1.203484716941592,5.19977862396511,,,,-8.114285714285725,,,,1.430410411810786,,43.13,2026-09-02,,66.8,0.8,79.7,🎯 TABANDAN DÖNÜŞ (DİP ATEŞLEMESİ),79.7,,,,,-6.184364060676793,,,,,,,9.4,7.3,,,,,,,,10.1,35.2,,,,,,,,,,,,,,,,,,,,
ZOREN,2.44,2.31,2.52,2.26,126594113.0,5.627705627705623,308889635.72,,0.192480329930218,-18.2797749155039,,,,4.273504273504278,,,,3.155940142333844,,30.77,2026-09-02,,35.4,3.99,79.6,🎯 TABANDAN DÖNÜŞ (DİP ATEŞLEMESİ),79.6,,,,,7.0175438596491295,,,,,,,2.52,2.22,,,,,,,,9.9,73.3,,,,,,,,,,,,,,,,,,,,
ALBRK,8.8,8.72,8.86,8.55,16448230.0,1.3824884792626844,144744424.0,,0.68359071559519,34.3970756422385,,,,9.45273631840798,,,,1.1188557563412282,,37.16,2026-09-02,,51.6,0.22,79.2,🎯 TABANDAN DÖNÜŞ (DİP ATEŞLEMESİ),79.2,,,,,-2.2222222222222143,,,,,,,9.43,7.95,,,,,,,,10.7,57.4,,,,,,,,,,,,,,,,,,,,
TABGD,233.5,232.2,233.6,225.8,688679.0,0.343790287924371,160806546.5,,2.28245670541304,12.2193886562881,,,,-4.6938775510204085,,,,1.2273165839104172,,47.28,2026-09-02,,77.4,0.42,78.8,🎯 TABANDAN DÖNÜŞ (DİP ATEŞLEMESİ),78.8,,,,,-7.524752475247524,,,,,,,267.0,225.8,,,,,,,,3.4,18.7,,,,,,,,,,,,,,,,,,,,
BULGS,32.56,32.1,33.56,31.64,4842288.0,0.6180469715698481,157664897.28,,1.1332020545203834,2.25831577114277,,,,-14.585519412381942,,,,2.0321867996543723,,18.83,2026-09-02,,7.5,1.91,77.9,🎯 TABANDAN DÖNÜŞ (DİP ATEŞLEMESİ),9.7,,,,,-0.8526187576126708,,,,,,,38.72,30.42,,,,,,,,7.0,25.8,,,,,,,,,,,,,,,,,,,,
NTHOL,43.5,43.1,43.56,42.16,1948678.0,0.5547850208044429,84767493.0,,0.2216449715303403,1.33838653109446,,,,-5.393649412788163,,,,1.1570802060335807,,45.6,2026-09-02,,73.1,0.29,77.6,🎯 TABANDAN DÖNÜŞ (DİP ATEŞLEMESİ),15.7,,,,,-1.6282225237449093,,,,,,,47.22,42.16,,,,,,,,3.2,26.5,,,,,,,,,,,,,,,,,,,,
INFO,5.7,5.43,6.03,5.15,69962343.0,3.63636363636364,398785355.1,,1.323777363871561,15.0,,,,0.3521126760563461,,,,1.406390174471936,,27.0,2026-09-02,,25.8,0.75,76.8,🎯 TABANDAN DÖNÜŞ (DİP ATEŞLEMESİ),76.8,,,,,-14.414414414414416,,,,,,,8.1,5.15,,,,,,,,10.7,18.6,,,,,,,,,,,,,,,,,,,,
CCOLA,78.35,76.75,78.35,75.75,4813063.0,2.084690553745921,377103486.05,,2.393980430164825,26.9016013150558,,,,-13.995609220636664,,,,0.7574621437950274,,48.0,2026-09-02,,79.2,-0.45,76.7,🎯 TABANDAN DÖNÜŞ (DİP ATEŞLEMESİ),17.2,,,,,1.3583441138421697,,,,,,,91.2,75.2,,,,,,,,4.2,19.7,,,,,,,,,,,,,,,,,,,,
ALCAR,703.0,668.0,730.0,665.0,83951.0,4.769001490312966,59017553.0,,3.732416429576815,-28.8613567525581,,,,-5.383580080753701,,,,2.6116429044731824,,24.74,2026-09-02,,20.0,2.98,76.4,🎯 TABANDAN DÖNÜŞ (DİP ATEŞLEMESİ),0.0,,,,,1.0057471264367817,,,,,,,763.5,665.0,,,,,,,,5.7,38.6,,,,,,,,,,,,,,,,,,,,
PKART,128.0,130.5,133.7,127.1,1373452.0,1.0260457774269909,175801856.0,,4.815082040722052,20.3092728423121,,,,1.5873015873015872,,,,2.7863769301431804,,0.36,2026-09-02,,5.0,3.3,76.1,🎯 TABANDAN DÖNÜŞ (DİP ATEŞLEMESİ),-1.0,,,,,-1.462663587374908,,,,,,,142.5,116.2,,,,,,,,10.2,44.9,,,,,,,,,,,,,,,,,,,,
ISCTR,12.78,12.66,12.85,12.4,559166370.0,0.2352941176470538,7146146208.599999,,0.7036747458952306,16.6794653165665,,,,1.4285714285714264,,,,0.8277734242547318,,39.29,2026-09-02,,57.0,-0.32,75.2,🎯 TABANDAN DÖNÜŞ (DİP ATEŞLEMESİ),1.4,,,,,1.9952114924181965,,,,,,,13.39,11.86,,,,,,,,7.8,60.1,,,,,,,,,,,,,,,,,,,,
AKSEN,81.5,78.0,82.55,77.4,8715882.0,3.7555697008275017,710344383.0,,1.4579775972350304,5.67192405114027,,,,-13.43600637280935,,,,1.1670306277784552,,36.58,2026-09-02,,50.2,0.31,75.2,🎯 TABANDAN DÖNÜŞ (DİP ATEŞLEMESİ),75.2,,,,,-0.183710961420705,,,,,,,99.95,76.75,,,,,,,,6.2,20.5,,,,,,,,,,,,,,,,,,,,
ALTIN,74.22,72.59,74.97,72.34,20194864.0,1.6016427104722817,1498862806.08,,2.0,15.0,,,,8.954785672342915,,,,0.937167631284484,,32.03,2026-09-02,,38.6,-0.12,74.1,🎯 TABANDAN DÖNÜŞ (DİP ATEŞLEMESİ),74.1,,,,,-6.2878787878787925,,,,,,,80.25,67.47,,,,,,,,10.0,52.8,,,,,,,,,,,,,,,,,,,,
YIGIT,22.1,21.92,22.34,21.44,4668860.0,2.2201665124884387,103181806.0,,0.814184643814481,1.60992456628032,,,,5.741626794258387,,,,1.2116360304388498,,33.07,2026-09-02,,41.2,0.39,74.0,🎯 TABANDAN DÖNÜŞ (DİP ATEŞLEMESİ),74.0,,,,,2.314814814814815,,,,,,,23.04,20.68,,,,,,,,6.9,60.2,,,,,,,,,,,,,,,,,,,,
ENJSA,113.2,110.8,113.7,110.3,4843098.0,2.1660649819494635,548238693.6,,1.2270456026295198,6.38889149521895,,,,3.758020164986259,,,,0.9789441915472236,,39.76,2026-09-02,,58.3,-0.04,73.8,🎯 TABANDAN DÖNÜŞ (DİP ATEŞLEMESİ),17.5,,,,,2.073940486925155,,,,,,,118.6,104.3,,,,,,,,8.5,62.2,,,,,,,,,,,,,,,,,,,,
MOPAS,26.34,25.9,26.76,25.56,3630747.0,1.777434312210204,95633875.98,,1.2336075151707029,6.11298898450715,,,,-8.85813148788927,,,,1.4513629031455355,,28.4,2026-09-02,,29.4,0.84,73.2,🎯 TABANDAN DÖNÜŞ (DİP ATEŞLEMESİ),0.0,,,,,-5.928571428571429,,,,,,,29.54,25.5,,,,,,,,3.3,20.8,,,,,,,,,,,,,,,,,,,,
ARMGD,197.9,186.5,199.1,186.5,930410.0,6.569736133548744,184128139.0,,5.836966075399798,33.8360355788564,,,,9.337016574585638,,,,1.0923742553261184,,42.67,2026-09-02,,65.6,0.17,73.1,🎯 TABANDAN DÖNÜŞ (DİP ATEŞLEMESİ),73.1,,,,,0.6612410986775236,,,,,,,220.7,181.6,,,,,,,,9.0,41.7,,,,,,,,,,,,,,,,,,,,
GRSEL,304.25,300.0,305.75,289.25,782044.0,1.4166666666666663,237936887.0,,2.228863923333821,30.7526568418126,,,,-15.427380125086868,,,,2.2651107988150256,,42.91,2026-09-02,,66.3,2.34,73.0,🎯 TABANDAN DÖNÜŞ (DİP ATEŞLEMESİ),73.0,,,,,-4.173228346456693,,,,,,,358.5,289.25,,,,,,,,5.2,21.7,,,,,,,,,,,,,,,,,,,,
SAFKR,17.07,16.88,17.35,16.55,4974438.0,1.426024955436732,84913656.66,,2.4626029150178383,11.8043937127077,,,,-12.506406970784218,,,,1.391968767575588,,28.4,2026-09-02,,29.4,0.73,72.6,🎯 TABANDAN DÖNÜŞ (DİP ATEŞLEMESİ),72.6,,,,,-9.20212765957447,,,,,,,22.0,16.55,,,,,,,,3.1,9.5,,,,,,,,,,,,,,,,,,,,
USAK,1.21,1.2,1.22,1.18,48877132.0,0.8333333333333341,59141329.72,,0.4514251604238173,-13.1838090136317,,,,-8.333333333333341,,,,1.410422489347329,,34.0,2026-09-02,,43.6,0.76,71.6,🎯 TABANDAN DÖNÜŞ (DİP ATEŞLEMESİ),0.0,,,,,-2.41935483870968,,,,,,,1.34,1.18,,,,,,,,2.5,18.8,,,,,,,,,,,,,,,,,,,,
TCELL,97.2,95.55,98.0,94.4,37455551.0,0.6732263076126418,3640679557.2,,0.6907863387194058,7.34275858908705,,,,-3.475670307845084,,,,0.9112098131213892,,35.56,2026-09-02,,47.6,-0.16,71.2,🎯 TABANDAN DÖNÜŞ (DİP ATEŞLEMESİ),-15.8,,,,,-5.813953488372093,,,,,,,108.4,93.5,,,,,,,,4.0,24.8,,,,,,,,,,,,,,,,,,,,
AKCNS,240.6,241.3,245.8,238.2,608097.0,0.2082465639316951,146308138.2,,1.6143034532205254,2.27567752998473,,,,0.922818791946304,,,,2.2301565151441247,,9.68,2026-09-02,,5.0,2.28,71.0,🎯 TABANDAN DÖNÜŞ (DİP ATEŞLEMESİ),0.0,,,,,0.2917882451021211,,,,,,,253.75,232.2,,,,,,,,3.6,39.0,,,,,,,,,,,,,,,,,,,,
NETCD,121.1,118.8,128.0,116.6,4533644.0,1.936026936026933,549024288.4,,4.656977640738979,15.0,,,,-4.795597484276737,,,,1.3071669889909965,,14.11,2026-09-02,,5.6,0.57,70.7,🎯 TABANDAN DÖNÜŞ (DİP ATEŞLEMESİ),70.7,,,,,-4.795597484276737,,,,,,,153.5,115.9,,,,,,,,4.5,13.8,,,,,,,,,,,,,,,,,,,,
SDTTR,21.22,21.22,22.74,21.12,19115526.0,0.1888574126534426,405631461.72,,4.709255618039866,4.75837685590879,,,,3.3747712224240094,,,,1.5088300416526277,,4.54,2026-09-02,,5.0,0.94,69.8,⚡ TABANDA SIKIŞMA,69.8,,,,,-10.5669603753895,,,,,,,25.7,20.4636159,,,,,,,,3.7,14.4,,,,,,,,,,,,,,,,,,,,
TRMET,137.7,133.0,139.2,131.5,5546325.0,2.2271714922049,763728952.4999999,,1.77696450071427,8.18576711076804,,,,9.98402555910542,,,,0.7780546401393879,,37.09,2026-09-02,,51.5,-0.41,69.2,⚡ TABANDA SIKIŞMA,69.2,,,,,-1.9230769230769351,,,,,,,150.1,124.0,,,,,,,,11.0,52.5,,,,,,,,,,,,,,,,,,,,
RGYAS,204.7,203.4,205.0,200.1,1628472.0,0.6391347099311617,333348218.4,,0.4133218540104001,14.6679746676783,,,,1.840796019900492,,,,0.6379371550780788,,44.57,2026-09-02,,70.5,-0.67,68.6,⚡ TABANDA SIKIŞMA,68.6,,,,,-2.523809523809529,,,,,,,216.1,195.6,,,,,,,,4.7,44.4,,,,,,,,,,,,,,,,,,,,
IZENR,7.13,7.1,7.28,6.47,151229686.0,0.1404494382022442,1078267661.18,,0.9024848077504838,1.49989750502832,,,,-17.381228273464668,,,,4.9408331793002045,,37.63,2026-09-02,,52.8,5.0,68.3,⚡ TABANDA SIKIŞMA,68.3,,,,,-14.61077844311377,,,,,,,9.29,6.47,,,,,,,,10.2,23.4,,,,,,,,,,,,,,,,,,,,
ALARK,110.4,106.9,111.0,104.8,4877057.0,2.3169601482854496,538427092.8000001,,0.5031901985112681,8.48918625901478,,,,8.235294117647065,,,,0.6492603730113661,,42.58,2026-09-02,,65.4,-0.65,68.1,⚡ TABANDA SIKIŞMA,68.1,,,,,4.15094339622642,,,,,,,116.3,99.15,,,,,,,,11.3,65.6,,,,,,,,,,,,,,,,,,,,
ARDYZ,85.0,82.35,86.2,80.05,6313848.0,3.217972070431094,536677080.0,,3.9890128507222222,24.268344789997,,,,15.64625850340136,,,,1.2700586443682396,,37.07,2026-09-02,,51.4,0.5,67.9,⚡ TABANDA SIKIŞMA,67.9,,,,,-8.602150537634408,,,,,,,97.9,73.8,,,,,,,,15.2,46.5,,,,,,,,,,,,,,,,,,,,
DOFRB,122.9,118.0,126.0,115.5,5362046.0,4.3293718166383774,658995453.4,,8.195354854197369,22.5289716057738,,,,-13.6938202247191,,,,0.978128222680928,,31.47,2026-09-02,,37.2,-0.04,67.4,⚡ TABANDA SIKIŞMA,67.4,,,,,-8.420268256333816,,,,,,,149.5,115.5,,,,,,,,6.4,21.8,,,,,,,,,,,,,,,,,,,,
AGHOL,32.64,32.24,33.7,31.8,6830827.0,0.8029647930821433,222958193.28,,0.5991785526386803,3.94764331491178,,,,-8.571428571428577,,,,1.316522191833882,,16.76,2026-09-02,,6.7,0.59,67.1,⚡ TABANDA SIKIŞMA,-8.7,,,,,5.767984445884644,,,,,,,35.96,30.24,,,,,,,,7.9,42.0,,,,,,,,,,,,,,,,,,,,
MAALT,1013.0,1001.0,1053.0,990.5,67768.0,0.8964143426294822,68648984.0,,1.52114088509557,-0.0035908057053252,,,,0.6958250497017893,,,,1.5423726884779516,,12.16,2026-09-02,,5.0,1.0,65.1,⚡ TABANDA SIKIŞMA,0.0,,,,,0.9970089730807578,,,,,,,1154.0,953.5,,,,,,,,6.2,29.7,,,,,,,,,,,,,,,,,,,,
OYAKC,21.9,21.48,22.02,21.22,12589671.0,0.921658986175112,275713794.9,,1.3958673403373154,11.0453304186396,,,,7.038123167155414,,,,0.4950461727357722,,39.6,2026-09-02,,57.8,-0.93,64.9,⚡ TABANDA SIKIŞMA,64.9,,,,,-4.616724738675968,,,,,,,23.28,20.1,,,,,,,,9.0,56.6,,,,,,,,,,,,,,,,,,,,
TERA,191.7,191.0,192.6,190.0,8136660.0,0.8947368421052572,1559797722.0,,1.453492449686756,111.595685411764,,,,3.509719222462204,,,,0.4519741159599854,,28.62,2026-09-02,,29.9,-1.01,63.2,⚡ TABANDA SIKIŞMA,19.6,,,,,6.856187290969889,,,,,,,199.2,172.6,,,,,,,,11.1,71.8,,,,,,,,,,,,,,,,,,,,
BERA,13.6,13.32,13.7,13.21,6468514.0,0.1472754050073606,87971790.39999999,,0.267303635506335,-1.25779548537557,,,,5.426356589147281,,,,0.7275054148059656,,36.57,2026-09-02,,50.1,-0.5,62.8,⚡ TABANDA SIKIŞMA,62.8,,,,,0.4431314623338294,,,,,,,14.53,12.62,,,,,,,,7.8,51.3,,,,,,,,,,,,,,,,,,,,
ONRYT,58.3,57.95,59.7,57.25,1306452.0,0.9523809523809474,76166151.6,,1.2996364138951864,-6.07039585347811,,,,-1.1864406779661063,,,,1.3022209538986875,,16.0,2026-09-02,,6.4,0.56,61.7,⚡ TABANDA SIKIŞMA,0.0,,,,,-4.347826086956531,,,,,,,64.4,56.3,,,,,,,,3.6,24.7,,,,,,,,,,,,,,,,,,,,
GMTAS,45.46,43.92,46.04,43.72,2541195.0,2.7576853526220586,115522724.7,,2.9625922225763084,-2.3225938462331,,,,0.7535460992907878,,,,0.699725407076217,,34.0,2026-09-02,,43.6,-0.56,61.3,⚡ TABANDA SIKIŞMA,0.0,,,,,-3.563852354688162,,,,,,,49.0,42.32,,,,,,,,7.4,47.0,,,,,,,,,,,,,,,,,,,,
ATATR,13.32,13.24,13.78,13.14,33619865.0,0.6042296072507558,447816601.8,,1.4099072446157317,15.0,,,,-3.4782608695652204,,,,0.9251715010534464,,7.75,2026-09-02,,5.0,-0.14,60.2,⚡ TABANDA SIKIŞMA,60.2,,,,,-12.368421052631572,,,,,,,16.42,12.99,,,,,,,,2.5,9.6,,,,,,,,,,,,,,,,,,,,
MAGEN,33.02,33.02,33.72,31.5,16431486.0,0.121285627653142,542567667.72,,6.120629412756935,-7.00912138236529,,,,-10.51490514905148,,,,0.9088761736399412,,30.34,2026-09-02,,34.3,-0.17,60.2,⚡ TABANDA SIKIŞMA,60.2,,,,,0.0,,,,,,,37.94,31.5,,,,,,,,4.8,23.6,,,,,,,,,,,,,,,,,,,,
TRALT,50.3,48.8,51.0,48.0,111157024.0,1.90437601296596,5591198307.2,,2.9596086961894006,11.2503473841185,,,,12.628750559785043,,,,1.03566958213565,,34.93,2026-09-02,,46.0,0.07,60.1,⚡ TABANDA SIKIŞMA,60.1,,,,,-6.505576208178439,,,,,,,57.45,45.22,,,,,,,,11.2,41.5,,,,,,,,,,,,,,,,,,,,
KLYPV,61.85,61.5,62.5,60.45,1758152.0,0.4058441558441558,108741701.2,,1.3992949906144296,4.51466486064799,,,,4.300168634064089,,,,0.4534722733416279,,30.24,2026-09-02,,34.0,-1.01,59.6,⚡ TABANDA SIKIŞMA,59.6,,,,,-2.598425196850392,,,,,,,71.5,57.3,,,,,,,,7.9,32.0,,,,,,,,,,,,,,,,,,,,
QUAGR,3.16,3.13,3.25,3.07,48120718.0,1.6077170418006517,152061468.88,,0.7760276226541127,-10.7583902505042,,,,-8.405797101449275,,,,0.957404684459096,,20.0,2026-09-02,,8.0,-0.08,59.2,⚡ TABANDA SIKIŞMA,59.2,,,,,-8.670520231213867,,,,,,,3.64,3.07,,,,,,,,2.9,15.8,,,,,,,,,,,,,,,,,,,,
TAVHL,261.0,260.0,263.0,255.5,3963841.0,0.2881844380403458,1034562501.0,,1.1564300234223603,6.95027383463448,,,,-6.115107913669065,,,,0.9491660257822896,,33.07,2026-09-02,,41.2,-0.09,57.5,⚡ TABANDA SIKIŞMA,57.5,,,,,-9.766637856525495,,,,,,,293.0,255.5,,,,,,,,2.2,14.7,,,,,,,,,,,,,,,,,,,,
CIMSA,44.0,43.78,44.08,43.02,6874246.0,0.4566210045662165,302466824.0,,1.1124651722551189,12.0224419124516,,,,-2.568644818423376,,,,0.7341065688525142,,43.77,2026-09-02,,68.5,-0.49,57.2,⚡ TABANDA SIKIŞMA,57.2,,,,,-4.885430177258967,,,,,,,47.48,43.02,,,,,,,,2.3,22.0,,,,,,,,,,,,,,,,,,,,
BLCYT,2.06,1.99,2.14,1.99,53300065.0,4.040404040404044,109798133.9,,0.4229579957539945,1.8017541176258,,,,5.967078189300417,,,,1.2607773356470695,,18.13,2026-09-02,,7.3,0.48,54.3,⚡ TABANDA SIKIŞMA,54.3,,,,,-2.7384324834749685,,,,,,,2.288,1.838,,,,,,,,12.1,49.3,,,,,,,,,,,,,,,,,,,,
EMPAE,69.3,64.2,69.3,61.5,17303120.0,9.999999999999996,1199106216.0,,6.207702746886071,15.0,,,,33.14121037463977,,,,1.8750027564614136,,48.0,2026-09-02,,79.2,1.62,54.3,⚡ TABANDA SIKIŞMA,54.3,,,,,-1.6323633782824778,,,,,,,89.5,58.0,,,,,,,,19.5,35.9,,,,,,,,,,,,,,,,,,,,
MAKTK,10.29,10.12,10.82,9.99,6685484.0,1.679841897233201,68793630.36,,1.0041561721449614,-6.45595239061317,,,,4.679552390640886,,,,1.102719303568617,,12.24,2026-09-02,,5.0,0.19,53.4,⚡ TABANDA SIKIŞMA,53.4,,,,,0.6849315068493004,,,,,,,11.34,9.27,,,,,,,,11.0,49.3,,,,,,,,,,,,,,,,,,,,
SUWEN,6.78,6.35,6.78,6.25,8937476.0,9.886547811993522,60596087.28,,2.221566892755333,-8.70167376125255,,,,9.886547811993522,,,,2.687092816027918,,48.0,2026-09-02,,79.2,3.12,53.0,⚡ TABANDA SIKIŞMA,0.0,,,,,4.953560371517033,,,,,,,7.39,5.9,,,,,,,,14.9,59.1,,,,,,,,,,,,,,,,,,,,
ZERGY,9.79,9.75,9.91,9.55,11459265.0,0.3073770491803213,112186204.35,,2.0485157154006948,15.0,,,,7.464324917672884,,,,0.5695949870676497,,29.33,2026-09-02,,31.7,-0.8,52.5,⚡ TABANDA SIKIŞMA,-11.6,,,,,1.8730489073881345,,,,,,,10.98,8.62,,,,,,,,13.6,49.6,,,,,,,,,,,,,,,,,,,,
VAKBN,34.08,32.2,34.08,31.72,51266452.0,4.668304668304655,1747160684.1599998,,0.9305391311090864,24.6140156476693,,,,15.60379918588873,,,,0.812437480613935,,48.0,2026-09-02,,79.2,-0.35,52.2,⚡ TABANDA SIKIŞMA,-1.2,,,,,6.499999999999995,,,,,,,34.74,28.58,,,,,,,,19.2,89.3,,,,,,,,,,,,,,,,,,,,
BRKVY,91.5,91.05,92.85,87.9,802146.0,1.6102165463631346,73396359.0,,3.498047401409541,24.9595404187976,,,,22.0,,,,1.1576989710766488,,32.73,2026-09-02,,40.4,0.29,52.0,⚡ TABANDA SIKIŞMA,-1.2,,,,,12.823674475955617,,,,,,,92.85,72.25,,,,,,,,26.6,93.4,,,,,,,,,,,,,,,,,,,,
VESTL,24.86,22.76,24.86,22.4,20422914.0,9.999999999999991,507713642.04,,0.380907027581438,-84.2751802525192,,,,8.748906386701663,,,,1.8789825791369603,,48.0,2026-09-02,,79.2,1.63,52.0,⚡ TABANDA SIKIŞMA,52.0,,,,,12.79491833030853,,,,,,,24.86,21.1,,,,,,,,17.8,100.0,,,,,,,,,,,,,,,,,,,,
DSTKF,2216.0,2183.0,2232.0,2075.0,2846856.0,1.187214611872146,6308632896.0,,49.852635519417895,39.4914380778913,,,,30.12331180270112,,,,1.426683477693575,,42.29,2026-09-02,,64.7,0.79,51.1,⚡ TABANDA SIKIŞMA,-5.2,,,,,-6.101694915254237,,,,,,,2454.0,1568.0,,,,,,,,41.3,73.1,,,,,,,,,,,,,,,,,,,,
ENERY,10.5,10.25,10.62,10.16,54914403.0,3.244837758112095,576601231.5,,1.390454069329364,9.89807182782181,,,,12.903225806451603,,,,1.4065947174269957,,33.39,2026-09-02,,42.1,0.75,50.7,⚡ TABANDA SIKIŞMA,-2.2,,,,,13.882863340563985,,,,,,,10.62,8.28,,,,,,,,26.8,94.9,,,,,,,,,,,,,,,,,,,,
KUYAS,69.05,66.8,69.05,65.0,15334839.0,2.906110283159468,1058870632.95,,15.5837062815539,-66.6798503710024,,,,-2.6779422128259416,,,,2.6546500037029035,,48.0,2026-09-02,,79.2,3.06,50.3,⚡ TABANDA SIKIŞMA,-30.3,,,,,9.6031746031746,,,,,,,70.9,60.25,,,,,,,,14.6,82.6,,,,,,,,,,,,,,,,,,,,
MIATK,27.5,27.24,27.82,27.04,10271211.0,0.2186588921282752,282458302.5,,2.25534064665127,-25.9314338186004,,,,-11.915438821268417,,,,0.91465282732429,,25.03,2026-09-02,,20.8,-0.16,48.0,NÖTR,48.0,,,,,-8.637873754152828,,,,,,,33.64,27.04,,,,,,,,1.7,7.0,,,,,,,,,,,,,,,,,,,,
DMLKT,7.03,6.89,7.19,6.87,11717663.0,2.0319303338171344,82375170.89,,2.0,15.0,,,,16.971713810316146,,,,1.2858111530657137,,20.0,2026-09-02,,8.0,0.53,47.4,NÖTR,0.0,,,,,1.589595375722548,,,,,,,7.28,6.01,,,,,,,,17.0,80.3,,,,,,,,,,,,,,,,,,,,
SKYMD,15.58,14.79,15.98,14.6,5347466.0,6.566347469220253,83313520.28,,2.069430866663833,-19.0851182264863,,,,9.87306064880113,,,,2.7170223664061206,,31.77,2026-09-02,,37.9,3.18,47.1,NÖTR,0.0,,,,,7.152682255845948,,,,,,,15.98,13.55,,,,,,,,15.0,83.5,,,,,,,,,,,,,,,,,,,,
OZYSR,11.97,11.93,12.14,11.58,6348491.0,0.3352891869237295,75991437.27000001,,1.398766467933542,-3.3047140952314,,,,-2.761982128350933,,,,2.98561550654283,,31.0,2026-09-02,,36.0,3.67,46.9,NÖTR,0.0,,,,,-5.748031496062981,,,,,,,13.39,10.26,,,,,,,,16.7,54.6,,,,,,,,,,,,,,,,,,,,
KRDMD,44.6,44.22,44.7,42.96,51446205.0,0.4504504504504568,2294500743.0,,0.4692848341135983,5.44820350665331,,,,7.31472569778633,,,,0.7877378639693581,,44.78,2026-09-02,,71.0,-0.39,46.2,NÖTR,46.2,,,,,-0.9769094138543468,,,,,,,47.96,38.7,,,,,,,,15.2,63.7,,,,,,,,,,,,,,,,,,,,
MCARD,161.0,156.0,165.1,150.0,4046308.0,3.938024531956097,651455588.0,,5.1675207519288335,15.0,,,,20.78019504876218,,,,1.2615444275049252,,32.79,2026-09-02,,40.5,0.48,46.1,NÖTR,46.1,,,,,2.5477707006369426,,,,,,,180.9,126.4,,,,,,,,27.4,63.5,,,,,,,,,,,,,,,,,,,,
BORSK,6.55,6.27,6.75,6.12,19078655.0,2.664576802507836,124965190.25,,0.8056035569549416,-5.50180500365222,,,,15.929203539822998,,,,2.8086116277770192,,30.22,2026-09-02,,34.0,3.35,46.0,NÖTR,-0.4,,,,,3.47551342812006,,,,,,,6.75,5.57,,,,,,,,17.6,83.1,,,,,,,,,,,,,,,,,,,,
ALTNY,17.45,17.49,17.71,17.12,20845226.0,0.2873563218390845,363749193.7,,3.245086808396685,0.613912372658328,,,,13.385315139701095,,,,0.5523362580746902,,23.32,2026-09-02,,16.4,-0.83,45.4,NÖTR,45.4,,,,,-6.182795698924743,,,,,,,19.73,15.19,,,,,,,,14.9,49.8,,,,,,,,,,,,,,,,,,,,
GUBRF,475.75,466.25,479.0,460.75,2588511.0,1.0084925690021231,1231484108.25,,4.461284955093639,23.5062247678353,,,,18.19875776397516,,,,0.5658452658375013,,38.03,2026-09-02,,53.8,-0.8,44.6,NÖTR,44.6,,,,,-1.602895553257497,,,,,,,508.0,404.25,,,,,,,,17.7,68.9,,,,,,,,,,,,,,,,,,,,
DURKN,22.8,21.7,23.4,20.7,3302465.0,5.069124423963141,75296202.0,,1.1170294072689215,-0.387262308044991,,,,25.20593080724876,,,,1.1936471060320102,,35.56,2026-09-02,,47.6,0.36,44.6,NÖTR,0.0,,,,,-1.3840830449827002,,,,,,,24.34,17.48,,,,,,,,30.4,77.6,,,,,,,,,,,,,,,,,,,,
KGYO,11.89,11.75,12.3,10.7,38083314.0,1.1914893617021325,452810603.46,,8.24114890903546,-46.8242068023256,,,,11.95856873822977,,,,1.7265976495742468,,33.65,2026-09-02,,42.7,1.34,44.4,NÖTR,44.4,,,,,-7.036747458952296,,,,,,,14.0,8.65,,,,,,,,37.5,60.6,,,,,,,,,,,,,,,,,,,,
CVKMD,16.22,16.09,16.33,15.56,28186273.0,0.3712871287128634,457181348.06,,4.662098461679965,3.62597150686481,,,,10.373833861657886,,,,0.6971737299419457,,40.0,2026-09-02,,58.9,-0.56,42.9,NÖTR,42.9,,,,,0.309214594928863,,,,,,,17.56,14.32425696,,,,,,,,13.2,58.6,,,,,,,,,,,,,,,,,,,,
AKFIS,17.54,17.0,18.14,16.22,22334220.0,3.176470588235289,391742218.8,,1.7660782088704652,4.59804438160996,,,,14.577887338509472,,,,0.8655983986455589,,30.5,2026-09-02,,34.7,-0.25,41.6,NÖTR,41.6,,,,,-3.040353786622448,,,,,,,19.52,14.2333618,,,,,,,,23.2,62.5,,,,,,,,,,,,,,,,,,,,
TRENJ,107.0,103.1,107.1,101.9,1268207.0,2.8846153846153846,135698149.0,,1.7533662583835896,12.7553176698714,,,,16.304347826086957,,,,0.4903082688939054,,46.92,2026-09-02,,76.5,-0.94,41.2,NÖTR,41.2,,,,,2.001906577693036,,,,,,,112.5,91.65,,,,,,,,16.7,73.6,,,,,,,,,,,,,,,,,,,,
EKGYO,20.06,19.6,20.1,19.33,99347451.0,1.5696202531645504,1992909867.06,,0.4770416001202354,-1.37263805388322,,,,10.82872928176794,,,,0.7389244462521752,,45.09,2026-09-02,,71.8,-0.48,40.3,NÖTR,40.3,,,,,-0.4960317460317531,,,,,,,21.08,17.47,,,,,,,,14.8,71.7,,,,,,,,,,,,,,,,,,,,
AHGAZ,38.7,38.54,39.04,38.16,5437279.0,0.5194805194805269,210422697.3,,1.632420288748575,10.5587550611099,,,,15.24717093508042,,,,0.8873776009707025,,26.36,2026-09-02,,24.2,-0.21,40.1,NÖTR,-10.7,,,,,9.631728045325795,,,,,,,39.04,31.54,,,,,,,,22.7,95.5,,,,,,,,,,,,,,,,,,,,
TURGG,29.24,30.12,31.6,28.66,4159998.0,1.1065006915629207,121638341.52,,1.4009749328979004,11.1212233891846,,,,12.461538461538456,,,,5.379112533933026,,3.05,2026-09-02,,5.0,5.0,39.4,NÖTR,-11.6,,,,,8.29629629629629,,,,,,,31.6,25.78,,,,,,,,13.4,59.5,,,,,,,,,,,,,,,,,,,,
INDES,11.69,11.6,11.8,11.4,5606317.0,1.2998266897747,65537845.73,,1.033817963139835,12.5280970462568,,,,15.285996055226812,,,,0.5278060832227435,,32.6,2026-09-02,,40.0,-0.87,36.8,NÖTR,36.8,,,,,-2.17573221757322,,,,,,,12.15,9.82,,,,,,,,19.0,80.3,,,,,,,,,,,,,,,,,,,,
CANTE,1.33,1.3,1.38,1.29,489570850.0,2.3076923076923097,651129230.5,,0.4192092389933936,-8.69874510729253,,,,9.917355371900836,,,,1.214809936941928,,16.89,2026-09-02,,6.8,0.4,35.7,NÖTR,35.7,,,,,9.01639344262296,,,,,,,1.43,1.18,,,,,,,,12.7,60.0,,,,,,,,,,,,,,,,,,,,
MANAS,35.4,33.78,36.36,33.78,28502628.0,4.795737122557719,1008993031.2,,20.30538379469765,-89.1081959171501,,,,23.25905292479109,,,,1.0389714064141635,,27.16,2026-09-02,,26.2,0.07,35.4,NÖTR,-2.2,,,,,5.797967722653908,,,,,,,36.36,29.9,,,,,,,,18.4,85.1,,,,,,,,,,,,,,,,,,,,
SOKM,57.1,56.45,58.2,55.95,5212767.0,0.972590627763049,297648995.7,,0.8459617696394247,-6.73875323563156,,,,11.08949416342413,,,,1.0005027688755452,,20.62,2026-09-02,,9.6,0.0,35.2,NÖTR,-1.0,,,,,-1.721170395869191,,,,,,,61.1,49.12,,,,,,,,16.2,66.6,,,,,,,,,,,,,,,,,,,,
DMRGD,11.35,11.1,11.52,10.8,26623576.0,2.2522522522522523,302177587.6,,7.959996633657811,8.63924314081493,,,,-3.9763113367174334,,,,0.7329462254442553,,34.78,2026-09-02,,45.6,-0.49,34.9,NÖTR,34.9,,,,,-2.742073693230508,,,,,,,12.15,10.1,,,,,,,,12.4,61.0,,,,,,,,,,,,,,,,,,,,
OBAMS,5.52,5.44,5.63,5.37,55521531.0,0.3636363636363559,306478851.12,,1.2299547456868027,-14.3548373047789,,,,11.74089068825909,,,,0.8751639541433099,,24.31,2026-09-02,,19.0,-0.23,34.4,NÖTR,34.4,,,,,-0.540540540540545,,,,,,,5.92,4.69,,,,,,,,17.7,67.5,,,,,,,,,,,,,,,,,,,,
CEMZY,14.9,14.83,14.9,13.57,43516972.0,0.3367003367003415,648402882.8000001,,7.787877045624415,-10.5562382232943,,,,23.1404958677686,,,,0.4089780968606991,,48.0,2026-09-02,,79.2,-1.09,33.2,NÖTR,33.2,,,,,-12.814511410181389,,,,,,,18.63,12.02,,,,,,,,24.0,43.6,,,,,,,,,,,,,,,,,,,,
IEYHO,210.5,208.5,212.1,208.4,1025822.0,0.9592326139088728,215935531.0,,55.4608520156924,-36.4314001799013,,,,26.27474505098981,,,,0.7860482718917757,,23.78,2026-09-02,,17.6,-0.4,29.9,NÖTR,-7.8,,,,,10.498687664041997,,,,,,,212.1,167.9,,,,,,,,25.4,96.4,,,,,,,,,,,,,,,,,,,,
AYDEM,26.4,26.82,26.9,26.08,2285630.0,0.3802281368821211,60340632.0,,0.3748446843829055,4.67445652072496,,,,12.531969309462903,,,,0.5773723481631825,,13.85,2026-09-02,,5.5,-0.78,29.3,NÖTR,0.0,,,,,-7.042253521126761,,,,,,,29.16,22.92,,,,,,,,15.2,55.8,,,,,,,,,,,,,,,,,,,,
GESAN,74.65,74.65,74.65,74.65,1561883.0,-9.951749095295536,116594565.95,,1.9935027565883727,11.7816297467189,,,,-0.9289980092899652,,,,0.1150733426484396,,20.0,2026-09-02,,8.0,-1.64,0.0,🪤 DÜŞEN BIÇAK (SERBEST DÜŞÜŞ),0.0,,,,,-16.731734523145565,,,,,,,97.2,74.65,,,,,,,,0.0,0.0,,,,,,,,,,,,,,,,,,,,
OTKAR,316.5,321.0,325.0,316.0,369507.0,-1.4018691588785046,116948965.5,,6.894798446415653,-79.6834177193629,,,,9.705372616984402,,,,0.7538791396514757,,4.89,2026-09-02,,5.0,-0.46,0.0,NÖTR,-31.0,,,,,-4.954954954954955,,,,,,,339.25,270.0,,,,,,,,17.2,67.1,,,,,,,,,,,,,,,,,,,,
TARKM,530.0,548.5,548.5,519.0,221623.0,-3.636363636363636,117460190.0,,3.4328988427698,15.0,,,,14.409066378845116,,,,0.8728717098396619,,12.88,2026-09-02,,5.2,-0.24,0.0,🚨 KURUMSAL BOŞALTIM,0.0,,,,,1.4354066985645932,,,,,,,584.0,430.25,,,,,,,,23.2,64.9,,,,,,,,,,,,,,,,,,,,
ARSAN,3.97,4.08,4.17,3.97,29817737.0,-2.696078431372546,118376415.89,,0.4894925552744364,3.41929168367491,,,,16.76470588235295,,,,0.623484169754545,,8.0,2026-09-02,,5.0,-0.7,0.0,🚨 KURUMSAL BOŞALTIM,0.0,,,,,-7.0257611241217655,,,,,,,4.57,3.26,,,,,,,,21.8,54.2,,,,,,,,,,,,,,,,,,,,
TOASO,260.5,268.0,268.0,257.0,4049808.0,-2.798507462686567,1054974984.0,,1.981265066265901,22.3064749598506,,,,-5.358764759309718,,,,1.158731014365168,,9.82,2026-09-02,,5.0,0.29,0.0,🚨 KURUMSAL BOŞALTIM,0.0,,,,,-5.701357466063349,,,,,,,286.5,257.0,,,,,,,,1.4,11.9,,,,,,,,,,,,,,,,,,,,
MAVI,36.86,37.1,37.26,36.54,3234127.0,-0.593311758360299,119209921.22,,1.8403388699939889,14.613450639407,,,,-5.777096114519423,,,,0.7718502057482348,,16.89,2026-09-02,,6.8,-0.42,0.0,NÖTR,-42.5,,,,,-4.7052740434333,,,,,,,39.66,36.54,,,,,,,,0.9,10.3,,,,,,,,,,,,,,,,,,,,
KORDS,83.55,83.7,86.15,81.3,1462074.0,-0.1792114695340569,122156282.7,,0.9353357765878568,-2.58214137010517,,,,24.33035714285713,,,,0.7204759749685214,,17.98,2026-09-02,,7.2,-0.52,0.0,NÖTR,0.0,,,,,-5.056818181818185,,,,,,,98.9,67.05,,,,,,,,24.6,51.8,,,,,,,,,,,,,,,,,,,,
DAGI,9.92,10.5,10.73,9.78,11887909.0,-6.503298774740807,117928057.28,,2.154152171741519,-5.93450154384257,,,,10.590858416945364,,,,1.3995841926916344,,0.25,2026-09-02,,5.0,0.74,0.0,🚨 KURUMSAL BOŞALTIM,-37.7,,,,,-8.148148148148156,,,,,,,11.25,9.01,,,,,,,,10.1,40.6,,,,,,,,,,,,,,,,,,,,
TGSAS,219.9,232.6,233.0,219.9,472759.0,-5.460017196904553,103959704.1,,9.14626537895236,19.8764898445464,,,,17.40523224773091,,,,0.3658897413899521,,8.0,2026-09-02,,5.0,-1.17,0.0,🚨 KURUMSAL BOŞALTIM,0.0,,,,,-7.991631799163178,,,,,,,280.75,169.6,,,,,,,,29.7,45.3,,,,,,,,,,,,,,,,,,,,
SURGY,30.28,30.84,31.26,30.14,3839053.0,-1.174934725848562,116246524.84,,0.4749528262673382,-5.13041368419097,,,,-56.11594202898551,,,,0.5671760025960613,,1.0,2026-09-02,,5.0,-0.8,0.0,🪤 DÜŞEN BIÇAK (SERBEST DÜŞÜŞ),0.0,,,,,-9.341317365269454,,,,,,,68.3,30.14,,,,,,,,0.5,0.4,,,,,,,,,,,,,,,,,,,,
AKFYE,22.76,22.8,22.94,22.36,5041974.0,-0.0877963125548708,114755328.24,,0.3895085962288175,4.46642791828936,,,,-5.716652858326424,,,,0.6752256580430719,,30.62,2026-09-02,,35.0,-0.6,0.0,NÖTR,-53.1,,,,,-3.803888419273029,,,,,,,24.8,22.28,,,,,,,,2.2,19.0,,,,,,,,,,,,,,,,,,,,
DOAS,161.7,164.2,164.2,161.1,709265.0,-1.5225334957369063,114688150.5,,0.4785224080324765,3.74584386729599,,,,-15.118110236220478,,,,0.825133170245251,,2.84,2026-09-02,,5.0,-0.32,0.0,🪤 DÜŞEN BIÇAK (SERBEST DÜŞÜŞ),-51.3,,,,,-2.88288288288289,,,,,,,198.2,161.1,,,,,,,,0.4,1.6,,,,,,,,,,,,,,,,,,,,
ENTRA,4.22,4.28,4.37,4.14,27018493.0,-1.170960187353626,114018040.46,,0.3862321951076645,-3.45977639372669,,,,-20.37735849056604,,,,1.8539781495047385,,11.48,2026-09-02,,5.0,1.58,0.0,🪤 DÜŞEN BIÇAK (SERBEST DÜŞÜŞ),0.0,,,,,-6.843267108167781,,,,,,,5.1,4.14,,,,,,,,1.9,8.3,,,,,,,,,,,,,,,,,,,,
ECOGR,33.34,33.58,33.58,32.24,3201855.0,-0.7738095238095178,106749845.70000002,,0.9130029252241294,15.0,,,,-7.388888888888879,,,,0.4531623666682372,,37.97,2026-09-02,,53.7,-1.01,0.0,NÖTR,0.0,,,,,-7.696566998892565,,,,,,,38.02,32.24,,,,,,,,3.4,19.0,,,,,,,,,,,,,,,,,,,,
ESCOM,5.19,5.33,5.34,5.1,20485160.0,-3.1716417910447747,106317980.4,,0.8583123165336751,47.8896582322058,,,,-2.9906542056074628,,,,0.9695596431279756,,13.0,2026-09-02,,5.2,-0.06,0.0,🚨 KURUMSAL BOŞALTIM,0.0,,,,,-7.155635062611797,,,,,,,6.27,5.1,,,,,,,,1.8,7.7,,,,,,,,,,,,,,,,,,,,
SAYAS,55.25,56.6,57.5,54.95,1908916.0,-2.557319223985896,105467609.0,,2.717446102346152,14.896745544339,,,,13.917525773195877,,,,0.5663418409394105,,1.41,2026-09-02,,5.0,-0.8,0.0,🚨 KURUMSAL BOŞALTIM,0.0,,,,,-11.387329591018446,,,,,,,64.95,47.78,,,,,,,,15.6,43.5,,,,,,,,,,,,,,,,,,,,
HDFGS,2.45,2.51,2.52,2.43,42924169.0,-2.3904382470119367,105164214.05,,0.6405044560810016,17.3728281583495,,,,-6.130268199233705,,,,0.8874501559940191,,4.44,2026-09-02,,5.0,-0.21,0.0,🚨 KURUMSAL BOŞALTIM,-85.0,,,,,-2.3904382470119367,,,,,,,2.81,2.4,,,,,,,,2.1,12.2,,,,,,,,,,,,,,,,,,,,
ORGE,23.12,23.32,23.74,22.92,4528305.0,-1.784197111299907,104694411.6,,1.7761266150883186,20.2060622539078,,,,13.333333333333345,,,,0.6150855879858899,,5.66,2026-09-02,,5.0,-0.71,0.0,🚨 KURUMSAL BOŞALTIM,0.0,,,,,-1.6170212765957404,,,,,,,25.0,18.93,,,,,,,,22.1,69.0,,,,,,,,,,,,,,,,,,,,
KBORU,18.76,19.5,19.7,18.75,5546533.0,-3.5971223021582697,104052959.08,,1.9823804839079529,5.83779784694285,,,,-24.17138237671785,,,,0.3115300987368454,,7.41,2026-09-02,,5.0,-1.27,0.0,🪤 DÜŞEN BIÇAK (SERBEST DÜŞÜŞ),0.0,,,,,-21.110176619007564,,,,,,,25.06,18.75,,,,,,,,0.1,0.2,,,,,,,,,,,,,,,,,,,,
TKNSA,16.83,16.93,17.42,16.11,7250396.0,-0.4142011834319544,122024164.68,,2.0,-526.035964670245,,,,3.6330049261083737,,,,0.4765012851490706,,22.78,2026-09-02,,15.1,-0.97,0.0,NÖTR,0.0,,,,,-17.2566371681416,,,,,,,23.0,15.73,,,,,,,,7.0,15.1,,,,,,,,,,,,,,,,,,,,
BESTE,31.88,32.02,32.3,31.06,5340333.0,-0.3750000000000031,170249816.04,,1.195341617235716,15.0,,,,13.857142857142852,,,,0.6122559462367323,,29.03,2026-09-02,,31.0,-0.72,0.0,NÖTR,-37.3,,,,,-5.791962174940911,,,,,,,36.7,26.96,,,,,,,,18.2,50.5,,,,,,,,,,,,,,,,,,,,
GSRAY,1.03,1.05,1.05,1.03,164961233.0,-2.830188679245285,169910069.99,,0.8160484241550333,4.47213247689932,,,,5.102040816326535,,,,0.5101879453641339,,8.0,2026-09-02,,5.0,-0.91,0.0,🚨 KURUMSAL BOŞALTIM,0.0,,,,,-8.849557522123883,,,,,,,1.17,0.96,,,,,,,,7.3,33.3,,,,,,,,,,,,,,,,,,,,
MEGMT,44.84,45.0,45.24,44.0,3777769.0,-0.3555555555555479,169395161.96,,2.3574601468838576,26.7210478100631,,,,-35.01449275362318,,,,0.3371076138197052,,29.94,2026-09-02,,33.3,-1.23,0.0,🪤 DÜŞEN BIÇAK (SERBEST DÜŞÜŞ),0.0,,,,,-4.433077578857627,,,,,,,73.9,43.92,,,,,,,,2.1,3.1,,,,,,,,,,,,,,,,,,,,
DUNYH,135.6,134.9,141.3,128.5,1201317.0,-1.8102824040550327,162898585.2,,2.8872484756243617,46.43083034837,,,,-10.198675496688743,,,,1.140867778496053,,23.06,2026-09-02,,15.8,0.26,0.0,🚨 KURUMSAL BOŞALTIM,0.0,,,,,-14.716981132075476,,,,,,,171.0,128.5,,,,,,,,5.5,16.7,,,,,,,,,,,,,,,,,,,,
UCAYM,22.54,22.46,23.98,21.88,7172983.0,0.0,161679036.82,,2.358712691213743,15.0,,,,-12.972972972972972,,,,1.0888838584585467,,9.6,2026-09-02,,5.0,0.16,0.0,NÖTR,0.0,,,,,-13.307692307692312,,,,,,,28.92,21.88,,,,,,,,3.0,9.4,,,,,,,,,,,,,,,,,,,,
HUNER,3.88,3.98,3.99,3.86,39717956.0,-2.267002518891695,154105669.28,,0.7599766522636727,-6.91801127402945,,,,13.45029239766082,,,,0.7768388253827209,,0.62,2026-09-02,,5.0,-0.41,0.0,🚨 KURUMSAL BOŞALTIM,0.0,,,,,0.5181347150259072,,,,,,,4.15,3.37,,,,,,,,15.1,65.4,,,,,,,,,,,,,,,,,,,,
EDIP,36.0,37.02,39.2,36.0,4250206.0,-4.9630411826821605,153007416.0,,0.3077488861413752,8.51349643680434,,,,7.270560190703211,,,,1.2163976769361429,,8.0,2026-09-02,,5.0,0.4,0.0,🚨 KURUMSAL BOŞALTIM,0.0,,,,,1.637492941840763,,,,,,,43.94,33.6,,,,,,,,7.1,23.2,,,,,,,,,,,,,,,,,,,,
ALVES,1.31,1.3,1.35,1.3,116443027.0,-5.072463768115931,152540365.37,,0.6480047883101915,2.75376786750353,,,,-40.45454545454546,,,,0.7971205165581261,,3.2,2026-09-02,,5.0,-0.38,0.0,🪤 DÜŞEN BIÇAK (SERBEST DÜŞÜŞ),0.0,,,,,-27.22222222222222,,,,,,,2.17,1.3,,,,,,,,0.8,1.1,,,,,,,,,,,,,,,,,,,,
PEKGY,12.77,12.77,12.77,12.77,11927544.0,-9.94358251057828,152314736.88,,7.686982693754703,19.442707708089,,,,-13.48238482384824,,,,0.0875986753207901,,20.0,2026-09-02,,8.0,-1.69,0.0,🪤 DÜŞEN BIÇAK (SERBEST DÜŞÜŞ),0.0,,,,,-15.653896961690892,,,,,,,18.05,12.77,,,,,,,,0.0,0.0,,,,,,,,,,,,,,,,,,,,
KCAER,15.3,15.33,15.39,14.89,9880723.0,-0.3906249999999917,151175061.9,,1.9721120159625067,5.08161965165783,,,,1.391650099403584,,,,0.685844621165001,,37.92,2026-09-02,,53.6,-0.58,0.0,NÖTR,0.0,,,,,-5.730129390018482,,,,,,,16.9,14.14,,,,,,,,8.2,42.0,,,,,,,,,,,,,,,,,,,,
EKDMR,46.6,47.1,47.26,45.42,3231544.0,-1.9360269360269395,150589950.4,,0.8755419059532716,15.0,,,,-5.130293159609113,,,,0.3547071784203635,,27.91,2026-09-02,,28.1,-1.19,0.0,🚨 KURUMSAL BOŞALTIM,0.0,,,,,-1.4799154334037965,,,,,,,49.58,42.5,,,,,,,,9.6,57.9,,,,,,,,,,,,,,,,,,,,
ESEN,3.37,3.54,3.55,3.35,44519161.0,-5.07042253521126,150029572.57,,0.3850992859093657,-4.23149320297435,,,,0.0,,,,1.2994304356551938,,2.4,2026-09-02,,5.0,0.55,0.0,🚨 KURUMSAL BOŞALTIM,0.0,,,,,-5.337078651685391,,,,,,,3.82,3.31,,,,,,,,1.8,11.8,,,,,,,,,,,,,,,,,,,,
TRGYO,93.95,93.9,93.95,91.9,1430750.0,-0.4766949152542403,134418962.5,,0.6077926587962639,6.70791745653675,,,,0.1599147121535241,,,,0.8277524526378937,,48.0,2026-09-02,,79.2,-0.32,0.0,NÖTR,0.0,,,,,-2.692905230450538,,,,,,,98.65,89.1,,,,,,,,5.4,50.8,,,,,,,,,,,,,,,,,,,,
SKTAS,3.25,3.4,3.42,3.24,44984104.0,-3.2738095238095206,146198338.0,,0.6130097647740069,-4.33754404839619,,,,2.201257861635215,,,,2.5096463611617725,,4.89,2026-09-02,,5.0,2.79,0.0,🚨 KURUMSAL BOŞALTIM,-84.1,,,,,-0.3067484662576621,,,,,,,3.52,3.05,,,,,,,,6.6,42.6,,,,,,,,,,,,,,,,,,,,
ARCLK,90.25,90.25,90.95,89.35,1617247.0,0.0,145956541.75,,0.7844245018578475,-3.20926092758056,,,,-7.625383828045038,,,,0.8733248642219645,,23.5,2026-09-02,,16.9,-0.23,0.0,NÖTR,0.0,,,,,-2.273957769355706,,,,,,,100.8,89.35,,,,,,,,1.0,7.9,,,,,,,,,,,,,,,,,,,,
PRZMA,79.0,86.05,87.0,79.0,1845729.0,-9.195402298850574,145812591.0,,12.266756933434989,-25.8732914584295,,,,18.529632408102017,,,,0.3075980661539938,,8.0,2026-09-02,,5.0,-1.28,0.0,🚨 KURUMSAL BOŞALTIM,0.0,,,,,1.804123711340213,,,,,,,95.45,56.2,,,,,,,,40.6,58.1,,,,,,,,,,,,,,,,,,,,
BLUME,41.0,40.9,41.74,38.92,3533588.0,0.0,144877108.0,,12.266267763649964,-18.5931565572064,,,,20.58823529411765,,,,0.9565215931909808,,33.3,2026-09-02,,41.8,-0.08,0.0,NÖTR,0.0,,,,,0.0976562499999979,,,,,,,45.32,31.32,,,,,,,,30.9,69.1,,,,,,,,,,,,,,,,,,,,
TATEN,8.18,8.32,8.34,8.02,17666908.0,-1.6826923076923146,144515307.44,,1.6025232885031688,4.26432907206956,,,,-29.054640069384213,,,,0.4374817733550614,,20.0,2026-09-02,,8.0,-1.04,0.0,🪤 DÜŞEN BIÇAK (SERBEST DÜŞÜŞ),0.0,,,,,-10.893246187363834,,,,,,,11.2,8.02,,,,,,,,2.0,5.0,,,,,,,,,,,,,,,,,,,,
TUKAS,1.98,2.0,2.02,1.98,71665603.0,-1.4925373134328264,141897893.94,,0.4439014000829513,-7.59984024912718,,,,-1.0000000000000009,,,,1.2421886637566666,,8.0,2026-09-02,,5.0,0.45,0.0,NÖTR,0.0,,,,,-1.0000000000000009,,,,,,,2.07,1.93,,,,,,,,2.6,35.7,,,,,,,,,,,,,,,,,,,,
OFSYM,69.7,69.0,71.0,67.6,2032650.0,1.0144927536231925,141675705.0,,2.0121740862578905,7.86971394507022,,,,38.019801980198025,,,,0.6364747418647386,,26.59,2026-09-02,,24.8,-0.67,0.0,🪤 DÜŞEN BIÇAK (SERBEST DÜŞÜŞ),-50.7,,,,,8.566978193146417,,,,,,,71.0,49.9,,,,,,,,39.7,93.8,,,,,,,,,,,,,,,,,,,,
ECZYT,304.75,317.0,317.0,304.0,463830.0,-3.2539682539682544,141352192.5,,1.0173475873939968,-1.54210473736186,,,,-3.636363636363636,,,,1.5167488867103065,,4.77,2026-09-02,,5.0,0.96,0.0,🪤 DÜŞEN BIÇAK (SERBEST DÜŞÜŞ),0.0,,,,,-6.302843966179862,,,,,,,336.5,304.0,,,,,,,,0.2,2.3,,,,,,,,,,,,,,,,,,,,
HKTM,13.1,13.6,13.7,13.01,10544621.0,-3.6764705882352944,138134535.1,,1.3281181883251314,-21.9504766782517,,,,21.18408880666049,,,,0.4009178211354058,,0.7,2026-09-02,,5.0,-1.11,0.0,🚨 KURUMSAL BOŞALTIM,0.0,,,,,-4.449307075127653,,,,,,,16.22,10.89,,,,,,,,20.3,41.5,,,,,,,,,,,,,,,,,,,,
PATEK,19.56,19.58,19.9,19.45,8711160.0,-0.204081632653075,170390289.6,,3.481263292783854,-16.4083014952765,,,,2.4083769633507712,,,,0.3882521626297867,,5.69,2026-09-02,,5.0,-1.13,0.0,NÖTR,0.0,,,,,-12.050359712230216,,,,,,,23.5,18.7,,,,,,,,4.6,17.9,,,,,,,,,,,,,,,,,,,,
BIOEN,18.9,19.2,19.3,18.51,7117482.0,-2.4767801857585163,134520409.79999998,,2.888578803944973,-18.1089486566153,,,,8.683151236342715,,,,0.6717132125855904,,19.65,2026-09-02,,7.9,-0.61,0.0,🚨 KURUMSAL BOŞALTIM,-37.7,,,,,-6.52818991097923,,,,,,,20.9,16.78,,,,,,,,12.6,51.5,,,,,,,,,,,,,,,,,,,,
MEYSU,11.57,11.65,12.21,11.38,11614838.0,-0.6866952789699576,134383675.66,,2.0332275422373587,15.0,,,,7.627906976744189,,,,0.7255119241999555,,4.82,2026-09-02,,5.0,-0.51,0.0,NÖTR,0.0,,,,,-7.365892714171337,,,,,,,13.12,10.5,,,,,,,,10.2,40.8,,,,,,,,,,,,,,,,,,,,
PAPIL,12.75,12.95,13.6,12.59,9941121.0,-1.7719568567026227,126749292.75,,7.632216934542516,15.0,,,,10.19878997407087,,,,0.9563458217917366,,0.87,2026-09-02,,5.0,-0.08,0.0,🚨 KURUMSAL BOŞALTIM,0.0,,,,,-3.2625189681335334,,,,,,,14.43,11.1,,,,,,,,14.9,49.5,,,,,,,,,,,,,,,,,,,,
TNZTP,31.06,32.0,32.42,30.4,4825984.0,-2.937500000000004,149895063.04,,1.3036742543642237,5.50175919999278,,,,9.443269908386188,,,,0.988257127828166,,10.3,2026-09-02,,5.0,-0.02,0.0,🚨 KURUMSAL BOŞALTIM,0.0,,,,,7.772380291464255,,,,,,,32.5,25.7,,,,,,,,20.9,78.8,,,,,,,,,,,,,,,,,,,,
SNGYO,3.36,3.37,3.39,3.27,20955941.0,-0.2967359050445172,70411961.75999999,,0.2195607738994516,-0.248871296514052,,,,5.993690851735014,,,,1.1031604535762574,,34.0,2026-09-02,,43.6,0.19,0.0,NÖTR,0.0,,,,,0.5988023952095815,,,,,,,3.72,3.1,,,,,,,,8.4,41.9,,,,,,,,,,,,,,,,,,,,
ANHYT,103.8,104.7,104.7,102.3,678154.0,-0.8595988538682002,70392385.2,,3.2092971917412845,59.1213734569589,,,,-11.282051282051285,,,,1.023513582246223,,27.0,2026-09-02,,25.8,0.04,0.0,NÖTR,0.0,,,,,-1.2369172216936224,,,,,,,122.5,102.3,,,,,,,,1.5,7.4,,,,,,,,,,,,,,,,,,,,
BORLS,3.88,4.05,4.18,3.88,18069972.0,-6.053268765133172,70111491.36,,2.0,-2642.0879968264,,,,-28.14814814814816,,,,1.0515054284561027,,8.0,2026-09-02,,5.0,0.1,0.0,🪤 DÜŞEN BIÇAK (SERBEST DÜŞÜŞ),0.0,,,,,-14.725274725274726,,,,,,,5.77,3.88,,,,,,,,0.0,0.0,,,,,,,,,,,,,,,,,,,,
AKENR,10.36,10.48,10.58,10.21,6745918.0,-1.1450381679389408,69887710.47999999,,0.4751559047982032,-26.5432289814888,,,,3.0845771144278475,,,,0.6255875155177022,,14.7,2026-09-02,,5.9,-0.69,0.0,NÖTR,0.0,,,,,-0.3846153846153934,,,,,,,11.74,9.79,,,,,,,,5.8,29.2,,,,,,,,,,,,,,,,,,,,
PETKM,19.95,20.62,20.8,19.59,99240913.0,-2.3016650342801293,1979856214.35,,0.6720267112932826,-3.27338734505416,,,,5.055292259083733,,,,1.508619330751276,,8.66,2026-09-02,,5.0,0.94,0.0,🚨 KURUMSAL BOŞALTIM,-33.7,,,,,1.475076297049843,,,,,,,21.08,18.2,,,,,,,,9.6,60.8,,,,,,,,,,,,,,,,,,,,
HOROZ,57.6,57.8,58.1,56.55,1082693.0,-1.538461538461536,62363116.8,,1.1836425531005477,-1.57077415257944,,,,3.9711191335740126,,,,0.5000730230498804,,29.94,2026-09-02,,33.3,-0.92,0.0,🚨 KURUMSAL BOŞALTIM,-55.5,,,,,-9.076558800315706,,,,,,,72.0,55.0,,,,,,,,4.7,15.3,,,,,,,,,,,,,,,,,,,,
LINK,5.21,5.24,5.26,5.15,11964380.0,-0.95057034220532,62334419.8,,2.153123889343483,21.8633290097379,,,,-9.861591695501737,,,,0.8282100654189751,,22.55,2026-09-02,,14.5,-0.32,0.0,NÖTR,0.0,,,,,-7.460035523978685,,,,,,,6.25,5.15,,,,,,,,1.2,5.5,,,,,,,,,,,,,,,,,,,,
RUBNS,32.38,32.8,32.9,31.16,1898943.0,-1.580547112461994,61487774.34,,0.48996042638965,-0.61429113510575,,,,41.27399650959861,,,,0.6505678438952088,,31.26,2026-09-02,,36.6,-0.65,0.0,🪤 DÜŞEN BIÇAK (SERBEST DÜŞÜŞ),0.0,,,,,3.7820512820512926,,,,,,,37.5,23.2,,,,,,,,39.6,64.2,,,,,,,,,,,,,,,,,,,,
HATSN,65.65,68.05,70.0,65.65,921983.0,-9.945130315500684,60528183.95,,2.250022191764953,-12.8421185393824,,,,15.989399293286226,,,,0.0814770833921924,,8.0,2026-09-02,,5.0,-1.7,0.0,🚨 KURUMSAL BOŞALTIM,0.0,,,,,-14.573845152895236,,,,,,,92.0,49.5,,,,,,,,32.6,38.0,,,,,,,,,,,,,,,,,,,,
DOHOL,21.58,21.46,21.7,21.16,2745317.0,-0.2772643253234855,59243940.85999999,,0.5393293022758296,7.04256791810812,,,,2.9580152671755604,,,,0.2354554479334427,,35.56,2026-09-02,,47.6,-1.41,0.0,NÖTR,0.0,,,,,2.2748815165876626,,,,,,,22.86,20.38,,,,,,,,5.9,48.4,,,,,,,,,,,,,,,,,,,,
EREGL,37.6,37.5,38.06,37.16,158433129.0,-0.4764425622022226,5957085650.400001,,0.7931743131342495,2.6359373238076,,,,-12.108461898083217,,,,0.8725480975355855,,19.38,2026-09-02,,7.8,-0.24,0.0,NÖTR,0.0,,,,,-2.032308494007298,,,,,,,42.26,36.24,,,,,,,,3.8,22.6,,,,,,,,,,,,,,,,,,,,
SAHOL,92.5,92.45,93.05,89.4,40425391.0,-0.7510729613733936,3739348667.5,,0.4633296844659732,5.37074515641721,,,,7.8088578088578116,,,,1.041273581105761,,39.56,2026-09-02,,57.7,0.08,0.0,NÖTR,0.0,,,,,-1.490947816826417,,,,,,,96.5,85.6,,,,,,,,8.1,63.3,,,,,,,,,,,,,,,,,,,,
GARAN,132.0,132.0,132.7,128.0,28116924.0,-0.6772009029345415,3711433968.0,,1.139196033112286,27.6614090398923,,,,5.6,,,,0.7457103372302972,,39.66,2026-09-02,,58.0,-0.47,0.0,NÖTR,-74.6,,,,,-0.9009009009008924,,,,,,,137.3,123.5,,,,,,,,6.9,61.6,,,,,,,,,,,,,,,,,,,,
KATMR,1.99,2.01,2.02,1.98,91957928.0,-0.9950248756218804,182996276.72,,0.4080870968601902,5.30778394831394,,,,-10.762331838565023,,,,1.3140053818677888,,6.0,2026-09-02,,5.0,0.58,0.0,NÖTR,0.0,,,,,-5.238095238095243,,,,,,,2.32,1.98,,,,,,,,0.5,2.9,,,,,,,,,,,,,,,,,,,,
HALKB,44.96,40.52,44.96,40.2,82057057.0,9.980430528375727,3689285282.72,,1.37646122717519,15.2318624552132,,,,18.1913774973712,,,,1.6418992180041465,,48.0,2026-09-02,,79.2,1.19,0.0,🪤 DÜŞEN BIÇAK (SERBEST DÜŞÜŞ),0.0,,,,,23.856749311294777,,,,,,,46.68,32.14,,,,,,,,39.9,88.2,,,,,,,,,,,,,,,,,,,,
SASA,2.27,2.35,2.35,2.27,1952244670.0,-3.813559322033892,4431595400.9,,0.5541721595625214,-7.49333452261489,,,,-8.835341365461856,,,,0.8977309074191852,,8.0,2026-09-02,,5.0,-0.19,0.0,🚨 KURUMSAL BOŞALTIM,-63.1,,,,,-2.5751072961373414,,,,,,,2.62,2.22,,,,,,,,2.3,12.5,,,,,,,,,,,,,,,,,,,,
PSDTC,163.1,168.9,175.0,163.1,407164.0,-3.775811209439532,66408448.4,,4.625871640712435,12.6675979739311,,,,1.0532837670384068,,,,0.6633002397833854,,8.0,2026-09-02,,5.0,-0.62,0.0,🚨 KURUMSAL BOŞALTIM,0.0,,,,,1.6199376947040462,,,,,,,196.3,139.9,,,,,,,,16.6,41.1,,,,,,,,,,,,,,,,,,,,
YYLGD,9.99,10.04,10.07,9.91,6639381.0,-0.4980079681274794,66327416.190000005,,0.5993409049867683,16.5320333566852,,,,1.5243902439024426,,,,0.8713924532687988,,20.0,2026-09-02,,8.0,-0.24,0.0,NÖTR,0.0,,,,,-1.576354679802957,,,,,,,11.38,9.71,,,,,,,,2.9,16.8,,,,,,,,,,,,,,,,,,,,
ULUUN,8.54,8.55,8.71,8.3,7391859.0,-0.8130081300813042,63126475.85999999,,0.4219540623454419,0.614222040469284,,,,6.749999999999989,,,,0.5735580371535359,,24.78,2026-09-02,,20.2,-0.79,0.0,NÖTR,-74.5,,,,,0.588928150765594,,,,,,,9.22,7.69,,,,,,,,11.1,55.6,,,,,,,,,,,,,,,,,,,,
AAGYO,12.29,12.35,12.42,12.27,5511370.0,-0.7269789983845042,67734737.3,,2.0,15.0,,,,-5.096525096525098,,,,0.6663362895472178,,0.53,2026-09-02,,5.0,-0.62,0.0,🪤 DÜŞEN BIÇAK (SERBEST DÜŞÜŞ),0.0,,,,,-5.534204458109151,,,,,,,13.51,12.27,,,,,,,,0.2,1.6,,,,,,,,,,,,,,,,,,,,
BKRGY,11.64,11.64,13.38,11.64,277125310.0,0.0,3225738608.4,,2.0,15.0,,,,0.0,,,,1.0,,8.0,2026-09-02,,5.0,0.0,0.0,🪤 DÜŞEN BIÇAK (SERBEST DÜŞÜŞ),0.0,,,,,0.0,,,,,,,13.38,11.64,,,,,,,,0.0,0.0,,,,,,,,,,,,,,,,,,,,
PASEU,195.4,202.1,215.3,195.4,15746426.0,-9.995393827729153,3076851640.4,,31.471206423089622,32.7765547120615,,,,27.7124183006536,,,,1.1984294560115416,,8.0,2026-09-02,,5.0,0.37,0.0,🚨 KURUMSAL BOŞALTIM,0.0,,,,,-15.630397236614847,,,,,,,268.0,134.9,,,,,,,,44.8,45.5,,,,,,,,,,,,,,,,,,,,
BIMAS,406.25,407.0,410.5,400.25,7502972.0,-0.4898958971218616,3048082375.0,,2.3924260707954352,16.1065139976773,,,,3.371501272264631,,,,0.7415651590177916,,24.78,2026-09-02,,20.2,-0.48,0.0,NÖTR,-75.9,,,,,-3.042959427207637,,,,,,,422.75,370.25,,,,,,,,9.7,68.6,,,,,,,,,,,,,,,,,,,,
CITAS,129.9,127.6,137.1,125.5,22793460.0,2.687747035573127,2960870454.0,,4.113037283305628,15.0,,,,60.27143738433068,,,,0.947889254419366,,13.24,2026-09-02,,5.3,-0.1,0.0,🪤 DÜŞEN BIÇAK (SERBEST DÜŞÜŞ),0.0,,,,,15.775401069518718,,,,,,,145.0,81.05,,,,,,,,60.3,76.4,,,,,,,,,,,,,,,,,,,,
CWENE,33.34,34.52,34.6,32.88,62242301.0,-3.418308227114715,2075158315.34,,2.028005206875996,20.1700277435031,,,,-1.9411764705882253,,,,0.7558534967104671,,6.98,2026-09-02,,5.0,-0.45,0.0,🚨 KURUMSAL BOŞALTIM,0.0,,,,,-9.745533297238753,,,,,,,48.3,32.88,,,,,,,,1.4,3.0,,,,,,,,,,,,,,,,,,,,
TTKOM,50.8,51.25,51.3,49.72,40643826.0,-1.4548981571290012,2064706360.8,,0.6702992133880392,12.7278816331645,,,,-1.3592233009708794,,,,1.292294553585962,,30.28,2026-09-02,,34.1,0.54,0.0,NÖTR,-65.1,,,,,-4.868913857677905,,,,,,,57.7,49.72,,,,,,,,2.2,13.5,,,,,,,,,,,,,,,,,,,,
TEHOL,39.58,36.54,39.66,36.54,50966947.0,8.438356164383556,2017271762.26,,7.481546589545115,43.0660429103605,,,,-18.22314049586777,,,,0.6126751926862908,,46.56,2026-09-02,,75.5,-0.72,0.0,🪤 DÜŞEN BIÇAK (SERBEST DÜŞÜŞ),0.0,,,,,5.715811965811968,,,,,,,52.5,30.34,,,,,,,,30.5,41.7,,,,,,,,,,,,,,,,,,,,
KPEKS,99.3,105.9,107.3,99.3,37232557.0,-9.972801450589303,3697192910.1,,2.0,15.0,,,,-3.965183752417803,,,,1.0,,8.0,2026-09-02,,5.0,0.0,0.0,🪤 DÜŞEN BIÇAK (SERBEST DÜŞÜŞ),0.0,,,,,-24.19847328244275,,,,,,,159.2,99.3,,,,,,,,0.0,0.0,,,,,,,,,,,,,,,,,,,,
CRDFA,27.0,27.5,29.14,26.34,3785337.0,-1.818181818181818,102204099.0,,3.067299969440604,115.343180644413,,,,-35.3757778841551,,,,2.0562899596362043,,5.2,2026-09-02,,5.0,1.95,0.0,🪤 DÜŞEN BIÇAK (SERBEST DÜŞÜŞ),0.0,,,,,2.2727272727272783,,,,,,,42.5,23.5,,,,,,,,14.9,18.4,,,,,,,,,,,,,,,,,,,,
OZSUB,42.0,44.5,44.5,42.0,2427927.0,-4.284412032816778,101972934.0,,3.546000491374354,41.5311324649096,,,,19.86301369863014,,,,0.7827002946916527,,8.0,2026-09-02,,5.0,-0.4,0.0,🚨 KURUMSAL BOŞALTIM,0.0,,,,,-3.4926470588235365,,,,,,,45.8,34.86,,,,,,,,20.5,65.3,,,,,,,,,,,,,,,,,,,,
EUREN,3.84,3.84,3.9,3.79,26156035.0,-0.2597402597402657,100439174.4,,0.6612629088335424,0.65583507094108,,,,-2.53807106598985,,,,0.8578635145697565,,17.45,2026-09-02,,7.0,-0.26,0.0,NÖTR,0.0,,,,,-2.040816326530614,,,,,,,4.21,3.73,,,,,,,,2.9,22.9,,,,,,,,,,,,,,,,,,,,
ADESE,0.85,0.85,0.86,0.83,115755734.0,0.0,98392373.9,,0.2901657699975421,-2.12688937144751,,,,-2.2988505747126458,,,,0.9572550160603523,,29.33,2026-09-02,,31.7,-0.08,0.0,NÖTR,0.0,,,,,0.0,,,,,,,0.92,0.83,,,,,,,,2.4,22.2,,,,,,,,,,,,,,,,,,,,
BMSTL,43.9,44.82,44.84,43.84,2121390.0,-1.701746529332732,93129021.0,,16.389097330331776,-2.93344317198522,,,,1.9981412639405192,,,,0.7984522584535981,,4.64,2026-09-02,,5.0,-0.37,0.0,🚨 KURUMSAL BOŞALTIM,-64.2,,,,,-0.4535147392290313,,,,,,,51.95,42.16,,,,,,,,4.1,17.8,,,,,,,,,,,,,,,,,,,,
CGCAM,32.26,33.94,34.3,32.26,2850761.0,-5.947521865889211,91965549.86,,1.0327995494868176,4.04402534069311,,,,-19.147869674185465,,,,1.263291317731286,,8.0,2026-09-02,,5.0,0.49,0.0,🪤 DÜŞEN BIÇAK (SERBEST DÜŞÜŞ),0.0,,,,,-16.294758692267777,,,,,,,41.2,32.26,,,,,,,,0.0,0.0,,,,,,,,,,,,,,,,,,,,
GENKM,9.53,9.77,9.77,9.45,9577724.0,-2.75510204081634,91275709.72,,0.8250110809463127,15.0,,,,-9.668246445497644,,,,0.8803160493703701,,6.0,2026-09-02,,5.0,-0.22,0.0,🚨 KURUMSAL BOŞALTIM,0.0,,,,,-7.475728155339819,,,,,,,11.34,9.45,,,,,,,,0.8,4.2,,,,,,,,,,,,,,,,,,,,
SARKY,24.1,24.4,24.5,23.78,3773288.0,-1.7929910350448155,90936240.8,,1.7978701579663927,2.28295128804234,,,,0.9212730318258058,,,,0.4853522531745763,,16.89,2026-09-02,,6.8,-0.95,0.0,🚨 KURUMSAL BOŞALTIM,0.0,,,,,-6.079501169134836,,,,,,,27.5,23.78,,,,,,,,1.3,8.6,,,,,,,,,,,,,,,,,,,,
BIGTK,323.25,330.75,336.0,317.0,279961.0,-2.0454545454545454,90497393.25,,7.257006462945152,1.49758433731983,,,,-14.257294429708224,,,,0.3580443502258743,,10.42,2026-09-02,,5.0,-1.19,0.0,🚨 KURUMSAL BOŞALTIM,0.0,,,,,-14.200398142003982,,,,,,,399.5,308.0,,,,,,,,5.0,16.7,,,,,,,,,,,,,,,,,,,,
AKSGY,9.9,9.95,10.05,9.43,9021914.0,-0.7021063189568734,89316948.60000001,,0.4846239587315776,7.45811168344226,,,,3.8824763903462856,,,,1.4940747909968668,,34.45,2026-09-02,,44.7,0.91,0.0,NÖTR,0.0,,,,,-3.6964980544746986,,,,,,,10.34,9.43,,,,,,,,5.0,51.6,,,,,,,,,,,,,,,,,,,,
ICUGS,3.97,4.28,4.28,3.86,22486102.0,-7.242990654205609,89269824.94,,2.9628855669410634,15.0,,,,-27.55474452554745,,,,2.0802384653330983,,6.67,2026-09-02,,5.0,2.0,0.0,🪤 DÜŞEN BIÇAK (SERBEST DÜŞÜŞ),0.0,,,,,-29.48490230905861,,,,,,,5.75,3.86,,,,,,,,2.8,5.8,,,,,,,,,,,,,,,,,,,,
ANSGR,26.5,26.8,26.8,26.08,3353809.0,-1.3402829486224848,88875938.5,,1.3234879150570475,46.7557305906275,,,,-3.1432748538011674,,,,0.7372516025144229,,24.67,2026-09-02,,19.9,-0.49,0.0,NÖTR,0.0,,,,,-4.401154401154397,,,,,,,29.68,26.08,,,,,,,,1.6,11.7,,,,,,,,,,,,,,,,,,,,
BOBET,20.6,20.78,21.08,20.12,4238465.0,-0.866217516843117,87312379.0,,1.0902724410882405,-14.7450464929952,,,,13.561190738699011,,,,0.5048945755101177,,20.0,2026-09-02,,8.0,-0.92,0.0,NÖTR,-38.0,,,,,-0.4830917874396032,,,,,,,21.98,17.64,,,,,,,,16.8,68.2,,,,,,,,,,,,,,,,,,,,
ALGYO,3.55,3.62,3.62,3.48,20043764.0,-1.933701657458572,71155362.2,,0.4095471792582235,-12.9835666063568,,,,6.287425149700598,,,,0.8084211338066479,,20.0,2026-09-02,,8.0,-0.35,0.0,🚨 KURUMSAL BOŞALTIM,0.0,,,,,-4.312668463611864,,,,,,,3.89,3.23,,,,,,,,9.9,48.5,,,,,,,,,,,,,,,,,,,,
ENSRI,4.95,5.03,5.1,4.94,17466505.0,-1.3944223107569602,86459199.75,,1.6608118853737834,-5.18601940057923,,,,-8.333333333333336,,,,0.5532278682270603,,4.5,2026-09-02,,5.0,-0.83,0.0,🪤 DÜŞEN BIÇAK (SERBEST DÜŞÜŞ),0.0,,,,,-2.941176470588225,,,,,,,6.39,4.94,,,,,,,,0.2,0.7,,,,,,,,,,,,,,,,,,,,
KARTN,153.9,157.2,159.6,150.0,556085.0,-2.0992366412213634,85581481.5,,3.953397687146757,-18.3734765991418,,,,-26.714285714285708,,,,0.8640097972435503,,14.75,2026-09-02,,5.9,-0.25,0.0,🪤 DÜŞEN BIÇAK (SERBEST DÜŞÜŞ),0.0,,,,,-5.986560781918133,,,,,,,205.2,150.0,,,,,,,,2.6,7.1,,,,,,,,,,,,,,,,,,,,
MARMR,2.19,2.23,2.24,2.19,38990287.0,-1.793721973094172,85388728.53,,1.526770775237033,15.0,,,,-0.9049773755656116,,,,0.6988028741767515,,8.0,2026-09-02,,5.0,-0.56,0.0,🪤 DÜŞEN BIÇAK (SERBEST DÜŞÜŞ),0.0,,,,,-11.693548387096776,,,,,,,2.62,2.19,,,,,,,,0.0,0.0,,,,,,,,,,,,,,,,,,,,
SOHOE,10.54,10.6,10.78,10.43,8009437.0,-1.86219739292366,84419465.97999999,,1.2418847427271975,15.0,,,,0.8612440191387547,,,,0.2921621633245045,,9.6,2026-09-02,,5.0,-1.31,0.0,🚨 KURUMSAL BOŞALTIM,-64.3,,,,,-2.7675276752767592,,,,,,,11.85,10.24,,,,,,,,2.9,18.6,,,,,,,,,,,,,,,,,,,,
ONCSM,198.4,212.1,214.5,198.4,423772.0,-8.10560444650301,84076364.8,,9.36976964723573,17.4003111895823,,,,-21.88976377952756,,,,0.4113317244586452,,8.0,2026-09-02,,5.0,-1.09,0.0,🪤 DÜŞEN BIÇAK (SERBEST DÜŞÜŞ),0.0,,,,,-24.346997140133457,,,,,,,273.25,198.4,,,,,,,,0.0,0.0,,,,,,,,,,,,,,,,,,,,
LMKDC,22.7,23.12,23.16,22.46,3653275.0,-1.3043478260869596,82929342.5,,1.392593610510585,24.3785937418548,,,,-1.218450826805923,,,,0.832186685536953,,11.2,2026-09-02,,5.0,-0.31,0.0,NÖTR,0.0,,,,,-6.430338004946423,,,,,,,25.84,22.46,,,,,,,,1.1,7.1,,,,,,,,,,,,,,,,,,,,
HRKET,91.4,93.85,95.5,91.35,903654.0,-2.662406815761448,82593975.60000001,,1.3157940197881604,-17.568598707439,,,,-4.791666666666661,,,,0.6976606295401011,,7.33,2026-09-02,,5.0,-0.56,0.0,🚨 KURUMSAL BOŞALTIM,-66.7,,,,,-7.676767676767671,,,,,,,110.7,85.85,,,,,,,,6.5,22.3,,,,,,,,,,,,,,,,,,,,
TUREX,6.19,6.35,6.37,6.18,13048180.0,-2.519685039370067,80768234.2,,0.7460060355383296,7.58457916924205,,,,-8.29629629629629,,,,0.738694718623016,,5.05,2026-09-02,,5.0,-0.48,0.0,🪤 DÜŞEN BIÇAK (SERBEST DÜŞÜŞ),0.0,,,,,-7.473841554559043,,,,,,,7.16,6.18,,,,,,,,0.2,1.0,,,,,,,,,,,,,,,,,,,,
IHLAS,1.06,1.06,1.07,1.05,75879978.0,0.0,80432776.68,,0.8216735785434675,-78.0266887494466,,,,0.9523809523809532,,,,0.8137818592231577,,20.0,2026-09-02,,8.0,-0.34,0.0,NÖTR,0.0,,,,,0.0,,,,,,,1.15,1.0,,,,,,,,6.0,40.0,,,,,,,,,,,,,,,,,,,,
TEZOL,8.9,9.36,9.36,8.48,9035441.0,-5.016008537886861,80415424.9,,0.655970176205382,-0.624754585683022,,,,-12.31527093596059,,,,1.8427064253066825,,18.73,2026-09-02,,7.5,1.56,0.0,🚨 KURUMSAL BOŞALTIM,0.0,,,,,-9.09090909090908,,,,,,,11.8,8.48,,,,,,,,5.0,12.7,,,,,,,,,,,,,,,,,,,,
GOKNR,17.62,17.56,17.78,17.19,4545774.0,0.2845759817871411,80096537.88000001,,0.5665214138342471,4.49147321918011,,,,-24.765157984628527,,,,0.555699343151747,,32.81,2026-09-02,,40.6,-0.82,0.0,🪤 DÜŞEN BIÇAK (SERBEST DÜŞÜŞ),0.0,,,,,-1.5642458100558525,,,,,,,23.58,17.19,,,,,,,,2.5,6.7,,,,,,,,,,,,,,,,,,,,
REEDR,5.51,5.65,5.65,5.45,14529712.0,-2.4778761061947003,80058713.11999999,,0.6102051551814834,-13.0458914571186,,,,-16.13394216133943,,,,1.366536791370088,,8.8,2026-09-02,,5.0,0.68,0.0,🚨 KURUMSAL BOŞALTIM,0.0,,,,,-8.013355592654431,,,,,,,7.25,5.45,,,,,,,,1.1,3.3,,,,,,,,,,,,,,,,,,,,
TBORG,147.4,150.0,153.8,145.0,490543.0,-10.666666666666664,72306038.2,,1.5928534694758378,11.9764410664178,,,,11.66666666666667,,,,0.917035131050686,,7.27,2026-09-02,,5.0,-0.15,0.0,🚨 KURUMSAL BOŞALTIM,-49.3,,,,,-11.683642899940084,,,,,,,168.0,131.5,,,,,,,,12.1,43.6,,,,,,,,,,,,,,,,,,,,
KOCMT,3.77,4.02,4.02,3.77,19075212.0,-9.80861244019138,71913549.24,,0.6843173344659965,-7.37113785136723,,,,-33.62676056338028,,,,0.3480571164083804,,8.0,2026-09-02,,5.0,-1.21,0.0,🪤 DÜŞEN BIÇAK (SERBEST DÜŞÜŞ),0.0,,,,,-26.078431372549016,,,,,,,6.39,3.77,,,,,,,,0.0,0.0,,,,,,,,,,,,,,,,,,,,
SSAAT,35.06,35.26,35.6,34.84,2487778.0,-0.5672149744753141,87221496.68,,2.0,15.0,,,,-0.8484162895927522,,,,0.438649638348001,,8.21,2026-09-02,,5.0,-1.04,0.0,NÖTR,-57.1,,,,,-6.456776947705429,,,,,,,44.0,34.6,,,,,,,,1.3,4.9,,,,,,,,,,,,,,,,,,,,
MOGAN,15.51,16.4,16.49,15.47,37268419.0,-9.720605355064029,578033178.6899999,,0.4313900661798532,-11.8424300895078,,,,-10.29496818970503,,,,2.433841121045389,,5.8,2026-09-02,,5.0,2.65,0.0,🪤 DÜŞEN BIÇAK (SERBEST DÜŞÜŞ),0.0,,,,,-25.647171620325985,,,,,,,21.86,15.47,,,,,,,,0.3,0.6,,,,,,,,,,,,,,,,,,,,
KARSN,11.3,10.28,11.3,9.77,51078939.0,9.92217898832686,577192010.7,,1.2394822254958204,3.38668271875612,,,,12.326043737574556,,,,2.2381567913980325,,48.0,2026-09-02,,79.2,2.29,0.0,🪤 DÜŞEN BIÇAK (SERBEST DÜŞÜŞ),-82.9,,,,,22.03023758099353,,,,,,,11.3,9.23,,,,,,,,22.4,100.0,,,,,,,,,,,,,,,,,,,,
GLRMK,160.9,164.9,164.9,160.1,3511011.0,-2.720677146311971,564921669.9,,1.8298076461622828,17.0757628948969,,,,6.697612732095487,,,,0.6997911535553634,,1.33,2026-09-02,,5.0,-0.56,0.0,🚨 KURUMSAL BOŞALTIM,0.0,,,,,-9.606741573033704,,,,,,,185.7,148.6,,,,,,,,8.3,33.2,,,,,,,,,,,,,,,,,,,,
BRLSM,19.88,21.48,22.6,19.84,26412195.0,-9.800362976406534,525074436.6,,2.757690808483367,-19.104292566848,,,,29.59582790091264,,,,1.3824447406313964,,7.19,2026-09-02,,5.0,0.71,0.0,🚨 KURUMSAL BOŞALTIM,0.0,,,,,-9.306569343065703,,,,,,,27.2,15.06,,,,,,,,32.0,39.7,,,,,,,,,,,,,,,,,,,,
YEOTK,32.7,33.5,33.5,30.7,15881912.0,-2.3880597014925287,519338522.4,,4.9294500723589,58.2232370664055,,,,-17.173252279635246,,,,0.9716435259605778,,32.0,2026-09-02,,38.5,-0.05,0.0,🚨 KURUMSAL BOŞALTIM,0.0,,,,,-4.8865619546247805,,,,,,,43.38,30.7,,,,,,,,6.5,15.8,,,,,,,,,,,,,,,,,,,,
HEKTS,2.65,2.7,2.71,2.64,195059663.0,-2.214022140221404,516908106.95,,1.3559079210605758,-30.7051469723585,,,,-9.556313993174069,,,,0.6427538671930217,,0.0,2026-09-02,,5.0,-0.66,0.0,🪤 DÜŞEN BIÇAK (SERBEST DÜŞÜŞ),0.0,,,,,-7.017543859649129,,,,,,,2.99,2.64,,,,,,,,0.4,2.9,,,,,,,,,,,,,,,,,,,,
GRTHO,197.3,209.5,213.9,189.2,2598654.0,-4.083616917841506,512714434.2000001,,2.48000628486134,22.8715438210475,,,,-19.861900893582447,,,,2.0547478585949155,,10.36,2026-09-02,,5.0,1.95,0.0,🪤 DÜŞEN BIÇAK (SERBEST DÜŞÜŞ),0.0,,,,,-11.919642857142852,,,,,,,244.6,189.2,,,,,,,,4.3,14.6,,,,,,,,,,,,,,,,,,,,
METEN,19.6,20.66,20.78,19.36,24824670.0,-5.130687318489829,486563532.00000006,,2.0,15.0,,,,-1.4580191050779243,,,,0.3501600534823167,,1.46,2026-09-02,,5.0,-1.2,0.0,🚨 KURUMSAL BOŞALTIM,-48.3,,,,,-16.310845431255338,,,,,,,30.86,17.45,,,,,,,,12.3,16.0,,,,,,,,,,,,,,,,,,,,
RALYH,258.25,259.0,262.25,250.25,1872936.0,-0.0967117988394584,483685722.0,,10.20236434114652,39.0893651880271,,,,6.891556291390731,,,,0.809668069706977,,29.33,2026-09-02,,31.7,-0.35,0.0,NÖTR,0.0,,,,,-2.639019792648445,,,,,,,281.0,224.7,,,,,,,,14.9,59.6,,,,,,,,,,,,,,,,,,,,
GOLDA,12.7,13.24,13.28,12.04,38075720.0,-4.7261815453863525,483561644.0,,2.0,15.0,,,,-6.617647058823532,,,,0.9398586434405244,,21.81,2026-09-02,,12.6,-0.11,0.0,🚨 KURUMSAL BOŞALTIM,-52.7,,,,,-2.232486528098544,,,,,,,14.94,11.47,,,,,,,,10.7,35.4,,,,,,,,,,,,,,,,,,,,
MRGYO,1.66,1.62,1.75,1.58,281724820.0,3.1055900621117902,467663201.2,,0.2812987189046295,13.5243138138708,,,,25.757575757575747,,,,2.0211172360840948,,18.35,2026-09-02,,7.3,1.89,0.0,🪤 DÜŞEN BIÇAK (SERBEST DÜŞÜŞ),-45.4,,,,,19.42446043165468,,,,,,,1.75,1.25,,,,,,,,32.8,82.0,,,,,,,,,,,,,,,,,,,,
TMPOL,373.75,385.0,396.25,373.25,1216906.0,-4.166666666666666,454818617.5,,5.6534289956545365,-12.1489498754263,,,,-14.814814814814817,,,,0.602702136751544,,6.78,2026-09-02,,5.0,-0.74,0.0,🪤 DÜŞEN BIÇAK (SERBEST DÜŞÜŞ),0.0,,,,,-24.34210526315789,,,,,,,690.0,373.25,,,,,,,,0.1,0.2,,,,,,,,,,,,,,,,,,,,
ENKAI,86.8,88.8,89.0,85.3,14774428.0,-2.362204724409458,1282420350.4,,1.2724675550093,10.5694649038713,,,,-1.3636363636363669,,,,0.8381951574737248,,14.7,2026-09-02,,5.9,-0.3,0.0,🚨 KURUMSAL BOŞALTIM,-43.4,,,,,3.33333333333333,,,,,,,90.35,78.5,,,,,,,,10.6,70.0,,,,,,,,,,,,,,,,,,,,
ECILC,72.5,74.55,74.75,71.5,5824412.0,-3.3977348434377044,422269870.0,,0.7219675917212525,-2.74395274155412,,,,3.4975017844396903,,,,0.9688704837219444,,9.23,2026-09-02,,5.0,-0.06,0.0,🚨 KURUMSAL BOŞALTIM,0.0,,,,,-6.752411575562701,,,,,,,80.85,66.8,,,,,,,,8.5,40.6,,,,,,,,,,,,,,,,,,,,
SVGYO,18.16,18.08,18.55,17.95,22904304.0,0.4424778761062049,415942160.64,,4.361840619880962,15.0,,,,36.23405851462866,,,,0.5484974169692283,,11.6,2026-09-02,,5.0,-0.84,0.0,🪤 DÜŞEN BIÇAK (SERBEST DÜŞÜŞ),0.0,,,,,6.8235294117647065,,,,,,,18.55,12.6,,,,,,,,44.1,93.4,,,,,,,,,,,,,,,,,,,,
BTCIM,3.84,3.99,3.99,3.65,107423002.0,-4.000000000000004,412504327.68,,0.9053272852441084,-3.97603446876797,,,,-22.42424242424243,,,,1.1635969842237448,,23.29,2026-09-02,,16.4,0.3,0.0,🪤 DÜŞEN BIÇAK (SERBEST DÜŞÜŞ),0.0,,,,,-17.241379310344826,,,,,,,5.18,3.65,,,,,,,,5.2,12.4,,,,,,,,,,,,,,,,,,,,
TURSG,6.06,6.07,6.16,5.98,66819096.0,-0.6557377049180334,404923721.76,,2.052838574395073,49.9664216719778,,,,-3.809523809523813,,,,1.0055726695845106,,16.89,2026-09-02,,6.8,0.01,0.0,NÖTR,-45.2,,,,,-1.782820097244738,,,,,,,6.42,5.97,,,,,,,,1.5,20.0,,,,,,,,,,,,,,,,,,,,
ODAS,7.37,7.47,7.52,7.33,50261859.0,-1.3386880856760328,370429900.83,,0.6507984864740762,-1.82009042316161,,,,-6.826801517067004,,,,0.841239729137385,,3.79,2026-09-02,,5.0,-0.29,0.0,NÖTR,-66.4,,,,,5.285714285714287,,,,,,,7.82,6.97,,,,,,,,5.7,47.1,,,,,,,,,,,,,,,,,,,,
IZFAS,54.95,56.6,59.85,52.25,6658080.0,-0.0909090909090857,365861496.0,,22.18660163441972,-7.18972640166338,,,,-16.74242424242424,,,,1.0333026750205605,,11.89,2026-09-02,,5.0,0.06,0.0,NÖTR,0.0,,,,,0.6410256410256436,,,,,,,71.7,48.7,,,,,,,,12.8,27.2,,,,,,,,,,,,,,,,,,,,
ULKER,89.95,90.0,90.6,88.85,3848333.0,-0.3875968992247999,346157553.35,,0.6510268238250486,9.91775211995781,,,,3.094555873925505,,,,0.3775857306922281,,27.2,2026-09-02,,26.3,-1.15,0.0,NÖTR,-50.8,,,,,-1.0995052226498077,,,,,,,100.6,86.2,,,,,,,,4.4,26.0,,,,,,,,,,,,,,,,,,,,
FENER,3.05,3.09,3.11,3.04,112464914.0,-1.294498381877024,343017987.7,,2.80374690898394,-152.902143571936,,,,1.6666666666666607,,,,0.6531860728828068,,0.0,2026-09-02,,5.0,-0.64,0.0,NÖTR,0.0,,,,,-3.481012658227858,,,,,,,3.52,2.97,,,,,,,,2.7,14.5,,,,,,,,,,,,,,,,,,,,
BAHKM,158.1,161.0,163.7,145.5,2165926.0,-2.165841584158416,342432900.6,,6.187401964314228,-17.7412000058965,,,,30.23064250411861,,,,1.210710243886515,,30.77,2026-09-02,,35.4,0.39,0.0,🪤 DÜŞEN BIÇAK (SERBEST DÜŞÜŞ),0.0,,,,,20.411271896420395,,,,,,,173.0,112.7,,,,,,,,40.3,75.3,,,,,,,,,,,,,,,,,,,,
TCKRC,143.0,144.4,146.5,141.6,2378423.0,-0.96952908587258,340114489.0,,3.341271384136858,34.2345615681693,,,,2.0699500356887977,,,,0.8904235543354904,,8.0,2026-09-02,,5.0,-0.2,0.0,NÖTR,0.0,,,,,-15.73364761343547,,,,,,,177.2,138.6,,,,,,,,3.2,11.4,,,,,,,,,,,,,,,,,,,,
NIBAS,4.36,4.67,4.8,4.31,75540579.0,-2.242152466367705,329356924.44,,5.486278013363365,-107.212572449551,,,,14.736842105263172,,,,2.1803604404322043,,2.29,2026-09-02,,5.0,2.18,0.0,🚨 KURUMSAL BOŞALTIM,0.0,,,,,2.3474178403755994,,,,,,,4.97,3.3,,,,,,,,32.1,63.5,,,,,,,,,,,,,,,,,,,,
MPARK,412.25,413.0,415.5,408.0,784068.0,-0.3022974607013301,323232033.0,,1.796695718586328,16.9199976935728,,,,1.7901234567901234,,,,1.3948201158311873,,23.73,2026-09-02,,17.5,0.73,0.0,NÖTR,0.0,,,,,-6.306818181818182,,,,,,,449.0,398.0,,,,,,,,3.6,27.9,,,,,,,,,,,,,,,,,,,,
RYSAS,30.28,30.02,30.42,28.56,32883257.0,0.8660892738174603,995705021.96,,2.102424453668203,12.8310900116321,,,,37.01357466063348,,,,1.50461117189612,,43.78,2026-09-02,,68.5,0.93,0.0,🪤 DÜŞEN BIÇAK (SERBEST DÜŞÜŞ),0.0,,,,,26.69456066945608,,,,,,,30.42,22.0,,,,,,,,37.6,98.3,,,,,,,,,,,,,,,,,,,,
EGEGY,25.6,26.38,27.08,23.98,16590266.0,-3.9039039039039007,424710809.6,,1.9208490152647475,61.2777816935109,,,,-11.72413793103448,,,,4.065694691221566,,21.26,2026-09-02,,11.2,5.0,0.0,🚨 KURUMSAL BOŞALTIM,0.0,,,,,-18.93603546548448,,,,,,,33.8,23.98,,,,,,,,6.8,16.5,,,,,,,,,,,,,,,,,,,,
A1CAP,7.7,7.72,7.72,7.43,8190572.0,-0.2590673575129478,63067404.4,,0.5692996652961578,17.711826641543,,,,-13.677130044843048,,,,1.0918216393027596,,44.14,2026-09-02,,69.4,0.17,0.0,NÖTR,0.0,,,,,-6.779661016949148,,,,,,,9.32,7.43,,,,,,,,3.6,14.3,,,,,,,,,,,,,,,,,,,,
PGSUS,149.0,150.8,154.7,148.9,12552619.0,-1.909150757077028,1870340231.0,,0.661280177176931,-1.23885597486283,,,,-4.5483664317745,,,,1.1255639838075588,,7.03,2026-09-02,,5.0,0.23,0.0,🚨 KURUMSAL BOŞALTIM,-82.2,,,,,-1.6501650165016502,,,,,,,159.7,146.0,,,,,,,,2.1,21.9,,,,,,,,,,,,,,,,,,,,
VEYAS,136.0,136.5,141.2,134.3,13242103.0,-0.220102714600155,1800926008.0,,4.944832395633132,15.0,,,,0.0,,,,1.0,,5.8,2026-09-02,,5.0,0.0,0.0,NÖTR,-72.6,,,,,-2.718168812589421,,,,,,,164.0,131.2,,,,,,,,3.7,14.6,,,,,,,,,,,,,,,,,,,,
SISE,39.1,39.3,39.4,38.38,42293640.0,-1.162790697674421,1653681324.0,,0.4332413812665983,4.44658990245265,,,,-7.1258907363420425,,,,0.7857692474044886,,31.53,2026-09-02,,37.3,-0.4,0.0,NÖTR,0.0,,,,,-1.9066733567486152,,,,,,,42.88,37.98,,,,,,,,2.9,22.9,,,,,,,,,,,,,,,,,,,,
CRFSA,297.75,317.5,346.75,297.75,5312782.0,-6.2204724409448815,1581880840.5,,2.0,15.0,,,,65.50861589772096,,,,1.2805313692924896,,8.0,2026-09-02,,5.0,0.52,0.0,🪤 DÜŞEN BIÇAK (SERBEST DÜŞÜŞ),0.0,,,,,8.966148215919487,,,,,,,346.75,167.2,,,,,,,,78.1,72.7,,,,,,,,,,,,,,,,,,,,
LOGO,134.1,135.1,135.4,132.6,595917.0,-1.179071481208544,79912469.7,,2.8732215112373813,23.2419548827481,,,,-1.7582417582417624,,,,1.1211039972547814,,22.0,2026-09-02,,13.1,0.22,0.0,NÖTR,-80.4,,,,,-2.4017467248908377,,,,,,,140.5,131.1,,,,,,,,2.3,31.9,,,,,,,,,,,,,,,,,,,,
BRYAT,1645.0,1650.0,1667.0,1633.0,47390.0,-1.141826923076923,77956550.0,,1.379659810445142,14.3760330070077,,,,-4.63768115942029,,,,0.5488021660256833,,11.76,2026-09-02,,5.0,-0.83,0.0,NÖTR,0.0,,,,,-4.582366589327147,,,,,,,1930.0,1633.0,,,,,,,,0.7,4.0,,,,,,,,,,,,,,,,,,,,
FRIGO,2.5,2.53,2.54,2.41,30902618.0,0.0,77256545.0,,1.4569104174922494,-8.67661953247794,,,,17.37089201877935,,,,0.6122632675358439,,30.77,2026-09-02,,35.4,-0.72,0.0,NÖTR,0.0,,,,,3.3057851239669453,,,,,,,2.76,2.06,,,,,,,,21.4,62.9,,,,,,,,,,,,,,,,,,,,
AKGRT,6.09,6.17,6.17,6.02,12590076.0,-1.2965964343598066,76673562.84,,1.1432712199773971,30.7936042243563,,,,-9.509658246656768,,,,1.068553515391683,,18.13,2026-09-02,,7.3,0.13,0.0,NÖTR,0.0,,,,,-1.774193548387102,,,,,,,6.71,6.02,,,,,,,,1.2,10.1,,,,,,,,,,,,,,,,,,,,
EDATA,17.89,17.92,18.03,16.66,4279110.0,-0.1674107142857206,76553277.9,,7.612927934636906,-12.9957486909364,,,,0.7319819819819763,,,,1.2930665613303238,,42.28,2026-09-02,,64.6,0.54,0.0,NÖTR,0.0,,,,,-8.209338122113893,,,,,,,22.0,16.66,,,,,,,,7.4,23.0,,,,,,,,,,,,,,,,,,,,
PRDGS,7.32,7.74,7.8,7.08,10443823.0,-6.153846153846148,76448784.36,,0.4877909003007378,16.512838115449,,,,0.8264462809917424,,,,1.4238534755231365,,10.67,2026-09-02,,5.0,0.78,0.0,🚨 KURUMSAL BOŞALTIM,0.0,,,,,-6.870229007633587,,,,,,,8.7,7.06,,,,,,,,3.7,15.9,,,,,,,,,,,,,,,,,,,,
AGROT,1.98,2.0,2.01,1.97,38193292.0,-1.0000000000000009,75622718.16,,0.5537191469369264,-6.57224839783597,,,,-18.518518518518523,,,,0.1793417405395081,,6.0,2026-09-02,,5.0,-1.52,0.0,🪤 DÜŞEN BIÇAK (SERBEST DÜŞÜŞ),0.0,,,,,-10.81081081081082,,,,,,,2.98,1.97,,,,,,,,0.5,1.0,,,,,,,,,,,,,,,,,,,,
FONET,4.87,4.86,4.92,4.81,14011164.0,-0.6122448979591887,68234368.68,,2.1816064149083907,16.7826203184081,,,,-8.630393996247655,,,,0.6829448075530744,,22.55,2026-09-02,,14.5,-0.59,0.0,NÖTR,0.0,,,,,-9.647495361781068,,,,,,,5.68,4.77,,,,,,,,2.1,11.0,,,,,,,,,,,,,,,,,,,,
PSGYO,3.1,3.13,3.15,2.98,191815827.0,-1.898734177215192,594629063.7,,0.5022805155666453,7.94952628156929,,,,-11.174785100286536,,,,1.484033389079277,,31.53,2026-09-02,,37.3,0.9,0.0,🚨 KURUMSAL BOŞALTIM,0.0,,,,,-9.356725146198826,,,,,,,4.05,2.98,,,,,,,,4.0,11.2,,,,,,,,,,,,,,,,,,,,
THYAO,291.5,299.5,301.0,291.25,68059101.0,-3.316749585406302,19839227941.5,,0.3927699500455909,12.6578146267628,,,,-9.04836193447738,,,,1.4296375131621502,,6.56,2026-09-02,,5.0,0.79,0.0,🪤 DÜŞEN BIÇAK (SERBEST DÜŞÜŞ),0.0,,,,,-4.738562091503268,,,,,,,325.5,291.25,,,,,,,,0.1,0.7,,,,,,,,,,,,,,,,,,,,
KTLEV,51.0,52.25,55.55,50.95,280848820.0,-9.81432360742705,14323289820.0,,10.771014566213228,148.508364400309,,,,9.67741935483871,,,,2.7656533951496742,,7.39,2026-09-02,,5.0,3.27,0.0,🚨 KURUMSAL BOŞALTIM,0.0,,,,,-17.408906882591094,,,,,,,69.0,37.28,,,,,,,,36.8,43.3,,,,,,,,,,,,,,,,,,,,
TUPRS,392.25,402.75,403.0,390.5,34117361.0,-2.60707635009311,13382534852.25,,1.6569189704739786,18.2096828624145,,,,33.87372013651877,,,,1.096282743677768,,0.16,2026-09-02,,5.0,0.18,0.0,🚨 KURUMSAL BOŞALTIM,0.0,,,,,6.085192697768763,,,,,,,417.25,283.0,,,,,,,,38.6,81.4,,,,,,,,,,,,,,,,,,,,
YKBNK,36.08,36.4,36.58,34.84,332754630.0,-2.0097772949484027,12005787050.4,,1.0637952842733434,21.7839579820642,,,,8.348348348348352,,,,1.5205695236182513,,31.91,2026-09-02,,38.3,0.96,0.0,🚨 KURUMSAL BOŞALTIM,-52.9,,,,,-2.062975027144422,,,,,,,38.02,33.0,,,,,,,,9.3,61.4,,,,,,,,,,,,,,,,,,,,
AKBNK,71.5,71.3,71.7,68.55,154189884.0,-0.6254343293954174,11024576706.0,,1.144877067423812,22.870526655457,,,,11.370716510903424,,,,0.968343315892379,,44.44,2026-09-02,,70.2,-0.06,0.0,NÖTR,-40.5,,,,,-1.3793103448275863,,,,,,,74.85,64.4,,,,,,,,11.0,67.9,,,,,,,,,,,,,,,,,,,,
ASELS,380.75,385.5,391.75,380.75,23351001.0,-0.975292587776333,8890893630.75,,5.66015633478156,15.6028079230998,,,,10.68313953488372,,,,0.7184426819139448,,8.0,2026-09-02,,5.0,-0.52,0.0,NÖTR,0.0,,,,,-5.813234384662956,,,,,,,412.75,336.5,,,,,,,,13.2,58.0,,,,,,,,,,,,,,,,,,,,
ASTOR,316.0,314.75,320.0,306.25,27357843.0,-0.2367797947908445,8645078388.0,,7.200803755538182,29.0855151100452,,,,5.68561872909699,,,,0.7050556218706292,,31.71,2026-09-02,,37.8,-0.55,0.0,NÖTR,0.0,,,,,-7.331378299120234,,,,,,,357.75,292.75,,,,,,,,7.9,35.8,,,,,,,,,,,,,,,,,,,,
KCHOL,213.0,214.6,214.6,208.2,34613098.0,-0.7918025151373957,7372589874.0,,0.6812139206480449,5.12588457140304,,,,7.30478589420655,,,,1.0696643901861598,,34.0,2026-09-02,,43.6,0.13,0.0,NÖTR,0.0,,,,,-2.2038567493113,,,,,,,226.8,193.8,,,,,,,,9.9,58.2,,,,,,,,,,,,,,,,,,,,
VBTYZ,37.8,37.7,38.48,36.46,1959964.0,-0.3690036900369018,74086639.19999999,,3.794281676229327,16.8468461642866,,,,22.96681847755368,,,,0.5272468418141109,,29.15,2026-09-02,,31.3,-0.87,0.0,NÖTR,-30.2,,,,,-5.025125628140704,,,,,,,39.9,29.82,,,,,,,,26.8,79.2,,,,,,,,,,,,,,,,,,,,
LXGYO,9.97,10.19,10.21,9.9,7388911.0,-2.1589793915603424,73667442.67,,1.5796236471402791,15.0,,,,-5.047619047619041,,,,0.980352915113643,,4.65,2026-09-02,,5.0,-0.04,0.0,🚨 KURUMSAL BOŞALTIM,0.0,,,,,-9.28116469517743,,,,,,,11.54,9.9,,,,,,,,0.7,4.3,,,,,,,,,,,,,,,,,,,,
KAREL,8.44,8.4,8.5,8.24,8710896.0,-1.0550996483001156,73519962.24,,6.002973036409027,-52.9035629797942,,,,-14.747474747474756,,,,0.7416363391875581,,35.08,2026-09-02,,46.3,-0.48,0.0,NÖTR,0.0,,,,,-4.199772985244052,,,,,,,10.25,8.24,,,,,,,,2.4,10.0,,,,,,,,,,,,,,,,,,,,
VERUS,700.0,684.0,707.5,679.5,104224.0,2.3391812865497075,72956800.0,,9.12239913884552,-16.8567045165198,,,,35.65891472868217,,,,1.0913827839978554,,33.0,2026-09-02,,41.1,0.17,0.0,🪤 DÜŞEN BIÇAK (SERBEST DÜŞÜŞ),0.0,,,,,-4.436860068259386,,,,,,,764.5,520.5,,,,,,,,34.5,73.6,,,,,,,,,,,,,,,,,,,,
KLRHO,65.15,65.55,65.6,64.7,968429.0,-1.2878787878787794,63093149.35000001,,2.7936194845847093,4.88154513834307,,,,-12.31493943472408,,,,0.2895996267494366,,20.0,2026-09-02,,8.0,-1.31,0.0,NÖTR,-62.8,,,,,-3.194650817236243,,,,,,,82.25,63.85,,,,,,,,2.0,7.1,,,,,,,,,,,,,,,,,,,,
BIENY,21.72,21.96,22.36,21.56,3122470.0,-1.272727272727278,67820048.39999999,,0.546776585878664,-6.9729222533457,,,,5.232558139534875,,,,0.5490952880190284,,3.2,2026-09-02,,5.0,-0.83,0.0,NÖTR,0.0,,,,,-1.719457013574672,,,,,,,23.32,19.7,,,,,,,,10.3,55.8,,,,,,,,,,,,,,,,,,,,
RYGYO,48.22,48.0,50.4,46.26,4923323.0,-0.1242750621375357,237402635.06,,0.9305420417041848,21.6976044838379,,,,26.230366492146583,,,,1.4610925857636106,,18.51,2026-09-02,,7.4,0.85,0.0,NÖTR,0.0,,,,,10.34324942791761,,,,,,,52.1,39.02,,,,,,,,23.6,70.3,,,,,,,,,,,,,,,,,,,,
ISVEA,83.25,81.45,87.85,78.0,2663628.0,1.8971848225214163,221747031.0,,2.0,15.0,,,,66.16766467065868,,,,0.6404091112361333,,21.85,2026-09-02,,12.7,-0.67,0.0,🪤 DÜŞEN BIÇAK (SERBEST DÜŞÜŞ),0.0,,,,,-1.12826603325416,,,,,,,95.05,41.3,,,,,,,,101.6,78.0,,,,,,,,,,,,,,,,,,,,
QUICK,64.05,65.05,65.6,63.5,3457930.0,-1.5372790161414298,221480416.5,,1.232790494906198,15.0,,,,-16.38381201044386,,,,0.4662513044817352,,6.67,2026-09-02,,5.0,-0.99,0.0,🚨 KURUMSAL BOŞALTIM,0.0,,,,,-8.172043010752692,,,,,,,84.25,63.5,,,,,,,,0.9,2.7,,,,,,,,,,,,,,,,,,,,
PAHOL,1.31,1.34,1.34,1.3,166971460.0,-2.238805970149256,218732612.6,,0.571458484195465,15.0,,,,-1.503759398496242,,,,0.7476317667873736,,6.0,2026-09-02,,5.0,-0.47,0.0,🚨 KURUMSAL BOŞALTIM,-76.1,,,,,-0.7575757575757582,,,,,,,1.42,1.28,,,,,,,,2.3,21.4,,,,,,,,,,,,,,,,,,,,
FZLGY,8.21,8.95,9.09,8.21,26631219.0,-8.268156424580988,218642307.99,,2.3296397712923684,-20.3624656920139,,,,-26.565295169946324,,,,1.3867440801378708,,8.0,2026-09-02,,5.0,0.72,0.0,🪤 DÜŞEN BIÇAK (SERBEST DÜŞÜŞ),0.0,,,,,-19.50980392156861,,,,,,,11.65,8.21,,,,,,,,0.0,0.0,,,,,,,,,,,,,,,,,,,,
TSKB,10.97,10.96,11.02,10.73,19779654.0,-0.1819836214740634,216982804.38000005,,0.6106195478409562,23.7706505712981,,,,-0.4537205081669594,,,,1.1424673901295652,,38.34,2026-09-02,,54.6,0.26,0.0,NÖTR,-61.7,,,,,-0.2727272727272669,,,,,,,11.38,10.69,,,,,,,,2.6,40.6,,,,,,,,,,,,,,,,,,,,
GEREL,36.88,36.9,37.08,35.4,5796021.0,-0.2704164413196169,213757254.48,,3.3407128544978244,25.9052982329303,,,,-12.232270347453593,,,,0.972532010130805,,41.33,2026-09-02,,62.2,-0.05,0.0,NÖTR,0.0,,,,,-5.484366991286521,,,,,,,47.0,35.4,,,,,,,,4.2,12.8,,,,,,,,,,,,,,,,,,,,
BINHO,9.57,9.54,9.85,9.35,22320543.0,-0.1043841336116888,213607596.51,,0.8617258649224447,-28.3285437754834,,,,0.7368421052631609,,,,0.6153008091951581,,16.64,2026-09-02,,6.7,-0.71,0.0,NÖTR,0.0,,,,,-14.170403587443946,,,,,,,11.92,9.33,,,,,,,,2.6,9.3,,,,,,,,,,,,,,,,,,,,
KRDMB,123.0,122.0,124.6,112.4,1731120.0,-1.44230769230769,212927760.0,,1.294216022331224,5.44820350665331,,,,-8.550185873605948,,,,0.7638636945088766,,40.66,2026-09-02,,60.5,-0.44,0.0,NÖTR,0.0,,,,,-7.934131736526943,,,,,,,140.5,112.4,,,,,,,,9.4,37.7,,,,,,,,,,,,,,,,,,,,
ESCAR,44.54,46.0,46.96,44.54,4699495.0,-1.022222222222224,209315507.3,,3.372254837679004,-22.7612896158175,,,,-2.7510917030567645,,,,1.179068729154742,,8.0,2026-09-02,,5.0,0.33,0.0,NÖTR,-86.5,,,,,-5.63559322033899,,,,,,,49.08,41.64,,,,,,,,7.0,39.0,,,,,,,,,,,,,,,,,,,,
EUPWR,83.15,83.15,83.15,83.15,2467715.0,-9.96210070384406,205190502.25,,4.189096258529962,8.39945726669861,,,,-2.975495915985994,,,,0.1564251478206124,,20.0,2026-09-02,,8.0,-1.56,0.0,🪤 DÜŞEN BIÇAK (SERBEST DÜŞÜŞ),0.0,,,,,-13.113897596656214,,,,,,,109.3,83.15,,,,,,,,0.0,0.0,,,,,,,,,,,,,,,,,,,,
ISKPL,7.9,8.17,8.17,7.79,25859264.0,-2.7093596059113163,204288185.6,,3.4625887014415766,10.5285592762629,,,,-0.7537688442211006,,,,0.4813419271630937,,8.21,2026-09-02,,5.0,-0.96,0.0,🚨 KURUMSAL BOŞALTIM,0.0,,,,,-6.839622641509434,,,,,,,8.99,6.8,,,,,,,,16.2,50.2,,,,,,,,,,,,,,,,,,,,
ATATP,293.75,295.25,303.75,291.75,688509.0,-1.0942760942760943,202249518.75,,4.291906946489746,46.0081011020881,,,,16.79920477137177,,,,0.3910484083771076,,1.33,2026-09-02,,5.0,-1.13,0.0,NÖTR,0.0,,,,,-12.313432835820896,,,,,,,368.5,239.6,,,,,,,,22.6,42.0,,,,,,,,,,,,,,,,,,,,
KARCL,176.3,159.9,177.1,156.2,5414569.0,9.50310559006212,954588514.7,,12.967583248500969,15.0,,,,316.3911195087388,,,,0.57758459706422,,45.86,2026-09-02,,73.8,-0.78,0.0,🪤 DÜŞEN BIÇAK (SERBEST DÜŞÜŞ),0.0,,,,,64.92048643592143,,,,,,,177.1,41.92,,,,,,,,320.6,99.4,,,,,,,,,,,,,,,,,,,,
SMRTG,9.99,10.1,10.29,9.99,19139251.0,-2.058823529411756,191201117.49,,3.4198625893049703,4.03965078967363,,,,-6.896551724137933,,,,0.7976460020201155,,8.0,2026-09-02,,5.0,-0.37,0.0,🚨 KURUMSAL BOŞALTIM,0.0,,,,,-0.8928571428571415,,,,,,,11.29,9.48,,,,,,,,5.4,28.2,,,,,,,,,,,,,,,,,,,,
EKIM,18.26,18.98,19.15,18.26,10396201.0,-3.793466807165432,189834630.26,,2.0,15.0,,,,-4.046242774566472,,,,0.4298421210821667,,8.0,2026-09-02,,5.0,-1.05,0.0,🚨 KURUMSAL BOŞALTIM,-53.0,,,,,-3.3862433862433705,,,,,,,20.42,17.0,,,,,,,,7.4,36.8,,,,,,,,,,,,,,,,,,,,
MASFN,38.56,39.6,39.6,38.4,4801871.0,-2.527805864509605,185160145.76,,2.051172934730571,15.0,,,,-15.438596491228068,,,,0.301375027552518,,0.53,2026-09-02,,5.0,-1.29,0.0,🪤 DÜŞEN BIÇAK (SERBEST DÜŞÜŞ),0.0,,,,,-10.864539990753572,,,,,,,47.64,38.4,,,,,,,,0.4,1.7,,,,,,,,,,,,,,,,,,,,
IZMDC,10.24,11.34,11.45,10.24,18045062.0,-9.938434476693043,184781434.88,,0.7443559067984991,-7.44835055635709,,,,-9.700176366843031,,,,1.9068800693960264,,8.0,2026-09-02,,5.0,1.68,0.0,🪤 DÜŞEN BIÇAK (SERBEST DÜŞÜŞ),0.0,,,,,-25.36443148688047,,,,,,,14.85,10.24,,,,,,,,0.0,0.0,,,,,,,,,,,,,,,,,,,,
AKSA,10.71,10.7,10.79,10.51,17252955.0,0.0934579439252482,184779148.05,,1.1357382139323584,18.2911638761343,,,,-18.2442748091603,,,,0.9119334485692924,,32.0,2026-09-02,,38.5,-0.16,0.0,🪤 DÜŞEN BIÇAK (SERBEST DÜŞÜŞ),0.0,,,,,-2.724795640326966,,,,,,,12.8,10.51,,,,,,,,1.9,8.7,,,,,,,,,,,,,,,,,,,,
MGROS,525.0,527.0,531.0,515.0,2894579.0,-0.7561436672967864,1519653975.0,,1.0062781019931284,7.44412204961646,,,,-16.534181240063592,,,,0.9705132622742773,,27.0,2026-09-02,,25.8,-0.05,0.0,NÖTR,0.0,,,,,-5.745062836624776,,,,,,,671.0,515.0,,,,,,,,1.9,6.4,,,,,,,,,,,,,,,,,,,,
SARAE,78.5,85.0,85.2,78.4,19176914.0,-8.079625292740053,1505387749.0,,2.0,15.0,,,,6.009453072248485,,,,0.4626133375494692,,7.18,2026-09-02,,5.0,-0.99,0.0,🚨 KURUMSAL BOŞALTIM,0.0,,,,,-12.680756395995555,,,,,,,98.5,71.45,,,,,,,,9.9,26.1,,,,,,,,,,,,,,,,,,,,
BRSAN,694.5,703.5,706.0,676.5,1909209.0,-1.768033946251768,1325945650.5,,2.2685410357678206,6.34788716410025,,,,31.16147308781869,,,,0.5834956948599626,,26.17,2026-09-02,,23.7,-0.77,0.0,🚨 KURUMSAL BOŞALTIM,0.0,,,,,-3.941908713692946,,,,,,,759.5,532.5,,,,,,,,30.4,71.4,,,,,,,,,,,,,,,,,,,,
ADEL,31.9,32.88,32.9,31.74,2330631.0,-2.980535279805365,74347128.89999999,,6.033907153490114,-27.3799727854021,,,,7.046979865771804,,,,0.3232708875107589,,0.28,2026-09-02,,5.0,-1.25,0.0,🚨 KURUMSAL BOŞALTIM,0.0,,,,,-14.705882352941178,,,,,,,39.1,28.66,,,,,,,,11.3,31.0,,,,,,,,,,,,,,,,,,,,
BIGEN,187.0,186.0,189.5,184.5,6525710.0,0.5376344086021506,1220307770.0,,30.156134596343207,-1.65985398922569,,,,76.41509433962264,,,,1.1424145919611264,,20.0,2026-09-02,,8.0,0.26,0.0,🪤 DÜŞEN BIÇAK (SERBEST DÜŞÜŞ),0.0,,,,,17.094552285535386,,,,,,,195.9,99.25,,,,,,,,88.4,90.8,,,,,,,,,,,,,,,,,,,,
FROTO,76.25,76.9,76.9,75.4,15737443.0,-1.2944983818770228,1199980028.75,,1.493203135158677,18.7548843037694,,,,-5.455672659640428,,,,0.7780309870978043,,23.73,2026-09-02,,17.5,-0.41,0.0,NÖTR,-49.0,,,,,-3.1746031746031744,,,,,,,81.7,75.4,,,,,,,,1.1,13.5,,,,,,,,,,,,,,,,,,,,
SELEC,345.75,338.0,348.25,337.0,3215705.0,2.292899408284024,1111830003.75,,5.785356013155975,6.37484548994022,,,,62.247770999530736,,,,0.4560529486336436,,35.56,2026-09-02,,47.6,-1.01,0.0,🪤 DÜŞEN BIÇAK (SERBEST DÜŞÜŞ),0.0,,,,,19.01893287435456,,,,,,,348.25,207.5,,,,,,,,66.6,98.2,,,,,,,,,,,,,,,,,,,,
KRDMA,59.45,62.85,62.9,56.75,18299866.0,-5.709754163362402,1087927033.7,,0.6255377441267583,5.44820350665331,,,,39.48850305021118,,,,1.1752375355481448,,16.59,2026-09-02,,6.6,0.32,0.0,🪤 DÜŞEN BIÇAK (SERBEST DÜŞÜŞ),0.0,,,,,-2.5409836065573725,,,,,,,71.15,38.78,,,,,,,,53.3,63.9,,,,,,,,,,,,,,,,,,,,
SUNTK,33.9,33.3,36.52,33.3,5909804.0,1.9855595667869927,200342355.6,,1.96962249483192,7.8074627473507,,,,-31.097560975609763,,,,3.4056136862956987,,2.43,2026-09-02,,5.0,4.45,0.0,🪤 DÜŞEN BIÇAK (SERBEST DÜŞÜŞ),0.0,,,,,-6.249999999999995,,,,,,,48.8,33.0,,,,,,,,2.7,5.7,,,,,,,,,,,,,,,,,,,,
TKFEN,209.3,214.4,215.9,206.2,4175413.0,-2.3331777881474567,873913940.9000001,,2.12893363209606,-15.7108521370911,,,,33.90914907229686,,,,0.7319894798183816,,9.9,2026-09-02,,5.0,-0.5,0.0,🚨 KURUMSAL BOŞALTIM,0.0,,,,,-3.8143382352941098,,,,,,,245.2,164.1,,,,,,,,27.5,55.7,,,,,,,,,,,,,,,,,,,,
GIPTA,70.6,73.5,74.85,68.9,11018275.0,-7.59162303664923,777890214.9999999,,2.595953768490195,-8.22628559567446,,,,22.463139635732865,,,,1.1087051193799988,,8.0,2026-09-02,,5.0,0.2,0.0,🚨 KURUMSAL BOŞALTIM,0.0,,,,,-22.032026504693544,,,,,,,103.2,56.95,,,,,,,,24.0,29.5,,,,,,,,,,,,,,,,,,,,
BALSU,9.9,9.6,10.2,9.2,78424177.0,3.1250000000000075,776399352.3000001,,2.502445571808813,15.0,,,,-34.56708526107072,,,,1.3485665095701886,,31.2,2026-09-02,,36.5,0.64,0.0,🪤 DÜŞEN BIÇAK (SERBEST DÜŞÜŞ),0.0,,,,,-7.303370786516849,,,,,,,14.51,9.2,,,,,,,,7.6,13.2,,,,,,,,,,,,,,,,,,,,
BJKAS,2.18,2.23,2.38,2.15,351413690.0,-3.111111111111104,766081844.2,,2.622714148219442,-38.1520835440885,,,,14.136125654450275,,,,0.5557173973298948,,0.7,2026-09-02,,5.0,-0.82,0.0,🚨 KURUMSAL BOŞALTIM,-35.6,,,,,-16.15384615384615,,,,,,,3.2,1.72,,,,,,,,26.7,31.1,,,,,,,,,,,,,,,,,,,,
EFOR,16.9,18.18,18.19,16.9,42818311.0,-7.040704070407047,723629455.9,,6.844349766522623,0.192526384577394,,,,-13.775510204081646,,,,0.4754831553320284,,8.0,2026-09-02,,5.0,-0.97,0.0,🪤 DÜŞEN BIÇAK (SERBEST DÜŞÜŞ),-70.9,,,,,-10.582010582010582,,,,,,,21.86,16.9,,,,,,,,0.0,0.0,,,,,,,,,,,,,,,,,,,,
SKBNK,6.29,6.28,6.47,6.23,114109391.0,-0.4746835443038014,717748069.39,,0.7170542635658914,16.2630100499565,,,,-4.55235204855842,,,,0.8501900877526024,,6.0,2026-09-02,,5.0,-0.28,0.0,NÖTR,-72.8,,,,,1.6155088852988633,,,,,,,6.89,5.81,,,,,,,,8.3,44.4,,,,,,,,,,,,,,,,,,,,
ZGYO,23.8,21.72,26.32,21.6,29253919.0,-0.5847953216374292,696243272.2,,1.2311410401383016,15.0,,,,-30.894308943089428,,,,3.37245312163052,,18.1,2026-09-02,,7.2,4.39,0.0,🪤 DÜŞEN BIÇAK (SERBEST DÜŞÜŞ),0.0,,,,,-25.53191489361702,,,,,,,40.5,21.6,,,,,,,,10.2,11.6,,,,,,,,,,,,,,,,,,,,
AEFES,17.99,17.98,18.08,17.74,36065763.0,-0.4977876106194683,648823076.3699999,,0.8478822032871813,8.89029451333242,,,,-18.597285067873315,,,,0.6954702153310344,,33.18,2026-09-02,,41.5,-0.56,0.0,🪤 DÜŞEN BIÇAK (SERBEST DÜŞÜŞ),-54.8,,,,,-5.065963060686021,,,,,,,22.3,17.74,,,,,,,,1.4,5.5,,,,,,,,,,,,,,,,,,,,
LIDER,28.16,29.3,30.3,28.16,22673076.0,-9.85915492957746,638473820.16,,2.0648855073781527,2.85909372586912,,,,-71.08829568788502,,,,0.580652357471657,,8.0,2026-09-02,,5.0,-0.78,0.0,🪤 DÜŞEN BIÇAK (SERBEST DÜŞÜŞ),0.0,,,,,-12.328767123287664,,,,,,,86.0,28.16,,,,,,,,0.0,0.0,,,,,,,,,,,,,,,,,,,,
ANELE,194.0,194.0,195.5,192.9,3223922.0,0.5181347150259068,625440868.0,,72.99050370972354,-180.437741552518,,,,62.4790619765494,,,,0.3419117938709008,,15.69,2026-09-02,,6.3,-1.22,0.0,🪤 DÜŞEN BIÇAK (SERBEST DÜŞÜŞ),0.0,,,,,26.88031393067364,,,,,,,197.5,108.5,,,,,,,,78.8,96.1,,,,,,,,,,,,,,,,,,,,
BETAE,84.1,86.75,87.0,83.3,7214879.0,-3.054755043227672,606771323.9,,2.0,15.0,,,,8.167202572347259,,,,0.5170029982234003,,4.11,2026-09-02,,5.0,-0.89,0.0,🚨 KURUMSAL BOŞALTIM,0.0,,,,,-14.87854251012146,,,,,,,119.0,83.3,,,,,,,,1.0,2.2,,,,,,,,,,,,,,,,,,,,
TRHOL,3442.5,3345.0,3495.0,3340.0,92377.0,2.7611940298507465,318007822.5,,21.834698173750283,196.206662435691,,,,86.18171984856679,,,,0.1774376427033564,,29.03,2026-09-02,,31.0,-1.52,0.0,🪤 DÜŞEN BIÇAK (SERBEST DÜŞÜŞ),0.0,,,,,32.65895953757225,,,,,,,3495.0,1785.0,,,,,,,,92.9,96.9,,,,,,,,,,,,,,,,,,,,
ODINE,1631.0,1693.0,1751.0,1631.0,194770.0,-9.98896247240618,317669870.0,,80.2193613437112,15.0,,,,-34.57681508223025,,,,0.2412889390756888,,8.0,2026-09-02,,5.0,-1.4,0.0,🪤 DÜŞEN BIÇAK (SERBEST DÜŞÜŞ),0.0,,,,,-19.057071960297765,,,,,,,3512.5,1631.0,,,,,,,,0.0,0.0,,,,,,,,,,,,,,,,,,,,
AYGAZ,325.0,331.5,331.75,323.25,782986.0,-1.96078431372549,254470450.0,,0.8496047233630817,11.7381928238,,,,23.33965844402277,,,,0.6553888111327355,,3.53,2026-09-02,,5.0,-0.64,0.0,🚨 KURUMSAL BOŞALTIM,0.0,,,,,2.5236593059936907,,,,,,,346.5,253.25,,,,,,,,28.3,76.9,,,,,,,,,,,,,,,,,,,,
CATES,68.3,71.8,72.2,68.0,4504726.0,-5.401662049861503,307672785.8,,0.7632048121013219,15.0371644035297,,,,42.58872651356993,,,,1.2565751399395195,,4.0,2026-09-02,,5.0,0.47,0.0,🪤 DÜŞEN BIÇAK (SERBEST DÜŞÜŞ),0.0,,,,,6.3862928348909564,,,,,,,73.0,45.5,,,,,,,,50.1,82.9,,,,,,,,,,,,,,,,,,,,
BSOKE,24.34,26.88,27.0,24.2,12496802.0,-9.44940476190476,304172160.68,,2.89473809399217,-8.95758341656074,,,,-31.629213483146074,,,,1.1437221121796928,,5.2,2026-09-02,,5.0,0.27,0.0,🪤 DÜŞEN BIÇAK (SERBEST DÜŞÜŞ),0.0,,,,,-25.973236009732364,,,,,,,37.16,23.68,,,,,,,,2.8,4.9,,,,,,,,,,,,,,,,,,,,
TSPOR,1.02,1.05,1.05,1.01,286479770.0,-3.773584905660381,292209365.4,,0.6292916766921468,-23.1459108480419,,,,8.51063829787235,,,,0.5653020070629953,,6.0,2026-09-02,,5.0,-0.8,0.0,🚨 KURUMSAL BOŞALTIM,0.0,,,,,-16.39344262295082,,,,,,,1.28,0.92,,,,,,,,10.9,27.8,,,,,,,,,,,,,,,,,,,,
TKNKA,190.0,182.0,190.0,182.0,1534888.0,9.953703703703695,291628720.0,,6.880453211831772,15.0,,,,102.34291799787007,,,,1.0,,48.0,2026-09-02,,79.2,0.0,0.0,🪤 DÜŞEN BIÇAK (SERBEST DÜŞÜŞ),0.0,,,,,38.48396501457727,,,,,,,190.0,93.9,,,,,,,,102.3,100.0,,,,,,,,,,,,,,,,,,,,
GENIL,11.33,11.59,11.61,11.15,24951305.0,-2.49569707401032,282698285.65,,3.894474520924637,11.203940499913,,,,21.30620985010707,,,,0.5405526543995549,,13.91,2026-09-02,,5.6,-0.85,0.0,🚨 KURUMSAL BOŞALTIM,-40.8,,,,,-4.46880269814502,,,,,,,12.66,9.13,,,,,,,,24.1,62.3,,,,,,,,,,,,,,,,,,,,
ALBTN,30.5,31.72,32.4,30.32,9140496.0,-3.785488958990534,278785128.0,,0.8446376310711445,15.0,,,,0.3289473684210573,,,,0.3250027916189315,,3.15,2026-09-02,,5.0,-1.25,0.0,🚨 KURUMSAL BOŞALTIM,0.0,,,,,-11.951501154734412,,,,,,,36.7,25.3,,,,,,,,20.6,45.6,,,,,,,,,,,,,,,,,,,,
ORZAX,87.5,88.75,89.75,86.0,3174541.0,-1.4084507042253522,277772337.5,,2.0,15.0,,,,-16.58722592945663,,,,0.4396607881821592,,14.4,2026-09-02,,5.8,-1.04,0.0,NÖTR,0.0,,,,,-15.213178294573645,,,,,,,122.3,86.0,,,,,,,,1.7,4.1,,,,,,,,,,,,,,,,,,,,
NETAS,93.5,95.2,100.5,93.0,2926799.0,-1.7857142857142887,273655706.5,,2.0,15.0,,,,45.073700543056624,,,,0.7286046737760331,,4.27,2026-09-02,,5.0,-0.5,0.0,🪤 DÜŞEN BIÇAK (SERBEST DÜŞÜŞ),0.0,,,,,3.65853658536585,,,,,,,109.6,60.15,,,,,,,,55.4,67.4,,,,,,,,,,,,,,,,,,,,
FORTE,111.5,112.6,114.0,108.8,2438847.0,-0.2683363148479402,271931440.5,,2.395846225779392,131.436854892705,,,,2.293577981651376,,,,1.0166359843435742,,21.08,2026-09-02,,10.7,0.03,0.0,NÖTR,0.0,,,,,-9.1279543602282,,,,,,,146.1,108.7,,,,,,,,2.6,7.5,,,,,,,,,,,,,,,,,,,,
GUNDG,1350.0,1400.0,1600.0,1350.0,201158.0,-10.0,271563300.0,,60.95435557249234,-17.9104469072489,,,,-13.183279742765274,,,,0.7882814658356372,,8.0,2026-09-02,,5.0,-0.39,0.0,🚨 KURUMSAL BOŞALTIM,0.0,,,,,-35.03368623676612,,,,,,,2201.0,1277.0,,,,,,,,5.7,7.9,,,,,,,,,,,,,,,,,,,,
AKSUE,27.7,27.28,30.92,27.28,9412087.0,-8.580858085808584,260714809.9,,1.7537106491388457,-9.44025314803736,,,,-34.04761904761905,,,,5.779352477803855,,1.54,2026-09-02,,5.0,5.0,0.0,🪤 DÜŞEN BIÇAK (SERBEST DÜŞÜŞ),0.0,,,,,-37.33031674208146,,,,,,,46.92,27.28,,,,,,,,1.5,2.1,,,,,,,,,,,,,,,,,,,,
OZATD,4772.5,4790.0,4862.5,4765.0,54271.0,-0.9854771784232365,259008347.5,,75.39917325537215,-11.2630487426031,,,,23.7200259235256,,,,0.0769593464461021,,3.69,2026-09-02,,5.0,-1.71,0.0,NÖTR,0.0,,,,,6.946778711484594,,,,,,,5052.5,3897.5,,,,,,,,22.5,75.8,,,,,,,,,,,,,,,,,,,,
ALKLC,427.0,427.0,433.0,426.0,606491.0,0.0,258971657.0,,16.09669173402837,-13.8123098889037,,,,6.75,,,,0.2186902176268589,,0.0,2026-09-02,,5.0,-1.45,0.0,NÖTR,-47.9,,,,,1.0650887573964498,,,,,,,438.75,400.0,,,,,,,,6.7,69.7,,,,,,,,,,,,,,,,,,,,
MARTI,2.05,1.94,2.05,1.87,151560867.0,9.625668449197846,310699777.35,,0.4292744215265416,-9.11037033586525,,,,38.5135135135135,,,,1.2183917429198925,,48.0,2026-09-02,,79.2,0.4,0.0,🪤 DÜŞEN BIÇAK (SERBEST DÜŞÜŞ),0.0,,,,,48.55072463768117,,,,,,,2.05,1.35,,,,,,,,51.9,100.0,,,,,,,,,,,,,,,,,,,,
GENKM,10.48,9.55,10.48,9.4,42401410.0,9.968520461699908,444366776.8,,0.9072524793617376,15.0,,,,1.6488845780795336,,,,3.9072026369349735,,48.0,2026-09-03,,79.2,5.0,96.0,🎯 TABANDAN DÖNÜŞ (DİP ATEŞLEMESİ),96.0,,,,,1.158301158301168,,,,,,,11.34,9.4,,,,,,,,11.5,55.7,,,,,,,,,,,,,,,,,,,,
DZGYO,7.62,7.07,7.79,7.05,13433886.0,7.475317348378001,102366211.32,,0.4585651484469265,4.3992734873227,,,,5.103448275862071,,,,12.655300288029656,,35.14,2026-09-03,,46.5,5.0,89.2,🎯 TABANDAN DÖNÜŞ (DİP ATEŞLEMESİ),0.0,,,,,4.526748971193417,,,,,,,7.79,6.94,,,,,,,,9.8,80.0,,,,,,,,,,,,,,,,,,,,
ASGYO,11.04,11.0,11.18,10.88,5480880.0,0.8219178082191768,60508915.2,,0.250274871632114,25.4027288584048,,,,3.0812324929971826,,,,1.7130797140541374,,21.87,2026-09-03,,12.7,1.32,87.9,🎯 TABANDAN DÖNÜŞ (DİP ATEŞLEMESİ),0.0,,,,,-1.9538188277087087,,,,,,,11.84,10.55,,,,,,,,4.6,38.0,,,,,,,,,,,,,,,,,,,,
AKCNS,242.4,240.5,243.0,238.1,513339.0,0.7481296758104785,124433373.6,,1.6263805364117014,2.27567752998473,,,,2.668360864040665,,,,1.6973699873029309,,41.14,2026-09-03,,61.8,1.29,87.1,🎯 TABANDAN DÖNÜŞ (DİP ATEŞLEMESİ),16.1,,,,,-0.9803921568627474,,,,,,,253.75,232.2,,,,,,,,4.4,47.3,,,,,,,,,,,,,,,,,,,,
ISMEN,35.42,34.44,35.42,33.78,10638614.0,2.0749279538904863,376819707.88,,1.5071186036814204,22.1737418237606,,,,2.845528455284565,,,,1.4113408957276132,,48.0,2026-09-03,,79.2,0.76,86.3,🎯 TABANDAN DÖNÜŞ (DİP ATEŞLEMESİ),1.1,,,,,5.668257756563241,,,,,,,35.42,32.04,,,,,,,,10.5,100.0,,,,,,,,,,,,,,,,,,,,
AKSGY,9.95,9.99,10.02,9.82,10426899.0,0.5050505050504942,103747645.05,,0.4870715544827471,7.45811168344226,,,,2.4716786817713534,,,,1.737691038707006,,28.4,2026-09-03,,29.4,1.36,84.8,🎯 TABANDAN DÖNÜŞ (DİP ATEŞLEMESİ),84.8,,,,,-3.585271317829467,,,,,,,10.34,9.43,,,,,,,,5.5,57.1,,,,,,,,,,,,,,,,,,,,
UFUK,1500.0,1508.0,1523.0,1434.0,310592.0,0.0667111407605069,465888000.0,,24.49509085719101,2.39777182428806,,,,-12.280701754385966,,,,4.450762352401696,,33.53,2026-09-03,,42.4,5.0,81.8,🎯 TABANDAN DÖNÜŞ (DİP ATEŞLEMESİ),0.0,,,,,-13.043478260869565,,,,,,,1990.0,1434.0,,,,,,,,4.6,11.9,,,,,,,,,,,,,,,,,,,,
BIMAS,412.75,406.25,412.75,402.5,8507455.0,1.6,3511452051.25,,2.4307048879281625,16.1065139976773,,,,8.761528326745719,,,,0.8915199867944311,,48.0,2026-09-03,,79.2,-0.2,81.5,🎯 TABANDAN DÖNÜŞ (DİP ATEŞLEMESİ),81.5,,,,,-1.255980861244019,,,,,,,422.75,370.25,,,,,,,,11.5,81.0,,,,,,,,,,,,,,,,,,,,
POLHO,22.86,22.42,23.14,22.2,2528128.0,1.9625334522747444,57793006.08,,1.194477188934313,-12.9761774249201,,,,9.169054441260736,,,,1.852235299634081,,31.32,2026-09-03,,36.8,1.58,81.1,🎯 TABANDAN DÖNÜŞ (DİP ATEŞLEMESİ),0.0,,,,,1.2400354295837075,,,,,,,23.44,20.98,,,,,,,,9.0,76.4,,,,,,,,,,,,,,,,,,,,
MIATK,27.92,27.58,28.98,26.76,28722009.0,1.5272727272727336,801918491.2800001,,2.289785849254672,-25.9314338186004,,,,-7.057256990679086,,,,2.612144468987268,,21.26,2026-09-03,,11.2,2.98,80.0,🎯 TABANDAN DÖNÜŞ (DİP ATEŞLEMESİ),32.0,,,,,-6.622073578595308,,,,,,,33.64,26.76,,,,,,,,4.3,16.9,,,,,,,,,,,,,,,,,,,,
HLGYO,4.43,4.34,4.6,4.34,59027652.0,2.7842227378190283,261492498.36,,0.2547016311253442,23.7397574584333,,,,-5.543710021321975,,,,2.2484954641456163,,11.38,2026-09-03,,5.0,2.31,78.7,🎯 TABANDAN DÖNÜŞ (DİP ATEŞLEMESİ),0.0,,,,,-3.2751091703056847,,,,,,,4.89,4.18,,,,,,,,6.0,35.2,,,,,,,,,,,,,,,,,,,,
CCOLA,78.8,78.35,79.35,77.0,5294794.0,0.5743458838545027,417229767.2,,2.4077301582257595,26.9016013150558,,,,-9.425287356321842,,,,0.8692486254173791,,34.89,2026-09-03,,45.9,-0.24,78.5,🎯 TABANDAN DÖNÜŞ (DİP ATEŞLEMESİ),1.8,,,,,-1.8068535825545209,,,,,,,91.2,75.2,,,,,,,,4.8,22.5,,,,,,,,,,,,,,,,,,,,
MPARK,416.0,415.25,423.0,410.0,681778.0,0.9096422073984234,283619648.0,,1.8130392211811093,16.9199976935728,,,,3.354037267080745,,,,1.2086348739463768,,17.85,2026-09-03,,7.1,0.39,78.1,🎯 TABANDAN DÖNÜŞ (DİP ATEŞLEMESİ),78.1,,,,,-4.696449026345934,,,,,,,449.0,398.0,,,,,,,,4.5,35.3,,,,,,,,,,,,,,,,,,,,
VAKFA,11.13,10.94,11.53,10.94,13039667.0,1.6438356164383698,145131493.71,,1.2641679378388295,15.0,,,,3.24675324675326,,,,1.733939220500749,,10.03,2026-09-03,,5.0,1.36,77.1,🎯 TABANDAN DÖNÜŞ (DİP ATEŞLEMESİ),0.0,,,,,-2.539404553415054,,,,,,,11.93,10.75,,,,,,,,3.5,32.2,,,,,,,,,,,,,,,,,,,,
ENJSA,114.5,113.2,115.0,111.5,4714954.0,1.1484098939929304,539862233.0,,1.2411371157339224,6.38889149521895,,,,3.713768115942024,,,,0.9728614002321312,,40.0,2026-09-03,,58.9,-0.05,76.1,🎯 TABANDAN DÖNÜŞ (DİP ATEŞLEMESİ),2.3,,,,,-0.6938421509106654,,,,,,,118.6,104.3,,,,,,,,9.8,71.3,,,,,,,,,,,,,,,,,,,,
ISCTR,12.95,12.86,13.18,12.79,684427220.0,1.3302034428794989,8863332499.0,,0.7130350515918026,16.6794653165665,,,,4.435483870967733,,,,1.0275148202346418,,14.97,2026-09-03,,6.0,0.05,75.9,🎯 TABANDAN DÖNÜŞ (DİP ATEŞLEMESİ),0.7,,,,,0.0772797527047897,,,,,,,13.39,11.86,,,,,,,,9.2,71.2,,,,,,,,,,,,,,,,,,,,
KCHOL,216.4,214.3,217.2,213.0,28563801.0,1.5962441314554017,6181206536.400001,,0.6920877578790465,5.12588457140304,,,,9.959349593495933,,,,0.8817987278282254,,37.33,2026-09-03,,52.1,-0.22,74.9,🎯 TABANDAN DÖNÜŞ (DİP ATEŞLEMESİ),74.9,,,,,0.651162790697677,,,,,,,226.8,195.6,,,,,,,,10.6,66.7,,,,,,,,,,,,,,,,,,,,
JANTS,15.2,15.21,16.3,15.15,13074876.0,0.1317523056653463,198738115.2,,1.2452841009171682,8.73833627510514,,,,2.3569023569023546,,,,2.4543308519296896,,5.57,2026-09-03,,5.0,2.69,74.3,🎯 TABANDAN DÖNÜŞ (DİP ATEŞLEMESİ),0.0,,,,,-4.402515723270447,,,,,,,17.45,14.47,,,,,,,,5.0,24.5,,,,,,,,,,,,,,,,,,,,
ALKLC,439.25,427.0,439.25,425.0,3806231.0,2.8688524590163933,1671886966.75,,16.55848207066033,-13.8123098889037,,,,9.402241594022415,,,,1.3722818273718709,,48.0,2026-09-03,,79.2,0.69,73.9,🎯 TABANDAN DÖNÜŞ (DİP ATEŞLEMESİ),73.9,,,,,2.9894490035169987,,,,,,,439.25,400.0,,,,,,,,9.8,100.0,,,,,,,,,,,,,,,,,,,,
ESCAR,45.6,44.8,45.84,43.52,4021277.0,2.379883251010333,183370231.2,,3.4525105657423127,-22.7612896158175,,,,1.288316303864945,,,,1.1371918877566842,,42.21,2026-09-03,,64.5,0.25,73.6,🎯 TABANDAN DÖNÜŞ (DİP ATEŞLEMESİ),73.6,,,,,-2.355460385438975,,,,,,,49.08,41.64,,,,,,,,9.5,53.2,,,,,,,,,,,,,,,,,,,,
EFOR,17.3,16.9,17.69,16.0,111808601.0,2.3668639053254568,1934288797.3,,7.006346210700674,0.192526384577394,,,,-4.048807542983917,,,,1.2847973402815591,,35.08,2026-09-03,,46.3,0.53,71.6,🎯 TABANDAN DÖNÜŞ (DİP ATEŞLEMESİ),71.6,,,,,-3.888888888888885,,,,,,,21.86,16.0,,,,,,,,8.1,22.2,,,,,,,,,,,,,,,,,,,,
SAHOL,93.0,92.65,93.75,92.15,32072449.0,0.5405405405405406,2982737757.0,,0.4658341692468704,5.37074515641721,,,,7.452339688041597,,,,0.8465266124463823,,21.75,2026-09-03,,12.4,-0.28,70.7,🎯 TABANDAN DÖNÜŞ (DİP ATEŞLEMESİ),70.7,,,,,-1.1689691817215668,,,,,,,96.5,86.05,,,,,,,,8.1,66.5,,,,,,,,,,,,,,,,,,,,
EDATA,18.03,17.89,18.05,17.2,3468262.0,0.7825600894354419,62532763.86000001,,7.672503670290857,-12.9957486909364,,,,1.806888763410504,,,,1.023788714473549,,46.68,2026-09-03,,75.8,0.04,70.1,🎯 TABANDAN DÖNÜŞ (DİP ATEŞLEMESİ),70.1,,,,,-7.205352547606786,,,,,,,22.0,16.66,,,,,,,,8.2,25.7,,,,,,,,,,,,,,,,,,,,
TAVHL,266.25,262.5,266.25,261.0,2196366.0,2.011494252873564,584782447.5,,1.1796915468820055,6.95027383463448,,,,-4.31266846361186,,,,0.5064545126524276,,48.0,2026-09-03,,79.2,-0.91,69.7,⚡ TABANDA SIKIŞMA,12.2,,,,,-6.414762741652021,,,,,,,293.0,255.5,,,,,,,,4.2,28.7,,,,,,,,,,,,,,,,,,,,
AGHOL,32.98,32.64,33.38,32.62,4303258.0,1.0416666666666554,141921448.83999997,,0.6054199958953331,3.94764331491178,,,,-6.572237960339945,,,,0.796390338008475,,18.53,2026-09-03,,7.4,-0.38,68.9,⚡ TABANDA SIKIŞMA,1.8,,,,,6.455777921239498,,,,,,,35.96,30.24,,,,,,,,9.1,47.9,,,,,,,,,,,,,,,,,,,,
MAGEN,33.9,32.98,34.4,32.4,17640515.0,2.665051483949108,598013458.5,,6.283747337748639,-7.00912138236529,,,,-8.576051779935275,,,,0.9666916073857422,,34.0,2026-09-03,,43.6,-0.06,67.4,⚡ TABANDA SIKIŞMA,7.2,,,,,1.8629807692307607,,,,,,,37.94,31.5,,,,,,,,7.6,37.3,,,,,,,,,,,,,,,,,,,,
PETKM,20.22,19.99,20.3,19.78,48520510.0,1.3533834586466145,981084712.2,,0.6811218096416127,-3.27338734505416,,,,5.863874345549724,,,,0.6949134370597413,,39.38,2026-09-03,,57.3,-0.56,66.8,⚡ TABANDA SIKIŞMA,66.8,,,,,0.697211155378489,,,,,,,21.08,18.2,,,,,,,,11.1,70.1,,,,,,,,,,,,,,,,,,,,
AKBNK,71.55,72.25,73.35,71.35,160759332.0,0.0699300699300659,11502330204.6,,1.1456776807576747,22.870526655457,,,,8.409090909090907,,,,1.0062708945772598,,2.4,2026-09-03,,5.0,0.01,66.7,⚡ TABANDA SIKIŞMA,66.7,,,,,-2.6530612244898,,,,,,,74.85,64.4,,,,,,,,11.1,68.4,,,,,,,,,,,,,,,,,,,,
HRKET,91.5,92.1,92.35,89.55,870664.0,0.109409190371985,79665756.0,,1.3172336193721734,-17.568598707439,,,,-4.238618524332807,,,,0.7265391864644334,,31.0,2026-09-03,,36.0,-0.51,65.9,⚡ TABANDA SIKIŞMA,65.9,,,,,-10.46966731898239,,,,,,,110.7,85.85,,,,,,,,6.6,22.7,,,,,,,,,,,,,,,,,,,,
TRALT,51.7,51.2,51.75,49.28,124122046.0,2.7833001988071686,6417109778.200001,,3.0419834909143546,11.2503473841185,,,,14.279398762157385,,,,1.168291662643279,,46.87,2026-09-03,,76.3,0.31,65.9,⚡ TABANDA SIKIŞMA,5.8,,,,,-6.255666364460554,,,,,,,57.45,46.66,,,,,,,,10.8,46.7,,,,,,,,,,,,,,,,,,,,
ENKAI,86.9,87.0,87.85,86.25,9982330.0,0.1152073732718992,867464477.0,,1.2739335314551634,10.5694649038713,,,,-0.1723147616312366,,,,0.5946201167536325,,14.75,2026-09-03,,5.9,-0.75,63.9,⚡ TABANDA SIKIŞMA,63.9,,,,,-1.2499999999999936,,,,,,,90.35,78.5,,,,,,,,10.7,70.9,,,,,,,,,,,,,,,,,,,,
TSKB,11.04,11.05,11.16,11.04,12348990.0,0.638103919781208,136332849.6,,0.6145159351106796,23.7706505712981,,,,-1.6042780748663237,,,,0.6945795555919029,,8.0,2026-09-03,,5.0,-0.57,61.8,⚡ TABANDA SIKIŞMA,61.8,,,,,-1.6042780748663237,,,,,,,11.38,10.69,,,,,,,,3.3,50.7,,,,,,,,,,,,,,,,,,,,
BESTE,32.0,31.88,33.26,31.24,8199576.0,0.3764115432873306,262386432.0,,1.1998410210647088,15.0,,,,17.474302496328935,,,,0.9821453981904784,,13.07,2026-09-03,,5.2,-0.03,61.3,⚡ TABANDA SIKIŞMA,61.3,,,,,-3.614457831325309,,,,,,,36.7,27.8,,,,,,,,15.1,47.2,,,,,,,,,,,,,,,,,,,,
AEFES,18.21,18.0,18.32,17.92,43144392.0,1.2229016120066838,785659378.32,,0.8582509684190981,8.89029451333242,,,,-17.601809954751133,,,,0.8664584250579882,,32.6,2026-09-03,,40.0,-0.25,60.1,⚡ TABANDA SIKIŞMA,60.1,,,,,-4.157894736842101,,,,,,,22.3,17.74,,,,,,,,2.6,10.3,,,,,,,,,,,,,,,,,,,,
ECOGR,33.38,33.34,33.9,33.2,3741834.0,0.1199760047990376,124902418.92000002,,0.9140983096575116,15.0,,,,-9.68614718614718,,,,0.538465310963266,,6.4,2026-09-03,,5.0,-0.85,58.7,⚡ TABANDA SIKIŞMA,58.7,,,,,-8.79781420765027,,,,,,,38.02,32.24,,,,,,,,3.5,19.7,,,,,,,,,,,,,,,,,,,,
ORZAX,88.25,88.5,90.0,85.7,3850426.0,0.8571428571428572,339800094.5,,2.0,15.0,,,,-15.952380952380953,,,,0.5637731985489527,,25.21,2026-09-03,,21.2,-0.81,57.0,⚡ TABANDA SIKIŞMA,57.0,,,,,-11.306532663316585,,,,,,,122.3,85.7,,,,,,,,3.0,7.0,,,,,,,,,,,,,,,,,,,,
OZSUB,42.1,42.0,42.6,39.3,3527300.0,0.2380952380952415,148499330.0,,3.5544433496871504,41.5311324649096,,,,20.148401826484022,,,,1.298918995076459,,39.52,2026-09-03,,57.6,0.55,55.9,⚡ TABANDA SIKIŞMA,55.9,,,,,-5.308142150247412,,,,,,,45.8,37.32,,,,,,,,12.8,56.4,,,,,,,,,,,,,,,,,,,,
BLCYT,2.26,2.06,2.26,2.06,78697502.0,9.708737864077657,177856354.51999998,,0.4640218788369066,1.8017541176258,,,,20.597652081109903,,,,1.7293204483106923,,48.0,2026-09-03,,79.2,1.35,55.2,⚡ TABANDA SIKIŞMA,0.9,,,,,5.904404873477033,,,,,,,2.288,1.865,,,,,,,,21.2,93.4,,,,,,,,,,,,,,,,,,,,
DMLKT,7.14,7.03,7.17,7.03,7905355.0,1.5647226173541882,56444234.7,,2.0,15.0,,,,18.604651162790702,,,,1.159104466691832,,36.0,2026-09-03,,48.7,0.29,54.3,⚡ TABANDA SIKIŞMA,6.9,,,,,3.7790697674418574,,,,,,,7.28,6.02,,,,,,,,18.6,88.9,,,,,,,,,,,,,,,,,,,,
BRKVY,93.45,91.5,95.1,90.9,1090334.0,2.1311475409836094,101891712.3,,3.5725959525871214,24.9595404187976,,,,26.454668470906626,,,,1.4682048560610277,,26.0,2026-09-03,,23.3,0.87,54.3,⚡ TABANDA SIKIŞMA,2.3,,,,,7.7854671280276815,,,,,,,95.1,72.25,,,,,,,,29.3,92.8,,,,,,,,,,,,,,,,,,,,
KLSYN,15.85,15.81,15.99,15.51,4912856.0,0.2530044275774772,77868767.6,,1.7094219888828253,0.561597736081696,,,,28.132578819725147,,,,2.168390307218669,,31.67,2026-09-03,,37.7,2.16,53.6,⚡ TABANDA SIKIŞMA,0.0,,,,,2.3901808785529663,,,,,,,16.52,12.37,,,,,,,,28.1,83.9,,,,,,,,,,,,,,,,,,,,
ALTIN,76.32,75.3,76.43,74.71,18434686.0,2.829426030719475,1406935235.52,,2.0,15.0,,,,12.086943750917888,,,,0.8741418937265004,,44.42,2026-09-03,,70.1,-0.23,52.4,⚡ TABANDA SIKIŞMA,-21.7,,,,,-1.9653179190751464,,,,,,,80.25,68.84,,,,,,,,10.9,65.6,,,,,,,,,,,,,,,,,,,,
PAPIL,12.83,12.72,12.9,12.3,5471758.0,0.6274509803921574,70202655.14,,7.68010535452396,15.0,,,,12.940140845070427,,,,0.5174860862955473,,41.47,2026-09-03,,62.6,-0.89,52.3,⚡ TABANDA SIKIŞMA,52.3,,,,,-0.9266409266409208,,,,,,,14.43,11.1,,,,,,,,15.6,52.0,,,,,,,,,,,,,,,,,,,,
AVOD,4.37,4.02,4.37,3.97,14056486.0,9.798994974874375,61426843.82,,0.9346214141656096,-17.5365677098842,,,,18.10810810810811,,,,2.713563698869463,,48.0,2026-09-03,,79.2,3.17,52.1,⚡ TABANDA SIKIŞMA,0.0,,,,,11.19592875318066,,,,,,,4.37,3.71,,,,,,,,17.8,100.0,,,,,,,,,,,,,,,,,,,,
TRCAS,48.0,47.1,48.3,46.06,1274117.0,4.257167680278021,61157616.0,,0.7216593112543672,7.37368670279957,,,,14.01425178147268,,,,1.3220555266288792,,40.5,2026-09-03,,60.1,0.6,51.9,⚡ TABANDA SIKIŞMA,0.0,,,,,1.910828025477704,,,,,,,48.6,41.78,,,,,,,,14.9,91.2,,,,,,,,,,,,,,,,,,,,
FENER,3.07,3.06,3.14,3.03,104535224.0,0.6557377049180334,320923137.68,,2.8221321346166217,-152.902143571936,,,,2.675585284280924,,,,0.6173889941677219,,12.36,2026-09-03,,5.0,-0.71,50.7,⚡ TABANDA SIKIŞMA,50.7,,,,,-12.784090909090914,,,,,,,3.52,2.99,,,,,,,,2.7,15.1,,,,,,,,,,,,,,,,,,,,
GUNDG,1395.0,1330.0,1485.0,1215.0,218963.0,3.333333333333333,305453385.0,,62.98616742490875,-17.9104469072489,,,,-0.3571428571428571,,,,0.8365428514121434,,29.33,2026-09-03,,31.7,-0.3,50.5,⚡ TABANDA SIKIŞMA,50.5,,,,,-20.285714285714285,,,,,,,2201.0,1215.0,,,,,,,,14.8,18.3,,,,,,,,,,,,,,,,,,,,
AYGAZ,335.0,325.0,340.5,325.0,1537534.0,3.076923076923077,515073890.0,,0.8757464071588688,11.7381928238,,,,28.22966507177033,,,,1.403249095528987,,28.13,2026-09-03,,28.7,0.75,49.9,NÖTR,49.9,,,,,4.280155642023346,,,,,,,346.5,262.0,,,,,,,,27.9,86.4,,,,,,,,,,,,,,,,,,,,
KZGYO,21.24,20.54,21.64,20.42,4656520.0,4.015670910871678,98904484.8,,0.3112361070224331,-4.45741308941323,,,,10.395010395010395,,,,3.1471438364603346,,29.64,2026-09-03,,32.5,3.97,48.7,NÖTR,0.0,,,,,7.381193124368034,,,,,,,21.64,19.22,,,,,,,,10.5,83.5,,,,,,,,,,,,,,,,,,,,
GUBRF,482.25,482.0,487.5,467.25,3386472.0,1.3662637940094586,1633126122.0,,4.5222378761826745,23.5062247678353,,,,19.29499072356215,,,,0.7672895799967345,,33.48,2026-09-03,,42.3,-0.43,48.7,NÖTR,4.1,,,,,-0.7205352547606794,,,,,,,508.0,408.0,,,,,,,,18.2,74.2,,,,,,,,,,,,,,,,,,,,
METRO,8.44,8.39,8.45,8.08,6947671.0,1.686746987951793,58638343.24,,0.9039693250219564,1.93709576793657,,,,14.67391304347825,,,,0.8680499800568955,,46.49,2026-09-03,,75.4,-0.24,48.0,NÖTR,0.0,,,,,-5.487122060470328,,,,,,,9.08,7.17,,,,,,,,17.7,66.5,,,,,,,,,,,,,,,,,,,,
BOBET,22.16,20.7,22.58,20.5,14028994.0,7.572815533980576,310882507.04,,1.1728367618696798,-14.7450464929952,,,,22.77008310249307,,,,1.6728207154555548,,36.69,2026-09-03,,50.4,1.24,47.7,NÖTR,47.7,,,,,7.992202729044838,,,,,,,22.58,17.64,,,,,,,,25.6,91.5,,,,,,,,,,,,,,,,,,,,
TERA,194.0,193.0,194.3,191.7,9666047.0,1.1997913406364171,1875213118.0,,1.4709313262349015,111.595685411764,,,,6.652006597031333,,,,0.545481201187331,,41.54,2026-09-03,,62.8,-0.84,45.8,NÖTR,-17.4,,,,,6.945975744211684,,,,,,,199.2,172.6,,,,,,,,12.4,80.5,,,,,,,,,,,,,,,,,,,,
EMPAE,73.0,71.85,75.9,70.5,15788401.0,5.339105339105343,1152553273.0,,6.539138535680854,15.0,,,,22.689075630252105,,,,1.6270105624289832,,17.93,2026-09-03,,7.2,1.16,45.5,NÖTR,-8.8,,,,,1.9553072625698404,,,,,,,89.5,61.5,,,,,,,,18.7,41.1,,,,,,,,,,,,,,,,,,,,
AHGAZ,38.84,38.7,39.16,38.16,5419282.0,0.3617571059431539,210484912.88000005,,1.6383256851419807,10.5587550611099,,,,20.69608452454942,,,,0.8588893232331261,,30.08,2026-09-03,,33.6,-0.26,45.0,NÖTR,4.9,,,,,7.115278543849988,,,,,,,39.16,31.54,,,,,,,,23.1,95.8,,,,,,,,,,,,,,,,,,,,
SOKM,58.0,57.3,58.35,55.65,4966804.0,1.576182136602449,288074632.0,,0.8592956679349673,-6.73875323563156,,,,16.0,,,,1.0707264155439995,,40.74,2026-09-03,,60.7,0.13,44.8,NÖTR,9.6,,,,,1.3986013986013937,,,,,,,61.1,49.12,,,,,,,,18.1,74.1,,,,,,,,,,,,,,,,,,,,
KGYO,12.12,11.87,12.3,11.37,30333421.0,1.93439865433136,367641062.52,,8.400565582633286,-46.8242068023256,,,,19.056974459724945,,,,1.4751663019871568,,37.16,2026-09-03,,51.6,0.88,44.6,NÖTR,0.2,,,,,-7.410236822001532,,,,,,,14.0,8.65,,,,,,,,40.1,64.9,,,,,,,,,,,,,,,,,,,,
TRMET,138.8,139.0,139.3,133.2,4804600.0,0.7988380537400311,666878480.0,,1.7911595693474271,8.18576711076804,,,,10.862619808306716,,,,0.6779840013217028,,43.41,2026-09-03,,67.5,-0.6,44.0,NÖTR,-25.2,,,,,-3.275261324041804,,,,,,,150.1,124.0,,,,,,,,11.9,56.7,,,,,,,,,,,,,,,,,,,,
KUYAS,70.35,69.0,71.7,69.0,17091560.0,1.88269370021723,1202391246.0,,15.877099737977074,-66.6798503710024,,,,6.510219530658588,,,,2.510212983366704,,20.0,2026-09-03,,8.0,2.79,43.4,NÖTR,-6.9,,,,,11.489698890649752,,,,,,,71.7,60.25,,,,,,,,16.8,88.2,,,,,,,,,,,,,,,,,,,,
CANTE,1.34,1.33,1.38,1.3,561968130.0,0.7518796992481209,753037294.2,,0.4223611881587574,-8.69874510729253,,,,13.55932203389832,,,,1.2743892629688869,,20.0,2026-09-03,,8.0,0.51,42.3,NÖTR,6.6,,,,,9.8360655737705,,,,,,,1.43,1.18,,,,,,,,13.6,64.0,,,,,,,,,,,,,,,,,,,,
ALARK,111.7,110.5,112.6,110.1,5040675.0,1.1775362318840554,563043397.5,,0.5091154454140275,8.48918625901478,,,,8.027079303675047,,,,0.7251690586536153,,27.84,2026-09-03,,27.9,-0.51,42.2,NÖTR,-25.9,,,,,1.4532243415077282,,,,,,,116.3,99.15,,,,,,,,12.7,73.2,,,,,,,,,,,,,,,,,,,,
HALKB,49.44,49.44,49.44,49.44,24175050.0,9.964412811387891,1195214472.0,,1.5136175060396218,15.2318624552132,,,,32.54691689008043,,,,0.4389227788620615,,20.0,2026-09-03,,8.0,-1.04,39.5,NÖTR,39.5,,,,,17.938931297709914,,,,,,,49.44,32.14,,,,,,,,53.8,100.0,,,,,,,,,,,,,,,,,,,,
NIBAS,4.39,4.17,4.65,4.17,43782768.0,0.6880733944953982,192206351.52,,5.52402763272137,-107.212572449551,,,,17.69436997319034,,,,1.0562438462245944,,17.67,2026-09-03,,7.1,0.1,36.8,NÖTR,36.8,,,,,-7.188160676532784,,,,,,,4.97,3.3,,,,,,,,33.0,65.3,,,,,,,,,,,,,,,,,,,,
IEYHO,212.5,211.4,213.2,211.0,879812.0,0.9501187648456058,186960050.0,,55.98779597783674,-36.4314001799013,,,,25.36873156342183,,,,0.6379897635873361,,30.18,2026-09-03,,33.9,-0.67,33.4,NÖTR,3.5,,,,,10.619469026548677,,,,,,,213.2,168.0,,,,,,,,26.5,98.5,,,,,,,,,,,,,,,,,,,,
HKTM,13.16,13.1,13.48,12.96,14303060.0,0.4580152671755763,188228269.6,,1.334201172393796,-21.9504766782517,,,,19.63636363636364,,,,0.5276004420522871,,13.54,2026-09-03,,5.4,-0.87,29.7,NÖTR,29.7,,,,,-4.568527918781719,,,,,,,16.22,10.89,,,,,,,,20.8,42.6,,,,,,,,,,,,,,,,,,,,
MANAS,35.58,35.6,38.86,33.86,31240563.0,0.5084745762711856,1111539231.54,,20.408631508907984,-89.1081959171501,,,,17.19367588932806,,,,1.072883940869073,,11.26,2026-09-03,,5.0,0.13,27.5,NÖTR,-7.9,,,,,6.082289803220033,,,,,,,38.86,29.9,,,,,,,,19.0,63.4,,,,,,,,,,,,,,,,,,,,
ORGE,21.62,23.12,23.12,21.42,4893076.0,-6.487889273356401,105788303.12,,1.6608934869467755,20.2060622539078,,,,7.242063492063496,,,,0.7227224088647685,,1.41,2026-09-03,,5.0,-0.51,0.0,🚨 KURUMSAL BOŞALTIM,0.0,,,,,-9.159663865546216,,,,,,,25.0,18.93,,,,,,,,14.2,44.3,,,,,,,,,,,,,,,,,,,,
ODINE,1468.0,1532.0,1620.0,1468.0,76049.0,-9.993868792152051,111639932.0,,72.20234362511835,15.0,,,,-44.96719775070291,,,,0.0966203522363173,,8.0,2026-09-03,,5.0,-1.67,0.0,🪤 DÜŞEN BIÇAK (SERBEST DÜŞÜŞ),0.0,,,,,-19.34065934065934,,,,,,,3512.5,1468.0,,,,,,,,0.0,0.0,,,,,,,,,,,,,,,,,,,,
FORTE,108.5,112.5,112.5,107.3,980869.0,-2.690582959641256,106424286.5,,2.331383995489363,131.436854892705,,,,-0.3673094582185543,,,,0.4067985658041427,,4.92,2026-09-03,,5.0,-1.1,0.0,🚨 KURUMSAL BOŞALTIM,0.0,,,,,-13.2,,,,,,,146.1,107.3,,,,,,,,1.1,3.1,,,,,,,,,,,,,,,,,,,,
REEDR,5.55,5.51,5.78,5.34,19404645.0,0.7259528130671513,107695779.75,,0.6146349566710042,-13.0458914571186,,,,-20.827389443651928,,,,1.8608626393953545,,18.73,2026-09-03,,7.5,1.59,0.0,🪤 DÜŞEN BIÇAK (SERBEST DÜŞÜŞ),0.0,,,,,-7.807308970099664,,,,,,,7.05,5.34,,,,,,,,3.9,12.3,,,,,,,,,,,,,,,,,,,,
ESEN,3.31,3.39,3.41,3.31,31867709.0,-1.7804154302670638,105482116.79,,0.3782429188011871,-4.23149320297435,,,,0.0,,,,0.8929344751649,,8.0,2026-09-03,,5.0,-0.2,0.0,🪤 DÜŞEN BIÇAK (SERBEST DÜŞÜŞ),0.0,,,,,-8.563535911602212,,,,,,,3.82,3.31,,,,,,,,0.0,0.0,,,,,,,,,,,,,,,,,,,,
ALVES,1.23,1.3,1.3,1.23,91917516.0,-6.106870229007639,113058544.68,,0.6084319768103323,2.75376786750353,,,,-42.52336448598131,,,,0.6678262697285821,,8.0,2026-09-03,,5.0,-0.61,0.0,🪤 DÜŞEN BIÇAK (SERBEST DÜŞÜŞ),0.0,,,,,-31.66666666666667,,,,,,,2.17,1.23,,,,,,,,0.0,0.0,,,,,,,,,,,,,,,,,,,,
ARSAN,3.79,3.99,4.0,3.77,27142510.0,-4.53400503778338,102870112.9,,0.4672989381587188,3.41929168367491,,,,14.156626506024104,,,,0.6013143209774542,,3.13,2026-09-03,,5.0,-0.74,0.0,🚨 KURUMSAL BOŞALTIM,0.0,,,,,-11.032863849765253,,,,,,,4.57,3.26,,,,,,,,16.3,40.5,,,,,,,,,,,,,,,,,,,,
BINBN,171.0,177.0,178.4,160.2,725697.0,-3.607666290868098,124094187.0,,10.412442320549776,-35.6665828056623,,,,-2.619589977220953,,,,2.096865351042196,,25.23,2026-09-03,,21.3,2.03,0.0,🚨 KURUMSAL BOŞALTIM,0.0,,,,,-5.837004405286342,,,,,,,196.6,160.2,,,,,,,,6.7,29.7,,,,,,,,,,,,,,,,,,,,
TGSAS,212.0,219.0,230.0,208.9,581864.0,-3.5925420645748094,123355168.0,,8.817681947875853,19.8764898445464,,,,17.12707182320442,,,,0.4411283516532836,,0.23,2026-09-03,,5.0,-1.03,0.0,🚨 KURUMSAL BOŞALTIM,0.0,,,,,-15.2,,,,,,,280.75,169.6,,,,,,,,25.0,38.1,,,,,,,,,,,,,,,,,,,,
DOAS,159.4,162.0,162.4,159.4,770314.0,-1.4223871366728404,122788051.6,,0.4717159668545254,3.74584386729599,,,,-14.986666666666665,,,,0.9015924410402852,,8.0,2026-09-03,,5.0,-0.18,0.0,🪤 DÜŞEN BIÇAK (SERBEST DÜŞÜŞ),0.0,,,,,-4.665071770334919,,,,,,,198.2,159.4,,,,,,,,0.0,0.0,,,,,,,,,,,,,,,,,,,,
GEREL,35.1,36.0,37.32,35.1,3459034.0,-4.826464208242953,121412093.4,,3.1794745442753154,25.9052982329303,,,,-16.587452471482884,,,,0.5780951489135224,,8.0,2026-09-03,,5.0,-0.78,0.0,🪤 DÜŞEN BIÇAK (SERBEST DÜŞÜŞ),0.0,,,,,-10.45918367346939,,,,,,,47.0,35.1,,,,,,,,0.0,0.0,,,,,,,,,,,,,,,,,,,,
ECZYT,299.5,305.0,309.25,299.0,401544.0,-1.7227235438884332,120262428.0,,0.9998215009827794,-1.54210473736186,,,,-5.965463108320251,,,,1.2481454715001747,,5.27,2026-09-03,,5.0,0.46,0.0,🪤 DÜŞEN BIÇAK (SERBEST DÜŞÜŞ),0.0,,,,,-7.846153846153846,,,,,,,336.5,299.0,,,,,,,,0.2,1.3,,,,,,,,,,,,,,,,,,,,
PATEK,19.0,19.56,19.66,18.99,6233103.0,-2.8629856850715685,118428957.0,,3.381595223051801,-16.4083014952765,,,,0.849256900212315,,,,0.2868164087399343,,7.16,2026-09-03,,5.0,-1.32,0.0,🚨 KURUMSAL BOŞALTIM,0.0,,,,,-11.792014856081703,,,,,,,23.5,18.7,,,,,,,,1.6,6.3,,,,,,,,,,,,,,,,,,,,
AKFYE,22.64,22.76,23.08,22.52,5036588.0,-0.5272407732864718,114028352.32,,0.3874549480940434,4.46642791828936,,,,-4.472573839662442,,,,0.7009955925941865,,4.0,2026-09-03,,5.0,-0.55,0.0,NÖTR,0.0,,,,,-2.8326180257510734,,,,,,,24.8,22.28,,,,,,,,1.6,14.3,,,,,,,,,,,,,,,,,,,,
LXGYO,8.98,10.0,10.01,8.98,12633503.0,-9.929789368104316,113448856.94,,1.422770346170482,15.0,,,,-11.43984220907298,,,,1.6574141996289236,,8.0,2026-09-03,,5.0,1.22,0.0,🪤 DÜŞEN BIÇAK (SERBEST DÜŞÜŞ),0.0,,,,,-18.36363636363636,,,,,,,11.54,8.98,,,,,,,,0.0,0.0,,,,,,,,,,,,,,,,,,,,
BERA,13.14,13.61,13.8,12.95,9994227.0,-3.382352941176464,131324142.78,,0.2582624831289148,-1.25779548537557,,,,4.120443740095098,,,,1.1097607638214126,,4.52,2026-09-03,,5.0,0.2,0.0,🚨 KURUMSAL BOŞALTIM,-62.8,,,,,-3.736263736263735,,,,,,,14.53,12.68,,,,,,,,3.6,24.9,,,,,,,,,,,,,,,,,,,,
MAVI,36.1,37.0,37.0,35.76,3581717.0,-2.061855670103088,129299983.7,,1.8023937386539064,14.613450639407,,,,-6.087408949011437,,,,0.9037812506994324,,7.35,2026-09-03,,5.0,-0.18,0.0,🚨 KURUMSAL BOŞALTIM,0.0,,,,,-6.038521603331598,,,,,,,39.66,35.76,,,,,,,,1.0,8.7,,,,,,,,,,,,,,,,,,,,
SDTTR,20.4,21.0,21.22,20.26,6334929.0,-3.864278982092367,129232551.6,,4.527276842978948,4.75837685590879,,,,-1.3625387251760863,,,,0.5050408459110276,,0.17,2026-09-03,,5.0,-0.92,0.0,🚨 KURUMSAL BOŞALTIM,-69.8,,,,,-14.786967418546377,,,,,,,25.7,20.26,,,,,,,,0.7,2.6,,,,,,,,,,,,,,,,,,,,
ARMGD,197.5,199.0,201.6,197.5,648188.0,-0.2021222839818118,128017130.0,,5.825168266252956,33.8360355788564,,,,8.755506607929519,,,,0.735897821613567,,8.0,2026-09-03,,5.0,-0.49,0.0,NÖTR,-73.1,,,,,-1.4962593516209477,,,,,,,220.7,181.8,,,,,,,,8.6,40.4,,,,,,,,,,,,,,,,,,,,
FRIGO,2.25,2.5,2.53,2.25,56842489.0,-10.0,127895600.25,,1.3112193757430244,-8.67661953247794,,,,7.655502392344505,,,,1.1322104322683162,,8.0,2026-09-03,,5.0,0.24,0.0,🚨 KURUMSAL BOŞALTIM,0.0,,,,,-12.451361867704277,,,,,,,2.76,2.13,,,,,,,,5.6,19.0,,,,,,,,,,,,,,,,,,,,
TABGD,232.4,233.5,236.5,229.3,482861.0,-0.471092077087792,112216896.4,,2.271704232710879,12.2193886562881,,,,-4.519309778142975,,,,0.8314737456759098,,16.11,2026-09-03,,6.4,-0.31,0.0,NÖTR,-78.8,,,,,-6.666666666666665,,,,,,,267.0,225.8,,,,,,,,2.9,16.0,,,,,,,,,,,,,,,,,,,,
MEGMT,43.56,45.02,45.02,43.04,3075890.0,-2.854594112399645,133985768.4,,2.290164228328743,26.7210478100631,,,,-35.98824393828067,,,,0.2812870542761043,,6.71,2026-09-03,,5.0,-1.33,0.0,🪤 DÜŞEN BIÇAK (SERBEST DÜŞÜŞ),0.0,,,,,-4.973821989528798,,,,,,,73.9,43.04,,,,,,,,1.2,1.7,,,,,,,,,,,,,,,,,,,,
ATATP,289.0,297.0,300.25,285.5,563411.0,-1.6170212765957446,162825779.0,,4.222505897993316,46.0081011020881,,,,20.416666666666668,,,,0.3569605698687574,,5.29,2026-09-03,,5.0,-1.19,0.0,🚨 KURUMSAL BOŞALTIM,0.0,,,,,-7.14859437751004,,,,,,,368.5,240.0,,,,,,,,20.4,38.1,,,,,,,,,,,,,,,,,,,,
OBAMS,5.27,5.54,5.57,5.27,30873893.0,-4.528985507246378,162705416.10999998,,1.1742502735089584,-14.3548373047789,,,,0.764818355640519,,,,0.5012609677843358,,8.0,2026-09-03,,5.0,-0.92,0.0,🚨 KURUMSAL BOŞALTIM,-34.4,,,,,-2.7675276752767592,,,,,,,5.92,4.69,,,,,,,,12.4,47.2,,,,,,,,,,,,,,,,,,,,
EKDMR,45.8,46.62,47.04,45.56,3516271.0,-1.7167381974249016,161045211.79999998,,0.8605111436193099,15.0,,,,-4.5037531276063465,,,,0.4061718156412242,,1.08,2026-09-03,,5.0,-1.1,0.0,🚨 KURUMSAL BOŞALTIM,0.0,,,,,-6.682966585167077,,,,,,,49.58,42.5,,,,,,,,7.8,46.6,,,,,,,,,,,,,,,,,,,,
AKFIS,16.82,17.57,17.89,16.73,8882494.0,-4.104903078677303,149403549.08,,1.6935824101026924,4.59804438160996,,,,9.39815518742946,,,,0.3370940608206443,,3.66,2026-09-03,,5.0,-1.23,0.0,🚨 KURUMSAL BOŞALTIM,-41.6,,,,,-12.44143675169183,,,,,,,19.52,14.2333618,,,,,,,,18.2,48.9,,,,,,,,,,,,,,,,,,,,
ARCLK,88.85,90.45,90.85,88.85,1681494.0,-1.5512465373961282,149400741.89999998,,0.7722561439342909,-3.20926092758056,,,,-7.544224765868887,,,,0.9152107923304462,,8.0,2026-09-03,,5.0,-0.16,0.0,🪤 DÜŞEN BIÇAK (SERBEST DÜŞÜŞ),0.0,,,,,-4.973262032085567,,,,,,,100.8,88.85,,,,,,,,0.0,0.0,,,,,,,,,,,,,,,,,,,,
LMKDC,21.54,22.78,22.84,21.38,6896021.0,-5.110132158590309,148540292.34,,1.3214302365814097,24.3785937418548,,,,-7.79109589041096,,,,1.6687635445968805,,1.86,2026-09-03,,5.0,1.24,0.0,🚨 KURUMSAL BOŞALTIM,0.0,,,,,-12.652068126520684,,,,,,,25.84,21.38,,,,,,,,0.7,3.6,,,,,,,,,,,,,,,,,,,,
DUNYH,122.1,138.5,140.0,122.1,1206320.0,-9.95575221238938,147291672.0,,2.5998011716352107,46.43083034837,,,,-20.091623036649224,,,,1.069847379662346,,8.0,2026-09-03,,5.0,0.13,0.0,🪤 DÜŞEN BIÇAK (SERBEST DÜŞÜŞ),0.0,,,,,-27.321428571428577,,,,,,,171.0,122.1,,,,,,,,0.0,0.0,,,,,,,,,,,,,,,,,,,,
KORDS,75.5,83.55,84.5,75.45,1919407.0,-9.63494913225613,144915228.5,,0.8452166502978241,-2.58214137010517,,,,10.218978102189782,,,,1.0297456675891818,,7.69,2026-09-03,,5.0,0.06,0.0,🚨 KURUMSAL BOŞALTIM,0.0,,,,,-14.833615341229558,,,,,,,98.9,67.75,,,,,,,,11.4,24.9,,,,,,,,,,,,,,,,,,,,
GOLDA,12.06,12.7,12.78,12.06,15114895.0,-5.0393700787401485,182285633.7,,2.0,15.0,,,,-15.9581881533101,,,,0.3604898061849524,,8.0,2026-09-03,,5.0,-1.18,0.0,🚨 KURUMSAL BOŞALTIM,0.0,,,,,-7.868601986249041,,,,,,,14.2,11.47,,,,,,,,5.1,21.6,,,,,,,,,,,,,,,,,,,,
CEMZY,14.04,14.9,14.9,14.04,12909606.0,-5.771812080536921,181250868.24,,7.338375417487704,-10.5562382232943,,,,10.551181102362206,,,,0.1531883726732902,,8.0,2026-09-03,,5.0,-1.57,0.0,🚨 KURUMSAL BOŞALTIM,-33.2,,,,,-16.428571428571438,,,,,,,18.63,12.08,,,,,,,,16.2,29.9,,,,,,,,,,,,,,,,,,,,
TRENJ,105.6,107.4,107.6,103.4,1702694.0,-1.3084112149532765,179804486.39999998,,1.7304250176196925,12.7553176698714,,,,15.220949263502442,,,,0.6914626779602921,,21.33,2026-09-03,,11.4,-0.57,0.0,NÖTR,-41.2,,,,,-4.347826086956532,,,,,,,112.5,92.4,,,,,,,,14.3,65.7,,,,,,,,,,,,,,,,,,,,
FZLGY,7.85,8.19,8.5,7.76,22622789.0,-4.384896467722304,177588893.65,,2.2274874792503154,-20.3624656920139,,,,-29.65949820788531,,,,1.248859534898798,,1.19,2026-09-03,,5.0,0.46,0.0,🪤 DÜŞEN BIÇAK (SERBEST DÜŞÜŞ),0.0,,,,,-22.12301587301588,,,,,,,11.65,7.76,,,,,,,,1.2,2.3,,,,,,,,,,,,,,,,,,,,
GRTHO,188.1,201.0,201.0,186.0,937002.0,-4.662949822605178,176250076.2,,2.364364836200801,22.8715438210475,,,,-20.632911392405067,,,,0.6304170250179487,,0.16,2026-09-03,,5.0,-0.68,0.0,🪤 DÜŞEN BIÇAK (SERBEST DÜŞÜŞ),0.0,,,,,-16.95364238410596,,,,,,,244.6,186.0,,,,,,,,1.1,3.6,,,,,,,,,,,,,,,,,,,,
SVGYO,16.35,18.28,18.85,16.35,6221553.0,-9.9669603524229,101722391.55,,3.9270976946615495,15.0,,,,24.334600760456283,,,,0.1675651469305697,,8.0,2026-09-03,,5.0,-1.54,0.0,🚨 KURUMSAL BOŞALTIM,0.0,,,,,-6.996587030716706,,,,,,,18.85,12.6,,,,,,,,29.8,60.0,,,,,,,,,,,,,,,,,,,,
ALBRK,8.67,8.85,9.0,8.62,19967916.0,-1.4772727272727362,173121831.72,,0.6734922163875338,34.3970756422385,,,,8.10473815461347,,,,1.3684487851604517,,0.63,2026-09-03,,5.0,0.68,0.0,NÖTR,-79.2,,,,,-4.198895027624317,,,,,,,9.43,8.14,,,,,,,,6.5,41.1,,,,,,,,,,,,,,,,,,,,
IZFAS,49.46,54.95,54.95,49.46,3428519.0,-9.9909008189263,169574549.74,,19.96996027003456,-7.18972640166338,,,,-23.079315707620523,,,,0.5558828249923727,,8.0,2026-09-03,,5.0,-0.82,0.0,🪤 DÜŞEN BIÇAK (SERBEST DÜŞÜŞ),0.0,,,,,-18.918032786885245,,,,,,,71.7,48.7,,,,,,,,1.6,3.3,,,,,,,,,,,,,,,,,,,,
SMRTG,9.0,10.0,10.03,9.0,21841958.0,-9.909909909909912,196577622.0,,3.080957287662135,4.03965078967363,,,,-15.730337078651685,,,,0.9026255726623124,,8.0,2026-09-03,,5.0,-0.18,0.0,🪤 DÜŞEN BIÇAK (SERBEST DÜŞÜŞ),0.0,,,,,-12.706110572259949,,,,,,,11.29,9.0,,,,,,,,0.0,0.0,,,,,,,,,,,,,,,,,,,,
BINHO,9.39,9.57,9.72,8.96,20666049.0,-1.8808777429467047,194054200.11,,0.8455178549239034,-28.3285437754834,,,,0.6430868167202626,,,,0.5833417238257497,,23.68,2026-09-03,,17.4,-0.77,0.0,🚨 KURUMSAL BOŞALTIM,0.0,,,,,-14.558689717925384,,,,,,,11.92,8.96,,,,,,,,4.8,14.5,,,,,,,,,,,,,,,,,,,,
KRDMB,110.7,122.0,122.0,110.7,1751854.0,-9.999999999999998,193930237.8,,1.1647944200981015,5.44820350665331,,,,-16.072782410917366,,,,0.7695209517342687,,8.0,2026-09-03,,5.0,-0.43,0.0,🪤 DÜŞEN BIÇAK (SERBEST DÜŞÜŞ),0.0,,,,,-15.945330296127551,,,,,,,140.5,110.7,,,,,,,,0.0,0.0,,,,,,,,,,,,,,,,,,,,
TSPOR,1.02,1.02,1.03,1.01,188579486.0,0.0,192351075.72,,0.6292916766921468,-23.1459108480419,,,,10.8695652173913,,,,0.3796824398328812,,20.0,2026-09-03,,8.0,-1.15,0.0,NÖTR,0.0,,,,,-16.39344262295082,,,,,,,1.28,0.95,,,,,,,,7.4,21.2,,,,,,,,,,,,,,,,,,,,
TNZTP,30.04,31.06,31.36,29.46,6105333.0,-3.283966516419832,183404203.32,,1.2608620283677168,5.50175919999278,,,,5.403508771929822,,,,1.2312932042110314,,9.09,2026-09-03,,5.0,0.43,0.0,🚨 KURUMSAL BOŞALTIM,0.0,,,,,-0.1329787234042524,,,,,,,32.5,25.7,,,,,,,,16.9,63.8,,,,,,,,,,,,,,,,,,,,
BAHKM,155.6,156.0,157.7,151.3,657788.0,-1.5812776723592663,102351812.8,,6.089561958553408,-17.7412000058965,,,,31.086773378264525,,,,0.3361059085052748,,29.62,2026-09-03,,32.5,-1.23,0.0,🚨 KURUMSAL BOŞALTIM,0.0,,,,,3.388704318936873,,,,,,,173.0,112.7,,,,,,,,38.1,71.1,,,,,,,,,,,,,,,,,,,,
HUNER,3.88,3.9,3.92,3.85,26359566.0,0.0,102275116.08,,0.7599766522636727,-6.91801127402945,,,,15.133531157270022,,,,0.5058660092444552,,16.0,2026-09-03,,6.4,-0.91,0.0,NÖTR,0.0,,,,,2.105263157894739,,,,,,,4.15,3.38,,,,,,,,14.8,64.9,,,,,,,,,,,,,,,,,,,,
AKHAN,38.2,40.1,40.48,38.16,3344381.0,-4.595404595404586,127755354.2,,1.836506675845995,15.0,,,,-13.925191527715189,,,,1.8184955599289687,,7.03,2026-09-03,,5.0,1.51,0.0,🪤 DÜŞEN BIÇAK (SERBEST DÜŞÜŞ),0.0,,,,,-6.234658811978397,,,,,,,44.1,38.16,,,,,,,,0.1,0.7,,,,,,,,,,,,,,,,,,,,
FONET,4.57,4.91,4.91,4.52,22065423.0,-6.160164271047224,100838983.11,,2.04721587600233,16.7826203184081,,,,-8.599999999999994,,,,1.2153963758759092,,0.82,2026-09-03,,5.0,0.4,0.0,🚨 KURUMSAL BOŞALTIM,0.0,,,,,-14.419475655430704,,,,,,,5.68,4.52,,,,,,,,1.1,4.3,,,,,,,,,,,,,,,,,,,,
ANSGR,26.22,27.32,27.32,26.22,2195419.0,-1.05660377358491,57563886.18,,1.3095038918036144,46.7557305906275,,,,-3.885630498533733,,,,0.4746371918238619,,8.0,2026-09-03,,5.0,-0.97,0.0,NÖTR,0.0,,,,,-5.13748191027497,,,,,,,29.68,26.08,,,,,,,,0.5,3.9,,,,,,,,,,,,,,,,,,,,
ULUUN,8.18,8.55,8.62,8.13,6998830.0,-4.215456674473062,57250429.4,,0.3651534671277063,2.95434967342705,,,,3.939008894536209,,,,0.5346162336515003,,2.29,2026-09-03,,5.0,-0.86,0.0,🚨 KURUMSAL BOŞALTIM,0.0,,,,,-10.10989010989011,,,,,,,9.22,7.69,,,,,,,,6.4,32.0,,,,,,,,,,,,,,,,,,,,
ZERGY,9.5,9.8,9.89,9.5,6004727.0,-2.9622063329928414,57044906.5,,1.987834453146742,15.0,,,,6.741573033707861,,,,0.294465875963608,,8.0,2026-09-03,,5.0,-1.31,0.0,🚨 KURUMSAL BOŞALTIM,-52.5,,,,,-10.965323336457358,,,,,,,10.98,8.62,,,,,,,,10.2,37.3,,,,,,,,,,,,,,,,,,,,
PAHOL,1.29,1.31,1.32,1.29,135948752.0,-1.5267175572519098,175373890.08,,0.5627339271848472,15.0,,,,0.0,,,,0.6312202594588694,,8.0,2026-09-03,,5.0,-0.68,0.0,🪤 DÜŞEN BIÇAK (SERBEST DÜŞÜŞ),0.0,,,,,-3.7313432835820928,,,,,,,1.42,1.29,,,,,,,,0.0,0.0,,,,,,,,,,,,,,,,,,,,
BRYAT,1629.0,1645.0,1658.0,1623.0,32993.0,-0.972644376899696,53745597.0,,1.366240626878502,14.3760330070077,,,,-4.959159859976663,,,,0.4091728737719109,,1.6,2026-09-03,,5.0,-1.09,0.0,🪤 DÜŞEN BIÇAK (SERBEST DÜŞÜŞ),0.0,,,,,-4.7368421052631575,,,,,,,1930.0,1623.0,,,,,,,,0.4,2.0,,,,,,,,,,,,,,,,,,,,
TCELL,96.6,97.8,98.0,96.35,16798447.0,-0.6172839506172927,1622729980.1999998,,0.686522225517434,7.34275858908705,,,,-7.204610951008646,,,,0.3986073611234083,,0.48,2026-09-03,,5.0,-1.11,0.0,NÖTR,-71.2,,,,,-7.29366602687141,,,,,,,107.5,93.5,,,,,,,,3.3,22.1,,,,,,,,,,,,,,,,,,,,
MGROS,516.0,527.5,527.5,513.5,3055905.0,-1.7142857142857144,1576846980.0,,0.9890276202446748,7.44412204961646,,,,-15.47911547911548,,,,1.0837144744887066,,2.0,2026-09-03,,5.0,0.15,0.0,🪤 DÜŞEN BIÇAK (SERBEST DÜŞÜŞ),0.0,,,,,-7.857142857142857,,,,,,,671.0,513.5,,,,,,,,0.5,1.6,,,,,,,,,,,,,,,,,,,,
BSOKE,21.94,23.48,24.26,21.92,70353609.0,-9.86031224322103,1543558181.46,,2.6093078793010767,-8.95758341656074,,,,-36.14668218859138,,,,5.877038168815864,,7.52,2026-09-03,,5.0,5.0,0.0,🪤 DÜŞEN BIÇAK (SERBEST DÜŞÜŞ),0.0,,,,,-28.9967637540453,,,,,,,37.16,21.92,,,,,,,,0.1,0.1,,,,,,,,,,,,,,,,,,,,
SISE,38.68,39.26,39.44,38.54,39470037.0,-1.0741687979539685,1526701031.16,,0.4285876375292077,4.44658990245265,,,,-7.904761904761905,,,,0.7712349878038864,,0.71,2026-09-03,,5.0,-0.42,0.0,NÖTR,0.0,,,,,-4.067460317460319,,,,,,,42.88,37.98,,,,,,,,1.8,14.3,,,,,,,,,,,,,,,,,,,,
TTKOM,50.8,51.2,51.4,50.7,27838037.0,0.0,1414172279.6,,0.6702992133880392,12.7278816331645,,,,-3.787878787878788,,,,0.8509056700181988,,0.0,2026-09-03,,5.0,-0.28,0.0,NÖTR,0.0,,,,,-5.925925925925931,,,,,,,57.7,49.72,,,,,,,,2.2,13.5,,,,,,,,,,,,,,,,,,,,
KPEKS,95.2,101.5,104.0,94.25,14585086.0,-4.128902316213489,1388500187.2,,2.0,15.0,,,,-7.930367504835591,,,,1.0,,2.54,2026-09-03,,5.0,0.0,0.0,🚨 KURUMSAL BOŞALTIM,0.0,,,,,-32.29018492176387,,,,,,,159.2,94.25,,,,,,,,1.0,1.5,,,,,,,,,,,,,,,,,,,,
CRFSA,305.0,291.5,313.75,290.5,4504333.0,2.434928631402183,1373821565.0,,2.0,15.0,,,,78.67603983596955,,,,1.1628877459203768,,26.92,2026-09-03,,25.6,0.3,0.0,🪤 DÜŞEN BIÇAK (SERBEST DÜŞÜŞ),0.0,,,,,11.824014665444546,,,,,,,346.75,173.2,,,,,,,,76.1,75.9,,,,,,,,,,,,,,,,,,,,
DEVA,90.55,95.7,96.3,89.65,702814.0,-4.684210526315793,63639807.7,,0.5743477094055575,-2.99029527989834,,,,29.91391678622668,,,,0.6738025550490525,,0.42,2026-09-03,,5.0,-0.6,0.0,🚨 KURUMSAL BOŞALTIM,0.0,,,,,-2.319309600863005,,,,,,,96.3,67.85,,,,,,,,33.5,79.8,,,,,,,,,,,,,,,,,,,,
UCAYM,21.64,22.62,22.74,21.62,2771140.0,-3.992901508429453,59967469.6,,2.216917828567916,15.0,,,,-16.769230769230766,,,,0.4065548113022982,,7.0,2026-09-03,,5.0,-1.1,0.0,🪤 DÜŞEN BIÇAK (SERBEST DÜŞÜŞ),0.0,,,,,-16.318638824439283,,,,,,,28.92,21.62,,,,,,,,0.1,0.3,,,,,,,,,,,,,,,,,,,,
SAYAS,53.75,55.2,55.5,53.6,1107083.0,-2.7149321266968327,59505711.25,,2.643669285087886,14.896745544339,,,,11.83936745734498,,,,0.3330528819143491,,3.58,2026-09-03,,5.0,-1.23,0.0,🚨 KURUMSAL BOŞALTIM,0.0,,,,,-15.553809897879024,,,,,,,64.95,51.7,,,,,,,,4.0,15.5,,,,,,,,,,,,,,,,,,,,
KLGYO,4.77,5.01,5.11,4.64,12466053.0,-4.216867469879535,59463072.81,,0.2450019851838002,-3.71532210253048,,,,6.473214285714266,,,,1.0673525994767152,,7.49,2026-09-03,,5.0,0.12,0.0,🚨 KURUMSAL BOŞALTIM,0.0,,,,,-5.16898608349902,,,,,,,5.21,4.21,,,,,,,,13.3,56.0,,,,,,,,,,,,,,,,,,,,
SOHOE,10.34,10.6,10.62,10.32,5721327.0,-1.8975332068311128,59158521.18,,1.21831956734338,15.0,,,,-1.711026615969579,,,,0.2423332160407643,,4.27,2026-09-03,,5.0,-1.4,0.0,🚨 KURUMSAL BOŞALTIM,0.0,,,,,-5.914467697907191,,,,,,,11.85,10.24,,,,,,,,1.0,6.2,,,,,,,,,,,,,,,,,,,,
SAFKR,16.0,17.2,17.24,15.85,3688867.0,-6.268306971294671,59021872.0,,2.308239404820469,11.8043937127077,,,,-21.25984251968504,,,,0.9863844886743636,,1.96,2026-09-03,,5.0,-0.03,0.0,🪤 DÜŞEN BIÇAK (SERBEST DÜŞÜŞ),-72.6,,,,,-13.419913419913422,,,,,,,22.0,15.85,,,,,,,,0.9,2.4,,,,,,,,,,,,,,,,,,,,
KZBGY,1.83,1.9,1.91,1.82,36201985.0,-3.174603174603166,66249632.55,,0.2865329512893982,2.04017341556281,,,,-8.499999999999996,,,,1.1085081039119642,,1.78,2026-09-03,,5.0,0.2,0.0,🚨 KURUMSAL BOŞALTIM,0.0,,,,,-8.499999999999996,,,,,,,2.13,1.82,,,,,,,,0.5,3.2,,,,,,,,,,,,,,,,,,,,
OTKAR,308.5,317.0,320.0,308.5,199053.0,-2.527646129541864,61407850.5,,6.720522340345115,-79.6834177193629,,,,4.664970313825275,,,,0.4421623489940042,,8.0,2026-09-03,,5.0,-1.03,0.0,🚨 KURUMSAL BOŞALTIM,0.0,,,,,-7.91044776119403,,,,,,,339.25,270.0,,,,,,,,14.3,55.6,,,,,,,,,,,,,,,,,,,,
KAREL,8.12,8.49,8.51,8.11,7488491.0,-3.7914691943128,60806546.92,,5.775372162990675,-52.9035629797942,,,,-13.155080213903748,,,,0.6392581151603972,,6.6,2026-09-03,,5.0,-0.67,0.0,🪤 DÜŞEN BIÇAK (SERBEST DÜŞÜŞ),0.0,,,,,-6.987399770904939,,,,,,,10.25,8.11,,,,,,,,0.1,0.5,,,,,,,,,,,,,,,,,,,,
EKOS,4.7,4.99,5.01,4.68,12932314.0,-5.6224899598393625,60781875.8,,1.4803336105021796,-15.3554963768237,,,,-13.602941176470592,,,,1.1061520705082462,,4.61,2026-09-03,,5.0,0.2,0.0,🪤 DÜŞEN BIÇAK (SERBEST DÜŞÜŞ),0.0,,,,,-17.107583774250436,,,,,,,5.83,4.68,,,,,,,,0.4,1.7,,,,,,,,,,,,,,,,,,,,
SNGYO,3.24,3.37,3.38,3.23,18700282.0,-3.5714285714285614,60588913.68000001,,0.2117193176887569,-0.248871296514052,,,,1.8867924528301905,,,,0.9394038307667516,,4.27,2026-09-03,,5.0,-0.11,0.0,🚨 KURUMSAL BOŞALTIM,0.0,,,,,-6.896551724137925,,,,,,,3.72,3.1,,,,,,,,4.5,22.6,,,,,,,,,,,,,,,,,,,,
ALFAS,37.8,39.06,39.24,37.8,1598218.0,-3.2258064516129163,60412640.4,,2.10127010103885,5.25384849399821,,,,-8.739739256397886,,,,0.6112740039094017,,8.0,2026-09-03,,5.0,-0.72,0.0,🪤 DÜŞEN BIÇAK (SERBEST DÜŞÜŞ),0.0,,,,,-9.134615384615396,,,,,,,45.6,37.8,,,,,,,,0.0,0.0,,,,,,,,,,,,,,,,,,,,
SURGY,29.24,30.38,30.4,29.24,2065458.0,-3.4346103038309206,60393991.92,,0.458640047558024,-5.13041368419097,,,,-56.42324888226528,,,,0.3869942916478638,,8.0,2026-09-03,,5.0,-1.13,0.0,🪤 DÜŞEN BIÇAK (SERBEST DÜŞÜŞ),0.0,,,,,-12.559808612440191,,,,,,,66.95,29.24,,,,,,,,0.0,0.0,,,,,,,,,,,,,,,,,,,,
CGCAM,31.18,32.38,32.46,31.06,1929504.0,-3.347799132052072,60161934.72,,0.9982234951332604,4.04402534069311,,,,-21.85463659147869,,,,0.8598358218313354,,3.2,2026-09-03,,5.0,-0.26,0.0,🪤 DÜŞEN BIÇAK (SERBEST DÜŞÜŞ),0.0,,,,,-18.29140461215932,,,,,,,41.2,31.06,,,,,,,,0.4,1.2,,,,,,,,,,,,,,,,,,,,
ASELS,380.25,383.5,388.5,373.0,26909299.0,-0.1313197636244254,10232260944.75,,5.652723430861952,15.6028079230998,,,,12.583271650629165,,,,0.8767167639020462,,18.19,2026-09-03,,7.3,-0.23,0.0,NÖTR,0.0,,,,,-4.9375,,,,,,,412.75,341.5,,,,,,,,11.3,54.4,,,,,,,,,,,,,,,,,,,,
KTLEV,45.98,51.05,52.5,45.9,221521095.0,-9.843137254901968,10185539948.099998,,9.710808818715376,148.508364400309,,,,23.33690987124462,,,,1.8502624234553449,,7.32,2026-09-03,,5.0,1.57,0.0,🚨 KURUMSAL BOŞALTIM,0.0,,,,,-27.70440251572328,,,,,,,69.0,40.3,,,,,,,,14.1,19.8,,,,,,,,,,,,,,,,,,,,
TUPRS,391.0,392.5,397.5,387.75,25081447.0,-0.3186743148502231,9806845777.0,,1.6516387952971971,18.2096828624145,,,,33.333333333333336,,,,0.8214966712160044,,10.67,2026-09-03,,5.0,-0.33,0.0,NÖTR,0.0,,,,,2.894736842105264,,,,,,,417.25,295.5,,,,,,,,32.3,78.4,,,,,,,,,,,,,,,,,,,,
YKBNK,35.9,36.26,36.66,35.78,263620843.0,-0.4988913525498883,9463988263.7,,1.0584881015912702,21.7839579820642,,,,5.899705014749263,,,,1.1283722710193942,,0.36,2026-09-03,,5.0,0.24,0.0,NÖTR,0.0,,,,,-3.701716738197432,,,,,,,38.02,33.0,,,,,,,,8.8,57.8,,,,,,,,,,,,,,,,,,,,
ASTOR,293.5,318.0,319.75,293.5,32021090.0,-7.120253164556963,9398189915.0,,6.688088298260938,29.0855151100452,,,,0.0852514919011082,,,,0.8460650962837922,,8.0,2026-09-03,,5.0,-0.28,0.0,🪤 DÜŞEN BIÇAK (SERBEST DÜŞÜŞ),0.0,,,,,-13.929618768328446,,,,,,,357.75,293.5,,,,,,,,0.0,0.0,,,,,,,,,,,,,,,,,,,,
DSTKF,2250.0,2197.0,2250.0,2105.0,2750517.0,1.5342960288808665,6188663250.0,,50.61752252648478,39.4914380778913,,,,39.75155279503105,,,,1.2355312237091878,,48.0,2026-09-03,,79.2,0.44,0.0,🪤 DÜŞEN BIÇAK (SERBEST DÜŞÜŞ),-51.1,,,,,-7.254740313272877,,,,,,,2454.0,1568.0,,,,,,,,43.5,77.0,,,,,,,,,,,,,,,,,,,,
GOKNR,16.93,17.7,17.72,16.91,3671878.0,-3.916004540295126,62164894.54,,0.5443364095467539,4.49147321918011,,,,-27.15146299483649,,,,0.5340451495781158,,6.62,2026-09-03,,5.0,-0.86,0.0,🪤 DÜŞEN BIÇAK (SERBEST DÜŞÜŞ),0.0,,,,,-4.673423423423434,,,,,,,23.58,16.91,,,,,,,,0.1,0.3,,,,,,,,,,,,,,,,,,,,
ALGYO,3.51,3.57,3.59,3.46,16763322.0,-1.1267605633802829,58839260.22,,0.4049325631539054,-12.9835666063568,,,,6.363636363636363,,,,0.6850562898220153,,13.54,2026-09-03,,5.4,-0.58,0.0,NÖTR,0.0,,,,,-3.835616438356168,,,,,,,3.89,3.23,,,,,,,,8.7,42.4,,,,,,,,,,,,,,,,,,,,
AKSUE,28.82,27.98,29.5,27.04,4432785.0,4.043321299638993,127752863.7,,1.8246188053495136,-9.44025314803736,,,,-34.79638009049774,,,,1.94829279870254,,32.52,2026-09-03,,39.8,1.75,0.0,🪤 DÜŞEN BIÇAK (SERBEST DÜŞÜŞ),0.0,,,,,-33.65561694290976,,,,,,,46.92,27.04,,,,,,,,6.6,9.0,,,,,,,,,,,,,,,,,,,,
GSRAY,1.01,1.03,1.04,1.01,123330217.0,-1.941747572815536,124563519.17,,0.8002028236860035,4.47213247689932,,,,4.12371134020619,,,,0.398775787839944,,8.0,2026-09-03,,5.0,-1.11,0.0,🚨 KURUMSAL BOŞALTIM,0.0,,,,,-12.173913043478253,,,,,,,1.17,0.97,,,,,,,,4.1,20.0,,,,,,,,,,,,,,,,,,,,
INDES,11.4,11.82,11.82,11.28,6065679.0,-2.4807527801539706,69148740.60000001,,1.0081714952775125,12.5280970462568,,,,12.204724409448822,,,,0.7350499131483961,,4.44,2026-09-03,,5.0,-0.49,0.0,🚨 KURUMSAL BOŞALTIM,-36.8,,,,,-4.761904761904764,,,,,,,12.15,9.82,,,,,,,,16.1,67.8,,,,,,,,,,,,,,,,,,,,
TARKM,510.0,532.0,534.0,505.5,132361.0,-3.7735849056603774,67504110.0,,3.3033554902124487,15.0,,,,13.39633129516398,,,,0.4961877131864749,,0.84,2026-09-03,,5.0,-0.93,0.0,🚨 KURUMSAL BOŞALTIM,0.0,,,,,-8.928571428571429,,,,,,,584.0,430.25,,,,,,,,18.5,51.9,,,,,,,,,,,,,,,,,,,,
DOHOL,21.42,21.5,21.8,21.36,3137508.0,-0.741427247451328,67205421.36,,0.5353305678752676,7.04256791810812,,,,3.4782608695652293,,,,0.2928322492127805,,0.36,2026-09-03,,5.0,-1.31,0.0,NÖTR,0.0,,,,,-2.6363636363636287,,,,,,,22.86,20.38,,,,,,,,5.1,41.9,,,,,,,,,,,,,,,,,,,,
KLYPV,61.85,63.5,63.5,61.05,2223098.0,0.0,137498611.3,,1.3992949906144296,4.51466486064799,,,,5.726495726495728,,,,0.5610894053650857,,10.29,2026-09-03,,5.0,-0.81,0.0,NÖTR,-59.6,,,,,-0.4025764895330113,,,,,,,71.5,57.3,,,,,,,,7.9,32.0,,,,,,,,,,,,,,,,,,,,
SKYMD,15.25,15.98,15.99,15.09,4263463.0,-2.118100128369705,65017810.75,,2.025598248820504,-19.0851182264863,,,,10.028860028860034,,,,1.9620335504896336,,1.96,2026-09-03,,5.0,1.78,0.0,🚨 KURUMSAL BOŞALTIM,-47.1,,,,,5.390463026952311,,,,,,,15.99,13.55,,,,,,,,12.5,69.7,,,,,,,,,,,,,,,,,,,,
YIGIT,22.1,22.4,22.46,21.9,2900726.0,0.0,64106044.6,,0.814184643814481,1.60992456628032,,,,5.238095238095245,,,,0.6944579676899785,,12.0,2026-09-03,,5.0,-0.57,0.0,NÖTR,-74.0,,,,,0.0,,,,,,,23.04,20.68,,,,,,,,6.9,60.2,,,,,,,,,,,,,,,,,,,,
AGROT,1.92,1.99,2.0,1.92,33310353.0,-3.030303030303033,63955877.76,,0.5369397788479285,-6.57224839783597,,,,-17.948717948717945,,,,0.1775930928942261,,8.0,2026-09-03,,5.0,-1.52,0.0,🪤 DÜŞEN BIÇAK (SERBEST DÜŞÜŞ),0.0,,,,,-13.12217194570136,,,,,,,2.98,1.92,,,,,,,,0.0,0.0,,,,,,,,,,,,,,,,,,,,
QUAGR,3.05,3.17,3.2,3.05,29412099.0,-3.481012658227858,89706901.94999999,,0.7490140028781783,-10.7583902505042,,,,-8.955223880597023,,,,0.6266417465272495,,8.0,2026-09-03,,5.0,-0.69,0.0,🪤 DÜŞEN BIÇAK (SERBEST DÜŞÜŞ),-59.2,,,,,-10.294117647058826,,,,,,,3.64,3.05,,,,,,,,0.0,0.0,,,,,,,,,,,,,,,,,,,,
BKRGY,10.48,11.46,12.77,10.48,202433069.0,-9.965635738831615,2121498563.12,,2.0,15.0,,,,-9.965635738831615,,,,1.0,,8.0,2026-09-03,,5.0,0.0,0.0,🪤 DÜŞEN BIÇAK (SERBEST DÜŞÜŞ),0.0,,,,,-9.965635738831615,,,,,,,12.77,10.48,,,,,,,,0.0,0.0,,,,,,,,,,,,,,,,,,,,
KARCL,184.8,176.4,187.0,158.7,11279984.0,4.821327283040272,2084541043.2,,13.592792877611906,15.0,,,,296.90721649484533,,,,1.3277485888472589,,43.65,2026-09-03,,68.1,0.61,0.0,🪤 DÜŞEN BIÇAK (SERBEST DÜŞÜŞ),0.0,,,,,54.903604358759445,,,,,,,187.0,41.92,,,,,,,,340.8,98.5,,,,,,,,,,,,,,,,,,,,
KRDMD,42.98,44.6,44.88,42.58,43862320.0,-3.632286995515705,1885202513.6,,0.4522390621121626,5.44820350665331,,,,7.449999999999991,,,,0.7180450679232835,,1.74,2026-09-03,,5.0,-0.52,0.0,🚨 KURUMSAL BOŞALTIM,-46.2,,,,,-6.157205240174673,,,,,,,47.96,38.7,,,,,,,,11.1,46.2,,,,,,,,,,,,,,,,,,,,
HDFGS,2.39,2.46,2.48,2.38,29959917.0,-2.4489795918367365,71604201.63000001,,0.6248186326667731,17.3728281583495,,,,-4.016064257028115,,,,0.5975962656847935,,2.4,2026-09-03,,5.0,-0.74,0.0,🪤 DÜŞEN BIÇAK (SERBEST DÜŞÜŞ),0.0,,,,,-5.158730158730155,,,,,,,2.81,2.38,,,,,,,,0.4,2.3,,,,,,,,,,,,,,,,,,,,
EKGYO,19.51,20.2,20.24,19.37,176287626.0,-2.74177467597207,3439371583.26,,0.4639621943342868,-1.37263805388322,,,,7.611693325979055,,,,1.3616400113761074,,1.01,2026-09-03,,5.0,0.67,0.0,🚨 KURUMSAL BOŞALTIM,-40.3,,,,,-5.657640232108308,,,,,,,21.08,17.47,,,,,,,,11.7,56.5,,,,,,,,,,,,,,,,,,,,
TURGG,28.08,29.24,31.5,27.8,2510532.0,-3.9671682626539,70495738.56,,1.3453958999922382,11.1212233891846,,,,7.503828483920357,,,,2.2220284874493914,,3.76,2026-09-03,,5.0,2.26,0.0,🚨 KURUMSAL BOŞALTIM,-39.4,,,,,3.5398230088495475,,,,,,,31.6,25.78,,,,,,,,8.9,39.5,,,,,,,,,,,,,,,,,,,,
PEKGY,11.5,11.5,12.37,11.5,274362620.0,-9.94518402505873,3155170130.0,,6.922498118886381,19.442707708089,,,,-21.662125340599456,,,,2.106479070962115,,8.0,2026-09-03,,5.0,2.05,0.0,🪤 DÜŞEN BIÇAK (SERBEST DÜŞÜŞ),0.0,,,,,-29.23076923076923,,,,,,,18.05,11.5,,,,,,,,0.0,0.0,,,,,,,,,,,,,,,,,,,,
ISVEA,91.55,83.0,91.55,74.95,33314743.0,9.969969969969966,3049964721.65,,2.0,15.0,,,,58.52813852813852,,,,8.511830769548766,,48.0,2026-09-03,,79.2,5.0,0.0,🪤 DÜŞEN BIÇAK (SERBEST DÜŞÜŞ),0.0,,,,,2.290502793296086,,,,,,,95.05,41.3,,,,,,,,121.7,93.5,,,,,,,,,,,,,,,,,,,,
TEHOL,43.52,39.88,43.52,39.74,66569306.0,9.954522486104104,2897096197.1200004,,8.226298827109739,43.0660429103605,,,,-9.672063096720624,,,,0.7670059572534689,,48.0,2026-09-03,,79.2,-0.43,0.0,🪤 DÜŞEN BIÇAK (SERBEST DÜŞÜŞ),0.0,,,,,29.13946587537092,,,,,,,52.5,30.34,,,,,,,,43.4,59.5,,,,,,,,,,,,,,,,,,,,
SELEC,350.0,346.0,353.75,311.25,8010577.0,1.2292118582791034,2803701950.0,,5.856470295313351,6.37484548994022,,,,64.93873704052781,,,,1.2948163715716303,,43.06,2026-09-03,,66.6,0.55,0.0,🪤 DÜŞEN BIÇAK (SERBEST DÜŞÜŞ),0.0,,,,,17.944397641112047,,,,,,,353.75,207.5,,,,,,,,68.7,97.4,,,,,,,,,,,,,,,,,,,,
VAKBN,33.74,34.28,34.84,33.44,78423044.0,-0.9976525821596136,2645993504.56,,0.9212555834395708,24.6140156476693,,,,11.353135313531356,,,,1.2208340567711196,,4.0,2026-09-03,,5.0,0.41,0.0,NÖTR,-52.2,,,,,2.678027997565437,,,,,,,34.84,28.58,,,,,,,,18.1,82.4,,,,,,,,,,,,,,,,,,,,
TKNKA,171.0,209.0,209.0,171.0,14890892.0,-10.0,2546342532.0,,6.192407890648595,15.0,,,,82.10862619808306,,,,1.6469371579920675,,8.0,2026-09-03,,5.0,1.2,0.0,🪤 DÜŞEN BIÇAK (SERBEST DÜŞÜŞ),0.0,,,,,13.32007952286282,,,,,,,209.0,93.9,,,,,,,,82.1,67.0,,,,,,,,,,,,,,,,,,,,
ANELE,197.5,194.0,197.9,174.6,12647534.0,1.804123711340206,2497887965.0,,74.30734269417731,-180.437741552518,,,,59.274193548387096,,,,1.4820738102998687,,47.04,2026-09-03,,76.8,0.89,0.0,🪤 DÜŞEN BIÇAK (SERBEST DÜŞÜŞ),0.0,,,,,20.06079027355624,,,,,,,197.9,108.5,,,,,,,,82.0,99.6,,,,,,,,,,,,,,,,,,,,
CITAS,127.7,131.0,136.9,127.0,17725386.0,-1.693610469591996,2263531792.2000003,,4.043378453257343,15.0,,,,57.55706354102407,,,,0.6768549298005603,,4.04,2026-09-03,,5.0,-0.6,0.0,🪤 DÜŞEN BIÇAK (SERBEST DÜŞÜŞ),0.0,,,,,2.9838709677419377,,,,,,,145.0,81.05,,,,,,,,57.6,72.9,,,,,,,,,,,,,,,,,,,,
MOBTL,12.4,12.97,12.97,12.29,7187090.0,-3.426791277258564,89119916.0,,1.3481147593560796,8.69169725811076,,,,-15.358361774744028,,,,1.9936089364932688,,1.06,2026-09-03,,5.0,1.84,0.0,🚨 KURUMSAL BOŞALTIM,0.0,,,,,-2.9733959311424023,,,,,,,15.17,12.29,,,,,,,,0.9,3.8,,,,,,,,,,,,,,,,,,,,
VERUS,688.0,701.0,711.5,683.0,128592.0,-1.7142857142857144,88471296.0,,8.966015153608168,-16.8567045165198,,,,31.047619047619047,,,,1.3187827472794569,,1.82,2026-09-03,,5.0,0.59,0.0,🚨 KURUMSAL BOŞALTIM,0.0,,,,,-6.139154160982264,,,,,,,764.5,531.0,,,,,,,,29.6,67.2,,,,,,,,,,,,,,,,,,,,
ENTRA,4.16,4.23,4.38,4.13,21103429.0,-1.4218009478672893,87790264.64,,0.3807407420966551,-3.45977639372669,,,,-15.274949083503056,,,,1.3209116499886002,,1.28,2026-09-03,,5.0,0.59,0.0,NÖTR,0.0,,,,,-7.34966592427617,,,,,,,5.1,4.13,,,,,,,,0.7,3.1,,,,,,,,,,,,,,,,,,,,
DAGI,9.42,9.91,9.91,9.08,9057711.0,-5.040322580645162,85323637.62,,2.045575953407773,-5.93450154384257,,,,4.434589800443463,,,,1.0077164752081516,,14.94,2026-09-03,,6.0,0.01,0.0,🚨 KURUMSAL BOŞALTIM,0.0,,,,,-13.577981651376152,,,,,,,11.25,9.08,,,,,,,,3.7,15.7,,,,,,,,,,,,,,,,,,,,
CWENE,30.78,33.3,36.14,30.78,141003553.0,-7.678464307138578,4340089361.34,,1.8722855509191108,20.1700277435031,,,,-17.919999999999998,,,,1.873701874578731,,8.0,2026-09-03,,5.0,1.62,0.0,🪤 DÜŞEN BIÇAK (SERBEST DÜŞÜŞ),0.0,,,,,-14.925373134328357,,,,,,,48.3,30.78,,,,,,,,0.0,0.0,,,,,,,,,,,,,,,,,,,,
SASA,2.23,2.27,2.29,2.23,1811659020.0,-1.7621145374449354,4039999614.6,,0.5444070113763977,-7.49333452261489,,,,-11.50793650793651,,,,0.8449161480362133,,8.0,2026-09-03,,5.0,-0.29,0.0,🪤 DÜŞEN BIÇAK (SERBEST DÜŞÜŞ),0.0,,,,,-5.106382978723409,,,,,,,2.62,2.22,,,,,,,,0.5,2.5,,,,,,,,,,,,,,,,,,,,
AKENR,10.08,10.36,10.43,10.03,7085521.0,-2.7027027027026964,71422051.68,,0.4623138533171707,-26.5432289814888,,,,1.5105740181268918,,,,0.6823862319473036,,1.0,2026-09-03,,5.0,-0.59,0.0,🚨 KURUMSAL BOŞALTIM,0.0,,,,,-4.091341579448142,,,,,,,11.74,9.79,,,,,,,,3.0,14.9,,,,,,,,,,,,,,,,,,,,
HEKTS,2.6,2.67,2.67,2.59,261723332.0,-1.886792452830182,680480663.2,,1.330324752738678,-30.7051469723585,,,,-11.262798634812288,,,,0.8831857249243459,,1.0,2026-09-03,,5.0,-0.22,0.0,🪤 DÜŞEN BIÇAK (SERBEST DÜŞÜŞ),0.0,,,,,-8.771929824561402,,,,,,,2.99,2.59,,,,,,,,0.4,2.5,,,,,,,,,,,,,,,,,,,,
GLRMK,155.0,161.5,163.8,153.7,4167357.0,-3.666873834679929,645940335.0,,1.7627109083601853,17.0757628948969,,,,3.333333333333333,,,,0.8449018232968359,,0.79,2026-09-03,,5.0,-0.29,0.0,🚨 KURUMSAL BOŞALTIM,0.0,,,,,-14.3646408839779,,,,,,,185.7,149.5,,,,,,,,3.7,15.2,,,,,,,,,,,,,,,,,,,,
TKFEN,208.5,210.5,211.5,202.9,2901398.0,-0.3822264691829963,604941483.0,,2.12079628424285,-15.7108521370911,,,,25.602409638554217,,,,0.5299124012956654,,28.47,2026-09-03,,29.5,-0.87,0.0,NÖTR,0.0,,,,,-5.097860719162489,,,,,,,245.2,168.3,,,,,,,,23.9,52.3,,,,,,,,,,,,,,,,,,,,
SKBNK,6.29,6.3,6.41,6.27,93198403.0,0.0,586217954.87,,0.7170542635658914,16.2630100499565,,,,-0.1587301587301553,,,,0.6893029406855905,,0.0,2026-09-03,,5.0,-0.57,0.0,NÖTR,0.0,,,,,-0.3169572107765384,,,,,,,6.89,5.81,,,,,,,,8.3,44.4,,,,,,,,,,,,,,,,,,,,
BJKAS,1.97,2.18,2.2,1.97,296909690.0,-9.633027522935787,584912089.3,,2.370067372473532,-38.1520835440885,,,,7.65027322404371,,,,0.4661498887797484,,8.0,2026-09-03,,5.0,-0.99,0.0,🚨 KURUMSAL BOŞALTIM,0.0,,,,,-26.765799256505577,,,,,,,3.2,1.72,,,,,,,,14.5,16.9,,,,,,,,,,,,,,,,,,,,
IHLAS,1.04,1.06,1.06,1.04,72709498.0,-1.8867924528301905,75617877.92,,0.8061703034766096,-78.0266887494466,,,,2.970297029702973,,,,0.8626487470129679,,8.0,2026-09-03,,5.0,-0.25,0.0,🚨 KURUMSAL BOŞALTIM,0.0,,,,,-2.803738317757012,,,,,,,1.15,1.0,,,,,,,,4.0,26.7,,,,,,,,,,,,,,,,,,,,
ADEL,30.84,31.9,32.16,30.68,2392949.0,-3.322884012539181,73798547.16,,5.833407417355333,-27.3799727854021,,,,6.712802768166094,,,,0.3331520704269247,,1.95,2026-09-03,,5.0,-1.23,0.0,🚨 KURUMSAL BOŞALTIM,0.0,,,,,-16.332067281606076,,,,,,,39.1,29.22,,,,,,,,5.5,16.4,,,,,,,,,,,,,,,,,,,,
ESCOM,5.1,5.19,5.23,5.07,14406527.0,-1.734104046242789,73473287.69999999,,0.8434282879232645,47.8896582322058,,,,-3.041825095057037,,,,0.6779383942656066,,2.5,2026-09-03,,5.0,-0.6,0.0,🚨 KURUMSAL BOŞALTIM,0.0,,,,,-8.602150537634417,,,,,,,6.27,5.07,,,,,,,,0.6,2.5,,,,,,,,,,,,,,,,,,,,
ADGYO,57.0,59.0,59.0,55.5,1275911.0,-2.8960817717206178,72726927.0,,1.7587924192961129,-7.92891115612511,,,,19.848612279226234,,,,1.1793564941460184,,16.0,2026-09-03,,6.4,0.33,0.0,🚨 KURUMSAL BOŞALTIM,0.0,,,,,-6.557377049180328,,,,,,,65.85,51.1,,,,,,,,11.5,40.0,,,,,,,,,,,,,,,,,,,,
TRHOL,3550.0,3440.0,3552.5,3292.5,201569.0,3.1227305737109656,715569950.0,,22.51653696929949,196.206662435691,,,,94.52054794520548,,,,0.5656267187482507,,47.46,2026-09-03,,77.8,-0.8,0.0,🪤 DÜŞEN BIÇAK (SERBEST DÜŞÜŞ),0.0,,,,,33.9622641509434,,,,,,,3552.5,1794.0,,,,,,,,97.9,99.9,,,,,,,,,,,,,,,,,,,,
ENERY,10.5,10.63,10.76,10.21,67835456.0,0.0,712272288.0,,1.390454069329364,9.89807182782181,,,,18.912797281993203,,,,1.60300700778154,,21.53,2026-09-03,,11.9,1.12,0.0,NÖTR,-50.7,,,,,9.489051094890511,,,,,,,10.76,8.28,,,,,,,,26.8,89.5,,,,,,,,,,,,,,,,,,,,
LIDER,26.0,28.16,28.66,25.4,27147685.0,-7.670454545454546,705839810.0,,1.906499403119033,2.85909372586912,,,,-68.29268292682927,,,,0.713966768784894,,2.31,2026-09-03,,5.0,-0.53,0.0,🪤 DÜŞEN BIÇAK (SERBEST DÜŞÜŞ),0.0,,,,,-18.75,,,,,,,77.35,25.4,,,,,,,,2.4,1.2,,,,,,,,,,,,,,,,,,,,
DMRGD,10.93,11.5,11.74,10.9,63705899.0,-3.7004405286343607,696305476.0699999,,7.665441692148007,8.63924314081493,,,,-5.367965367965376,,,,2.036039242917681,,6.0,2026-09-03,,5.0,1.92,0.0,🚨 KURUMSAL BOŞALTIM,-34.9,,,,,-8.91666666666667,,,,,,,12.15,10.1,,,,,,,,8.2,40.5,,,,,,,,,,,,,,,,,,,,
INVES,785.5,797.0,811.0,783.0,103390.0,-1.381042059008161,81212845.0,,3.896850684836161,35.323123253356,,,,8.195592286501377,,,,1.0739330004580756,,3.0,2026-09-03,,5.0,0.14,0.0,NÖTR,0.0,,,,,-7.859237536656892,,,,,,,870.0,726.0,,,,,,,,8.2,41.3,,,,,,,,,,,,,,,,,,,,
BORLS,3.81,3.91,4.2,3.78,73605368.0,-1.8041237113402024,280436452.08,,2.0,-2642.0879968264,,,,-30.21978021978022,,,,4.518024048301913,,4.0,2026-09-03,,5.0,5.0,0.0,🪤 DÜŞEN BIÇAK (SERBEST DÜŞÜŞ),0.0,,,,,-15.333333333333334,,,,,,,5.77,3.78,,,,,,,,0.8,1.5,,,,,,,,,,,,,,,,,,,,
MARMR,2.17,2.2,2.21,2.16,36574797.0,-0.9132420091324208,79367309.49,,1.5128276631344115,15.0,,,,-0.9132420091324208,,,,0.6617933388276991,,3.2,2026-09-03,,5.0,-0.63,0.0,🪤 DÜŞEN BIÇAK (SERBEST DÜŞÜŞ),0.0,,,,,-12.500000000000004,,,,,,,2.62,2.16,,,,,,,,0.5,2.2,,,,,,,,,,,,,,,,,,,,
ENSRI,4.71,4.96,4.97,4.68,16828514.0,-4.848484848484853,79262300.94,,1.5802876727495998,-5.18601940057923,,,,-10.626185958254265,,,,0.5310944001372244,,2.21,2026-09-03,,5.0,-0.87,0.0,🚨 KURUMSAL BOŞALTIM,0.0,,,,,-19.6245733788396,,,,,,,6.39,4.68,,,,,,,,0.6,1.8,,,,,,,,,,,,,,,,,,,,
EGEGY,24.06,25.9,25.98,24.06,3290506.0,-6.015625000000011,79169574.36,,1.805297941690227,61.2777816935109,,,,-14.559659090909095,,,,0.610562838454237,,8.0,2026-09-03,,5.0,-0.72,0.0,🪤 DÜŞEN BIÇAK (SERBEST DÜŞÜŞ),0.0,,,,,-25.87800369685768,,,,,,,33.8,23.98,,,,,,,,0.3,0.8,,,,,,,,,,,,,,,,,,,,
KLRHO,62.75,65.45,66.4,62.7,1259207.0,-3.683806600153501,79015239.25,,2.690707945628404,4.88154513834307,,,,-14.972899728997287,,,,0.4243900942941558,,7.24,2026-09-03,,5.0,-1.06,0.0,🪤 DÜŞEN BIÇAK (SERBEST DÜŞÜŞ),0.0,,,,,-6.622023809523814,,,,,,,82.25,62.7,,,,,,,,0.1,0.3,,,,,,,,,,,,,,,,,,,,
ADESE,0.83,0.85,0.86,0.83,92083716.0,-2.35294117647059,76429484.28,,0.283338340115247,-2.12688937144751,,,,-1.1904761904761916,,,,0.7358592120444264,,8.0,2026-09-03,,5.0,-0.49,0.0,🪤 DÜŞEN BIÇAK (SERBEST DÜŞÜŞ),0.0,,,,,-3.488372093023259,,,,,,,0.92,0.83,,,,,,,,0.0,0.0,,,,,,,,,,,,,,,,,,,,
EUREN,3.74,3.85,3.87,3.74,20397379.0,-2.604166666666657,76286197.46000001,,0.6440425205826691,0.65583507094108,,,,-3.359173126614984,,,,0.6674674687646027,,8.0,2026-09-03,,5.0,-0.62,0.0,🪤 DÜŞEN BIÇAK (SERBEST DÜŞÜŞ),0.0,,,,,-3.856041131105396,,,,,,,4.21,3.73,,,,,,,,0.3,2.1,,,,,,,,,,,,,,,,,,,,
AAGYO,11.78,12.32,12.34,11.75,7075032.0,-4.149715215622456,83343876.96,,2.0,15.0,,,,-7.680250783699063,,,,0.9276318040829512,,5.15,2026-09-03,,5.0,-0.13,0.0,🪤 DÜŞEN BIÇAK (SERBEST DÜŞÜŞ),0.0,,,,,-10.689916603487491,,,,,,,13.51,11.75,,,,,,,,0.3,1.7,,,,,,,,,,,,,,,,,,,,
OFSYM,68.3,70.55,70.95,67.15,1220020.0,-2.00860832137734,83327366.0,,1.971757390120716,7.86971394507022,,,,34.18467583497053,,,,0.3773849175826504,,8.95,2026-09-03,,5.0,-1.15,0.0,🚨 KURUMSAL BOŞALTIM,0.0,,,,,8.326724821570183,,,,,,,71.0,50.05,,,,,,,,36.5,87.1,,,,,,,,,,,,,,,,,,,,
ISDMR,54.35,56.0,56.6,54.3,1523118.0,-2.1602160216021526,82781463.3,,1.0099568552377831,8.49194157301141,,,,2.161654135338343,,,,0.9367089635180432,,6.78,2026-09-03,,5.0,-0.12,0.0,🚨 KURUMSAL BOŞALTIM,-82.0,,,,,-0.8211678832116711,,,,,,,57.2,49.74,,,,,,,,9.3,61.8,,,,,,,,,,,,,,,,,,,,
EMKEL,13.2,13.95,14.42,13.1,6228168.0,-5.308464849354378,82211817.6,,2.0196672751169342,-24.6060664872292,,,,-27.90824685963954,,,,1.5630122770700268,,3.76,2026-09-03,,5.0,1.04,0.0,🪤 DÜŞEN BIÇAK (SERBEST DÜŞÜŞ),0.0,,,,,-14.563106796116504,,,,,,,19.2,13.1,,,,,,,,0.8,1.6,,,,,,,,,,,,,,,,,,,,
SMRVA,10.41,10.95,10.99,10.36,7839799.0,-4.931506849315061,81612307.59,,2.422175117909437,15.0,,,,-5.363636363636362,,,,0.8045155206977931,,3.56,2026-09-03,,5.0,-0.36,0.0,🪤 DÜŞEN BIÇAK (SERBEST DÜŞÜŞ),0.0,,,,,-13.681592039800996,,,,,,,13.28,10.36,,,,,,,,0.5,1.7,,,,,,,,,,,,,,,,,,,,
MEYSU,11.3,11.59,11.8,11.24,7191661.0,-2.3336214347450266,81265769.30000001,,1.9857797084945683,15.0,,,,3.5747021081576587,,,,0.4457125746724608,,2.0,2026-09-03,,5.0,-1.03,0.0,🚨 KURUMSAL BOŞALTIM,0.0,,,,,-8.576051779935264,,,,,,,13.12,10.5,,,,,,,,7.6,30.5,,,,,,,,,,,,,,,,,,,,
NETAS,99.0,93.7,102.0,92.7,3433970.0,5.88235294117647,339963030.0,,2.0,15.0,,,,57.64331210191084,,,,0.852433128283395,,29.94,2026-09-03,,33.3,-0.27,0.0,🪤 DÜŞEN BIÇAK (SERBEST DÜŞÜŞ),0.0,,,,,7.960741548527805,,,,,,,109.6,60.15,,,,,,,,64.6,78.6,,,,,,,,,,,,,,,,,,,,
ONCSM,178.6,198.4,199.0,178.6,1865250.0,-9.979838709677423,333133650.0,,8.434681748973292,17.4003111895823,,,,-28.41683366733467,,,,1.7919707604940411,,8.0,2026-09-03,,5.0,1.47,0.0,🪤 DÜŞEN BIÇAK (SERBEST DÜŞÜŞ),0.0,,,,,-32.155745489078825,,,,,,,273.25,178.6,,,,,,,,0.0,0.0,,,,,,,,,,,,,,,,,,,,
AKSA,10.64,10.73,10.78,10.62,7461415.0,-0.6535947712418327,79389455.60000001,,1.128315088351101,18.2911638761343,,,,-15.083798882681556,,,,0.4110860360066543,,1.0,2026-09-03,,5.0,-1.09,0.0,NÖTR,0.0,,,,,-4.488330341113106,,,,,,,12.8,10.51,,,,,,,,1.2,5.7,,,,,,,,,,,,,,,,,,,,
PGSUS,148.2,149.6,150.2,147.4,8216951.0,-0.5369127516778599,1217752138.1999998,,0.6577296795813502,-1.23885597486283,,,,-5.303514376996812,,,,0.7282813950026562,,8.0,2026-09-03,,5.0,-0.5,0.0,NÖTR,0.0,,,,,-3.641092327698324,,,,,,,158.2,146.0,,,,,,,,1.5,18.0,,,,,,,,,,,,,,,,,,,,
GARAN,131.4,132.5,134.4,131.4,26138427.0,-0.4545454545454502,3434589307.8,,1.1340178693254122,27.6614090398923,,,,3.0588235294117694,,,,0.6912862843467306,,8.0,2026-09-03,,5.0,-0.57,0.0,NÖTR,0.0,,,,,-2.013422818791938,,,,,,,137.3,123.5,,,,,,,,6.4,57.2,,,,,,,,,,,,,,,,,,,,
PRZMA,75.55,80.15,80.9,72.5,1304569.0,-4.36708860759494,98560187.95,,11.731056788873586,-25.8732914584295,,,,5.076495132127944,,,,0.2732860039718122,,12.33,2026-09-03,,5.0,-1.34,0.0,🚨 KURUMSAL BOŞALTIM,0.0,,,,,-3.388746803069061,,,,,,,95.45,56.2,,,,,,,,34.4,49.3,,,,,,,,,,,,,,,,,,,,
TRGYO,93.4,93.95,94.15,92.8,1034337.0,-0.5854177754124503,96607075.8,,0.6042345325340186,6.70791745653675,,,,-0.4264392324093726,,,,0.6566118857925964,,16.89,2026-09-03,,6.8,-0.64,0.0,NÖTR,0.0,,,,,-4.693877551020402,,,,,,,98.65,89.1,,,,,,,,4.8,45.0,,,,,,,,,,,,,,,,,,,,
BMSTL,43.68,43.92,44.06,42.9,2191726.0,-0.5011389521640065,95734591.68,,16.30696517970141,-2.93344317198522,,,,2.9217719132893545,,,,1.0037508428416504,,29.66,2026-09-03,,32.6,0.01,0.0,NÖTR,0.0,,,,,-2.933333333333334,,,,,,,51.95,42.9,,,,,,,,1.8,8.6,,,,,,,,,,,,,,,,,,,,
SARKY,23.44,24.26,24.28,23.44,4036817.0,-2.7385892116182577,94622990.48,,1.748633879781421,2.28295128804234,,,,-1.8425460636515816,,,,0.5243962139137313,,8.0,2026-09-03,,5.0,-0.88,0.0,🪤 DÜŞEN BIÇAK (SERBEST DÜŞÜŞ),0.0,,,,,-12.209737827715347,,,,,,,27.5,23.44,,,,,,,,0.0,0.0,,,,,,,,,,,,,,,,,,,,
GRSEL,302.0,305.5,310.75,300.5,312921.0,-0.7395234182415776,94502142.0,,2.212380952660029,30.7526568418126,,,,-11.2417340191036,,,,0.8285270603560918,,0.2,2026-09-03,,5.0,-0.32,0.0,NÖTR,-73.0,,,,,-5.106048703849175,,,,,,,358.5,289.25,,,,,,,,4.4,18.4,,,,,,,,,,,,,,,,,,,,
BORSK,6.36,6.56,6.74,6.3,14595189.0,-2.900763358778619,92825402.04,,0.7822349041577754,-5.50180500365222,,,,13.571428571428584,,,,1.8386837497722777,,0.36,2026-09-03,,5.0,1.55,0.0,🚨 KURUMSAL BOŞALTIM,-46.0,,,,,2.2508038585209094,,,,,,,6.75,5.57,,,,,,,,14.2,66.9,,,,,,,,,,,,,,,,,,,,
INTET,71.25,71.25,71.25,71.25,1301805.0,9.95370370370371,92753606.25,,2.0,15.0,,,,20.86513994910941,,,,1.0,,20.0,2026-09-03,,8.0,0.0,0.0,🪤 DÜŞEN BIÇAK (SERBEST DÜŞÜŞ),0.0,,,,,20.86513994910941,,,,,,,71.25,58.95,,,,,,,,20.9,100.0,,,,,,,,,,,,,,,,,,,,
THYAO,291.5,292.5,296.25,289.25,70099014.0,0.0,20433862581.0,,0.3927699500455909,12.6578146267628,,,,-8.04416403785489,,,,1.3944605677209363,,10.0,2026-09-03,,5.0,0.73,0.0,NÖTR,0.0,,,,,-5.815831987075929,,,,,,,318.5,289.25,,,,,,,,0.8,7.7,,,,,,,,,,,,,,,,,,,,
KARSN,12.43,11.8,12.43,11.6,79231690.0,9.999999999999991,984849906.7,,1.3634304480454025,3.38668271875612,,,,25.55555555555555,,,,2.9917911276960503,,48.0,2026-09-03,,79.2,3.68,0.0,🪤 DÜŞEN BIÇAK (SERBEST DÜŞÜŞ),0.0,,,,,33.512352309344784,,,,,,,12.43,9.23,,,,,,,,34.7,100.0,,,,,,,,,,,,,,,,,,,,
HATSN,59.2,60.15,62.95,59.1,15834625.0,-9.824828636709828,937409800.0,,2.028961367136104,-12.8421185393824,,,,6.283662477558348,,,,1.4550603234421624,,6.55,2026-09-03,,5.0,0.84,0.0,🚨 KURUMSAL BOŞALTIM,0.0,,,,,-22.411533420707727,,,,,,,92.0,49.5,,,,,,,,19.6,22.8,,,,,,,,,,,,,,,,,,,,
TOASO,260.5,261.0,263.5,259.75,3476902.0,0.0,905732971.0,,1.981265066265901,22.3064749598506,,,,-3.5185185185185186,,,,0.9741451180365424,,3.2,2026-09-03,,5.0,-0.05,0.0,NÖTR,0.0,,,,,-5.2727272727272725,,,,,,,286.5,257.0,,,,,,,,1.4,11.9,,,,,,,,,,,,,,,,,,,,
VESTL,24.06,25.76,26.44,24.0,37282223.0,-3.218020917135964,897010285.38,,0.3686493597590264,-84.2751802525192,,,,6.46017699115043,,,,3.1076108988351923,,6.62,2026-09-03,,5.0,3.9,0.0,🚨 KURUMSAL BOŞALTIM,-52.0,,,,,8.5740072202166,,,,,,,26.44,21.1,,,,,,,,14.0,55.4,,,,,,,,,,,,,,,,,,,,
BTCIM,3.73,3.84,3.87,3.62,186270013.0,-2.86458333333333,694787148.49,,0.8793934307188865,-3.97603446876797,,,,-23.251028806584365,,,,2.01335539269703,,16.64,2026-09-03,,6.7,1.87,0.0,🪤 DÜŞEN BIÇAK (SERBEST DÜŞÜŞ),0.0,,,,,-19.612068965517235,,,,,,,5.18,3.62,,,,,,,,3.0,7.1,,,,,,,,,,,,,,,,,,,,
KRDMA,56.45,60.0,60.65,54.9,14310467.0,-5.046257359125315,807825862.1500001,,0.5939714996796552,5.44820350665331,,,,36.55055636187711,,,,0.8824864561095559,,7.1,2026-09-03,,5.0,-0.22,0.0,🪤 DÜŞEN BIÇAK (SERBEST DÜŞÜŞ),0.0,,,,,-2.6724137931034435,,,,,,,71.15,38.78,,,,,,,,45.6,54.6,,,,,,,,,,,,,,,,,,,,
BRSAN,688.0,696.5,699.5,682.0,1131748.0,-0.9359251259899208,778642624.0,,2.247309190220677,6.34788716410025,,,,28.59813084112149,,,,0.3634767276046474,,11.2,2026-09-03,,5.0,-1.18,0.0,NÖTR,0.0,,,,,-3.0303030303030303,,,,,,,759.5,551.5,,,,,,,,24.8,65.6,,,,,,,,,,,,,,,,,,,,
EUPWR,74.85,76.0,80.0,74.85,15716033.0,-9.981960312687926,1176345070.05,,3.770942332543207,8.39945726669861,,,,-16.83333333333334,,,,1.0501314362085468,,8.0,2026-09-03,,5.0,0.09,0.0,🪤 DÜŞEN BIÇAK (SERBEST DÜŞÜŞ),0.0,,,,,-25.5223880597015,,,,,,,109.3,74.85,,,,,,,,0.0,0.0,,,,,,,,,,,,,,,,,,,,
FROTO,75.65,76.75,77.3,75.6,14950254.0,-0.7868852459016319,1130986715.1,,1.4814533399967729,18.7548843037694,,,,-4.301075268817193,,,,0.7504552990161427,,6.35,2026-09-03,,5.0,-0.46,0.0,🪤 DÜŞEN BIÇAK (SERBEST DÜŞÜŞ),0.0,,,,,-5.021971123666039,,,,,,,81.7,75.4,,,,,,,,0.3,4.0,,,,,,,,,,,,,,,,,,,,
PASEU,175.9,193.5,203.6,175.9,6152464.0,-9.979529170931425,1082218417.6,,28.33052819765335,32.7765547120615,,,,4.082840236686394,,,,0.4687734519053796,,8.0,2026-09-03,,5.0,-0.98,0.0,🚨 KURUMSAL BOŞALTIM,0.0,,,,,-27.55354200988468,,,,,,,268.0,134.9,,,,,,,,30.4,30.8,,,,,,,,,,,,,,,,,,,,
MARTI,2.13,2.1,2.23,1.89,506987370.0,3.902439024390248,1079883098.1,,0.4460265940739189,-9.11037033586525,,,,52.142857142857146,,,,3.7267310047256337,,31.53,2026-09-03,,37.3,5.0,0.0,🪤 DÜŞEN BIÇAK (SERBEST DÜŞÜŞ),0.0,,,,,52.142857142857146,,,,,,,2.23,1.35,,,,,,,,57.8,88.6,,,,,,,,,,,,,,,,,,,,
DAPGM,7.5,8.01,8.61,7.5,133707026.0,-6.716417910447752,1002802695.0,,1.1226536538634255,5.19977862396511,,,,-11.764705882352942,,,,1.356974197404574,,8.0,2026-09-03,,5.0,0.66,0.0,🚨 KURUMSAL BOŞALTIM,-79.7,,,,,-11.86839012925969,,,,,,,9.4,7.3,,,,,,,,2.7,9.5,,,,,,,,,,,,,,,,,,,,
SARAE,75.5,78.9,79.95,75.0,13052839.0,-3.821656050955414,985489344.5,,2.0,15.0,,,,-2.7061855670103023,,,,0.312692522349161,,2.34,2026-09-03,,5.0,-1.27,0.0,🚨 KURUMSAL BOŞALTIM,0.0,,,,,-15.311273135165456,,,,,,,98.5,71.45,,,,,,,,5.7,15.0,,,,,,,,,,,,,,,,,,,,
GMTAS,44.72,45.46,45.48,44.3,1241994.0,-1.6278046634403915,55541971.68,,2.9143670082184885,-2.3225938462331,,,,-2.824858757062156,,,,0.3353867363950401,,11.93,2026-09-03,,5.0,-1.23,0.0,🚨 KURUMSAL BOŞALTIM,-61.3,,,,,-1.8006148440931056,,,,,,,49.0,42.32,,,,,,,,5.7,35.9,,,,,,,,,,,,,,,,,,,,
KOPOL,5.02,5.31,5.34,4.97,11062781.0,-5.103969754253317,55535160.62,,1.1920932397389743,5.61150713604039,,,,-6.6914498141264,,,,1.0161593850772033,,0.43,2026-09-03,,5.0,0.03,0.0,🚨 KURUMSAL BOŞALTIM,0.0,,,,,-14.334470989761105,,,,,,,6.12,4.97,,,,,,,,1.0,4.3,,,,,,,,,,,,,,,,,,,,
BYDNR,36.46,38.22,38.48,34.4,1523064.0,-4.604918890633171,55530913.44,,1.8112513183236936,-2.29596714566113,,,,-5.00260552371027,,,,2.2021710498825,,20.27,2026-09-03,,8.7,2.22,0.0,🚨 KURUMSAL BOŞALTIM,0.0,,,,,-6.46485377116469,,,,,,,41.38,34.4,,,,,,,,6.0,29.5,,,,,,,,,,,,,,,,,,,,
TUREX,5.97,6.2,6.22,5.97,9269210.0,-3.554119547657522,55337183.7,,0.7194920892025568,7.58457916924205,,,,-9.818731117824775,,,,0.6367078932041191,,8.0,2026-09-03,,5.0,-0.67,0.0,🪤 DÜŞEN BIÇAK (SERBEST DÜŞÜŞ),0.0,,,,,-10.090361445783133,,,,,,,7.16,5.97,,,,,,,,0.0,0.0,,,,,,,,,,,,,,,,,,,,
HOROZ,56.15,58.5,59.55,56.15,971256.0,-2.517361111111116,54536024.4,,1.1538459957742315,-1.57077415257944,,,,1.6289592760180969,,,,0.5359230372371097,,8.0,2026-09-03,,5.0,-0.86,0.0,🚨 KURUMSAL BOŞALTIM,0.0,,,,,-10.0880704563651,,,,,,,72.0,55.0,,,,,,,,2.1,6.8,,,,,,,,,,,,,,,,,,,,
GWIND,21.98,22.22,22.28,21.92,2461430.0,-0.990990990990986,54102231.4,,0.6603291491457629,14.3448139084257,,,,-8.64505403158769,,,,0.6838975025347847,,1.33,2026-09-03,,5.0,-0.58,0.0,🪤 DÜŞEN BIÇAK (SERBEST DÜŞÜŞ),0.0,,,,,-5.503009458297511,,,,,,,24.6,21.92,,,,,,,,0.3,2.2,,,,,,,,,,,,,,,,,,,,
AKGRT,6.08,6.1,6.13,6.02,8898231.0,-0.164203612479471,54101244.48,,1.1413939273337563,30.7936042243563,,,,-9.388971684053647,,,,0.8592245085023956,,22.55,2026-09-03,,14.5,-0.26,0.0,NÖTR,0.0,,,,,-2.719999999999999,,,,,,,6.65,6.02,,,,,,,,1.0,9.5,,,,,,,,,,,,,,,,,,,,
GESAN,67.2,67.7,68.4,67.2,12656699.0,-9.979906229068993,850530172.8000001,,1.7945530508069485,11.7816297467189,,,,-12.840466926070029,,,,1.0300016581166842,,8.0,2026-09-03,,5.0,0.06,0.0,🪤 DÜŞEN BIÇAK (SERBEST DÜŞÜŞ),0.0,,,,,-27.896995708154503,,,,,,,97.2,67.2,,,,,,,,0.0,0.0,,,,,,,,,,,,,,,,,,,,
TATEN,7.59,8.22,8.25,7.55,27391042.0,-7.212713936430316,207898008.78,,1.565364808371711,-3.49740028671485,,,,-31.25,,,,0.6838045978695022,,4.8,2026-09-03,,5.0,-0.58,0.0,🪤 DÜŞEN BIÇAK (SERBEST DÜŞÜŞ),0.0,,,,,-14.910313901345292,,,,,,,11.04,7.55,,,,,,,,0.5,1.1,,,,,,,,,,,,,,,,,,,,
BIOEN,18.61,18.8,19.26,17.5,12938379.0,-1.53439153439153,240783233.19,,2.844256695313013,-18.1089486566153,,,,5.6785917092561045,,,,1.4535827974447666,,27.32,2026-09-03,,26.6,0.84,0.0,🚨 KURUMSAL BOŞALTIM,0.0,,,,,-6.670010030090279,,,,,,,20.9,16.78,,,,,,,,10.9,44.4,,,,,,,,,,,,,,,,,,,,
ALBTN,28.7,30.64,30.66,28.7,8225857.0,-5.901639344262297,236082095.9,,0.7947901643194049,15.0,,,,4.821037253469688,,,,0.3081722351140726,,8.0,2026-09-03,,5.0,-1.28,0.0,🚨 KURUMSAL BOŞALTIM,0.0,,,,,-14.174641148325357,,,,,,,36.7,25.3,,,,,,,,13.4,29.8,,,,,,,,,,,,,,,,,,,,
BALSU,9.3,9.9,9.94,9.29,25271151.0,-6.060606060606057,235021704.3,,2.3507822038204003,15.0,,,,-35.729094678645474,,,,0.4469186165054146,,7.14,2026-09-03,,5.0,-1.02,0.0,🪤 DÜŞEN BIÇAK (SERBEST DÜŞÜŞ),0.0,,,,,-11.596958174904932,,,,,,,14.51,9.2,,,,,,,,1.1,1.9,,,,,,,,,,,,,,,,,,,,
TCKRC,140.3,143.0,144.0,139.8,1658609.0,-1.88811188811188,232702842.7,,3.2781844419188904,34.2345615681693,,,,-0.3551136363636363,,,,0.638680672948443,,1.33,2026-09-03,,5.0,-0.67,0.0,🚨 KURUMSAL BOŞALTIM,0.0,,,,,-17.227138643067843,,,,,,,177.2,139.4,,,,,,,,0.6,2.4,,,,,,,,,,,,,,,,,,,,
NETCD,118.5,121.1,122.6,118.4,1960288.0,-2.14698596201486,232294128.0,,4.556992984538142,15.0,,,,-7.996894409937896,,,,0.5557257609397325,,6.67,2026-09-03,,5.0,-0.82,0.0,🚨 KURUMSAL BOŞALTIM,-70.7,,,,,-7.71028037383178,,,,,,,153.5,115.9,,,,,,,,2.2,6.9,,,,,,,,,,,,,,,,,,,,
LYDHO,132.5,142.0,142.5,132.1,1726634.0,-7.017543859649122,228779005.0,,6.437357467188911,-4.92212551714847,,,,-26.876379690949225,,,,4.750637702636692,,5.85,2026-09-03,,5.0,5.0,0.0,🪤 DÜŞEN BIÇAK (SERBEST DÜŞÜŞ),0.0,,,,,-21.736562315416425,,,,,,,184.8,132.1,,,,,,,,0.3,0.8,,,,,,,,,,,,,,,,,,,,
INFO,5.24,5.74,5.74,5.19,43141946.0,-8.07017543859649,226063797.04,,1.2169462081906983,15.0,,,,-10.732538330494036,,,,0.8124908876684428,,2.91,2026-09-03,,5.0,-0.35,0.0,🚨 KURUMSAL BOŞALTIM,-76.8,,,,,-21.32132132132132,,,,,,,8.1,5.15,,,,,,,,1.7,3.1,,,,,,,,,,,,,,,,,,,,
RGYAS,204.0,205.2,205.7,202.5,1103900.0,-0.3419638495359007,225195600.0,,0.411908442687453,14.6679746676783,,,,2.1532298447671567,,,,0.444725717760276,,18.25,2026-09-03,,7.3,-1.03,0.0,NÖTR,-68.6,,,,,-4.404873477038428,,,,,,,216.1,195.6,,,,,,,,4.3,41.0,,,,,,,,,,,,,,,,,,,,
ECILC,70.0,73.0,73.1,69.85,3799008.0,-3.4482758620689653,265930560.0,,0.6970721575239679,-2.74395274155412,,,,4.477611940298507,,,,0.6184422106773384,,5.42,2026-09-03,,5.0,-0.71,0.0,🚨 KURUMSAL BOŞALTIM,0.0,,,,,-10.42866282789508,,,,,,,80.85,68.1,,,,,,,,2.8,14.9,,,,,,,,,,,,,,,,,,,,
ARDYZ,82.65,85.45,86.85,82.45,3208705.0,-2.7647058823529345,265199468.25000003,,3.87872837779049,24.268344789997,,,,9.03693931398418,,,,0.6297070464593434,,5.45,2026-09-03,,5.0,-0.69,0.0,🚨 KURUMSAL BOŞALTIM,-67.9,,,,,-7.446808510638288,,,,,,,97.9,74.5,,,,,,,,10.9,34.8,,,,,,,,,,,,,,,,,,,,
TEKTU,7.36,7.78,8.55,7.36,35807916.0,-5.398457583547557,263546261.76,,0.3595691814036291,-15.0022192077737,,,,-4.663212435233153,,,,4.231866704678865,,8.0,2026-09-03,,5.0,5.0,0.0,🚨 KURUMSAL BOŞALTIM,0.0,,,,,-6.835443037974684,,,,,,,8.55,7.27,,,,,,,,1.2,7.0,,,,,,,,,,,,,,,,,,,,
BULGS,31.66,32.8,33.2,31.5,8074587.0,-2.76412776412777,255641424.42,,1.1018789019077193,2.25831577114277,,,,-16.376122556788165,,,,3.273124224518701,,2.73,2026-09-03,,5.0,4.21,0.0,🚨 KURUMSAL BOŞALTIM,-77.9,,,,,-2.7641277641277706,,,,,,,38.7,30.42,,,,,,,,4.1,15.0,,,,,,,,,,,,,,,,,,,,
MCARD,159.1,161.0,163.0,153.7,1603937.0,-1.180124223602488,255186376.7,,5.387082716945202,15.0,,,,21.6360856269113,,,,0.4762419282878567,,24.52,2026-09-03,,19.5,-0.97,0.0,NÖTR,-46.1,,,,,0.9517766497461928,,,,,,,180.9,126.4,,,,,,,,25.9,60.0,,,,,,,,,,,,,,,,,,,,
ALTNY,16.66,17.45,17.6,16.23,19887592.0,-4.527220630372488,331327282.72,,3.0981745689334543,0.613912372658328,,,,9.677419354838714,,,,0.5503755245684077,,9.58,2026-09-03,,5.0,-0.83,0.0,🚨 KURUMSAL BOŞALTIM,-45.4,,,,,-7.08310094813162,,,,,,,19.73,15.43,,,,,,,,8.0,28.6,,,,,,,,,,,,,,,,,,,,
EKIM,18.11,18.34,19.03,17.91,13632563.0,-0.8214676889375802,246885715.93,,2.0,15.0,,,,-3.464818763326237,,,,0.7350935036502825,,2.0,2026-09-03,,5.0,-0.49,0.0,NÖTR,0.0,,,,,-7.696228338430181,,,,,,,20.42,17.0,,,,,,,,6.5,32.5,,,,,,,,,,,,,,,,,,,,
QUICK,60.2,64.1,64.85,60.0,4088583.0,-6.0109289617486255,246132696.6,,1.1586883340101972,15.0,,,,-21.409921671018267,,,,0.608164940562957,,5.69,2026-09-03,,5.0,-0.72,0.0,🪤 DÜŞEN BIÇAK (SERBEST DÜŞÜŞ),0.0,,,,,-13.381294964028774,,,,,,,84.25,60.0,,,,,,,,0.3,0.8,,,,,,,,,,,,,,,,,,,,
BRLSM,19.53,20.0,20.78,19.4,15667702.0,-1.7605633802816794,305990220.06,,2.709139913967815,-19.104292566848,,,,29.68127490039841,,,,0.7304952939481917,,2.72,2026-09-03,,5.0,-0.5,0.0,🚨 KURUMSAL BOŞALTIM,0.0,,,,,-11.6289592760181,,,,,,,27.2,15.14,,,,,,,,29.0,36.4,,,,,,,,,,,,,,,,,,,,
OYAKC,21.06,22.0,22.1,20.96,14264405.0,-3.835616438356164,300408369.29999995,,1.3423272231736922,11.0453304186396,,,,3.846153846153834,,,,0.6052258289981608,,3.09,2026-09-03,,5.0,-0.73,0.0,🚨 KURUMSAL BOŞALTIM,-64.9,,,,,-8.831168831168842,,,,,,,23.28,20.1,,,,,,,,4.8,30.2,,,,,,,,,,,,,,,,,,,,
ZGYO,21.82,23.84,26.02,21.56,13740280.0,-8.319327731092438,299812909.6,,1.128718382177216,15.0,,,,-36.08670181605155,,,,1.2557757423983018,,4.74,2026-09-03,,5.0,0.47,0.0,🪤 DÜŞEN BIÇAK (SERBEST DÜŞÜŞ),0.0,,,,,-27.31512325116589,,,,,,,40.5,21.56,,,,,,,,1.2,1.4,,,,,,,,,,,,,,,,,,,,
DOFRB,117.7,122.9,123.9,117.2,2462748.0,-4.231082180634664,289865439.6,,7.848602655321646,22.5289716057738,,,,-12.16417910447761,,,,0.4338031681017661,,3.82,2026-09-03,,5.0,-1.05,0.0,🚨 KURUMSAL BOŞALTIM,-67.4,,,,,-12.16417910447761,,,,,,,149.5,115.5,,,,,,,,1.9,6.5,,,,,,,,,,,,,,,,,,,,
EREGL,36.58,37.7,37.82,36.32,127468912.0,-2.7127659574468166,4662812800.96,,0.7716573503843309,2.6359373238076,,,,-10.166994106090376,,,,0.704116133384513,,1.71,2026-09-03,,5.0,-0.55,0.0,🚨 KURUMSAL BOŞALTIM,0.0,,,,,-5.915637860082315,,,,,,,42.26,36.24,,,,,,,,0.9,5.6,,,,,,,,,,,,,,,,,,,,
YEOTK,31.98,32.62,32.62,31.9,8720921.0,-2.2018348623853283,278895053.58,,4.820911722141823,58.2232370664055,,,,-15.575501583949318,,,,0.5766106638486603,,1.78,2026-09-03,,5.0,-0.78,0.0,🚨 KURUMSAL BOŞALTIM,0.0,,,,,-9.661016949152538,,,,,,,43.38,30.7,,,,,,,,4.2,10.1,,,,,,,,,,,,,,,,,,,,
CATES,69.05,68.0,72.0,68.0,2088004.0,1.0980966325036603,144176676.2,,0.7715855384421123,15.0371644035297,,,,42.19522240527182,,,,0.5566489456428014,,6.7,2026-09-03,,5.0,-0.82,0.0,🪤 DÜŞEN BIÇAK (SERBEST DÜŞÜŞ),0.0,,,,,8.740157480314958,,,,,,,73.0,45.5,,,,,,,,51.8,85.6,,,,,,,,,,,,,,,,,,,,
BLUME,39.98,41.0,42.2,39.7,3593455.0,-2.487804878048788,143666330.89999998,,11.961106955871353,-18.5931565572064,,,,17.519106407995274,,,,0.971068918003816,,1.73,2026-09-03,,5.0,-0.05,0.0,🚨 KURUMSAL BOŞALTIM,0.0,,,,,-4.536771728748819,,,,,,,45.32,31.32,,,,,,,,27.7,61.9,,,,,,,,,,,,,,,,,,,,
TUKAS,1.93,1.99,2.0,1.93,73731881.0,-2.525252525252528,142302530.32999998,,0.4326917687677252,-7.59984024912718,,,,-2.525252525252528,,,,1.2615556481817234,,8.0,2026-09-03,,5.0,0.48,0.0,🪤 DÜŞEN BIÇAK (SERBEST DÜŞÜŞ),0.0,,,,,-5.392156862745103,,,,,,,2.07,1.93,,,,,,,,0.0,0.0,,,,,,,,,,,,,,,,,,,,
RALYH,256.25,259.0,261.0,253.25,551073.0,-0.7744433688286544,141212456.25,,10.123352807042773,39.0893651880271,,,,11.41304347826087,,,,0.2499591545550808,,13.68,2026-09-03,,5.5,-1.39,0.0,NÖTR,0.0,,,,,-2.935606060606061,,,,,,,281.0,227.5,,,,,,,,12.6,53.7,,,,,,,,,,,,,,,,,,,,
EGEPO,15.48,17.28,17.35,15.48,9100992.0,-9.947643979057595,140883356.16,,3.580854917545495,-3.14186819529634,,,,-14.047751249305946,,,,2.6879409459357166,,8.0,2026-09-03,,5.0,3.12,0.0,🪤 DÜŞEN BIÇAK (SERBEST DÜŞÜŞ),-84.6,,,,,-8.941176470588232,,,,,,,19.14,15.48,,,,,,,,0.0,0.0,,,,,,,,,,,,,,,,,,,,
SSAAT,32.76,35.04,35.18,32.76,4284195.0,-6.560182544209938,140350228.2,,2.0,15.0,,,,-6.185567010309288,,,,0.8482234250273126,,8.0,2026-09-03,,5.0,-0.28,0.0,🪤 DÜŞEN BIÇAK (SERBEST DÜŞÜŞ),0.0,,,,,-13.10344827586208,,,,,,,44.0,32.76,,,,,,,,0.0,0.0,,,,,,,,,,,,,,,,,,,,
CVKMD,15.76,16.3,16.32,15.74,16132432.0,-2.8360049321824854,254247128.32,,4.529881119363517,3.62597150686481,,,,9.080776407952095,,,,0.4102078929650719,,6.07,2026-09-03,,5.0,-1.09,0.0,🚨 KURUMSAL BOŞALTIM,-42.9,,,,,-0.942803268384666,,,,,,,17.56,14.45,,,,,,,,9.1,42.1,,,,,,,,,,,,,,,,,,,,
IZMDC,9.96,9.86,11.26,9.41,32668694.0,-2.734374999999994,325380192.24,,0.7240024249719776,-7.44835055635709,,,,-16.652719665271952,,,,3.152995864420492,,8.65,2026-09-03,,5.0,3.98,0.0,🚨 KURUMSAL BOŞALTIM,0.0,,,,,-28.90792291220556,,,,,,,14.85,9.41,,,,,,,,5.8,10.1,,,,,,,,,,,,,,,,,,,,
PSGYO,2.95,3.1,3.12,2.95,104343943.0,-4.838709677419352,307814631.85,,0.4779766196521303,7.94952628156929,,,,-18.05555555555555,,,,0.8001392441193803,,8.0,2026-09-03,,5.0,-0.37,0.0,🪤 DÜŞEN BIÇAK (SERBEST DÜŞÜŞ),0.0,,,,,-12.202380952380944,,,,,,,4.05,2.95,,,,,,,,0.0,0.0,,,,,,,,,,,,,,,,,,,,
CIMSA,43.44,44.3,44.44,43.28,7046254.0,-1.272727272727278,306089273.76,,1.0983065246082353,12.0224419124516,,,,-6.338939197930152,,,,0.7899486104597426,,0.28,2026-09-03,,5.0,-0.39,0.0,NÖTR,-57.2,,,,,-7.416879795396428,,,,,,,47.48,43.02,,,,,,,,1.0,9.4,,,,,,,,,,,,,,,,,,,,
BIGTK,300.0,325.5,326.5,291.0,1403618.0,-7.192575406032482,421085400.0,,6.735040800877171,1.49758433731983,,,,-17.46905089408528,,,,1.775460505744242,,6.2,2026-09-03,,5.0,1.43,0.0,🚨 KURUMSAL BOŞALTIM,0.0,,,,,-20.739762219286657,,,,,,,399.5,291.0,,,,,,,,3.1,8.3,,,,,,,,,,,,,,,,,,,,
GENIL,10.81,11.35,11.45,10.79,37265714.0,-4.58958517210944,402842368.34,,3.7157342957806994,11.203940499913,,,,15.24520255863539,,,,0.8162374204540783,,6.3,2026-09-03,,5.0,-0.34,0.0,🚨 KURUMSAL BOŞALTIM,0.0,,,,,-11.393442622950811,,,,,,,12.66,9.13,,,,,,,,18.4,47.6,,,,,,,,,,,,,,,,,,,,
METEN,18.75,19.6,19.98,18.74,21059647.0,-4.336734693877558,394868381.25,,2.0,15.0,,,,6.959498003422697,,,,0.3432857260859805,,7.55,2026-09-03,,5.0,-1.21,0.0,🚨 KURUMSAL BOŞALTIM,0.0,,,,,-18.12227074235808,,,,,,,30.86,17.45,,,,,,,,7.4,9.7,,,,,,,,,,,,,,,,,,,,
KOCMT,3.4,3.44,3.7,3.4,106293745.0,-9.814323607427058,361398733.0,,0.6171562167597846,-7.37113785136723,,,,-38.2940108892922,,,,2.0015957517213647,,8.0,2026-09-03,,5.0,1.85,0.0,🪤 DÜŞEN BIÇAK (SERBEST DÜŞÜŞ),0.0,,,,,-37.15341959334566,,,,,,,6.39,3.4,,,,,,,,0.0,0.0,,,,,,,,,,,,,,,,,,,,
ULKER,88.65,89.9,90.45,88.4,3971617.0,-1.4452473596442437,352083847.05,,0.6416178758431413,9.91775211995781,,,,1.3142857142857207,,,,0.5151036281707513,,1.17,2026-09-03,,5.0,-0.9,0.0,NÖTR,0.0,,,,,-4.006497022198147,,,,,,,100.6,86.2,,,,,,,,2.8,17.0,,,,,,,,,,,,,,,,,,,,
ZOREN,2.3,2.44,2.48,2.3,151575210.0,-5.737704918032792,348622983.0,,0.1814363765735661,-18.2797749155039,,,,-0.8620689655172422,,,,3.032585886994829,,8.0,2026-09-03,,5.0,3.76,0.0,🚨 KURUMSAL BOŞALTIM,-79.6,,,,,0.4366812227074143,,,,,,,2.52,2.22,,,,,,,,3.6,26.7,,,,,,,,,,,,,,,,,,,,
ATATR,13.2,13.42,14.08,13.2,25852517.0,-0.9009009009009084,341253224.4,,1.3972053775471212,15.0,,,,-4.278462654097171,,,,0.6910197540132204,,8.0,2026-09-03,,5.0,-0.57,0.0,NÖTR,-60.2,,,,,-16.45569620253165,,,,,,,16.42,12.99,,,,,,,,1.6,6.1,,,,,,,,,,,,,,,,,,,,
OZATD,4750.0,4765.0,4817.5,4662.5,100527.0,-0.4714510214772132,477503250.0,,75.04370308287432,-11.2630487426031,,,,18.23273179838208,,,,0.1432860915553183,,23.61,2026-09-03,,17.2,-1.58,0.0,NÖTR,0.0,,,,,5.438401775804661,,,,,,,5052.5,3897.5,,,,,,,,21.9,73.8,,,,,,,,,,,,,,,,,,,,
TURSG,6.0,6.07,6.2,5.97,78945743.0,-0.9900990099009837,473674458.0,,2.032513439995122,49.9664216719778,,,,-4.912836767036445,,,,1.1992630558762856,,0.7,2026-09-03,,5.0,0.37,0.0,NÖTR,0.0,,,,,-3.6918138041733615,,,,,,,6.42,5.97,,,,,,,,0.5,6.7,,,,,,,,,,,,,,,,,,,,
VESBE,5.45,5.82,6.06,5.43,86308613.0,-6.034482758620683,470381940.85,,0.2111812939097252,-14.1013672301764,,,,-5.05226480836237,,,,5.772938371049803,,6.22,2026-09-03,,5.0,5.0,0.0,🚨 KURUMSAL BOŞALTIM,-86.5,,,,,2.636534839924681,,,,,,,6.06,5.25,,,,,,,,3.8,24.7,,,,,,,,,,,,,,,,,,,,
TMPOL,352.5,372.0,373.75,351.75,1324298.0,-5.68561872909699,466815045.0,,5.331996577841402,-12.1489498754263,,,,-24.396782841823057,,,,0.8913811730830884,,6.09,2026-09-03,,5.0,-0.2,0.0,🪤 DÜŞEN BIÇAK (SERBEST DÜŞÜŞ),0.0,,,,,-23.535791757049893,,,,,,,690.0,351.75,,,,,,,,0.2,0.2,,,,,,,,,,,,,,,,,,,,
RYGYO,48.12,48.4,51.3,47.52,4325073.0,-0.2073828287017864,208122512.76,,0.9286122572958394,21.6976044838379,,,,18.52216748768472,,,,1.1595068750090765,,0.89,2026-09-03,,5.0,0.3,0.0,NÖTR,0.0,,,,,8.476104598737596,,,,,,,52.1,39.02,,,,,,,,23.3,69.6,,,,,,,,,,,,,,,,,,,,
KBORU,17.12,18.76,19.45,16.89,25895319.0,-8.742004264392326,443327861.28,,1.8090806974682383,5.83779784694285,,,,-30.293159609120515,,,,1.438935958225439,,2.97,2026-09-03,,5.0,0.81,0.0,🪤 DÜŞEN BIÇAK (SERBEST DÜŞÜŞ),0.0,,,,,-27.763713080168767,,,,,,,25.02,16.89,,,,,,,,1.4,2.8,,,,,,,,,,,,,,,,,,,,
MOGAN,13.96,15.55,15.77,13.96,31390336.0,-9.993552546744027,438209090.56,,0.3882788732347357,-11.8424300895078,,,,-18.74272409778812,,,,1.870080505478482,,8.0,2026-09-03,,5.0,1.61,0.0,🪤 DÜŞEN BIÇAK (SERBEST DÜŞÜŞ),0.0,,,,,-30.2,,,,,,,21.86,13.96,,,,,,,,0.0,0.0,,,,,,,,,,,,,,,,,,,,
VEYAS,122.4,135.8,136.7,122.4,3505771.0,-9.999999999999996,429106370.4,,4.4503491560698185,15.0,,,,-9.999999999999996,,,,0.2000343389987242,,8.0,2026-09-03,,5.0,-1.48,0.0,🪤 DÜŞEN BIÇAK (SERBEST DÜŞÜŞ),0.0,,,,,-11.496746203904555,,,,,,,164.0,122.4,,,,,,,,0.0,0.0,,,,,,,,,,,,,,,,,,,,
SUWEN,6.71,7.0,7.2,6.65,83428284.0,-1.032448377581125,559803785.64,,2.1986303614142013,-8.70167376125255,,,,10.000000000000004,,,,20.952584403633185,,1.89,2026-09-03,,5.0,5.0,0.0,NÖTR,-53.0,,,,,3.709428129829988,,,,,,,7.39,5.9,,,,,,,,13.7,54.4,,,,,,,,,,,,,,,,,,,,
AKSEN,79.35,80.9,81.45,77.45,6943077.0,-2.638036809815958,550933159.9499999,,1.4195156115411,5.67192405114027,,,,-12.850082372322902,,,,0.9333244218396246,,18.6,2026-09-03,,7.4,-0.12,0.0,🚨 KURUMSAL BOŞALTIM,-75.2,,,,,-3.584447144592956,,,,,,,99.95,76.75,,,,,,,,3.4,11.2,,,,,,,,,,,,,,,,,,,,
KARTN,163.0,154.0,169.2,152.8,3172585.0,5.9129304743339794,517131355.0,,4.187159343761672,-18.3734765991418,,,,-19.26696384348688,,,,5.122615746620036,,26.83,2026-09-03,,25.4,5.0,0.0,🪤 DÜŞEN BIÇAK (SERBEST DÜŞÜŞ),0.0,,,,,-3.149138443256097,,,,,,,194.3,150.0,,,,,,,,8.7,29.3,,,,,,,,,,,,,,,,,,,,
RYSAS,28.24,30.28,30.54,28.24,17824257.0,-6.737120211360642,503357017.68,,1.960781590871534,12.8310900116321,,,,24.077328646748665,,,,0.7180684048269486,,8.0,2026-09-03,,5.0,-0.52,0.0,🚨 KURUMSAL BOŞALTIM,0.0,,,,,17.66666666666666,,,,,,,30.54,22.0,,,,,,,,28.4,73.1,,,,,,,,,,,,,,,,,,,,
BETAE,80.85,84.25,84.85,80.4,6112791.0,-3.864447086801427,494219152.35,,2.0,15.0,,,,-8.125000000000007,,,,0.4737914349639728,,2.34,2026-09-03,,5.0,-0.97,0.0,🚨 KURUMSAL BOŞALTIM,0.0,,,,,-16.692426584234934,,,,,,,119.0,80.4,,,,,,,,0.6,1.2,,,,,,,,,,,,,,,,,,,,
MRGYO,1.51,1.67,1.68,1.51,326388170.0,-9.036144578313248,492846136.7,,0.2558801599674642,13.5243138138708,,,,17.96875,,,,2.01591593671734,,8.0,2026-09-03,,5.0,1.88,0.0,🚨 KURUMSAL BOŞALTIM,0.0,,,,,4.861111111111116,,,,,,,1.75,1.25,,,,,,,,20.8,52.0,,,,,,,,,,,,,,,,,,,,
ODAS,7.28,7.42,7.42,7.07,67284158.0,-1.2211668928086818,489828670.24,,0.6428511508183549,-1.82009042316161,,,,-4.836601307189544,,,,1.1120317273059448,,25.6,2026-09-03,,22.2,0.21,0.0,NÖTR,0.0,,,,,1.9607843137254983,,,,,,,7.82,6.97,,,,,,,,4.4,36.5,,,,,,,,,,,,,,,,,,,,
KCAER,13.92,15.32,15.36,13.8,16159145.0,-9.019607843137258,224935298.4,,1.7942352458953,5.08161965165783,,,,-1.9718309859154888,,,,1.2364385035599936,,3.69,2026-09-03,,5.0,0.44,0.0,🚨 KURUMSAL BOŞALTIM,0.0,,,,,-14.966401954795364,,,,,,,16.9,13.8,,,,,,,,0.9,3.9,,,,,,,,,,,,,,,,,,,,
MASFN,37.24,38.76,39.2,37.18,5833577.0,-3.423236514522822,217242407.48,,1.980956433852865,15.0,,,,-12.5,,,,0.4832582250255367,,6.34,2026-09-03,,5.0,-0.96,0.0,🪤 DÜŞEN BIÇAK (SERBEST DÜŞÜŞ),0.0,,,,,-12.1283624351109,,,,,,,47.64,37.18,,,,,,,,0.2,0.6,,,,,,,,,,,,,,,,,,,,
ISKPL,7.32,7.95,7.97,7.3,29608380.0,-7.341772151898734,216733341.6,,3.2083733284243467,10.5285592762629,,,,-3.684210526315781,,,,0.6137224760361103,,6.33,2026-09-03,,5.0,-0.71,0.0,🚨 KURUMSAL BOŞALTIM,0.0,,,,,-15.08120649651971,,,,,,,8.99,6.8,,,,,,,,7.6,23.7,,,,,,,,,,,,,,,,,,,,
IZENR,6.47,7.05,7.13,6.47,33468642.0,-9.256661991584854,216542113.74,,0.8189448395716171,1.49989750502832,,,,-25.63218390804597,,,,0.8584438849538897,,8.0,2026-09-03,,5.0,-0.26,0.0,🪤 DÜŞEN BIÇAK (SERBEST DÜŞÜŞ),-68.3,,,,,-22.97619047619048,,,,,,,9.29,6.47,,,,,,,,0.0,0.0,,,,,,,,,,,,,,,,,,,,
KATMR,1.86,2.0,2.0,1.86,114524039.0,-6.5326633165829096,213014712.54,,0.3814281407838963,5.30778394831394,,,,-15.837104072398184,,,,1.81635838826616,,8.0,2026-09-03,,5.0,1.51,0.0,🪤 DÜŞEN BIÇAK (SERBEST DÜŞÜŞ),0.0,,,,,-12.264150943396226,,,,,,,2.32,1.86,,,,,,,,0.0,0.0,,,,,,,,,,,,,,,,,,,,
GIPTA,68.4,70.6,73.0,65.85,6498363.0,-3.116147308781854,444488029.2000001,,2.515060024996167,-8.22628559567446,,,,19.580419580419584,,,,0.6039977173173091,,11.97,2026-09-03,,5.0,-0.73,0.0,🚨 KURUMSAL BOŞALTIM,0.0,,,,,-31.66833166833166,,,,,,,103.2,58.2,,,,,,,,17.5,22.7,,,,,,,,,,,,,,,,,,,,
TABGD,237.6,232.4,238.0,231.3,981814.0,2.237521514629944,233279006.4,,2.3225341036665443,12.2193886562881,,,,-4.193548387096776,,,,1.6530366328100363,,44.66,2026-09-04,,70.7,1.21,87.9,🎯 TABANDAN DÖNÜŞ (DİP ATEŞLEMESİ),87.9,,,,,-3.336045565500413,,,,,,,267.0,225.8,,,,,,,,5.2,28.6,,,,,,,,,,,,,,,,,,,,
AKHAN,39.64,38.2,40.5,36.7,3513428.0,3.769633507853397,139272285.92000002,,1.9057362468726504,15.0,,,,-3.317073170731706,,,,1.8236490316944085,,35.33,2026-09-04,,47.0,1.52,86.7,🎯 TABANDAN DÖNÜŞ (DİP ATEŞLEMESİ),86.7,,,,,-1.929737753587336,,,,,,,44.1,36.7,,,,,,,,8.0,39.7,,,,,,,,,,,,,,,,,,,,
TOASO,273.0,260.25,273.5,259.75,4473116.0,4.798464491362764,1221160668.0,,2.076335366950445,22.3064749598506,,,,0.7380073800738007,,,,1.2374901031715737,,45.96,2026-09-04,,74.0,0.44,84.4,🎯 TABANDAN DÖNÜŞ (DİP ATEŞLEMESİ),84.4,,,,,-0.1828153564899451,,,,,,,286.5,257.0,,,,,,,,6.2,54.2,,,,,,,,,,,,,,,,,,,,
HLGYO,4.6,4.48,4.66,4.46,56912157.0,3.8374717832957095,261795922.2,,0.2644757343513732,23.7397574584333,,,,-4.365904365904366,,,,1.846583542235253,,31.2,2026-09-04,,36.5,1.57,84.1,🎯 TABANDAN DÖNÜŞ (DİP ATEŞLEMESİ),5.4,,,,,3.139013452914792,,,,,,,4.89,4.18,,,,,,,,10.0,59.2,,,,,,,,,,,,,,,,,,,,
MERKO,1.24,1.19,1.29,1.19,71742498.0,4.201680672268911,88960697.52,,0.5250988795067458,34.6488148138109,,,,-10.144927536231878,,,,3.87048506629869,,20.0,2026-09-04,,8.0,5.0,81.5,🎯 TABANDAN DÖNÜŞ (DİP ATEŞLEMESİ),0.0,,,,,-8.148148148148156,,,,,,,1.43,1.18,,,,,,,,5.1,24.0,,,,,,,,,,,,,,,,,,,,
LINK,5.25,5.13,5.26,5.08,12405171.0,2.3391812865497097,65127147.75,,2.1696545909891145,21.8633290097379,,,,-11.764705882352944,,,,0.9235356178507746,,44.89,2026-09-04,,71.3,-0.14,81.1,🎯 TABANDAN DÖNÜŞ (DİP ATEŞLEMESİ),0.0,,,,,-7.243816254416964,,,,,,,6.25,5.08,,,,,,,,3.3,14.5,,,,,,,,,,,,,,,,,,,,
RUZYE,8.1,7.84,8.27,7.5,16485068.0,3.44827586206896,133529050.8,,1.3358907670157023,-7.88032930530567,,,,-6.032482598607884,,,,3.719507301451838,,35.64,2026-09-04,,47.8,5.0,79.1,🎯 TABANDAN DÖNÜŞ (DİP ATEŞLEMESİ),0.0,,,,,-12.05211726384366,,,,,,,9.66,7.5,,,,,,,,8.0,27.8,,,,,,,,,,,,,,,,,,,,
EGEEN,5117.5,4830.0,5202.5,4830.0,27168.0,6.392931392931393,139032240.0,,1.76624314681265,-3.01656915105796,,,,-2.893738140417457,,,,2.77822658990275,,35.22,2026-09-04,,46.7,3.29,78.2,🎯 TABANDAN DÖNÜŞ (DİP ATEŞLEMESİ),0.0,,,,,-0.2436647173489278,,,,,,,5402.5,4802.5,,,,,,,,6.6,52.5,,,,,,,,,,,,,,,,,,,,
TCKRC,140.9,142.3,142.3,135.6,2649201.0,0.427655024946539,373272420.9,,3.292203762411772,34.2345615681693,,,,-3.094910591471802,,,,1.0751696814926688,,36.3,2026-09-04,,49.4,0.14,77.4,🎯 TABANDAN DÖNÜŞ (DİP ATEŞLEMESİ),77.4,,,,,-15.628742514970057,,,,,,,177.2,135.6,,,,,,,,3.9,12.7,,,,,,,,,,,,,,,,,,,,
FONET,4.76,4.57,4.81,4.51,16573848.0,4.157549234135656,78891516.47999999,,2.132329883976168,16.7826203184081,,,,-5.367793240556669,,,,0.9279231101549156,,38.67,2026-09-04,,55.5,-0.13,77.2,🎯 TABANDAN DÖNÜŞ (DİP ATEŞLEMESİ),77.2,,,,,-9.677419354838706,,,,,,,5.68,4.51,,,,,,,,5.5,21.4,,,,,,,,,,,,,,,,,,,,
TTKOM,51.75,51.0,51.8,50.6,29336013.0,1.870078740157486,1518138672.75,,0.6828343364730518,12.7278816331645,,,,-3.72093023255814,,,,0.8736103557015732,,45.67,2026-09-04,,73.3,-0.23,76.6,🎯 TABANDAN DÖNÜŞ (DİP ATEŞLEMESİ),76.6,,,,,-3.4514925373134355,,,,,,,57.7,49.72,,,,,,,,4.1,25.4,,,,,,,,,,,,,,,,,,,,
EGEGY,25.46,24.3,25.76,23.74,3731120.0,5.8187863674148055,94994315.2,,1.9103443722125184,61.2777816935109,,,,-11.59722222222222,,,,0.7195887949414168,,39.68,2026-09-04,,58.1,-0.52,74.8,🎯 TABANDAN DÖNÜŞ (DİP ATEŞLEMESİ),74.8,,,,,-20.931677018633547,,,,,,,33.8,23.74,,,,,,,,7.2,17.1,,,,,,,,,,,,,,,,,,,,
GEREL,37.58,35.0,38.28,34.62,4591066.0,7.065527065527057,172532260.28,,3.404121178742631,25.9052982329303,,,,-11.576470588235296,,,,0.8058721555478341,,37.29,2026-09-04,,52.0,-0.36,74.7,🎯 TABANDAN DÖNÜŞ (DİP ATEŞLEMESİ),74.7,,,,,-4.132653061224501,,,,,,,47.0,34.62,,,,,,,,8.5,23.9,,,,,,,,,,,,,,,,,,,,
ETILR,5.81,5.42,5.84,5.3,7747362.0,7.393715341959324,45012173.22,,2.6878487032633536,-14.9165355827144,,,,-0.8532423208191247,,,,1.3425315523928534,,44.89,2026-09-04,,71.3,0.63,74.6,🎯 TABANDAN DÖNÜŞ (DİP ATEŞLEMESİ),0.0,,,,,-5.528455284552857,,,,,,,6.52,5.19,,,,,,,,11.9,46.6,,,,,,,,,,,,,,,,,,,,
ALTNY,16.88,16.48,17.09,15.77,29817907.0,1.320528211284507,503326270.16,,3.1390868381510626,0.613912372658328,,,,7.106598984771568,,,,1.0262050279722277,,39.09,2026-09-04,,56.5,0.05,74.5,🎯 TABANDAN DÖNÜŞ (DİP ATEŞLEMESİ),74.5,,,,,-9.051724137931034,,,,,,,19.73,15.49,,,,,,,,9.0,32.8,,,,,,,,,,,,,,,,,,,,
AKCNS,242.9,239.8,244.3,236.3,371736.0,0.2062706270627062,90294674.4,,1.6297352817425836,2.27567752998473,,,,2.058823529411767,,,,1.100614294698022,,38.2,2026-09-04,,54.3,0.19,74.2,🎯 TABANDAN DÖNÜŞ (DİP ATEŞLEMESİ),-12.9,,,,,-1.977401129943505,,,,,,,253.75,232.2,,,,,,,,4.6,49.7,,,,,,,,,,,,,,,,,,,,
ULKER,90.45,88.8,90.65,88.6,5746449.0,2.030456852791875,519766312.05,,0.6546456499719361,9.91775211995781,,,,2.3190045248868745,,,,0.8260023566107413,,42.54,2026-09-04,,65.3,-0.32,73.8,🎯 TABANDAN DÖNÜŞ (DİP ATEŞLEMESİ),73.8,,,,,-2.6896180742334588,,,,,,,100.6,86.2,,,,,,,,4.9,29.5,,,,,,,,,,,,,,,,,,,,
PKART,127.6,122.9,129.1,121.5,455483.0,2.986279257465689,58119630.8,,4.800034909344795,20.3092728423121,,,,3.739837398373979,,,,0.7753282203450995,,36.95,2026-09-04,,51.1,-0.42,73.7,🎯 TABANDAN DÖNÜŞ (DİP ATEŞLEMESİ),0.0,,,,,-5.2709725315515925,,,,,,,142.5,116.2,,,,,,,,9.8,43.3,,,,,,,,,,,,,,,,,,,,
LXGYO,9.07,8.88,9.15,8.74,5853874.0,1.0022271714922033,53094637.18,,1.4370297371677363,15.0,,,,-14.595103578154417,,,,0.7420574188856994,,37.07,2026-09-04,,51.4,-0.48,73.4,🎯 TABANDAN DÖNÜŞ (DİP ATEŞLEMESİ),73.4,,,,,-16.788990825688074,,,,,,,11.54,8.74,,,,,,,,3.8,11.8,,,,,,,,,,,,,,,,,,,,
SAYAS,55.95,53.7,56.2,52.75,2158814.0,4.093023255813959,120785643.3,,2.751875283733344,14.896745544339,,,,3.038674033149182,,,,0.7040787905630311,,43.94,2026-09-04,,68.9,-0.55,72.2,🎯 TABANDAN DÖNÜŞ (DİP ATEŞLEMESİ),72.2,,,,,-9.319286871961102,,,,,,,64.95,51.7,,,,,,,,8.2,32.1,,,,,,,,,,,,,,,,,,,,
SKTAS,3.29,3.21,3.3,3.13,17919578.0,3.4591194968553416,58955411.62,,0.6205545003404562,-4.33754404839619,,,,3.459119496855342,,,,0.907469735526097,,44.71,2026-09-04,,70.8,-0.17,71.2,🎯 TABANDAN DÖNÜŞ (DİP ATEŞLEMESİ),0.0,,,,,3.78548895899054,,,,,,,3.52,3.05,,,,,,,,7.9,51.1,,,,,,,,,,,,,,,,,,,,
NETCD,119.3,118.5,121.1,114.8,2546479.0,0.675105485232065,303794944.7,,4.587757494138399,15.0,,,,-8.931297709923665,,,,0.7776505214317242,,32.0,2026-09-04,,38.5,-0.41,70.8,🎯 TABANDAN DÖNÜŞ (DİP ATEŞLEMESİ),70.8,,,,,-10.43543543543543,,,,,,,153.5,114.8,,,,,,,,3.9,11.6,,,,,,,,,,,,,,,,,,,,
TCELL,97.8,96.5,98.0,95.05,26815572.0,1.2422360248447235,2622562941.6,,0.6950504519213774,7.34275858908705,,,,-8.169014084507044,,,,0.6448062664088754,,44.2,2026-09-04,,69.5,-0.66,70.8,🎯 TABANDAN DÖNÜŞ (DİP ATEŞLEMESİ),70.8,,,,,-5.780346820809249,,,,,,,106.6,93.5,,,,,,,,4.6,32.8,,,,,,,,,,,,,,,,,,,,
MPARK,424.75,414.0,426.25,413.0,293093.0,2.1033653846153846,124491251.75,,1.8511740605689333,16.9199976935728,,,,3.282674772036474,,,,0.5059460874035404,,41.66,2026-09-04,,63.1,-0.91,70.2,🎯 TABANDAN DÖNÜŞ (DİP ATEŞLEMESİ),-7.9,,,,,-2.9697315819531696,,,,,,,449.0,399.5,,,,,,,,6.3,51.0,,,,,,,,,,,,,,,,,,,,
DAPGM,7.62,7.5,7.69,7.39,96339250.0,1.6000000000000014,734105085.0,,1.1406161123252403,5.19977862396511,,,,-12.009237875288685,,,,0.9176438940598178,,34.93,2026-09-04,,46.0,-0.15,70.1,🎯 TABANDAN DÖNÜŞ (DİP ATEŞLEMESİ),70.1,,,,,-10.458284371327846,,,,,,,9.4,7.3,,,,,,,,4.4,15.2,,,,,,,,,,,,,,,,,,,,
ISDMR,55.4,54.6,55.45,53.9,911620.0,1.9319227230910712,50503748.0,,1.029468441217538,8.49194157301141,,,,3.165735567970197,,,,0.5602400301770765,,46.19,2026-09-04,,74.6,-0.81,70.0,🎯 TABANDAN DÖNÜŞ (DİP ATEŞLEMESİ),70.0,,,,,1.0027347310847714,,,,,,,57.2,49.74,,,,,,,,11.4,75.9,,,,,,,,,,,,,,,,,,,,
SDTTR,21.42,20.42,21.76,20.1,9706448.0,5.000000000000016,207912116.16000003,,4.753640685127896,4.75837685590879,,,,-2.110413119968581,,,,0.8283812645282767,,36.53,2026-09-04,,50.0,-0.32,69.7,⚡ TABANDA SIKIŞMA,69.7,,,,,-13.62903225806451,,,,,,,25.7,20.1,,,,,,,,6.6,23.6,,,,,,,,,,,,,,,,,,,,
PRKME,18.92,18.12,18.98,17.86,3198049.0,3.8989566172432775,60507087.080000006,,0.5395319816707412,-12.9422148602144,,,,4.127682993946064,,,,0.7468040173424011,,45.0,2026-09-04,,71.6,-0.47,69.2,⚡ TABANDA SIKIŞMA,0.0,,,,,3.387978142076508,,,,,,,20.22,17.34,,,,,,,,9.1,54.9,,,,,,,,,,,,,,,,,,,,
BERA,13.62,13.25,13.7,13.16,8554510.0,3.65296803652967,116512426.2,,0.2676967290879619,-1.25779548537557,,,,6.9073783359497565,,,,0.900749768932078,,39.7,2026-09-04,,58.1,-0.18,68.1,⚡ TABANDA SIKIŞMA,68.1,,,,,1.4903129657227965,,,,,,,14.53,12.82,,,,,,,,6.2,46.8,,,,,,,,,,,,,,,,,,,,
FORTE,110.2,108.7,110.6,106.9,824090.0,1.5668202764976984,90814718.0,,2.3679125926537123,131.436854892705,,,,-2.391496899911429,,,,0.3671782912613313,,41.95,2026-09-04,,63.8,-1.17,67.5,⚡ TABANDA SIKIŞMA,67.5,,,,,-8.623548922056377,,,,,,,146.1,106.9,,,,,,,,3.1,8.4,,,,,,,,,,,,,,,,,,,,
SISE,39.04,38.68,39.22,38.5,33652924.0,0.9307135470527388,1313810152.96,,0.4325765607326854,4.44658990245265,,,,-7.6631977294229,,,,0.7220342137928182,,34.0,2026-09-04,,43.6,-0.51,67.0,⚡ TABANDA SIKIŞMA,67.0,,,,,-2.691924227318042,,,,,,,42.88,37.98,,,,,,,,2.8,21.6,,,,,,,,,,,,,,,,,,,,
EUREN,3.85,3.75,3.87,3.74,18307956.0,2.941176470588232,70485630.60000001,,0.6629849476586299,0.65583507094108,,,,-2.531645569620255,,,,0.5979390844011266,,39.38,2026-09-04,,57.3,-0.74,66.6,⚡ TABANDA SIKIŞMA,66.6,,,,,-1.5345268542199502,,,,,,,4.21,3.73,,,,,,,,3.2,25.0,,,,,,,,,,,,,,,,,,,,
EKDMR,45.9,45.94,46.04,45.2,3466858.0,0.2183406113537149,159128782.2,,0.8623899889110551,15.0,,,,-3.041825095057044,,,,0.4252374889810284,,38.67,2026-09-04,,55.5,-1.06,66.4,⚡ TABANDA SIKIŞMA,66.4,,,,,-2.5063721325403563,,,,,,,49.58,42.5,,,,,,,,8.0,48.0,,,,,,,,,,,,,,,,,,,,
KONYA,3857.5,3805.0,3920.0,3787.5,16839.0,2.0502645502645502,64956442.5,,3.55696721587347,7.75529251447524,,,,5.829903978052126,,,,1.130240425274858,,21.58,2026-09-04,,12.0,0.24,66.4,⚡ TABANDA SIKIŞMA,0.0,,,,,0.981675392670157,,,,,,,4187.5,3607.5,,,,,,,,6.9,43.1,,,,,,,,,,,,,,,,,,,,
ULUUN,8.28,8.23,8.36,8.05,8451824.0,1.222493887530558,69981102.72,,0.3696174459434485,2.95434967342705,,,,3.499999999999992,,,,0.7200192995088621,,33.55,2026-09-04,,42.5,-0.52,66.2,⚡ TABANDA SIKIŞMA,66.2,,,,,-8.910891089108917,,,,,,,9.22,7.69,,,,,,,,7.7,38.6,,,,,,,,,,,,,,,,,,,,
FRIGO,2.36,2.26,2.4,2.24,51167360.0,4.888888888888884,120754969.6,,1.3753234341126832,-8.67661953247794,,,,9.767441860465116,,,,0.9780303383614236,,34.0,2026-09-04,,43.6,-0.04,65.7,⚡ TABANDA SIKIŞMA,65.7,,,,,-12.592592592592602,,,,,,,2.76,2.17,,,,,,,,8.8,32.2,,,,,,,,,,,,,,,,,,,,
IHLAS,1.05,1.04,1.05,1.03,45206589.0,0.9615384615384625,47466918.45,,0.8139219410100385,-78.0266887494466,,,,1.941747572815536,,,,0.5505733554396265,,48.0,2026-09-04,,79.2,-0.83,65.6,⚡ TABANDA SIKIŞMA,65.6,,,,,-1.8691588785046744,,,,,,,1.15,1.0,,,,,,,,5.0,33.3,,,,,,,,,,,,,,,,,,,,
ONRYT,58.5,60.0,61.7,58.2,2449746.0,3.631532329495123,143310141.0,,1.3040948578536604,-6.07039585347811,,,,-6.921241050119334,,,,2.64440373199676,,3.2,2026-09-04,,5.0,3.04,65.2,⚡ TABANDA SIKIŞMA,0.0,,,,,-3.4653465346534675,,,,,,,63.5,56.3,,,,,,,,3.9,30.6,,,,,,,,,,,,,,,,,,,,
ESCAR,45.66,45.62,48.66,44.7,8798606.0,0.1315789473684104,401744349.96,,3.4570533428024994,-22.7612896158175,,,,1.6473731077470946,,,,2.3331546684580373,,5.58,2026-09-04,,5.0,2.47,65.1,⚡ TABANDA SIKIŞMA,-8.5,,,,,-0.6094906399651745,,,,,,,49.08,41.64,,,,,,,,9.7,54.0,,,,,,,,,,,,,,,,,,,,
GSRAY,1.03,1.02,1.03,1.01,77646262.0,1.980198019801982,79975649.86,,0.8160484241550333,4.47213247689932,,,,5.102040816326535,,,,0.298408688214929,,48.0,2026-09-04,,79.2,-1.3,65.0,⚡ TABANDA SIKIŞMA,65.0,,,,,-9.649122807017534,,,,,,,1.17,0.99,,,,,,,,4.0,22.2,,,,,,,,,,,,,,,,,,,,
THYAO,297.25,293.25,299.0,292.25,36068600.0,1.972555746140652,10721391350.0,,0.400517556264329,12.6578146267628,,,,-6.671899529042387,,,,0.6711578240036442,,33.48,2026-09-04,,42.3,-0.61,65.0,⚡ TABANDA SIKIŞMA,65.0,,,,,-3.175895765472313,,,,,,,318.25,289.25,,,,,,,,2.8,27.6,,,,,,,,,,,,,,,,,,,,
ECILC,72.45,70.2,72.55,70.2,3510129.0,3.500000000000004,254308846.05,,0.7214696830373067,-2.74395274155412,,,,3.05832147937412,,,,0.5594250711364096,,45.62,2026-09-04,,73.1,-0.82,64.5,⚡ TABANDA SIKIŞMA,64.5,,,,,-5.170157068062831,,,,,,,80.85,68.1,,,,,,,,6.4,34.1,,,,,,,,,,,,,,,,,,,,
DENGE,2.34,2.28,2.37,2.26,21598397.0,3.999999999999994,50540248.98,,0.9227165722262312,-18.9634953177374,,,,-1.265822784810137,,,,0.9090897764707706,,32.73,2026-09-04,,40.4,-0.17,63.5,⚡ TABANDA SIKIŞMA,0.0,,,,,-5.645161290322585,,,,,,,2.7,2.2,,,,,,,,6.4,28.0,,,,,,,,,,,,,,,,,,,,
UFUK,1650.0,1496.0,1650.0,1425.0,1107638.0,10.0,1827602700.0,,26.94459994291011,2.39777182428806,,,,-3.733955659276546,,,,11.093397271414348,,48.0,2026-09-04,,79.2,5.0,63.1,⚡ TABANDA SIKIŞMA,-18.7,,,,,-3.621495327102804,,,,,,,1990.0,1425.0,,,,,,,,15.8,39.8,,,,,,,,,,,,,,,,,,,,
PETUN,11.6,11.35,12.07,11.32,4083132.0,2.202643171806168,47364331.2,,0.3130017134145519,2.66608055419571,,,,7.407407407407397,,,,1.0645495599195838,,12.91,2026-09-04,,5.2,0.12,63.0,⚡ TABANDA SIKIŞMA,0.0,,,,,0.0,,,,,,,12.69,10.53,,,,,,,,10.2,49.5,,,,,,,,,,,,,,,,,,,,
TRGYO,93.95,93.5,94.1,93.05,496180.0,0.5888650963597399,46616111.0,,0.6077926587962639,6.70791745653675,,,,0.7506702412868663,,,,0.3498261902906981,,40.0,2026-09-04,,58.9,-1.2,61.6,⚡ TABANDA SIKIŞMA,61.6,,,,,-4.08371618172537,,,,,,,98.65,89.1,,,,,,,,5.4,50.8,,,,,,,,,,,,,,,,,,,,
BURCE,32.86,32.08,33.36,31.78,1441010.0,3.0094043887147364,47351588.6,,1.71347255602028,-14.2733690732655,,,,-12.326574172892204,,,,0.8553785186917547,,30.28,2026-09-04,,34.1,-0.27,61.4,⚡ TABANDA SIKIŞMA,0.0,,,,,-8.924611973392459,,,,,,,40.1,31.78,,,,,,,,3.4,13.0,,,,,,,,,,,,,,,,,,,,
BULGS,31.96,31.7,32.36,30.14,4661765.0,0.9475679090334828,148990009.4,,1.1123199527786074,2.25831577114277,,,,-16.37885923600209,,,,1.5119951499548618,,37.91,2026-09-04,,53.5,0.95,61.4,⚡ TABANDA SIKIŞMA,61.4,,,,,-0.9299442033477904,,,,,,,38.7,30.14,,,,,,,,6.0,21.3,,,,,,,,,,,,,,,,,,,,
OYAKC,21.5,21.1,21.62,21.02,10397661.0,2.089268755935429,223549711.5,,1.370372046449876,11.0453304186396,,,,4.4703595724003975,,,,0.4637641098407978,,36.8,2026-09-04,,50.7,-0.99,61.3,⚡ TABANDA SIKIŞMA,61.3,,,,,-6.684027777777774,,,,,,,23.28,20.22,,,,,,,,6.3,41.8,,,,,,,,,,,,,,,,,,,,
GOLDA,12.27,12.06,12.5,11.8,16462714.0,1.741293532338301,201997500.78,,2.0,15.0,,,,-12.04301075268817,,,,0.4433397081680147,,29.6,2026-09-04,,32.4,-1.03,61.1,⚡ TABANDA SIKIŞMA,61.1,,,,,-5.324074074074083,,,,,,,14.05,11.47,,,,,,,,7.0,31.0,,,,,,,,,,,,,,,,,,,,
AKBNK,71.65,72.0,72.75,71.15,139030706.0,0.1397624039133592,9961550084.900002,,1.1472789074254006,22.870526655457,,,,6.148148148148157,,,,0.8554043853460404,,9.5,2026-09-04,,5.0,-0.27,61.1,⚡ TABANDA SIKIŞMA,-5.6,,,,,-2.0505809979494187,,,,,,,74.85,64.4,,,,,,,,11.3,69.4,,,,,,,,,,,,,,,,,,,,
ASELS,386.0,380.5,393.75,379.75,29496585.0,1.5121630506245891,11385681810.0,,5.738201825937445,15.6028079230998,,,,9.03954802259887,,,,0.9610573916119493,,17.0,2026-09-04,,6.8,-0.07,60.5,⚡ TABANDA SIKIŞMA,60.5,,,,,-4.396284829721362,,,,,,,412.75,344.75,,,,,,,,12.0,60.7,,,,,,,,,,,,,,,,,,,,
DOHOL,21.62,21.26,21.68,21.26,2724788.0,0.933706816059754,58909916.56,,0.5403289858759703,7.04256791810812,,,,4.849660523763336,,,,0.2667442755479743,,40.0,2026-09-04,,58.9,-1.36,60.5,⚡ TABANDA SIKIŞMA,60.5,,,,,-3.825622775800709,,,,,,,22.86,20.38,,,,,,,,6.1,50.0,,,,,,,,,,,,,,,,,,,,
ISCTR,13.03,13.0,13.22,12.92,555849839.0,0.6177606177606184,7242723402.17,,0.7174399013313658,16.6794653165665,,,,3.824701195219113,,,,0.8192362688931328,,12.53,2026-09-04,,5.0,-0.33,60.5,⚡ TABANDA SIKIŞMA,-15.4,,,,,2.036021926389975,,,,,,,13.39,11.86,,,,,,,,9.9,76.5,,,,,,,,,,,,,,,,,,,,
SASA,2.28,2.25,2.3,2.23,1551626705.0,2.242152466367705,3537708887.4,,0.5566134466090523,-7.49333452261489,,,,-9.523809523809533,,,,0.7309902558800919,,32.0,2026-09-04,,38.5,-0.5,60.5,⚡ TABANDA SIKIŞMA,60.5,,,,,-4.602510460251059,,,,,,,2.62,2.22,,,,,,,,2.7,15.0,,,,,,,,,,,,,,,,,,,,
JANTS,15.35,15.14,15.5,15.03,3745245.0,0.9868421052631604,57489510.75,,1.2575730887551666,8.73833627510514,,,,1.3870541611624774,,,,0.5962608816661648,,30.13,2026-09-04,,33.8,-0.75,60.4,⚡ TABANDA SIKIŞMA,-13.9,,,,,-2.2292993630573226,,,,,,,17.45,14.47,,,,,,,,6.1,29.5,,,,,,,,,,,,,,,,,,,,
FROTO,77.1,75.8,77.3,75.7,13020365.0,1.916721744877712,1003870141.5,,1.509848678304708,18.7548843037694,,,,-4.104477611940313,,,,0.6641140680541964,,41.0,2026-09-04,,61.4,-0.62,60.4,⚡ TABANDA SIKIŞMA,60.4,,,,,-1.8459579885423327,,,,,,,81.7,75.4,,,,,,,,2.3,27.0,,,,,,,,,,,,,,,,,,,,
LMKDC,21.9,21.56,21.96,21.46,2623499.0,1.6713091922005543,57454628.1,,1.3435154215939125,24.3785937418548,,,,-9.57886044591247,,,,0.6466085743213312,,41.28,2026-09-04,,62.1,-0.65,60.3,⚡ TABANDA SIKIŞMA,60.3,,,,,-9.429280397022335,,,,,,,25.84,21.38,,,,,,,,2.4,11.7,,,,,,,,,,,,,,,,,,,,
MARMR,2.19,2.17,2.19,2.15,28222361.0,0.921658986175116,61806970.59,,1.526770775237033,15.0,,,,-4.36681222707424,,,,0.5260964099846743,,48.0,2026-09-04,,79.2,-0.88,60.3,⚡ TABANDA SIKIŞMA,60.3,,,,,-7.594936708860765,,,,,,,2.62,2.15,,,,,,,,1.9,8.5,,,,,,,,,,,,,,,,,,,,
EGPRO,37.34,35.9,37.5,35.72,1249048.0,4.535274356103036,46639452.32000001,,1.926433358768032,17.055077018551,,,,10.538780343398466,,,,0.6269248400211037,,42.97,2026-09-04,,66.4,-0.69,60.2,⚡ TABANDA SIKIŞMA,0.0,,,,,-8.837890624999995,,,,,,,42.9,33.48,,,,,,,,11.5,41.0,,,,,,,,,,,,,,,,,,,,
ALBRK,8.71,8.7,8.8,8.63,8946129.0,0.4613610149942436,77920783.59,,0.6765994469129665,34.3970756422385,,,,4.062126642771824,,,,0.5620807544967731,,18.35,2026-09-04,,7.3,-0.81,60.1,⚡ TABANDA SIKIŞMA,60.1,,,,,-3.969128996692386,,,,,,,9.43,8.14,,,,,,,,7.0,44.2,,,,,,,,,,,,,,,,,,,,
GARAN,131.6,131.8,133.4,130.4,22231150.0,0.1522070015220613,2925619340.0,,1.1357439239210367,27.6614090398923,,,,-0.0759301442672698,,,,0.5976592321032156,,14.4,2026-09-04,,5.8,-0.74,60.0,⚡ TABANDA SIKIŞMA,60.0,,,,,-1.0526315789473728,,,,,,,137.3,123.5,,,,,,,,6.6,58.7,,,,,,,,,,,,,,,,,,,,
AEFES,18.34,18.21,18.45,18.17,30939190.0,0.7138934651290445,567424744.6,,0.8643779659970487,8.89029451333242,,,,-14.856081708449397,,,,0.6141688444061436,,26.0,2026-09-04,,23.3,-0.71,60.0,⚡ TABANDA SIKIŞMA,-0.1,,,,,-1.291711517761025,,,,,,,22.3,17.74,,,,,,,,3.4,13.2,,,,,,,,,,,,,,,,,,,,
DOAS,162.3,159.6,162.5,159.1,551443.0,1.8193224592220865,89499198.9,,0.4802980013832464,3.74584386729599,,,,-13.670212765957444,,,,0.7131786534881598,,44.71,2026-09-04,,70.8,-0.53,59.1,⚡ TABANDA SIKIŞMA,59.1,,,,,-2.6978417266187047,,,,,,,198.2,159.1,,,,,,,,2.0,8.2,,,,,,,,,,,,,,,,,,,,
GZNMI,52.0,51.95,52.45,49.36,859007.0,0.3861003861003916,44668364.0,,2.544176941635113,-22.5988008738838,,,,-13.188647746243738,,,,0.49230294345474,,39.84,2026-09-04,,58.5,-0.94,59.1,⚡ TABANDA SIKIŞMA,0.0,,,,,-8.045977011494248,,,,,,,64.65,49.36,,,,,,,,5.3,17.3,,,,,,,,,,,,,,,,,,,,
BIMAS,413.0,413.5,417.75,411.5,6823582.0,0.0605693519079345,2818139366.0,,2.432177150125575,16.1065139976773,,,,7.133592736705578,,,,0.719386080650186,,5.44,2026-09-04,,5.0,-0.52,58.9,⚡ TABANDA SIKIŞMA,-22.6,,,,,-0.4219409282700422,,,,,,,422.75,370.25,,,,,,,,11.5,81.4,,,,,,,,,,,,,,,,,,,,
VAKFN,1.13,1.11,1.14,1.11,41475603.0,1.801801801801784,46867431.38999999,,0.8356875563904214,22.8808545831209,,,,-6.611570247933891,,,,1.007157860949026,,29.33,2026-09-04,,31.7,0.01,58.7,⚡ TABANDA SIKIŞMA,0.0,,,,,-5.042016806722693,,,,,,,1.22,1.11,,,,,,,,1.8,18.2,,,,,,,,,,,,,,,,,,,,
MAGEN,34.4,34.0,34.44,33.18,7337811.0,1.4749262536873156,252420698.4,,6.376427976948471,-7.00912138236529,,,,-3.910614525139661,,,,0.3900530383734898,,46.22,2026-09-04,,74.7,-1.13,58.3,⚡ TABANDA SIKIŞMA,-9.1,,,,,2.932375822860553,,,,,,,37.94,31.5,,,,,,,,9.2,45.0,,,,,,,,,,,,,,,,,,,,
MASFN,37.6,37.22,37.64,36.4,4847396.0,0.9667024704618674,182262089.6,,2.0001063886376937,15.0,,,,-15.009041591320072,,,,0.4660542366282204,,46.19,2026-09-04,,74.6,-0.99,58.0,⚡ TABANDA SIKIŞMA,58.0,,,,,-11.487758945386052,,,,,,,47.64,36.4,,,,,,,,3.3,10.7,,,,,,,,,,,,,,,,,,,,
ADGYO,57.2,57.0,58.0,56.4,851593.0,0.3508771929824611,48711119.6,,1.7649636207673274,-7.92891115612511,,,,9.36902485659657,,,,0.8722149525665207,,20.0,2026-09-04,,8.0,-0.24,57.9,⚡ TABANDA SIKIŞMA,57.9,,,,,-5.219552609776303,,,,,,,65.85,51.1,,,,,,,,11.9,41.4,,,,,,,,,,,,,,,,,,,,
GRTHO,196.5,190.5,199.0,186.0,1008371.0,4.465709728867627,198144901.5,,2.469950506716945,22.8715438210475,,,,-17.782426778242677,,,,0.6659906178746482,,37.23,2026-09-04,,51.8,-0.62,57.7,⚡ TABANDA SIKIŞMA,57.7,,,,,-12.080536912751676,,,,,,,244.6,186.0,,,,,,,,5.6,17.9,,,,,,,,,,,,,,,,,,,,
GWIND,22.34,22.0,22.38,21.98,2422576.0,1.6378525932666033,54120347.84,,0.6711443672391422,14.3448139084257,,,,-8.442622950819668,,,,0.6903177938198128,,42.4,2026-09-04,,65.0,-0.57,57.3,⚡ TABANDA SIKIŞMA,57.3,,,,,-3.789836347975879,,,,,,,24.42,21.92,,,,,,,,1.9,16.8,,,,,,,,,,,,,,,,,,,,
PATEK,19.23,18.97,19.35,18.56,7941341.0,1.210526315789476,152711987.43,,3.4225303231203226,-16.4083014952765,,,,-0.6714876033057801,,,,0.3963136359807506,,39.49,2026-09-04,,57.6,-1.12,56.7,⚡ TABANDA SIKIŞMA,56.7,,,,,-14.533333333333331,,,,,,,23.5,18.56,,,,,,,,3.6,13.6,,,,,,,,,,,,,,,,,,,,
TURSG,6.03,6.02,6.05,5.97,46431961.0,0.5000000000000042,279984724.83,,2.0426760071950976,49.9664216719778,,,,-3.674121405750792,,,,0.6835680329753311,,34.0,2026-09-04,,43.6,-0.59,56.4,⚡ TABANDA SIKIŞMA,56.4,,,,,-5.781250000000002,,,,,,,6.42,5.97,,,,,,,,1.0,13.3,,,,,,,,,,,,,,,,,,,,
MGROS,523.0,517.0,526.0,514.5,2772132.0,1.3565891472868217,1449825036.0,,1.002444661604583,7.44412204961646,,,,-16.586921850079744,,,,0.9914286278336986,,33.39,2026-09-04,,42.1,-0.02,56.2,⚡ TABANDA SIKIŞMA,56.2,,,,,-7.841409691629956,,,,,,,671.0,513.5,,,,,,,,1.9,6.0,,,,,,,,,,,,,,,,,,,,
CVKMD,15.8,15.8,15.87,15.62,12751677.0,0.2538071065989906,201476496.6,,4.541378279564948,3.62597150686481,,,,4.290429042904292,,,,0.3457862508064437,,32.32,2026-09-04,,39.3,-1.21,56.1,⚡ TABANDA SIKIŞMA,56.1,,,,,0.381194409148669,,,,,,,17.56,15.03,,,,,,,,5.1,30.4,,,,,,,,,,,,,,,,,,,,
ECZYT,309.75,300.0,314.5,299.25,200461.0,3.4223706176961604,62092794.75,,1.0340390982618228,-1.54210473736186,,,,-4.545454545454546,,,,0.6018761773397121,,30.56,2026-09-04,,34.8,-0.74,56.1,⚡ TABANDA SIKIŞMA,56.1,,,,,-3.804347826086957,,,,,,,336.5,299.0,,,,,,,,3.6,28.7,,,,,,,,,,,,,,,,,,,,
EFOR,17.58,16.96,17.66,16.86,27968049.0,1.6184971098265757,491678301.42,,7.119743721625309,0.192526384577394,,,,-1.2359550561797887,,,,0.3587594189270792,,42.4,2026-09-04,,65.0,-1.19,56.1,⚡ TABANDA SIKIŞMA,-15.5,,,,,-7.619548081975842,,,,,,,21.86,16.0,,,,,,,,9.9,27.0,,,,,,,,,,,,,,,,,,,,
KZBGY,1.84,1.84,1.85,1.8,26128743.0,0.5464480874316944,48076887.120000005,,0.2880987051215808,2.04017341556281,,,,-11.538461538461538,,,,0.7748354079084012,,36.8,2026-09-04,,50.7,-0.42,55.1,⚡ TABANDA SIKIŞMA,55.1,,,,,-7.537688442211051,,,,,,,2.13,1.8,,,,,,,,2.2,12.1,,,,,,,,,,,,,,,,,,,,
AKENR,10.17,10.03,10.24,10.03,5343383.0,0.8928571428571415,54342205.11,,0.4664416555789311,-26.5432289814888,,,,-0.7804878048780495,,,,0.5795376716303156,,29.33,2026-09-04,,31.7,-0.78,54.8,⚡ TABANDA SIKIŞMA,54.8,,,,,-1.739130434782606,,,,,,,11.74,9.79,,,,,,,,3.9,19.5,,,,,,,,,,,,,,,,,,,,
KRDMD,43.22,43.14,43.5,42.84,25439053.0,0.5583992554676641,1099475870.66,,0.4547643616679309,5.44820350665331,,,,2.904761904761902,,,,0.4228196585750427,,24.24,2026-09-04,,18.8,-1.07,54.3,⚡ TABANDA SIKIŞMA,54.3,,,,,-7.846481876332623,,,,,,,47.96,38.7,,,,,,,,11.7,48.8,,,,,,,,,,,,,,,,,,,,
ADEL,31.42,30.82,31.6,30.26,2452360.0,1.88067444876784,77053151.2,,5.943114820146063,-27.3799727854021,,,,6.364251861882202,,,,0.3497150696911759,,40.48,2026-09-04,,60.1,-1.2,54.3,⚡ TABANDA SIKIŞMA,54.3,,,,,-9.868043602983356,,,,,,,39.1,29.34,,,,,,,,7.1,21.3,,,,,,,,,,,,,,,,,,,,
LYDYE,13037.5,11800.0,13037.5,11300.0,4155.0,9.997890740350138,54170812.5,,7.069356172382977,26.3546071001963,,,,-0.4960885327227628,,,,2.5577100646352724,,48.0,2026-09-04,,79.2,2.88,54.2,⚡ TABANDA SIKIŞMA,0.0,,,,,4.676836611802489,,,,,,,14907.5,10700.0,,,,,,,,21.8,55.6,,,,,,,,,,,,,,,,,,,,
ALBTN,31.32,29.0,31.5,28.12,19961139.0,9.128919860627182,625182873.48,,0.8673459214802703,15.0,,,,14.3065693430657,,,,0.8612427067993682,,45.02,2026-09-04,,71.6,-0.26,54.2,⚡ TABANDA SIKIŞMA,54.2,,,,,-7.990599294947118,,,,,,,36.7,25.3,,,,,,,,23.8,52.8,,,,,,,,,,,,,,,,,,,,
METEN,18.81,18.75,19.28,18.5,18577960.0,0.3199999999999932,349451427.6,,2.0,15.0,,,,1.951219512195119,,,,0.3538649247245704,,14.26,2026-09-04,,5.7,-1.2,54.2,⚡ TABANDA SIKIŞMA,54.2,,,,,-19.4777397260274,,,,,,,30.86,17.45,,,,,,,,7.8,10.1,,,,,,,,,,,,,,,,,,,,
RGYAS,204.3,204.8,205.2,202.3,514593.0,0.1470588235294173,105131349.9,,0.4125141903972875,14.6679746676783,,,,3.600405679513196,,,,0.2142094834067813,,30.62,2026-09-04,,35.0,-1.45,54.1,⚡ TABANDA SIKIŞMA,54.1,,,,,-2.8530670470756063,,,,,,,216.1,195.6,,,,,,,,4.4,42.4,,,,,,,,,,,,,,,,,,,,
GLRMK,157.4,155.0,158.3,153.7,2675906.0,1.5483870967741973,421187604.4,,1.7900044966186657,17.0757628948969,,,,3.2808398950131235,,,,0.5320721745865687,,37.04,2026-09-04,,51.3,-0.87,53.8,⚡ TABANDA SIKIŞMA,53.8,,,,,-12.990602542841348,,,,,,,185.7,153.7,,,,,,,,2.4,11.6,,,,,,,,,,,,,,,,,,,,
DMRGD,10.95,10.8,11.07,10.59,17846113.0,0.1829826166514142,195414937.35,,7.679468117934188,8.63924314081493,,,,-2.232142857142857,,,,0.4957954748545135,,34.0,2026-09-04,,43.6,-0.93,53.6,⚡ TABANDA SIKIŞMA,53.6,,,,,-7.983193277310933,,,,,,,12.15,10.1,,,,,,,,8.4,41.5,,,,,,,,,,,,,,,,,,,,
AKSA,10.74,10.66,10.8,10.65,12529530.0,0.939849624060147,134567152.2,,1.138919553467183,18.2911638761343,,,,-14.079999999999998,,,,0.7242292612509861,,25.6,2026-09-04,,22.2,-0.51,53.6,⚡ TABANDA SIKIŞMA,53.6,,,,,-2.0072992700729984,,,,,,,12.8,10.51,,,,,,,,2.2,10.0,,,,,,,,,,,,,,,,,,,,
MOPAS,25.32,25.4,25.48,24.88,1979139.0,0.0790513833992078,50111799.48,,1.1858368369066894,6.11298898450715,,,,-12.266112266112264,,,,0.8058551218227709,,33.07,2026-09-04,,41.2,-0.36,53.4,⚡ TABANDA SIKIŞMA,0.0,,,,,-9.37723693629206,,,,,,,29.18,24.88,,,,,,,,1.8,10.2,,,,,,,,,,,,,,,,,,,,
ALGYO,3.56,3.52,3.6,3.49,13080161.0,1.4245014245014322,46565373.16,,0.410700833284303,-12.9835666063568,,,,6.268656716417909,,,,0.5358937546514235,,27.64,2026-09-04,,27.4,-0.86,53.3,⚡ TABANDA SIKIŞMA,53.3,,,,,-4.043126684636117,,,,,,,3.89,3.23,,,,,,,,10.2,50.0,,,,,,,,,,,,,,,,,,,,
GMTAS,45.5,44.72,45.84,44.5,1358044.0,1.7441860465116306,61791002.0,,2.965198990919974,-2.3225938462331,,,,-1.4298093587521592,,,,0.4014727007852025,,33.79,2026-09-04,,43.1,-1.11,53.2,⚡ TABANDA SIKIŞMA,53.2,,,,,1.8352730528200545,,,,,,,49.0,42.32,,,,,,,,7.5,47.6,,,,,,,,,,,,,,,,,,,,
MIATK,30.7,27.82,30.7,27.06,51608567.0,9.95702005730658,1584383006.9,,2.517780285534327,-25.9314338186004,,,,1.925630810092956,,,,4.060680142603154,,48.0,2026-09-04,,79.2,5.0,52.7,⚡ TABANDA SIKIŞMA,-27.3,,,,,2.606951871657746,,,,,,,33.64,26.76,,,,,,,,14.7,57.3,,,,,,,,,,,,,,,,,,,,
TKFEN,210.9,208.5,212.4,201.9,3806264.0,1.1510791366906503,800559045.0,,2.14520832780248,-15.7108521370911,,,,25.13368983957218,,,,0.7145534307277309,,40.0,2026-09-04,,58.9,-0.53,51.4,⚡ TABANDA SIKIŞMA,51.4,,,,,-3.923357664233574,,,,,,,245.2,184.0,,,,,,,,14.6,44.0,,,,,,,,,,,,,,,,,,,,
ENDAE,17.31,16.94,17.48,16.88,3773129.0,2.1841794569067146,65312862.99,,0.589356246614436,15.0,,,,13.137254901960771,,,,0.5481391508186795,,32.13,2026-09-04,,38.9,-0.84,51.3,⚡ TABANDA SIKIŞMA,0.0,,,,,-9.276729559748423,,,,,,,21.54,15.06,,,,,,,,14.9,34.7,,,,,,,,,,,,,,,,,,,,
SOHOE,10.42,10.35,10.45,10.24,5385061.0,0.773694390715668,56112335.62,,1.2277456374969071,15.0,,,,-1.6981132075471672,,,,0.262938966443992,,40.0,2026-09-04,,58.9,-1.36,51.1,⚡ TABANDA SIKIŞMA,51.1,,,,,-5.871725383920508,,,,,,,11.85,10.24,,,,,,,,1.8,11.2,,,,,,,,,,,,,,,,,,,,
ENERY,11.0,10.55,11.08,10.5,63565797.0,4.761904761904762,699223767.0,,1.4566661678688575,9.89807182782181,,,,25.714285714285715,,,,1.3583555783663643,,40.28,2026-09-04,,59.6,0.66,50.8,⚡ TABANDA SIKIŞMA,50.8,,,,,14.107883817427378,,,,,,,11.08,8.28,,,,,,,,32.9,97.1,,,,,,,,,,,,,,,,,,,,
EREGL,37.14,36.54,37.22,36.46,72833608.0,1.5308911973756214,2705040201.12,,0.7834705848352665,2.6359373238076,,,,-11.02060373742214,,,,0.4309654915409836,,42.11,2026-09-04,,64.2,-1.05,50.5,⚡ TABANDA SIKIŞMA,50.5,,,,,-3.981385729058943,,,,,,,42.26,36.24,,,,,,,,2.5,15.0,,,,,,,,,,,,,,,,,,,,
ODAS,7.32,7.29,7.46,7.22,35723815.0,0.5494505494505499,261498325.8,,0.6463832999986755,-1.82009042316161,,,,-4.313725490196079,,,,0.5663854611073511,,15.33,2026-09-04,,6.1,-0.8,50.1,⚡ TABANDA SIKIŞMA,50.1,,,,,3.82978723404256,,,,,,,7.8,6.97,,,,,,,,5.0,42.2,,,,,,,,,,,,,,,,,,,,
DITAS,20.72,21.0,22.74,18.92,21038678.0,0.0966183574879206,435921408.16,,2.627497676211635,-31.7700686225629,,,,-17.318435754189945,,,,17.054158136349766,,18.39,2026-09-04,,7.4,5.0,50.0,⚡ TABANDA SIKIŞMA,0.0,,,,,-20.0,,,,,,,27.5,18.92,,,,,,,,9.5,21.0,,,,,,,,,,,,,,,,,,,,
BIGTK,330.0,297.75,330.0,283.0,2045273.0,10.0,674940090.0,,7.408544880964889,1.49758433731983,,,,-8.333333333333334,,,,2.25123016884174,,48.0,2026-09-04,,79.2,2.31,49.6,NÖTR,49.6,,,,,-12.524850894632207,,,,,,,399.5,283.0,,,,,,,,16.6,40.3,,,,,,,,,,,,,,,,,,,,
BINHO,9.4,9.26,9.48,9.24,11188865.0,0.1064962726304556,105175331.0,,0.8464182999238223,-28.3285437754834,,,,-1.6736401673640182,,,,0.3456512583553605,,29.33,2026-09-04,,31.7,-1.21,49.3,NÖTR,49.3,,,,,-16.51865008880994,,,,,,,11.92,8.96,,,,,,,,4.9,14.9,,,,,,,,,,,,,,,,,,,,
BRYAT,1648.0,1629.0,1653.0,1627.0,39786.0,1.1663597298956414,65567328.0,,1.3821759073638868,14.3760330070077,,,,-4.574406485234511,,,,0.5154848882571905,,37.23,2026-09-04,,51.8,-0.9,48.9,NÖTR,48.9,,,,,-3.456356180433509,,,,,,,1930.0,1623.0,,,,,,,,1.5,8.1,,,,,,,,,,,,,,,,,,,,
SMRVA,10.45,10.41,10.57,10.3,5564492.0,0.3842459173871195,58148941.4,,2.431482226911971,15.0,,,,-7.929515418502206,,,,0.6007463235232973,,23.11,2026-09-04,,15.9,-0.74,48.9,NÖTR,48.9,,,,,-10.14617368873604,,,,,,,13.28,10.3,,,,,,,,1.5,5.0,,,,,,,,,,,,,,,,,,,,
SSAAT,32.84,32.98,33.28,32.26,2663086.0,0.2442002442002606,87455744.24000001,,2.0,15.0,,,,-11.195240670632757,,,,0.5944697835610551,,23.84,2026-09-04,,17.8,-0.75,48.9,NÖTR,48.9,,,,,-12.519978689397965,,,,,,,44.0,32.26,,,,,,,,1.8,4.9,,,,,,,,,,,,,,,,,,,,
TERA,195.2,194.9,195.8,192.1,12583729.0,0.618556701030922,2456343900.8,,1.4800298705208907,111.595685411764,,,,1.5080603224128846,,,,0.7624608933480864,,38.92,2026-09-04,,56.1,-0.44,48.7,NÖTR,2.9,,,,,5.456509994597512,,,,,,,199.2,172.6,,,,,,,,13.1,85.0,,,,,,,,,,,,,,,,,,,,
FENER,3.08,3.08,3.11,3.06,82135804.0,0.3257328990228089,252978276.32,,2.8313247474329626,-152.902143571936,,,,0.9836065573770574,,,,0.516982462492542,,14.4,2026-09-04,,5.8,-0.89,48.3,NÖTR,-2.4,,,,,-8.059701492537313,,,,,,,3.52,2.99,,,,,,,,3.0,17.0,,,,,,,,,,,,,,,,,,,,
ENKAI,87.25,86.9,88.2,86.7,8254982.0,0.4027617951668519,720247179.5,,1.2790644490156848,10.5694649038713,,,,1.6899766899766933,,,,0.5024340808396124,,12.53,2026-09-04,,5.0,-0.92,48.3,NÖTR,-15.6,,,,,0.1147446930579395,,,,,,,90.35,78.5,,,,,,,,11.1,73.8,,,,,,,,,,,,,,,,,,,,
ARCLK,90.3,88.8,90.5,88.8,1039372.0,1.6319639842431095,93855291.6,,0.7848590860694031,-3.20926092758056,,,,-7.003089598352212,,,,0.5585387664773778,,41.41,2026-09-04,,62.4,-0.82,48.3,NÖTR,48.3,,,,,-3.9872408293460926,,,,,,,100.8,88.8,,,,,,,,1.7,12.5,,,,,,,,,,,,,,,,,,,,
HEKTS,2.62,2.62,2.63,2.57,184310496.0,0.7692307692307698,482893499.52,,1.3405580200674374,-30.7051469723585,,,,-10.580204778157,,,,0.6073268182038484,,38.67,2026-09-04,,55.5,-0.73,47.4,NÖTR,47.4,,,,,-8.391608391608385,,,,,,,2.99,2.57,,,,,,,,1.9,11.9,,,,,,,,,,,,,,,,,,,,
TRCAS,49.1,48.0,49.48,47.72,1051907.0,2.2916666666666696,51648633.7,,0.7381973371372798,7.37368670279957,,,,16.020793950850663,,,,1.161997681543393,,35.91,2026-09-04,,48.5,0.3,47.1,NÖTR,-4.8,,,,,3.937341236240473,,,,,,,49.48,42.5,,,,,,,,15.5,94.6,,,,,,,,,,,,,,,,,,,,
ATATP,308.5,289.0,313.75,283.5,1049321.0,6.747404844290658,323715528.5,,4.507415465504976,46.0081011020881,,,,28.327787021630613,,,,0.7139276932881602,,38.28,2026-09-04,,54.5,-0.53,47.1,NÖTR,47.1,,,,,-5.440613026819923,,,,,,,368.5,240.0,,,,,,,,28.5,53.3,,,,,,,,,,,,,,,,,,,,
MRGYO,1.59,1.5,1.6,1.46,133832182.0,5.298013245033117,212793169.38000005,,0.2694367247339524,13.5243138138708,,,,22.30769230769231,,,,0.7207044303463201,,44.0,2026-09-04,,69.0,-0.52,46.6,NÖTR,46.6,,,,,0.6329113924050638,,,,,,,1.75,1.25,,,,,,,,27.2,68.0,,,,,,,,,,,,,,,,,,,,
TUKAS,1.94,1.94,1.95,1.91,39544350.0,0.5181347150259072,76716039.0,,0.4349336950307704,-7.59984024912718,,,,-3.0000000000000027,,,,0.6482341354549955,,34.0,2026-09-04,,43.6,-0.65,46.1,NÖTR,46.1,,,,,-3.960396039603964,,,,,,,2.07,1.91,,,,,,,,1.6,18.8,,,,,,,,,,,,,,,,,,,,
ARDYZ,87.5,82.65,90.05,82.0,4597609.0,5.8681185722927935,402290787.5,,4.106336758096405,24.268344789997,,,,14.080834419817467,,,,0.95225181866465,,30.26,2026-09-04,,34.1,-0.09,45.9,NÖTR,45.9,,,,,-4.0570175438596525,,,,,,,97.9,75.1,,,,,,,,16.5,54.4,,,,,,,,,,,,,,,,,,,,
BIOEN,18.81,18.7,19.36,18.34,9727242.0,1.0746910263299263,182969422.02,,2.8748236667833305,-18.1089486566153,,,,5.083798882681566,,,,1.0830305230312731,,17.8,2026-09-04,,7.1,0.15,45.9,NÖTR,45.9,,,,,-1.0000000000000069,,,,,,,20.9,16.78,,,,,,,,12.1,49.3,,,,,,,,,,,,,,,,,,,,
TSPOR,1.04,1.03,1.05,1.03,138191681.0,1.960784313725492,143719348.24,,0.6416307291763066,-23.1459108480419,,,,2.970297029702973,,,,0.2941631154260624,,20.0,2026-09-04,,8.0,-1.31,45.3,NÖTR,45.3,,,,,-11.864406779661008,,,,,,,1.28,0.95,,,,,,,,9.5,27.3,,,,,,,,,,,,,,,,,,,,
AHGAZ,39.48,38.84,39.74,38.78,7764854.0,1.6477857878475628,306556435.92,,1.6653217829404066,10.5587550611099,,,,22.380657160570365,,,,1.1629699801325346,,32.83,2026-09-04,,40.6,0.3,45.2,NÖTR,0.2,,,,,6.587473002159821,,,,,,,39.74,31.54,,,,,,,,25.2,96.8,,,,,,,,,,,,,,,,,,,,
TUREX,5.98,5.97,6.17,5.87,13651225.0,0.1675041876047014,81634325.5,,0.7206972685814557,7.58457916924205,,,,-10.075187969924812,,,,1.0010260953324406,,12.53,2026-09-04,,5.0,0.0,44.7,NÖTR,44.7,,,,,-9.531013615733734,,,,,,,7.16,5.87,,,,,,,,1.9,8.5,,,,,,,,,,,,,,,,,,,,
KORDS,78.75,75.7,79.3,73.55,1563071.0,4.304635761589404,123091841.25,,0.8816001484894522,-2.58214137010517,,,,13.06532663316582,,,,0.929557878227978,,42.64,2026-09-04,,65.6,-0.13,44.1,NÖTR,44.1,,,,,-10.358565737051787,,,,,,,98.9,67.75,,,,,,,,16.2,35.3,,,,,,,,,,,,,,,,,,,,
ORGE,22.1,21.62,22.18,21.22,2642117.0,2.2201665124884387,58390785.7,,1.6977680879520691,20.2060622539078,,,,9.405940594059418,,,,0.4460258660587982,,43.33,2026-09-04,,67.3,-1.02,43.6,NÖTR,43.6,,,,,-7.531380753138063,,,,,,,25.0,18.93,,,,,,,,16.7,52.2,,,,,,,,,,,,,,,,,,,,
CIMSA,43.6,43.4,43.86,43.32,5425668.0,0.3683241252302111,236559124.8,,1.1023518525073448,12.0224419124516,,,,-4.803493449781651,,,,0.6023062770515318,,21.04,2026-09-04,,10.6,-0.74,43.4,NÖTR,43.4,,,,,-5.831533477321805,,,,,,,47.48,43.02,,,,,,,,1.3,13.0,,,,,,,,,,,,,,,,,,,,
QUAGR,3.06,3.05,3.09,2.99,25074822.0,0.327868852459024,76728955.32000001,,0.7514697864941724,-10.7583902505042,,,,-9.467455621301772,,,,0.5920040343159753,,31.2,2026-09-04,,36.5,-0.75,42.2,NÖTR,42.2,,,,,-9.999999999999996,,,,,,,3.64,2.99,,,,,,,,2.3,10.8,,,,,,,,,,,,,,,,,,,,
KRPLS,11.04,10.5,11.26,10.4,4202885.0,6.153846153846142,46399850.4,,1.8249049941897275,-3.14263668238762,,,,23.62821948488241,,,,1.773507861184252,,33.67,2026-09-04,,42.8,1.43,42.2,NÖTR,0.0,,,,,6.358381502890157,,,,,,,11.32,8.95,,,,,,,,23.4,88.2,,,,,,,,,,,,,,,,,,,,
GENKM,10.95,10.8,11.52,10.64,84614145.0,4.48473282442747,926524887.75,,0.9479403291041054,15.0,,,,4.285714285714279,,,,5.983832351145849,,11.73,2026-09-04,,5.0,5.0,41.5,NÖTR,-54.5,,,,,4.985618408437197,,,,,,,11.52,9.4,,,,,,,,16.5,73.1,,,,,,,,,,,,,,,,,,,,
RALYH,269.5,256.0,272.0,252.25,1404095.0,5.170731707317073,378403602.5,,10.646804220480105,39.0893651880271,,,,15.665236051502148,,,,0.6694622931804228,,40.91,2026-09-04,,61.2,-0.61,41.1,NÖTR,41.1,,,,,2.862595419847328,,,,,,,281.0,227.5,,,,,,,,18.5,78.5,,,,,,,,,,,,,,,,,,,,
VBTYZ,38.0,37.1,38.24,36.64,1278491.0,2.425876010781668,48582658.0,,3.8143572406538206,16.8468461642866,,,,15.151515151515152,,,,0.4120024954282222,,39.6,2026-09-04,,57.8,-1.09,40.3,NÖTR,0.0,,,,,0.316789862724386,,,,,,,39.9,29.82,,,,,,,,27.4,81.2,,,,,,,,,,,,,,,,,,,,
IEYHO,215.1,213.4,215.5,213.0,1234045.0,1.223529411764703,265443079.5,,56.67282312862439,-36.4314001799013,,,,27.278106508875734,,,,0.955015459232697,,39.04,2026-09-04,,56.4,-0.08,39.6,NÖTR,6.2,,,,,10.3642893791688,,,,,,,215.5,170.0,,,,,,,,26.5,99.1,,,,,,,,,,,,,,,,,,,,
TGSAS,233.2,211.0,233.2,207.0,610720.0,9.999999999999996,142419904.0,,9.69945014266344,19.8764898445464,,,,26.327193932827733,,,,0.4609499772061021,,48.0,2026-09-04,,79.2,-1.0,39.1,NÖTR,39.1,,,,,-13.629629629629632,,,,,,,280.75,169.6,,,,,,,,37.5,57.2,,,,,,,,,,,,,,,,,,,,
AGROT,1.95,1.92,1.96,1.91,28520388.0,1.562500000000001,55614756.6,,0.5453294628924275,-6.57224839783597,,,,-17.3728813559322,,,,0.1796669022083249,,36.8,2026-09-04,,50.7,-1.52,38.7,NÖTR,38.7,,,,,-7.58293838862559,,,,,,,2.98,1.91,,,,,,,,2.1,3.7,,,,,,,,,,,,,,,,,,,,
KZGYO,22.0,21.32,22.74,21.04,4286273.0,3.5781544256120603,94298006.0,,0.322372615559959,-4.45741308941323,,,,10.552763819095484,,,,2.311003146559812,,23.62,2026-09-04,,17.2,2.43,38.5,NÖTR,-10.2,,,,,9.452736318407952,,,,,,,22.74,19.22,,,,,,,,14.5,79.0,,,,,,,,,,,,,,,,,,,,
KLRHO,63.6,64.5,65.0,62.9,1816524.0,1.354581673306775,115530926.4,,2.727155782342095,4.88154513834307,,,,-16.590163934426226,,,,0.6447059269465742,,10.67,2026-09-04,,5.0,-0.66,38.3,NÖTR,38.3,,,,,-2.229054573405066,,,,,,,82.25,62.7,,,,,,,,1.4,4.6,,,,,,,,,,,,,,,,,,,,
VAKBN,33.78,34.02,34.54,33.54,77517556.0,0.1185536455245973,2618543041.6800003,,0.9223477655183372,24.6140156476693,,,,9.320388349514571,,,,1.1308484342769023,,5.44,2026-09-04,,5.0,0.24,38.0,NÖTR,38.0,,,,,4.646840148698884,,,,,,,34.84,28.58,,,,,,,,18.2,83.1,,,,,,,,,,,,,,,,,,,,
BRSAN,707.5,690.0,711.5,688.5,1454818.0,2.834302325581396,1029283735.0,,2.3110047268621066,6.34788716410025,,,,27.707581227436823,,,,0.5179581096414886,,38.26,2026-09-04,,54.4,-0.89,37.3,NÖTR,37.3,,,,,-3.544648943421949,,,,,,,759.5,564.0,,,,,,,,25.4,73.4,,,,,,,,,,,,,,,,,,,,
MANAS,36.64,35.7,37.68,35.16,61637639.0,2.979201798763357,2258403092.96,,21.01664582592436,-89.1081959171501,,,,20.924092409240924,,,,2.015944145192679,,24.89,2026-09-04,,20.4,1.88,36.2,NÖTR,8.7,,,,,10.295003010234804,,,,,,,38.86,30.16,,,,,,,,21.5,74.5,,,,,,,,,,,,,,,,,,,,
TARKM,522.5,514.0,542.5,511.0,240169.0,2.450980392156863,125488302.5,,3.3843200855607933,15.0,,,,13.58695652173913,,,,0.949031759918504,,12.44,2026-09-04,,5.0,-0.09,36.1,NÖTR,36.1,,,,,-4.913557779799818,,,,,,,584.0,430.25,,,,,,,,21.4,60.0,,,,,,,,,,,,,,,,,,,,
SKYMD,15.65,15.26,16.42,14.86,3769711.0,2.6229508196721336,58995977.15,,2.078728694691206,-19.0851182264863,,,,9.978917779339424,,,,1.5137352896415224,,20.36,2026-09-04,,8.9,0.95,35.9,NÖTR,35.9,,,,,9.593837535014014,,,,,,,16.42,13.55,,,,,,,,15.5,73.2,,,,,,,,,,,,,,,,,,,,
SARKY,23.48,23.54,23.8,23.26,2365339.0,0.1706484641638188,55538159.72,,1.751617896641116,2.28295128804234,,,,-6.899286280729573,,,,0.3415896943598872,,14.81,2026-09-04,,5.9,-1.22,35.5,NÖTR,35.5,,,,,-13.357933579335796,,,,,,,27.5,23.26,,,,,,,,0.9,5.2,,,,,,,,,,,,,,,,,,,,
ARSAN,3.88,3.8,3.9,3.75,14771326.0,2.374670184696566,57312744.88,,0.4783957467165776,3.41929168367491,,,,16.167664670658684,,,,0.3466617228115035,,40.53,2026-09-04,,60.2,-1.21,35.4,NÖTR,35.4,,,,,-8.274231678487011,,,,,,,4.57,3.27,,,,,,,,18.7,46.9,,,,,,,,,,,,,,,,,,,,
BLUME,40.12,39.98,40.56,38.52,3018844.0,0.3501750875437733,121116021.28,,12.00299177262528,-18.5931565572064,,,,20.19173157579388,,,,0.7963874063830411,,35.92,2026-09-04,,48.5,-0.38,35.2,NÖTR,35.2,,,,,-4.928909952606648,,,,,,,45.32,32.26,,,,,,,,24.4,60.2,,,,,,,,,,,,,,,,,,,,
BLCYT,2.27,2.34,2.45,2.26,81147257.0,0.4424778761062049,184204273.39,,0.4660750729910522,1.8017541176258,,,,20.23305084745764,,,,1.593613303885636,,5.05,2026-09-04,,5.0,1.1,34.9,NÖTR,-20.3,,,,,6.873822975517886,,,,,,,2.45,1.878,,,,,,,,20.9,68.5,,,,,,,,,,,,,,,,,,,,
RYGYO,48.94,48.18,50.9,48.18,2952590.0,1.704073150457191,144499754.6,,0.9444364894442724,21.6976044838379,,,,21.80189148830264,,,,0.7602162547844926,,7.65,2026-09-04,,5.0,-0.44,33.3,NÖTR,33.3,,,,,6.11448395490026,,,,,,,52.1,39.02,,,,,,,,25.4,75.8,,,,,,,,,,,,,,,,,,,,
GIPTA,68.45,68.3,70.5,66.8,4285748.0,0.0730994152046742,293359450.6,,2.5168985191664857,-8.22628559567446,,,,16.41156462585035,,,,0.3941356668615818,,16.97,2026-09-04,,6.8,-1.12,32.1,NÖTR,32.1,,,,,-27.566137566137563,,,,,,,103.2,61.5,,,,,,,,11.3,16.7,,,,,,,,,,,,,,,,,,,,
AKFIS,17.1,16.82,17.54,16.16,12335295.0,1.664684898929852,210933544.50000003,,1.7217752207346042,4.59804438160996,,,,6.9304792083485225,,,,0.495419758077959,,30.14,2026-09-04,,33.8,-0.93,31.5,NÖTR,31.5,,,,,-12.3076923076923,,,,,,,19.52,14.2333618,,,,,,,,20.1,54.2,,,,,,,,,,,,,,,,,,,,
BJKAS,2.0,1.92,2.12,1.87,520112890.0,1.52284263959391,1040225780.0,,2.4061597690086622,-38.1520835440885,,,,13.636363636363637,,,,0.8084469247462905,,21.12,2026-09-04,,10.8,-0.35,31.1,NÖTR,31.1,,,,,-25.65055762081785,,,,,,,3.2,1.72,,,,,,,,16.3,18.9,,,,,,,,,,,,,,,,,,,,
BORSK,6.6,6.6,6.98,6.52,17586854.0,3.773584905660367,116073236.4,,0.8117532024278801,-5.50180500365222,,,,15.789473684210517,,,,2.0446136376501376,,1.74,2026-09-04,,5.0,1.93,30.8,NÖTR,30.8,,,,,7.317073170731695,,,,,,,6.98,5.57,,,,,,,,18.5,73.0,,,,,,,,,,,,,,,,,,,,
GENIL,11.1,10.81,11.3,10.81,18379497.0,2.682701202590186,204012416.7,,3.815416344418664,11.203940499913,,,,17.336152219873135,,,,0.5016265070543143,,25.14,2026-09-04,,21.1,-0.92,30.3,NÖTR,30.3,,,,,-8.036454018227014,,,,,,,12.66,9.38,,,,,,,,18.3,52.4,,,,,,,,,,,,,,,,,,,,
RYSAS,28.32,28.24,28.66,27.42,8752772.0,0.2832861189801765,247878503.04,,1.966336212941992,12.8310900116321,,,,23.13043478260869,,,,0.3463617468454914,,32.65,2026-09-04,,40.2,-1.21,29.9,NÖTR,29.9,,,,,10.624999999999996,,,,,,,30.54,22.0,,,,,,,,28.7,74.0,,,,,,,,,,,,,,,,,,,,
MCARD,160.8,158.5,162.8,155.7,1235122.0,1.068510370835963,198607617.6,,5.444644254461274,15.0,,,,17.543859649122805,,,,0.4175865059109532,,32.23,2026-09-04,,39.1,-1.08,28.6,NÖTR,28.6,,,,,-8.114285714285709,,,,,,,180.9,126.4,,,,,,,,27.2,63.1,,,,,,,,,,,,,,,,,,,,
CEMZY,14.1,13.0,14.19,13.0,11990803.0,0.4273504273504309,169070322.29999998,,7.369735996194916,-10.5562382232943,,,,11.462450592885371,,,,0.1652448585927549,,43.76,2026-09-04,,68.4,-1.54,28.2,NÖTR,28.2,,,,,-13.655848132271885,,,,,,,18.63,12.08,,,,,,,,16.7,30.8,,,,,,,,,,,,,,,,,,,,
HATSN,60.15,59.5,63.15,58.25,7747485.0,1.6047297297297225,466011222.75,,2.061520713399268,-12.8421185393824,,,,4.608695652173911,,,,0.6415662869848361,,13.71,2026-09-04,,5.5,-0.66,25.2,NÖTR,25.2,,,,,-24.43467336683417,,,,,,,92.0,49.5,,,,,,,,21.5,25.1,,,,,,,,,,,,,,,,,,,,
OTKAR,311.75,307.5,313.5,307.5,175736.0,1.053484602917342,54785698.0,,6.79132200843627,-79.6834177193629,,,,4.351464435146443,,,,0.4155734578395221,,31.67,2026-09-04,,37.7,-1.08,23.1,NÖTR,23.1,,,,,-4.954268292682927,,,,,,,339.25,270.0,,,,,,,,15.5,60.3,,,,,,,,,,,,,,,,,,,,
ALKLC,446.25,439.25,449.0,438.5,750901.0,1.593625498007968,335089571.25,,16.82236226302145,-13.8123098889037,,,,11.5625,,,,0.2501096164138305,,33.33,2026-09-04,,41.9,-1.39,21.9,NÖTR,-52.0,,,,,5.621301775147929,,,,,,,449.0,406.25,,,,,,,,9.8,93.6,,,,,,,,,,,,,,,,,,,,
VESTL,24.16,24.16,24.74,24.06,9122972.0,0.4156275976724913,220411003.52,,0.3701815682368279,-84.2751802525192,,,,5.872042068361087,,,,0.6065137839040534,,0.24,2026-09-04,,5.0,-0.73,20.0,NÖTR,20.0,,,,,8.633093525179865,,,,,,,26.44,21.1,,,,,,,,14.5,57.3,,,,,,,,,,,,,,,,,,,,
PRZMA,76.0,75.55,78.45,72.1,884061.0,0.5956320317670455,67188636.0,,11.800930720772898,-25.8732914584295,,,,10.545454545454543,,,,0.2302227258995121,,26.39,2026-09-04,,24.3,-1.42,18.7,NÖTR,18.7,,,,,-13.142857142857142,,,,,,,95.45,56.2,,,,,,,,35.2,50.4,,,,,,,,,,,,,,,,,,,,
CANTE,1.33,1.35,1.35,1.31,244994194.0,-0.7462686567164185,325842278.02000004,,0.4192092389933936,-8.69874510729253,,,,9.917355371900836,,,,0.512764966420307,,20.0,2026-09-04,,8.0,-0.9,0.0,NÖTR,-42.3,,,,,9.01639344262296,,,,,,,1.43,1.18,,,,,,,,12.7,60.0,,,,,,,,,,,,,,,,,,,,
TRMET,137.7,139.2,139.9,136.1,3908499.0,-0.7925072046109674,538200312.3,,1.77696450071427,8.18576711076804,,,,6.74418604651162,,,,0.5807838091489647,,15.58,2026-09-04,,6.2,-0.78,0.0,NÖTR,-44.0,,,,,-5.42582417582418,,,,,,,150.1,124.0,,,,,,,,11.0,52.5,,,,,,,,,,,,,,,,,,,,
PSGYO,3.01,2.95,3.02,2.89,112276270.0,2.0338983050847323,337951572.7,,0.4876981780179362,7.94952628156929,,,,-20.37037037037037,,,,0.8364231029371817,,43.69,2026-09-04,,68.2,-0.3,0.0,🪤 DÜŞEN BIÇAK (SERBEST DÜŞÜŞ),0.0,,,,,-9.880239520958089,,,,,,,4.05,2.89,,,,,,,,4.2,10.3,,,,,,,,,,,,,,,,,,,,
IZENR,6.83,6.5,6.85,6.45,50313516.0,5.564142194744981,343641314.28000003,,0.8645120949419081,1.49989750502832,,,,-21.313364055299537,,,,1.33181400853429,,45.2,2026-09-04,,72.1,0.61,0.0,🪤 DÜŞEN BIÇAK (SERBEST DÜŞÜŞ),0.0,,,,,-18.30143540669856,,,,,,,9.29,6.45,,,,,,,,5.9,13.4,,,,,,,,,,,,,,,,,,,,
KOCMT,3.66,3.36,3.74,3.25,92848227.0,7.647058823529419,339824510.82,,0.664350515688474,-7.37113785136723,,,,-31.332082551594745,,,,1.5723101223961558,,38.86,2026-09-04,,56.0,1.06,0.0,🪤 DÜŞEN BIÇAK (SERBEST DÜŞÜŞ),0.0,,,,,-29.34362934362933,,,,,,,6.39,3.25,,,,,,,,12.6,13.1,,,,,,,,,,,,,,,,,,,,
KRDMA,55.7,55.35,57.0,54.0,8194202.0,-1.328609388839681,456417051.4,,0.5860799385678795,5.44820350665331,,,,32.93556085918856,,,,0.4928052478122922,,23.73,2026-09-04,,17.5,-0.94,0.0,NÖTR,0.0,,,,,-6.070826306913987,,,,,,,71.15,38.78,,,,,,,,43.6,52.3,,,,,,,,,,,,,,,,,,,,
BTCIM,3.8,3.81,3.86,3.62,120120733.0,1.8766756032171537,456458785.4,,0.8958967926894822,-3.97603446876797,,,,-22.920892494929003,,,,1.1282774532897275,,34.0,2026-09-04,,43.6,0.24,0.0,🪤 DÜŞEN BIÇAK (SERBEST DÜŞÜŞ),0.0,,,,,-16.84901531728666,,,,,,,5.18,3.62,,,,,,,,5.0,11.5,,,,,,,,,,,,,,,,,,,,
BALSU,8.72,9.33,9.45,8.7,52468304.0,-6.236559139784947,457523610.88000005,,2.204174281431601,15.0,,,,-38.80701754385965,,,,1.1143682734725626,,6.51,2026-09-04,,5.0,0.21,0.0,🪤 DÜŞEN BIÇAK (SERBEST DÜŞÜŞ),0.0,,,,,-18.88372093023256,,,,,,,14.51,8.7,,,,,,,,0.2,0.3,,,,,,,,,,,,,,,,,,,,
ALARK,110.8,111.5,113.5,109.9,3652151.0,-0.8057296329453946,404658330.8,,0.5050133514044248,8.48918625901478,,,,6.74373795761079,,,,0.6165359378660097,,6.0,2026-09-04,,5.0,-0.71,0.0,NÖTR,-42.2,,,,,1.1872146118721436,,,,,,,116.3,99.15,,,,,,,,11.7,67.9,,,,,,,,,,,,,,,,,,,,
DUNYH,124.9,114.3,130.5,109.9,3723531.0,2.2932022932023024,465069021.9,,2.65941987172185,46.43083034837,,,,-18.84340480831709,,,,3.076411272815632,,32.78,2026-09-04,,40.5,3.84,0.0,🪤 DÜŞEN BIÇAK (SERBEST DÜŞÜŞ),0.0,,,,,-25.119904076738614,,,,,,,171.0,109.9,,,,,,,,13.6,24.5,,,,,,,,,,,,,,,,,,,,
BYDNR,35.92,35.0,36.78,33.82,1309450.0,-1.4810751508502444,47035444.0,,1.7844253251285538,-2.29596714566113,,,,-7.897435897435893,,,,1.6151534935457383,,31.73,2026-09-04,,37.8,1.14,0.0,NÖTR,0.0,,,,,-6.360792492179348,,,,,,,41.38,33.82,,,,,,,,6.2,27.8,,,,,,,,,,,,,,,,,,,,
KAREL,8.11,8.0,8.19,8.0,6023882.0,-0.1231527093596032,48853683.02,,5.768259635696352,-52.9035629797942,,,,-10.976948408342482,,,,0.5219524965228252,,24.42,2026-09-04,,19.2,-0.88,0.0,NÖTR,0.0,,,,,-7.94551645856982,,,,,,,10.25,8.0,,,,,,,,1.4,4.9,,,,,,,,,,,,,,,,,,,,
CRFSA,287.0,309.5,313.5,285.75,1871016.0,-5.901639344262295,536981592.0,,2.0,15.0,,,,64.37571592210767,,,,0.471319092968143,,5.48,2026-09-04,,5.0,-0.98,0.0,🪤 DÜŞEN BIÇAK (SERBEST DÜŞÜŞ),0.0,,,,,2.9596412556053813,,,,,,,346.75,176.5,,,,,,,,62.6,64.9,,,,,,,,,,,,,,,,,,,,
IZFAS,48.52,44.52,50.2,44.52,10891984.0,-1.9005256773149968,528479063.68,,19.59042604735296,-7.18972640166338,,,,-25.2963818321786,,,,1.8558806378697703,,31.44,2026-09-04,,37.1,1.58,0.0,🪤 DÜŞEN BIÇAK (SERBEST DÜŞÜŞ),0.0,,,,,-24.1875,,,,,,,71.7,44.52,,,,,,,,9.0,14.7,,,,,,,,,,,,,,,,,,,,
DOFRB,114.4,117.0,118.5,109.8,4691230.0,-2.803738317757007,536676712.0,,7.6285483752659,22.5289716057738,,,,-15.63421828908554,,,,0.8424507711692102,,21.61,2026-09-04,,12.1,-0.29,0.0,🚨 KURUMSAL BOŞALTIM,0.0,,,,,-18.51851851851852,,,,,,,149.5,109.8,,,,,,,,4.2,11.6,,,,,,,,,,,,,,,,,,,,
MARTI,2.04,2.13,2.16,1.94,239465615.0,-4.22535211267605,488509854.6,,0.4271803999581195,-9.11037033586525,,,,43.66197183098593,,,,1.3036655613740809,,17.45,2026-09-04,,7.0,0.56,0.0,🪤 DÜŞEN BIÇAK (SERBEST DÜŞÜŞ),0.0,,,,,39.72602739726028,,,,,,,2.23,1.35,,,,,,,,51.1,78.4,,,,,,,,,,,,,,,,,,,,
TAVHL,264.5,266.25,269.0,262.25,1794894.0,-0.6572769953051643,474749463.0,,1.1719377057287903,6.95027383463448,,,,-6.866197183098592,,,,0.4131449827242257,,10.67,2026-09-04,,5.0,-1.09,0.0,NÖTR,-69.7,,,,,-6.701940035273369,,,,,,,293.0,255.5,,,,,,,,3.5,24.0,,,,,,,,,,,,,,,,,,,,
ECOGR,32.52,33.32,33.8,32.24,5041935.0,-2.576393049730376,163963726.20000002,,0.8905475443397927,15.0,,,,-4.800936768149864,,,,0.7493990498680664,,2.05,2026-09-04,,5.0,-0.46,0.0,🚨 KURUMSAL BOŞALTIM,-58.7,,,,,-10.708401976935749,,,,,,,38.02,32.24,,,,,,,,0.9,4.8,,,,,,,,,,,,,,,,,,,,
SAFKR,14.42,16.0,16.09,14.4,12404864.0,-9.875,178878138.88,,2.0803007635944484,11.8043937127077,,,,-29.931972789115644,,,,3.3820555516552897,,7.34,2026-09-04,,5.0,4.41,0.0,🪤 DÜŞEN BIÇAK (SERBEST DÜŞÜŞ),0.0,,,,,-21.20218579234973,,,,,,,22.0,14.4,,,,,,,,0.1,0.3,,,,,,,,,,,,,,,,,,,,
ISMEN,34.88,35.36,35.4,34.68,5137677.0,-1.524562394127609,179202173.76000002,,1.4841416402147922,22.1737418237606,,,,-0.1717229536347887,,,,0.6310524209929624,,7.56,2026-09-04,,5.0,-0.68,0.0,🚨 KURUMSAL BOŞALTIM,-86.3,,,,,6.928264868179047,,,,,,,35.42,32.04,,,,,,,,8.9,84.0,,,,,,,,,,,,,,,,,,,,
CCOLA,78.2,78.4,79.35,77.85,2296352.0,-0.7614213197969472,179574726.4,,2.389397187477848,26.9016013150558,,,,-10.114942528735629,,,,0.3731834795806322,,5.07,2026-09-04,,5.0,-1.16,0.0,NÖTR,-78.5,,,,,0.6435006435006435,,,,,,,91.2,75.2,,,,,,,,4.0,18.8,,,,,,,,,,,,,,,,,,,,
ISVEA,91.3,91.55,94.15,85.3,6308189.0,-0.2730748225013654,575937655.6999999,,2.0,15.0,,,,102.97910182303248,,,,0.8978630915099042,,29.97,2026-09-04,,33.3,-0.19,0.0,🪤 DÜŞEN BIÇAK (SERBEST DÜŞÜŞ),0.0,,,,,4.104903078677302,,,,,,,95.05,41.3,,,,,,,,121.1,93.0,,,,,,,,,,,,,,,,,,,,
SKBNK,6.26,6.3,6.4,6.25,90082365.0,-0.4769475357710691,563915604.9,,0.7136342909256725,16.2630100499565,,,,-2.79503105590063,,,,0.6662287471537081,,4.27,2026-09-04,,5.0,-0.62,0.0,NÖTR,0.0,,,,,-0.6349206349206356,,,,,,,6.89,5.86,,,,,,,,6.8,38.8,,,,,,,,,,,,,,,,,,,,
ANELE,204.5,197.2,211.2,197.2,2948925.0,3.5443037974683547,603055162.5,,76.94102066308487,-180.437741552518,,,,72.57383966244726,,,,0.321450874080839,,21.2,2026-09-04,,11.1,-1.26,0.0,🪤 DÜŞEN BIÇAK (SERBEST DÜŞÜŞ),0.0,,,,,13.864142538975504,,,,,,,211.2,108.5,,,,,,,,88.5,93.5,,,,,,,,,,,,,,,,,,,,
BETAE,80.85,79.0,83.45,78.7,7180634.0,0.0,580554258.9,,2.0,15.0,,,,-8.79864636209815,,,,0.6278711694485418,,17.35,2026-09-04,,6.9,-0.69,0.0,NÖTR,0.0,,,,,-17.668024439918543,,,,,,,119.0,78.7,,,,,,,,2.7,5.3,,,,,,,,,,,,,,,,,,,,
VEYAS,116.0,115.1,118.3,110.9,6514787.0,-5.228758169934645,755715292.0,,4.2176511609812,15.0,,,,-14.705882352941176,,,,0.5477152138856223,,30.59,2026-09-04,,34.9,-0.84,0.0,🚨 KURUMSAL BOŞALTIM,0.0,,,,,-18.36734693877551,,,,,,,164.0,110.9,,,,,,,,4.6,9.6,,,,,,,,,,,,,,,,,,,,
KRDMB,99.65,100.8,106.9,99.65,1949406.0,-9.981933152664856,194258307.9,,1.0485254197179388,5.44820350665331,,,,-25.018811136192625,,,,0.9260678606986056,,8.0,2026-09-04,,5.0,-0.14,0.0,🪤 DÜŞEN BIÇAK (SERBEST DÜŞÜŞ),0.0,,,,,-24.7356495468278,,,,,,,140.5,99.65,,,,,,,,0.0,0.0,,,,,,,,,,,,,,,,,,,,
SMRTG,8.55,8.5,8.61,8.15,23478077.0,-4.999999999999992,200737558.35,,2.926909423279029,4.03965078967363,,,,-20.83333333333333,,,,0.9546399893143128,,40.7,2026-09-04,,60.6,-0.08,0.0,🪤 DÜŞEN BIÇAK (SERBEST DÜŞÜŞ),0.0,,,,,-13.723511604439954,,,,,,,11.29,8.15,,,,,,,,4.9,12.7,,,,,,,,,,,,,,,,,,,,
QUICK,60.35,60.2,61.75,59.5,3254861.0,0.2491694352159444,196430861.35,,1.1615754311879636,15.0,,,,-21.21409921671017,,,,0.4924056684046429,,13.16,2026-09-04,,5.3,-0.94,0.0,🪤 DÜŞEN BIÇAK (SERBEST DÜŞÜŞ),0.0,,,,,-14.031339031339032,,,,,,,84.25,59.5,,,,,,,,1.4,3.4,,,,,,,,,,,,,,,,,,,,
NETAS,101.0,98.75,105.0,98.15,1861486.0,2.0202020202020203,188010086.0,,2.0,15.0,,,,54.55241009946443,,,,0.4883901199890278,,15.3,2026-09-04,,6.1,-0.95,0.0,🪤 DÜŞEN BIÇAK (SERBEST DÜŞÜŞ),0.0,,,,,6.315789473684211,,,,,,,109.6,60.15,,,,,,,,67.9,82.6,,,,,,,,,,,,,,,,,,,,
PETKM,19.9,20.12,20.4,19.78,44580190.0,-1.5825914935707237,887145780.9999999,,0.6703424338213696,-3.27338734505416,,,,0.7594936708860688,,,,0.6493045297944668,,2.84,2026-09-04,,5.0,-0.65,0.0,🚨 KURUMSAL BOŞALTIM,-66.8,,,,,0.0,,,,,,,21.08,18.2,,,,,,,,9.3,59.0,,,,,,,,,,,,,,,,,,,,
SARAE,75.25,75.5,76.85,73.8,11321462.0,-0.3311258278145695,851940015.5,,2.0,15.0,,,,-9.337349397590362,,,,0.3060307503562919,,18.62,2026-09-04,,7.4,-1.28,0.0,NÖTR,0.0,,,,,-19.818859882791685,,,,,,,98.5,71.45,,,,,,,,5.3,14.0,,,,,,,,,,,,,,,,,,,,
KARCL,180.9,180.1,185.0,175.8,4506824.0,-2.110389610389613,815284461.6,,13.305931988961005,15.0,,,,331.53625954198475,,,,0.5181399225339643,,23.04,2026-09-04,,15.7,-0.89,0.0,🪤 DÜŞEN BIÇAK (SERBEST DÜŞÜŞ),0.0,,,,,34.00000000000001,,,,,,,187.0,46.1,,,,,,,,292.4,95.7,,,,,,,,,,,,,,,,,,,,
KBORU,17.81,17.36,18.14,17.0,14496480.0,4.030373831775687,258182308.8,,1.8819934124947035,5.83779784694285,,,,-27.60162601626017,,,,0.7196929062433636,,31.79,2026-09-04,,38.0,-0.52,0.0,🪤 DÜŞEN BIÇAK (SERBEST DÜŞÜŞ),0.0,,,,,-24.852320675105485,,,,,,,25.02,16.89,,,,,,,,5.4,11.3,,,,,,,,,,,,,,,,,,,,
BOBET,21.98,22.5,23.36,21.84,11759539.0,-0.8122743682310456,258474667.22,,1.1633101094718212,-14.7450464929952,,,,23.27537857543468,,,,1.376638594859538,,2.84,2026-09-04,,5.0,0.7,0.0,NÖTR,-47.7,,,,,2.5186567164179063,,,,,,,23.36,17.68,,,,,,,,24.3,75.7,,,,,,,,,,,,,,,,,,,,
ORZAX,88.1,87.9,92.0,87.35,2942551.0,-0.1699716713881084,259238743.1,,2.0,15.0,,,,-24.571917808219183,,,,0.4811156352546467,,1.03,2026-09-04,,5.0,-0.96,0.0,🪤 DÜŞEN BIÇAK (SERBEST DÜŞÜŞ),-57.0,,,,,-9.081527347781227,,,,,,,121.9,85.7,,,,,,,,2.8,6.6,,,,,,,,,,,,,,,,,,,,
MEGMT,45.86,43.54,46.46,43.1,5655134.0,5.280073461891637,259344445.24,,2.411086581982464,26.7210478100631,,,,-33.24599708879185,,,,0.5170030739515559,,38.0,2026-09-04,,53.8,-0.89,0.0,🪤 DÜŞEN BIÇAK (SERBEST DÜŞÜŞ),0.0,,,,,-3.574432296047104,,,,,,,73.9,43.04,,,,,,,,6.6,9.1,,,,,,,,,,,,,,,,,,,,
BSOKE,23.64,21.9,24.0,20.02,11227254.0,7.748404740200543,265412284.56,,2.8114876147072674,-8.95758341656074,,,,-32.457142857142856,,,,0.6111477556796399,,42.93,2026-09-04,,66.3,-0.72,0.0,🪤 DÜŞEN BIÇAK (SERBEST DÜŞÜŞ),0.0,,,,,-22.64397905759161,,,,,,,37.16,20.02,,,,,,,,18.1,21.1,,,,,,,,,,,,,,,,,,,,
ONCSM,196.4,175.0,196.4,161.8,1331659.0,9.966405375139985,261537827.6,,9.275316324178918,17.4003111895823,,,,-22.37154150197628,,,,1.2719137757842205,,48.0,2026-09-04,,79.2,0.5,0.0,🪤 DÜŞEN BIÇAK (SERBEST DÜŞÜŞ),0.0,,,,,-23.57976653696498,,,,,,,273.25,161.8,,,,,,,,21.4,31.0,,,,,,,,,,,,,,,,,,,,
KATMR,1.84,1.86,1.92,1.81,127843301.0,-1.075268817204302,235231673.84,,0.377326762926005,5.30778394831394,,,,-17.85714285714286,,,,1.9702603658197952,,7.27,2026-09-04,,5.0,1.79,0.0,NÖTR,0.0,,,,,-13.207547169811322,,,,,,,2.32,1.81,,,,,,,,1.7,5.9,,,,,,,,,,,,,,,,,,,,
AKSEN,79.1,79.55,81.0,78.45,3113520.0,-0.315059861373661,246279432.0,,1.4150432876232013,5.67192405114027,,,,-17.129387113672088,,,,0.4420752148058564,,6.27,2026-09-04,,5.0,-1.03,0.0,NÖTR,0.0,,,,,-5.439330543933068,,,,,,,99.95,76.75,,,,,,,,3.1,10.1,,,,,,,,,,,,,,,,,,,,
CATES,66.5,69.05,70.1,63.0,3471546.0,-3.692976104272262,230857809.0,,0.7430910688834247,15.0371644035297,,,,36.10315186246418,,,,0.9626500607780052,,19.61,2026-09-04,,7.8,-0.07,0.0,🪤 DÜŞEN BIÇAK (SERBEST DÜŞÜŞ),0.0,,,,,-2.2058823529411766,,,,,,,73.0,45.5,,,,,,,,46.2,76.4,,,,,,,,,,,,,,,,,,,,
BRLSM,18.97,18.0,19.76,17.67,12212310.0,-2.8673835125448144,231667520.7,,2.631458482742932,-19.104292566848,,,,24.884792626728107,,,,0.5375457740827989,,26.83,2026-09-04,,25.4,-0.86,0.0,🚨 KURUMSAL BOŞALTIM,0.0,,,,,-24.30167597765364,,,,,,,27.2,15.4,,,,,,,,23.2,30.3,,,,,,,,,,,,,,,,,,,,
INFO,4.97,5.25,5.42,4.87,46616664.0,-5.1526717557252,231684820.08,,1.1542409646388874,15.0,,,,-20.73365231259968,,,,0.8423350648189616,,2.18,2026-09-04,,5.0,-0.29,0.0,🪤 DÜŞEN BIÇAK (SERBEST DÜŞÜŞ),0.0,,,,,-29.000000000000004,,,,,,,8.1,4.87,,,,,,,,2.1,3.1,,,,,,,,,,,,,,,,,,,,
ENJSA,113.1,115.1,115.2,112.6,2031327.0,-1.222707423580791,229743083.7,,1.225961640083027,6.38889149521895,,,,3.287671232876708,,,,0.4121918030622321,,2.77,2026-09-04,,5.0,-1.09,0.0,NÖTR,-76.1,,,,,-0.7894736842105313,,,,,,,118.6,104.3,,,,,,,,8.4,61.5,,,,,,,,,,,,,,,,,,,,
ATATR,12.97,13.29,13.48,12.95,17034855.0,-1.7424242424242322,220942069.35,,1.372860132332285,15.0,,,,-7.686832740213522,,,,0.4655192401942074,,5.89,2026-09-04,,5.0,-0.99,0.0,🪤 DÜŞEN BIÇAK (SERBEST DÜŞÜŞ),0.0,,,,,-19.44099378881988,,,,,,,16.42,12.95,,,,,,,,0.2,0.6,,,,,,,,,,,,,,,,,,,,
AYGAZ,323.0,336.0,338.5,323.0,702430.0,-3.582089552238806,226884890.0,,0.8443763866039242,11.7381928238,,,,21.88679245283019,,,,0.6301391171844534,,8.0,2026-09-04,,5.0,-0.68,0.0,🚨 KURUMSAL BOŞALTIM,-49.9,,,,,0.9375,,,,,,,346.5,264.5,,,,,,,,22.1,71.3,,,,,,,,,,,,,,,,,,,,
AVOD,4.73,4.51,4.75,4.15,48431122.0,8.23798627002289,229079207.06000003,,1.0116153979412663,-17.5365677098842,,,,22.22222222222223,,,,8.657823687353332,,46.13,2026-09-04,,74.5,5.0,0.0,🪤 DÜŞEN BIÇAK (SERBEST DÜŞÜŞ),-52.1,,,,,20.35623409669212,,,,,,,4.75,3.71,,,,,,,,27.5,98.1,,,,,,,,,,,,,,,,,,,,
TRHOL,3555.0,3540.0,3580.0,3505.0,60894.0,0.1408450704225352,216478170.0,,22.54825040165062,196.206662435691,,,,95.0082281952825,,,,0.1660441895577103,,29.33,2026-09-04,,31.7,-1.54,0.0,🪤 DÜŞEN BIÇAK (SERBEST DÜŞÜŞ),0.0,,,,,22.375215146299485,,,,,,,3580.0,1814.0,,,,,,,,96.0,98.6,,,,,,,,,,,,,,,,,,,,
TSKB,10.97,11.06,11.16,10.86,27553362.0,-0.6340579710144792,302260381.14000005,,0.6106195478409562,23.7706505712981,,,,-3.177405119152687,,,,1.601931511115461,,12.53,2026-09-04,,5.0,1.11,0.0,NÖTR,-61.8,,,,,-1.4375561545372877,,,,,,,11.38,10.69,,,,,,,,2.6,40.6,,,,,,,,,,,,,,,,,,,,
LIDER,23.4,24.52,24.9,23.4,12276522.0,-10.000000000000004,287270614.8,,1.7158494628071297,2.85909372586912,,,,-68.37837837837837,,,,0.3618161368599703,,8.0,2026-09-04,,5.0,-1.18,0.0,🪤 DÜŞEN BIÇAK (SERBEST DÜŞÜŞ),0.0,,,,,-27.77777777777778,,,,,,,69.8,23.4,,,,,,,,0.0,0.0,,,,,,,,,,,,,,,,,,,,
YEOTK,31.96,31.98,32.28,31.68,8718333.0,-0.0625390869293295,278637922.68,,4.817896767969127,58.2232370664055,,,,-21.85819070904645,,,,0.6217378506613198,,18.13,2026-09-04,,7.3,-0.7,0.0,🪤 DÜŞEN BIÇAK (SERBEST DÜŞÜŞ),0.0,,,,,-12.197802197802192,,,,,,,43.38,30.7,,,,,,,,4.1,9.9,,,,,,,,,,,,,,,,,,,,
MOGAN,13.99,13.7,14.23,13.17,19062133.0,0.2148997134670441,266679240.67,,0.3891132834207703,-11.8424300895078,,,,-26.36842105263158,,,,1.067117159163383,,35.32,2026-09-04,,47.0,0.12,0.0,🪤 DÜŞEN BIÇAK (SERBEST DÜŞÜŞ),0.0,,,,,-30.05,,,,,,,21.86,13.17,,,,,,,,6.2,9.4,,,,,,,,,,,,,,,,,,,,
YIGIT,21.9,22.1,22.26,21.82,2329199.0,-0.9049773755656236,51009458.1,,0.8068164569926304,1.60992456628032,,,,4.285714285714279,,,,0.5419030959961785,,2.18,2026-09-04,,5.0,-0.85,0.0,NÖTR,0.0,,,,,-1.3513513513513546,,,,,,,23.04,20.7,,,,,,,,5.8,51.3,,,,,,,,,,,,,,,,,,,,
AKFYE,22.52,22.64,22.72,22.28,2286931.0,-0.5300353356890503,51501686.12,,0.3854012999592693,4.46642791828936,,,,-5.536912751677853,,,,0.3302950853179246,,22.55,2026-09-04,,14.5,-1.24,0.0,NÖTR,0.0,,,,,-2.7633851468048385,,,,,,,24.8,22.28,,,,,,,,1.1,9.5,,,,,,,,,,,,,,,,,,,,
TEHOL,45.28,43.8,45.64,43.22,69891394.0,4.044117647058819,3164682320.32,,8.558980029676675,43.0660429103605,,,,-6.831275720164609,,,,0.7741035506715024,,39.67,2026-09-04,,58.0,-0.42,0.0,🪤 DÜŞEN BIÇAK (SERBEST DÜŞÜŞ),0.0,,,,,49.24192485168096,,,,,,,52.5,30.34,,,,,,,,49.2,67.4,,,,,,,,,,,,,,,,,,,,
KCHOL,214.7,217.1,218.7,212.9,22166662.0,-0.7855822550831871,4759182331.4,,0.6866508392635456,5.12588457140304,,,,6.550868486352352,,,,0.689623211938208,,9.38,2026-09-04,,5.0,-0.57,0.0,NÖTR,-74.9,,,,,0.0465983224603887,,,,,,,226.8,195.6,,,,,,,,9.8,61.2,,,,,,,,,,,,,,,,,,,,
PEKGY,10.67,10.62,11.2,10.35,673233254.0,-7.217391304347827,7183398820.18,,6.422874341610234,19.442707708089,,,,-27.513586956521745,,,,5.1721112712759565,,13.08,2026-09-04,,5.2,5.0,0.0,🪤 DÜŞEN BIÇAK (SERBEST DÜŞÜŞ),0.0,,,,,-34.33846153846154,,,,,,,18.05,10.35,,,,,,,,3.1,4.2,,,,,,,,,,,,,,,,,,,,
ASTOR,292.25,293.0,299.5,289.75,26131221.0,-0.4258943781942078,7636849337.25,,6.65960410618998,29.0855151100452,,,,-3.468208092485549,,,,0.6726597602006641,,6.36,2026-09-04,,5.0,-0.61,0.0,NÖTR,0.0,,,,,-16.974431818181817,,,,,,,357.75,289.75,,,,,,,,0.9,3.7,,,,,,,,,,,,,,,,,,,,
TUPRS,385.0,390.75,393.5,382.5,20719299.0,-1.5345268542199488,7976930115.0,,1.626293954448647,18.2096828624145,,,,28.762541806020067,,,,0.6881743437885334,,4.73,2026-09-04,,5.0,-0.58,0.0,🚨 KURUMSAL BOŞALTIM,0.0,,,,,0.7853403141361257,,,,,,,417.25,303.5,,,,,,,,26.9,71.6,,,,,,,,,,,,,,,,,,,,
TRALT,51.25,51.5,52.75,50.45,92101268.0,-0.870406189555131,4720189985.0,,3.015505878324191,11.2503473841185,,,,8.9035274118147,,,,0.8370537854828658,,11.48,2026-09-04,,5.0,-0.3,0.0,NÖTR,-65.9,,,,,-5.963302752293578,,,,,,,57.45,46.8,,,,,,,,9.5,41.8,,,,,,,,,,,,,,,,,,,,
YKBNK,35.84,36.0,36.36,35.48,188981996.0,-0.1671309192200422,6773114736.64,,1.056719040697246,21.7839579820642,,,,3.58381502890174,,,,0.7806285240306411,,14.91,2026-09-04,,6.0,-0.41,0.0,NÖTR,0.0,,,,,-2.87262872628725,,,,,,,38.02,33.0,,,,,,,,8.6,56.6,,,,,,,,,,,,,,,,,,,,
EUPWR,67.95,67.4,73.7,67.4,90605472.0,-9.218436873747486,6156641822.400001,,3.4233203940722903,8.39945726669861,,,,-25.411635565312835,,,,5.948740123414451,,3.11,2026-09-04,,5.0,5.0,0.0,🪤 DÜŞEN BIÇAK (SERBEST DÜŞÜŞ),0.0,,,,,-34.78886756238004,,,,,,,109.3,67.4,,,,,,,,0.8,1.3,,,,,,,,,,,,,,,,,,,,
GESAN,61.0,60.5,63.25,60.5,84416263.0,-9.22619047619048,5149392043.0,,1.6289841681432118,11.7816297467189,,,,-23.60676268002504,,,,7.017976733820223,,2.18,2026-09-04,,5.0,5.0,0.0,🪤 DÜŞEN BIÇAK (SERBEST DÜŞÜŞ),0.0,,,,,-35.44973544973545,,,,,,,97.2,60.5,,,,,,,,0.8,1.4,,,,,,,,,,,,,,,,,,,,
GUNDG,1256.0,1256.0,1322.0,1256.0,90647.0,-9.96415770609319,113852632.0,,56.71012636966695,-17.9104469072489,,,,-3.3846153846153846,,,,0.3308622778970114,,8.0,2026-09-04,,5.0,-1.24,0.0,🚨 KURUMSAL BOŞALTIM,-50.5,,,,,-28.228571428571428,,,,,,,2201.0,1215.0,,,,,,,,3.4,4.2,,,,,,,,,,,,,,,,,,,,
ISKPL,7.27,7.37,7.4,7.2,15218048.0,-0.6830601092896271,110635208.96,,3.1864582100607923,10.5285592762629,,,,-1.0884353741496609,,,,0.3517234438300927,,11.6,2026-09-04,,5.0,-1.2,0.0,NÖTR,0.0,,,,,-17.853107344632768,,,,,,,8.99,6.8,,,,,,,,6.9,21.5,,,,,,,,,,,,,,,,,,,,
PAHOL,1.29,1.29,1.31,1.28,82479110.0,0.0,106398051.9,,0.5627339271848472,15.0,,,,-7.857142857142849,,,,0.3788479857689197,,10.67,2026-09-04,,5.0,-1.15,0.0,NÖTR,0.0,,,,,-7.194244604316537,,,,,,,1.42,1.28,,,,,,,,0.8,7.1,,,,,,,,,,,,,,,,,,,,
AKSUE,28.78,28.7,29.64,27.36,3903991.0,-0.1387925052047159,112356860.98,,1.8220863711991329,-9.44025314803736,,,,-36.77504393673111,,,,1.548739139362406,,26.88,2026-09-04,,25.5,1.02,0.0,🪤 DÜŞEN BIÇAK (SERBEST DÜŞÜŞ),0.0,,,,,-23.006955591225257,,,,,,,46.92,27.04,,,,,,,,6.4,8.8,,,,,,,,,,,,,,,,,,,,
OZSUB,39.86,43.0,43.0,39.64,2781749.0,-5.320665083135396,110880515.14,,3.365323323480518,41.5311324649096,,,,5.729442970822272,,,,1.0174653704114782,,4.33,2026-09-04,,5.0,0.03,0.0,🚨 KURUMSAL BOŞALTIM,-55.9,,,,,-10.022573363431146,,,,,,,45.8,38.44,,,,,,,,3.7,19.3,,,,,,,,,,,,,,,,,,,,
DMLKT,6.91,7.14,7.14,6.85,20573615.0,-3.221288515406156,142163679.65,,2.0,15.0,,,,14.403973509933778,,,,3.1301968378973486,,3.59,2026-09-04,,5.0,3.94,0.0,🚨 KURUMSAL BOŞALTIM,-54.3,,,,,0.0,,,,,,,7.28,6.03,,,,,,,,14.6,70.4,,,,,,,,,,,,,,,,,,,,
AGHOL,32.84,33.0,33.12,32.46,4291716.0,-0.424499696785911,140939953.44000003,,0.6028499898484762,3.94764331491178,,,,-7.492957746478863,,,,0.790209677932529,,24.24,2026-09-04,,18.8,-0.39,0.0,NÖTR,-68.9,,,,,8.526107072042306,,,,,,,35.92,30.24,,,,,,,,8.6,45.8,,,,,,,,,,,,,,,,,,,,
BAHKM,171.1,155.7,171.1,155.7,831428.0,9.961439588688943,142257330.79999998,,6.696169994270489,-17.7412000058965,,,,38.767234387672346,,,,0.4285936683268914,,48.0,2026-09-04,,79.2,-1.06,0.0,🪤 DÜŞEN BIÇAK (SERBEST DÜŞÜŞ),0.0,,,,,3.6969696969696937,,,,,,,173.0,112.7,,,,,,,,51.8,96.8,,,,,,,,,,,,,,,,,,,,
MAVI,36.02,36.12,36.62,35.9,3427116.0,-0.2216066481994412,123444718.32,,1.798399514302319,14.613450639407,,,,-8.810126582278473,,,,0.8682906454261975,,1.33,2026-09-04,,5.0,-0.24,0.0,NÖTR,0.0,,,,,-6.051121544079291,,,,,,,39.66,35.76,,,,,,,,0.7,6.7,,,,,,,,,,,,,,,,,,,,
BESTE,31.72,32.02,32.42,31.42,4125995.0,-0.8750000000000036,130876561.4,,1.1893424121303926,15.0,,,,13.447782546494985,,,,0.5433068563314662,,8.8,2026-09-04,,5.0,-0.84,0.0,NÖTR,-61.3,,,,,-5.313432835820899,,,,,,,36.7,28.52,,,,,,,,11.2,39.1,,,,,,,,,,,,,,,,,,,,
ICUGS,4.03,3.66,4.03,3.66,33566849.0,9.80926430517712,135274401.47,,3.007664693897352,15.0,,,,-25.37037037037037,,,,2.734584351899371,,48.0,2026-09-04,,79.2,3.21,0.0,🪤 DÜŞEN BIÇAK (SERBEST DÜŞÜŞ),0.0,,,,,-25.092936802973973,,,,,,,5.75,3.63,,,,,,,,11.0,18.9,,,,,,,,,,,,,,,,,,,,
ARMGD,186.3,198.0,200.2,185.5,737142.0,-5.670886075949362,137329554.6,,5.494829610141397,33.8360355788564,,,,-1.9473684210526256,,,,0.8727073056037143,,4.95,2026-09-04,,5.0,-0.24,0.0,🚨 KURUMSAL BOŞALTIM,0.0,,,,,-6.849999999999994,,,,,,,220.7,181.8,,,,,,,,2.5,11.6,,,,,,,,,,,,,,,,,,,,
OFSYM,69.85,68.3,71.35,68.1,1983144.0,2.269399707174227,138522608.39999998,,2.0165044465583017,7.86971394507022,,,,38.31683168316831,,,,0.6788475873957939,,22.15,2026-09-04,,13.5,-0.59,0.0,🪤 DÜŞEN BIÇAK (SERBEST DÜŞÜŞ),0.0,,,,,9.140624999999991,,,,,,,71.35,52.15,,,,,,,,33.9,92.2,,,,,,,,,,,,,,,,,,,,
SOKM,57.1,58.1,58.4,56.85,2515029.0,-1.551724137931032,143608155.9,,0.8459617696394247,-6.73875323563156,,,,11.306042884990262,,,,0.5374859998799807,,1.03,2026-09-04,,5.0,-0.86,0.0,🚨 KURUMSAL BOŞALTIM,-44.8,,,,,1.151461470327721,,,,,,,61.1,49.12,,,,,,,,16.2,66.6,,,,,,,,,,,,,,,,,,,,
TRENJ,105.3,105.6,107.5,104.3,1430544.0,-0.2840909090909064,150636283.2,,1.7255090374559998,12.7553176698714,,,,11.075949367088608,,,,0.6907969600846646,,9.5,2026-09-04,,5.0,-0.57,0.0,NÖTR,0.0,,,,,-3.127874885004605,,,,,,,112.5,92.4,,,,,,,,14.0,64.2,,,,,,,,,,,,,,,,,,,,
TATEN,7.66,7.59,7.72,7.48,21116651.0,0.922266139657448,161753546.66,,1.5798016379614372,-3.49740028671485,,,,-28.87650882079851,,,,0.7189763979337455,,34.0,2026-09-04,,43.6,-0.52,0.0,🪤 DÜŞEN BIÇAK (SERBEST DÜŞÜŞ),0.0,,,,,-13.544018058690735,,,,,,,11.04,7.48,,,,,,,,2.4,5.1,,,,,,,,,,,,,,,,,,,,
KCAER,13.84,13.96,14.41,13.81,11196291.0,-0.5747126436781614,154956667.44,,1.7839235490798098,5.08161965165783,,,,-6.486486486486492,,,,0.8624057325721748,,5.2,2026-09-04,,5.0,-0.25,0.0,🪤 DÜŞEN BIÇAK (SERBEST DÜŞÜŞ),0.0,,,,,-15.144083384426729,,,,,,,16.9,13.8,,,,,,,,0.3,1.3,,,,,,,,,,,,,,,,,,,,
AAGYO,11.65,11.85,11.86,11.55,6980765.0,-1.1035653650254589,81325912.25,,2.0,15.0,,,,-10.727969348659006,,,,1.0060797597479634,,10.06,2026-09-04,,5.0,0.01,0.0,NÖTR,0.0,,,,,-11.339421613394215,,,,,,,13.42,11.55,,,,,,,,0.9,5.3,,,,,,,,,,,,,,,,,,,,
IZMDC,10.06,9.96,10.09,9.7,8093247.0,1.0040160642570244,81418064.82000001,,0.7312715256243068,-7.44835055635709,,,,-22.91187739463601,,,,0.6477581692333999,,43.69,2026-09-04,,68.2,-0.65,0.0,🪤 DÜŞEN BIÇAK (SERBEST DÜŞÜŞ),0.0,,,,,-28.753541076487245,,,,,,,14.85,9.41,,,,,,,,6.9,11.9,,,,,,,,,,,,,,,,,,,,
ANSGR,26.04,26.26,26.38,25.86,3273235.0,-0.6864988558352392,85235039.39999999,,1.3005141625692649,46.7557305906275,,,,-7.000000000000003,,,,0.7105011432321227,,11.38,2026-09-04,,5.0,-0.54,0.0,NÖTR,0.0,,,,,-4.194260485651216,,,,,,,29.68,25.86,,,,,,,,0.7,4.7,,,,,,,,,,,,,,,,,,,,
HUNER,3.85,3.88,3.92,3.84,22424854.0,-0.7731958762886548,86335687.9,,0.7541005441276135,-6.91801127402945,,,,11.594202898550725,,,,0.4246819105152486,,1.0,2026-09-04,,5.0,-1.06,0.0,NÖTR,0.0,,,,,-1.2820512820512775,,,,,,,4.15,3.38,,,,,,,,13.9,61.0,,,,,,,,,,,,,,,,,,,,
ZERGY,9.49,9.58,9.58,9.11,9214268.0,-0.1052631578947346,87443403.32000001,,1.98574199582764,15.0,,,,4.74613686534216,,,,0.4623178440270359,,37.28,2026-09-04,,51.9,-0.99,0.0,NÖTR,0.0,,,,,-3.556910569105688,,,,,,,10.98,8.62,,,,,,,,10.1,36.9,,,,,,,,,,,,,,,,,,,,
FZLGY,8.0,7.94,8.05,7.75,10866763.0,1.910828025477712,86934104.0,,2.2700509342678377,-20.3624656920139,,,,-27.53623188405796,,,,0.5731008321840786,,38.67,2026-09-04,,55.5,-0.79,0.0,🪤 DÜŞEN BIÇAK (SERBEST DÜŞÜŞ),0.0,,,,,-20.87042532146389,,,,,,,11.2,7.75,,,,,,,,3.2,7.2,,,,,,,,,,,,,,,,,,,,
EMPAE,70.4,71.1,75.05,69.35,14756657.0,-3.561643835616431,1038868652.8,,6.306237711122358,15.0,,,,7.563025210084038,,,,1.4810294703814069,,2.32,2026-09-04,,5.0,0.89,0.0,🚨 KURUMSAL BOŞALTIM,-45.5,,,,,-5.121293800539079,,,,,,,89.5,61.5,,,,,,,,14.5,31.8,,,,,,,,,,,,,,,,,,,,
TMPOL,363.25,352.25,379.0,320.25,2853327.0,3.0496453900709217,1036471032.75,,5.4946035656762815,-12.1489498754263,,,,-22.13290460878885,,,,1.8672285030097016,,32.99,2026-09-04,,41.0,1.6,0.0,🪤 DÜŞEN BIÇAK (SERBEST DÜŞÜŞ),0.0,,,,,-21.755519655358103,,,,,,,690.0,320.25,,,,,,,,13.4,11.6,,,,,,,,,,,,,,,,,,,,
TKNKA,153.9,153.9,167.0,153.9,7251039.0,-9.999999999999996,1115934902.1,,5.573167101583736,15.0,,,,63.89776357827476,,,,0.6894114950433947,,8.0,2026-09-04,,5.0,-0.57,0.0,🪤 DÜŞEN BIÇAK (SERBEST DÜŞÜŞ),0.0,,,,,-7.2332730560578655,,,,,,,209.0,93.9,,,,,,,,63.9,52.1,,,,,,,,,,,,,,,,,,,,
KUYAS,69.2,69.95,70.7,69.15,16027394.0,-1.634683724235951,1109095664.8,,15.617559372679654,-66.6798503710024,,,,3.3607169529499625,,,,1.9460647220906644,,6.19,2026-09-04,,5.0,1.75,0.0,🚨 KURUMSAL BOŞALTIM,-43.4,,,,,10.015898251192375,,,,,,,71.7,60.25,,,,,,,,14.9,78.2,,,,,,,,,,,,,,,,,,,,
PGSUS,148.1,148.5,149.0,146.8,7300386.0,-0.0674763832658531,1081187166.6,,0.6572858673819025,-1.23885597486283,,,,-6.384323640960806,,,,0.6407957004846806,,25.09,2026-09-04,,20.9,-0.66,0.0,NÖTR,0.0,,,,,-2.1796565389696245,,,,,,,157.3,146.0,,,,,,,,1.4,18.6,,,,,,,,,,,,,,,,,,,,
PASEU,158.4,161.6,172.8,158.4,6972114.0,-9.948834565093804,1104382857.6,,25.51197081585157,32.7765547120615,,,,-11.011235955056176,,,,0.5753552632749462,,8.0,2026-09-04,,5.0,-0.79,0.0,🚨 KURUMSAL BOŞALTIM,0.0,,,,,-38.604651162790695,,,,,,,268.0,134.9,,,,,,,,17.4,17.7,,,,,,,,,,,,,,,,,,,,
INTET,78.35,78.35,78.35,75.05,17867909.0,9.964912280701746,1399950670.15,,2.0,15.0,,,,32.90924512298557,,,,1.0,,48.0,2026-09-04,,79.2,0.0,0.0,🪤 DÜŞEN BIÇAK (SERBEST DÜŞÜŞ),0.0,,,,,32.90924512298557,,,,,,,78.35,58.95,,,,,,,,32.9,100.0,,,,,,,,,,,,,,,,,,,,
KARSN,12.96,12.78,13.24,12.57,93780756.0,4.263877715205158,1215398597.76,,1.421565455081932,3.38668271875612,,,,30.382293762575465,,,,2.833600688161202,,24.6,2026-09-04,,19.7,3.39,0.0,🪤 DÜŞEN BIÇAK (SERBEST DÜŞÜŞ),0.0,,,,,39.655172413793125,,,,,,,13.24,9.23,,,,,,,,40.4,93.0,,,,,,,,,,,,,,,,,,,,
KPEKS,95.15,96.0,98.4,95.0,12313312.0,-0.0525210084033583,1171611636.8,,2.0,15.0,,,,-7.978723404255319,,,,0.5106656366409572,,5.53,2026-09-04,,5.0,-0.91,0.0,NÖTR,0.0,,,,,-39.74034198860038,,,,,,,159.2,94.25,,,,,,,,1.0,1.4,,,,,,,,,,,,,,,,,,,,
SVGYO,15.14,15.83,16.04,14.72,74999446.0,-7.400611620795111,1135491612.44,,3.6364684463104497,15.0,,,,14.35045317220544,,,,2.1517048073075444,,9.82,2026-09-04,,5.0,2.13,0.0,🚨 KURUMSAL BOŞALTIM,0.0,,,,,-15.888888888888886,,,,,,,18.85,14.1,,,,,,,,7.4,21.9,,,,,,,,,,,,,,,,,,,,
ESCOM,5.08,5.09,5.13,4.97,19922349.0,-0.3921568627450897,101205532.92,,0.84012072600984,47.8896582322058,,,,-12.41379310344827,,,,1.0009886310444571,,30.5,2026-09-04,,34.7,0.0,0.0,NÖTR,0.0,,,,,-10.720562390158175,,,,,,,6.27,4.97,,,,,,,,2.2,8.5,,,,,,,,,,,,,,,,,,,,
ZGYO,21.16,22.4,22.4,20.9,4891510.0,-3.024747937671861,103504351.6,,1.0945774961901875,15.0,,,,-37.39644970414201,,,,0.4315719443253478,,1.71,2026-09-04,,5.0,-1.05,0.0,🪤 DÜŞEN BIÇAK (SERBEST DÜŞÜŞ),0.0,,,,,-30.75916230366492,,,,,,,40.5,20.9,,,,,,,,1.2,1.3,,,,,,,,,,,,,,,,,,,,
MEYSU,11.1,11.39,11.58,11.09,8781234.0,-1.7699115044247882,97471697.4,,1.95063316498139,15.0,,,,0.9090909090909058,,,,0.5884100540697643,,6.86,2026-09-04,,5.0,-0.76,0.0,🚨 KURUMSAL BOŞALTIM,0.0,,,,,-13.55140186915888,,,,,,,13.12,10.51,,,,,,,,5.6,22.6,,,,,,,,,,,,,,,,,,,,
HKTM,12.92,13.11,13.34,12.87,7335178.0,-1.823708206686932,94770499.76,,1.309869236119137,-21.9504766782517,,,,11.764705882352937,,,,0.3218338900500392,,2.04,2026-09-04,,5.0,-1.25,0.0,🚨 KURUMSAL BOŞALTIM,-29.7,,,,,-5.555555555555554,,,,,,,16.22,10.89,,,,,,,,18.6,38.1,,,,,,,,,,,,,,,,,,,,
INVES,764.0,785.5,789.0,756.0,115084.0,-2.737110120942075,87924176.0,,3.79018959034351,35.323123253356,,,,3.804347826086957,,,,1.132508091522525,,5.58,2026-09-04,,5.0,0.25,0.0,🚨 KURUMSAL BOŞALTIM,0.0,,,,,-10.117647058823527,,,,,,,870.0,733.0,,,,,,,,4.2,22.6,,,,,,,,,,,,,,,,,,,,
HRKET,90.1,91.55,94.4,89.75,1004053.0,-1.5300546448087493,90465175.3,,1.297079225195987,-17.568598707439,,,,-5.157894736842112,,,,0.94170011604622,,3.78,2026-09-04,,5.0,-0.11,0.0,🚨 KURUMSAL BOŞALTIM,-65.9,,,,,-9.081735620585269,,,,,,,110.7,85.85,,,,,,,,5.0,17.1,,,,,,,,,,,,,,,,,,,,
ALVES,1.25,1.2,1.26,1.18,73380166.0,1.6260162601626031,91725207.5,,0.6183251796852971,2.75376786750353,,,,-39.61352657004831,,,,0.5656209473342131,,41.0,2026-09-04,,61.4,-0.8,0.0,🪤 DÜŞEN BIÇAK (SERBEST DÜŞÜŞ),0.0,,,,,-26.470588235294112,,,,,,,2.17,1.18,,,,,,,,5.9,7.1,,,,,,,,,,,,,,,,,,,,
SURGY,29.86,29.16,30.1,29.0,3030645.0,2.120383036935708,90495059.7,,0.4683649733270382,-5.13041368419097,,,,-55.19879969992498,,,,0.6534252246075432,,35.78,2026-09-04,,48.1,-0.64,0.0,🪤 DÜŞEN BIÇAK (SERBEST DÜŞÜŞ),0.0,,,,,-10.006027727546716,,,,,,,64.7,29.0,,,,,,,,3.0,2.4,,,,,,,,,,,,,,,,,,,,
EKIM,17.82,18.15,18.3,17.81,6845766.0,-1.6013252346769695,121991550.12,,2.0,15.0,,,,-5.7142857142857055,,,,0.4195105626148822,,6.86,2026-09-04,,5.0,-1.07,0.0,🚨 KURUMSAL BOŞALTIM,0.0,,,,,-9.03522205206738,,,,,,,20.42,17.0,,,,,,,,4.8,24.0,,,,,,,,,,,,,,,,,,,,
KGYO,11.95,12.12,12.22,11.9,10875512.0,-1.4026402640264022,129962368.4,,8.282735867365327,-46.8242068023256,,,,18.905472636815905,,,,0.5315779823795299,,0.75,2026-09-04,,5.0,-0.87,0.0,NÖTR,-44.6,,,,,-7.00389105058366,,,,,,,14.0,8.65,,,,,,,,38.2,61.7,,,,,,,,,,,,,,,,,,,,
OBAMS,5.11,5.19,5.27,5.07,24621877.0,-3.0360531309297776,125817791.47,,1.138599411315138,-14.3548373047789,,,,1.7928286852589792,,,,0.4033068879570078,,3.2,2026-09-04,,5.0,-1.1,0.0,🚨 KURUMSAL BOŞALTIM,0.0,,,,,-3.5849056603773493,,,,,,,5.92,4.69,,,,,,,,9.0,34.1,,,,,,,,,,,,,,,,,,,,
BRKVY,90.9,92.6,94.0,86.55,766337.0,-2.728731942215085,69660033.3,,3.475109385662593,24.9595404187976,,,,19.369665134602755,,,,0.9832196135593332,,24.7,2026-09-04,,19.9,-0.03,0.0,🚨 KURUMSAL BOŞALTIM,-54.3,,,,,10.651247717589774,,,,,,,95.1,72.25,,,,,,,,25.8,81.6,,,,,,,,,,,,,,,,,,,,
TNZTP,29.02,30.12,30.14,28.62,2697627.0,-3.3954727030625818,78285135.53999999,,1.2180498023712096,5.50175919999278,,,,-2.6174496644295338,,,,0.5277268111469985,,6.74,2026-09-04,,5.0,-0.87,0.0,🚨 KURUMSAL BOŞALTIM,0.0,,,,,-4.664914586070965,,,,,,,32.5,25.7,,,,,,,,12.9,48.8,,,,,,,,,,,,,,,,,,,,
ARFYE,18.92,18.32,19.3,18.18,4222043.0,3.1624863685932487,79881053.56,,1.6323037396320244,15.0,,,,-39.24213230571612,,,,1.4031299049434036,,29.0,2026-09-04,,30.9,0.75,0.0,🪤 DÜŞEN BIÇAK (SERBEST DÜŞÜŞ),0.0,,,,,-9.990485252140807,,,,,,,32.84,18.05,,,,,,,,4.8,5.9,,,,,,,,,,,,,,,,,,,,
PCILT,31.46,32.0,32.0,30.42,2450338.0,-1.6874999999999971,77087633.48,,1.4208016012695988,23.5201744486488,,,,-3.674219228413949,,,,0.9711337226791388,,28.86,2026-09-04,,30.5,-0.05,0.0,🚨 KURUMSAL BOŞALTIM,0.0,,,,,-10.11428571428571,,,,,,,38.02,29.06,,,,,,,,8.3,26.8,,,,,,,,,,,,,,,,,,,,
LYDHO,145.7,134.0,145.7,126.6,558035.0,9.962264150943389,81305699.5,,7.078664022410749,-4.92212551714847,,,,-20.032930845225028,,,,1.0852299356877109,,48.0,2026-09-04,,79.2,0.16,0.0,🪤 DÜŞEN BIÇAK (SERBEST DÜŞÜŞ),0.0,,,,,-10.061728395061737,,,,,,,184.6,126.6,,,,,,,,15.1,32.9,,,,,,,,,,,,,,,,,,,,
EGEPO,13.94,15.7,15.75,13.94,4214686.0,-9.9483204134367,58752722.84,,3.224619996807765,-3.14186819529634,,,,-23.825136612021865,,,,1.06941282907891,,8.0,2026-09-04,,5.0,0.13,0.0,🪤 DÜŞEN BIÇAK (SERBEST DÜŞÜŞ),0.0,,,,,-14.47852760736197,,,,,,,19.14,13.94,,,,,,,,0.0,0.0,,,,,,,,,,,,,,,,,,,,
GRSEL,297.75,303.75,303.75,297.25,202615.0,-1.4072847682119205,60328616.25,,2.1812464524984225,30.7526568418126,,,,-11.90828402366864,,,,0.5339614954242413,,3.69,2026-09-04,,5.0,-0.86,0.0,NÖTR,0.0,,,,,-5.7007125890736345,,,,,,,358.5,289.25,,,,,,,,2.9,12.3,,,,,,,,,,,,,,,,,,,,
OZATD,4682.5,4742.5,4742.5,4682.5,13601.0,-1.4210526315789471,63686682.5,,73.97729256538084,-11.2630487426031,,,,14.27699816961562,,,,0.0199200969920228,,8.0,2026-09-04,,5.0,-1.81,0.0,NÖTR,0.0,,,,,-1.9371727748691097,,,,,,,5052.5,4032.5,,,,,,,,16.1,63.7,,,,,,,,,,,,,,,,,,,,
GOKNR,16.7,16.95,17.02,16.5,4112066.0,-1.3585351447135288,68671502.2,,0.5369414081175895,4.49147321918011,,,,-28.996598639455783,,,,0.6413492098819971,,13.54,2026-09-04,,5.4,-0.66,0.0,🪤 DÜŞEN BIÇAK (SERBEST DÜŞÜŞ),0.0,,,,,-5.221339387060168,,,,,,,23.42,16.5,,,,,,,,1.2,2.9,,,,,,,,,,,,,,,,,,,,
KAPLM,358.75,380.0,380.25,353.25,186922.0,-4.651162790697675,67058267.5,,3.048353557689889,-20.7448828780853,,,,-16.569767441860463,,,,2.300360458147351,,3.41,2026-09-04,,5.0,2.41,0.0,🚨 KURUMSAL BOŞALTIM,0.0,,,,,-16.569767441860463,,,,,,,448.25,353.25,,,,,,,,1.6,5.8,,,,,,,,,,,,,,,,,,,,
NIBAS,4.3,4.39,4.57,4.28,15664762.0,-2.050113895216398,67358476.6,,5.410778774647355,-107.212572449551,,,,14.058355437665776,,,,0.3457035428989889,,4.14,2026-09-04,,5.0,-1.21,0.0,🚨 KURUMSAL BOŞALTIM,-36.8,,,,,-0.921658986175116,,,,,,,4.97,3.3,,,,,,,,30.3,59.9,,,,,,,,,,,,,,,,,,,,
ENSRI,4.63,4.71,4.72,4.6,13492592.0,-1.6985138004246298,62470700.96,,1.5534462685415389,-5.18601940057923,,,,-14.889705882352953,,,,0.421621425483242,,6.0,2026-09-04,,5.0,-1.07,0.0,🚨 KURUMSAL BOŞALTIM,0.0,,,,,-26.62440570522979,,,,,,,6.39,4.6,,,,,,,,0.7,1.7,,,,,,,,,,,,,,,,,,,,
KLYPV,61.5,61.0,62.5,60.9,1308632.0,-0.5658852061438988,80480868.0,,1.39137658727223,4.51466486064799,,,,4.14902624894158,,,,0.3334768018098943,,13.0,2026-09-04,,5.2,-1.23,0.0,NÖTR,0.0,,,,,-4.130943102104451,,,,,,,71.5,57.3,,,,,,,,7.3,29.6,,,,,,,,,,,,,,,,,,,,
VESBE,5.43,5.45,5.53,5.39,14222261.0,-0.3669724770642286,77226877.22999999,,0.2104063166843684,-14.1013672301764,,,,-7.653061224489798,,,,0.6316060283899347,,8.0,2026-09-04,,5.0,-0.68,0.0,NÖTR,0.0,,,,,2.8409090909090806,,,,,,,6.06,5.25,,,,,,,,3.4,22.2,,,,,,,,,,,,,,,,,,,,
PSDTC,149.6,162.9,163.0,149.4,506493.0,-7.368421052631582,75771352.8,,4.242982203866219,12.6675979739311,,,,-11.79245283018868,,,,0.7810574075104989,,7.18,2026-09-04,,5.0,-0.41,0.0,🚨 KURUMSAL BOŞALTIM,0.0,,,,,-10.952380952380954,,,,,,,196.3,139.9,,,,,,,,6.9,17.2,,,,,,,,,,,,,,,,,,,,
VKGYO,1.89,1.91,1.93,1.88,40002327.0,-0.5263157894736847,75604398.03,,0.2877750421384883,1.94688327240504,,,,-4.725897920604915,,,,1.8182961286359127,,3.2,2026-09-04,,5.0,1.51,0.0,NÖTR,0.0,,,,,-1.5625000000000016,,,,,,,2.00727273,1.86,,,,,,,,1.6,20.4,,,,,,,,,,,,,,,,,,,,
ZOREN,2.29,2.3,2.33,2.28,32175816.0,-0.4347826086956429,73682618.64,,0.1806475227623767,-18.2797749155039,,,,-2.136752136752129,,,,0.5164484283721993,,3.2,2026-09-04,,5.0,-0.89,0.0,NÖTR,0.0,,,,,0.4385964912280803,,,,,,,2.52,2.22,,,,,,,,3.2,23.3,,,,,,,,,,,,,,,,,,,,
VERUS,624.5,688.0,688.0,619.5,117403.0,-9.229651162790695,73318173.5,,8.138483231727182,-16.8567045165198,,,,16.07806691449814,,,,1.1872392236017937,,3.91,2026-09-04,,5.0,0.35,0.0,🚨 KURUMSAL BOŞALTIM,0.0,,,,,-16.733333333333334,,,,,,,764.5,545.5,,,,,,,,14.5,36.1,,,,,,,,,,,,,,,,,,,,
KARTN,160.0,167.1,167.2,157.2,446106.0,-1.8404907975460123,71376960.0,,4.11009506136115,-18.3734765991418,,,,-16.883116883116884,,,,0.5095468794528373,,7.68,2026-09-04,,5.0,-0.91,0.0,🚨 KURUMSAL BOŞALTIM,0.0,,,,,-1.8404907975460123,,,,,,,194.3,150.0,,,,,,,,6.7,22.6,,,,,,,,,,,,,,,,,,,,
CGCAM,31.84,31.18,31.92,30.7,2229841.0,2.1167415009621555,70998137.44,,1.019353306127101,4.04402534069311,,,,-22.341463414634145,,,,1.041416053195402,,44.33,2026-09-04,,69.9,0.08,0.0,🪤 DÜŞEN BIÇAK (SERBEST DÜŞÜŞ),0.0,,,,,-14.683815648445874,,,,,,,40.6,30.7,,,,,,,,3.7,11.5,,,,,,,,,,,,,,,,,,,,
SAHOL,92.65,93.1,94.3,91.75,23858685.0,-0.3763440860214992,2210507165.25,,0.4640810299002423,5.37074515641721,,,,4.748445449406447,,,,0.6431487210924365,,11.76,2026-09-04,,5.0,-0.66,0.0,NÖTR,-70.7,,,,,-1.120597652081107,,,,,,,96.5,86.05,,,,,,,,7.7,63.2,,,,,,,,,,,,,,,,,,,,
PAPIL,12.66,12.7,12.86,12.37,4490796.0,-1.3250194855806698,56853477.36,,7.578342462063392,15.0,,,,9.043927648578816,,,,0.4376246607231587,,25.14,2026-09-04,,21.1,-1.04,0.0,NÖTR,-52.3,,,,,-2.839600920951644,,,,,,,14.43,11.1,,,,,,,,14.1,46.8,,,,,,,,,,,,,,,,,,,,
SELEC,358.25,350.0,366.0,348.5,4009102.0,2.357142857142857,1436260791.5,,5.994515666560023,6.37484548994022,,,,72.07012487992316,,,,0.6358758632501034,,23.2,2026-09-04,,16.1,-0.67,0.0,🪤 DÜŞEN BIÇAK (SERBEST DÜŞÜŞ),0.0,,,,,10.999225406661502,,,,,,,366.0,210.3,,,,,,,,70.4,95.0,,,,,,,,,,,,,,,,,,,,
DSTKF,2316.0,2242.0,2339.0,2237.0,611541.0,2.933333333333333,1416328956.0,,52.10230318726167,39.4914380778913,,,,43.583384996900186,,,,0.2511875259642305,,35.37,2026-09-04,,47.1,-1.39,0.0,🪤 DÜŞEN BIÇAK (SERBEST DÜŞÜŞ),0.0,,,,,17.862595419847327,,,,,,,2454.0,1628.0,,,,,,,,42.3,83.3,,,,,,,,,,,,,,,,,,,,
BKRGY,9.73,10.47,11.0,9.68,145325102.0,-7.15648854961832,1414013242.46,,2.0,15.0,,,,-16.40893470790378,,,,1.0,,5.88,2026-09-04,,5.0,0.0,0.0,🚨 KURUMSAL BOŞALTIM,0.0,,,,,-16.40893470790378,,,,,,,13.38,9.68,,,,,,,,0.5,1.4,,,,,,,,,,,,,,,,,,,,
CWENE,31.32,30.5,31.44,29.64,54236061.0,1.7543859649122775,1698673430.52,,1.9051326658475165,20.1700277435031,,,,-21.973094170403588,,,,0.6679265961220504,,44.27,2026-09-04,,69.7,-0.61,0.0,🪤 DÜŞEN BIÇAK (SERBEST DÜŞÜŞ),0.0,,,,,-14.705882352941174,,,,,,,48.3,29.64,,,,,,,,5.7,9.0,,,,,,,,,,,,,,,,,,,,
ALTIN,75.13,76.0,76.5,73.44,21103665.0,-1.5592243186582782,1585518351.4499998,,2.0,15.0,,,,8.11627572312563,,,,0.9962011580720184,,22.93,2026-09-04,,15.4,-0.01,0.0,🚨 KURUMSAL BOŞALTIM,-52.4,,,,,-3.245331616226671,,,,,,,80.25,69.7,,,,,,,,7.8,51.5,,,,,,,,,,,,,,,,,,,,
GUBRF,479.25,484.0,490.25,473.25,3288852.0,-0.6220839813374806,1576182321.0,,4.494105758756966,23.5062247678353,,,,14.516129032258064,,,,0.7688773254676301,,11.76,2026-09-04,,5.0,-0.43,0.0,NÖTR,-48.7,,,,,-1.9938650306748469,,,,,,,508.0,409.25,,,,,,,,17.1,70.9,,,,,,,,,,,,,,,,,,,,
CITAS,140.4,129.8,140.4,124.1,10746425.0,9.945184025058731,1508798070.0,,4.445499881263358,15.0,,,,73.22640345465763,,,,0.3875724419568754,,48.0,2026-09-04,,79.2,-1.13,0.0,🪤 DÜŞEN BIÇAK (SERBEST DÜŞÜŞ),0.0,,,,,4.231625835189322,,,,,,,145.0,81.05,,,,,,,,73.2,92.8,,,,,,,,,,,,,,,,,,,,
HALKB,54.35,54.35,54.35,52.0,39955653.0,9.93122977346279,2171589740.55,,1.6639383384557735,15.2318624552132,,,,44.77890250399575,,,,0.7479016675220459,,48.0,2026-09-04,,79.2,-0.47,0.0,🪤 DÜŞEN BIÇAK (SERBEST DÜŞÜŞ),-39.5,,,,,17.89587852494577,,,,,,,54.35,32.14,,,,,,,,69.1,100.0,,,,,,,,,,,,,,,,,,,,
EKGYO,19.42,19.51,19.59,19.21,88036665.0,-0.4613018964633513,1709672034.3000002,,0.4618219279329497,-1.37263805388322,,,,5.086580086580093,,,,0.6423100080466823,,22.95,2026-09-04,,15.5,-0.66,0.0,NÖTR,0.0,,,,,-5.452775073028225,,,,,,,21.08,17.47,,,,,,,,11.2,54.0,,,,,,,,,,,,,,,,,,,,
REEDR,5.48,5.55,5.59,5.44,10204806.0,-1.2612612612612504,55922336.88,,0.6068828040643429,-13.0458914571186,,,,-21.93732193732193,,,,0.9354330478269564,,6.93,2026-09-04,,5.0,-0.12,0.0,🪤 DÜŞEN BIÇAK (SERBEST DÜŞÜŞ),0.0,,,,,-8.514190317195322,,,,,,,6.39,5.34,,,,,,,,2.6,13.3,,,,,,,,,,,,,,,,,,,,
KOPOL,4.98,5.05,5.07,4.87,9284631.0,-0.7968127490039673,46237462.38,,1.1825944888247195,5.61150713604039,,,,-8.1180811808118,,,,0.8840432254046472,,22.8,2026-09-04,,15.1,-0.21,0.0,NÖTR,0.0,,,,,-12.32394366197182,,,,,,,6.12,4.87,,,,,,,,2.3,8.8,,,,,,,,,,,,,,,,,,,,
BIGCH,5.3,5.45,5.48,5.12,8710482.0,-2.394106813996314,46165554.6,,1.9574820133256512,1.8237826129238,,,,-22.514619883040936,,,,1.298659173564424,,20.0,2026-09-04,,8.0,0.55,0.0,🪤 DÜŞEN BIÇAK (SERBEST DÜŞÜŞ),0.0,,,,,-15.739268680445155,,,,,,,6.88,5.12,,,,,,,,3.5,10.2,,,,,,,,,,,,,,,,,,,,
ALCTL,114.7,110.2,115.2,109.6,400347.0,4.272727272727275,45919800.9,,1.330894790620197,-2.35102955847166,,,,-35.48931383577053,,,,0.8234134594916004,,43.0,2026-09-04,,66.5,-0.33,0.0,🪤 DÜŞEN BIÇAK (SERBEST DÜŞÜŞ),0.0,,,,,-4.655029093931833,,,,,,,183.0,109.6,,,,,,,,4.7,6.9,,,,,,,,,,,,,,,,,,,,
NTHOL,42.72,43.32,43.32,42.34,1074677.0,-1.3850415512465406,45910201.44,,0.2176706479028997,1.33838653109446,,,,-8.483290488431878,,,,0.6734624304950718,,13.71,2026-09-04,,5.5,-0.6,0.0,NÖTR,0.0,,,,,-1.3850415512465406,,,,,,,47.22,42.16,,,,,,,,1.3,11.1,,,,,,,,,,,,,,,,,,,,
KTLEV,44.36,45.0,49.46,42.8,208042589.0,-3.5232709873858146,9228769248.04,,9.368670708965071,148.508364400309,,,,8.19512195121951,,,,1.5610958062536249,,5.12,2026-09-04,,5.0,1.04,0.0,🚨 KURUMSAL BOŞALTIM,0.0,,,,,-33.59281437125749,,,,,,,69.0,41.62,,,,,,,,6.6,10.0,,,,,,,,,,,,,,,,,,,,
LMKDC,22.32,21.94,22.36,21.82,1556905.0,1.7319963536918823,34750119.6,6.681634485855411,1.3692814707751657,24.3785937418548,,,,,,,,0.3887962316478916,,43.85,2026-09-07,,,,85.9,🦅 KULUÇKA LİDERİ (MULTI-BAGGER ADAYI),2.6,,,,,,,,,,,,,,,,,,,21.38,,,,,,,68.7,,20.52,,,39.06,11324982619.0,-22.60748959778086,4.4,75.0,39.06,55.8,75.0,11.3,100.0,85.0,22.3
GRTHO,201.4,196.9,205.0,193.2,940296.0,2.026342451874367,189375614.4,14.018138664031015,2.531542147851363,22.8715438210475,,,,,,,,0.6008488087864495,,30.92,2026-09-07,,,,83.3,🦅 KULUÇKA LİDERİ (MULTI-BAGGER ADAYI),-1.2,,,,,,,,,,,,,,,,,,,186.0,,,,,,,35.8,,178.56,,,693.5,24674999237.0,-58.45281072717896,8.3,244.3,693.5,503.5,244.3,24.7,100.0,75.0,31.2
LOGO,136.6,133.7,136.9,133.7,289891.0,2.245508982035928,39599110.6,14.854122943421668,2.9267864163685777,23.2419548827481,,,,,,,,0.588998052527897,,42.75,2026-09-07,,,,81.4,⚡ TABAN BİRİKTİRME (TAKİP),0.0,,,,,,,,,,,,,,,,,,,129.0,,,,,,,65.8,,123.84,,,182.5,12575745783.0,-22.120866590649943,5.9,33.6,182.5,341.5,33.6,12.6,90.0,75.0,31.8
AKGRT,6.17,6.1,6.19,6.09,4565118.0,1.3136288998357974,28166778.06,4.334691583532387,1.1582895611265258,30.7936042243563,,,,,,,,0.4609789487715959,,36.8,2026-09-07,,,,77.0,⚡ TABAN BİRİKTİRME (TAKİP),1.8,,,,,,,,,,,,,,,,,,,5.92,,,,,,,50.7,,5.68,,,8.71,9817080246.0,-4.192546583850938,4.2,41.2,8.71,15.43,41.2,9.8,90.0,85.0,22.7
ALBRK,8.82,8.77,8.9,8.73,8714827.0,1.4959723820483404,76864774.14,2.368802707203094,0.6851443308579064,34.3970756422385,,,,,,,,0.5411591530054677,,21.65,2026-09-07,,,,72.6,⚡ TABAN BİRİKTİRME (TAKİP),2.7,,,,,,,,,,,,,,,,,,,7.42,,,,,,,12.2,,7.12,,,10.54,21724998951.0,4.255319148936163,18.9,19.5,10.54,22.05,19.5,21.7,90.0,85.0,26.4
LINK,5.24,5.22,5.3,5.2,7453999.0,0.3831417624521162,39058954.76,12.288930581613508,2.1655219155777066,21.8633290097379,,,,,,,,0.56391797369402,,14.4,2026-09-07,,,,71.9,🦅 KULUÇKA LİDERİ (MULTI-BAGGER ADAYI),0.0,,,,,,,,,,,,,,,,,,,4.907268,,,,,,,5.8,,4.71,,,17.68275,4654960620.0,-68.3123674894566,6.8,237.5,17.68,13.1,237.4,4.7,100.0,60.0,21.7
TSKB,11.07,10.98,11.13,10.95,8431695.0,0.9115770282588844,93338863.65,2.90299740382346,0.6161858153691326,23.7706505712981,,,,,,,,0.4357241399517808,,29.33,2026-09-07,,,,67.2,⚡ TABAN BİRİKTİRME (TAKİP),-0.9,,,,,,,,,,,,,,,,,,,10.69,,,,,,,31.7,,10.26,,,14.52,30716000748.0,-19.256017505470464,3.6,31.2,14.52,27.68,31.2,30.7,65.0,85.0,19.8
BRKVY,88.85,90.7,93.0,88.3,438649.0,-2.039691289966933,38973963.65,15.273671182011965,3.3967378318605213,24.9595404187976,,,,,,,,0.5256288537765856,,1.45,2026-09-07,,,,0.0,NÖTR,0.0,,,,,,,,,,,,,,,,,,,69.45,,,,,,,5.0,,66.67,,,139.0,5079199829.0,6.919374247894104,27.9,56.4,139.0,222.12,56.4,5.1,90.0,75.0,18.4
REEDR,5.56,5.51,5.58,5.48,7065846.0,1.4598540145985253,39286103.76,10.0,0.6157424070433843,-13.0458914571186,,,,,,,,0.6292781000481364,,36.8,2026-09-07,,,,0.0,⚠️ ELENDİ (KULUÇKA ŞARTINA UYMUYOR),0.0,,,,,,,,,,,,,,,,,,,5.34,,,,,,,50.7,,5.13,,,12.42,5206000018.0,-48.708487084870846,4.1,123.4,12.42,13.9,123.4,5.2,100.0,55.0,29.3
RUZYE,8.42,8.06,8.43,7.99,4705564.0,4.3370508054522885,39620848.88,10.0,1.3886666985521252,-7.88032930530567,,,,,,,,0.8391458693702246,,46.73,2026-09-07,,,,0.0,⚠️ ELENDİ (KULUÇKA ŞARTINA UYMUYOR),0.0,,,,,,,,,,,,,,,,,,,7.5,,,,,,,76.0,,7.2,,,16.95,2219249916.0,-29.18418839360808,12.3,101.3,16.95,21.05,101.3,2.2,100.0,55.0,51.1
VBTYZ,37.74,39.1,40.0,37.5,1053484.0,-3.230769230769226,39758486.16,24.69895287958116,3.788259006901979,16.8468461642866,,,,,,,,0.370240713538318,,2.62,2026-09-07,,,,0.0,⚠️ ELENDİ (KULUÇKA ŞARTINA UYMUYOR),0.0,,,,,,,,,,,,,,,,,,,15.02,,,,,,,5.0,,14.42,,,40.0,4563000000.0,70.30685920577618,151.3,6.0,40.0,94.35,6.0,4.6,20.0,30.0,13.0
DOGUB,69.0,63.5,71.7,63.0,576253.0,4.072398190045253,39761457.0,10.0,44.64487910296144,-49.3643692784912,,,,,,,,1.4046482218525806,,30.62,2026-09-07,,,,0.0,⚠️ ELENDİ (KULUÇKA ŞARTINA UYMUYOR),0.0,,,,,,,,,,,,,,,,,,,20.18,,,,,,,35.0,,19.37,,,146.5,2585700119.0,204.23280423280423,241.9,112.3,146.5,172.5,112.3,2.6,20.0,55.0,69.5
ONRYT,58.7,58.05,59.3,57.0,678625.0,1.1197243755383388,39835287.5,10.0,1.3085533018121347,-6.07039585347811,,,,,,,,0.6389404712261886,,33.39,2026-09-07,,,,0.0,⚠️ ELENDİ (KULUÇKA ŞARTINA UYMUYOR),0.0,,,,,,,,,,,,,,,,,,,54.8,,,,,,,42.1,,52.61,,,97.9,3647281558.0,-34.55964325529543,7.1,66.8,97.9,146.75,66.8,3.6,100.0,55.0,28.0
KARTN,157.7,160.2,161.1,157.0,252698.0,-1.437500000000007,39850474.6,10.0,4.051012444854083,-18.3734765991418,,,,,,,,0.289964065743763,,1.56,2026-09-07,,,,0.0,⚠️ ELENDİ (KULUÇKA ŞARTINA UYMUYOR),0.0,,,,,,,,,,,,,,,,,,,61.65,,,,,,,5.0,,59.18,,,238.3,12000000000.0,71.31993481803367,155.8,51.1,238.3,394.25,51.1,12.0,20.0,55.0,10.1
ICUGS,3.97,4.08,4.09,3.88,10092656.0,-1.4888337468982642,40067844.32,10.0,2.9628855669410634,15.0,,,,,,,,0.6684595832235974,,16.0,2026-09-07,,,,0.0,⚠️ ELENDİ (KULUÇKA ŞARTINA UYMUYOR),0.0,,,,,,,,,,,,,,,,,,,2.53,,,,,,,6.4,,2.43,,,6.93,1400425073.0,7.297297297297297,56.9,74.6,6.93,9.93,74.6,1.4,20.0,55.0,23.4
VAKFA,11.1,11.18,11.2,11.08,3446351.0,-0.7155635062611813,38254496.1,4.867780555190106,1.2607604770899377,15.0,,,,,,,,0.4193510379846256,,1.33,2026-09-07,,,,0.0,⚠️ ELENDİ (KULUÇKA ŞARTINA UYMUYOR),0.0,,,,,,,,,,,,,,,,,,,10.61,,,,,,,5.0,,10.19,,,19.39,10062000000.0,-28.93725992317541,4.6,74.7,19.39,27.75,74.7,10.1,100.0,55.0,14.7
LILAK,28.2,28.28,28.38,27.92,1449579.0,0.0,40878127.8,15.910629654705485,0.8985779525933215,6.45755043653878,,,,,,,,0.5587216436274803,,26.09,2026-09-07,,,,0.0,⚠️ ELENDİ (KULUÇKA ŞARTINA UYMUYOR),0.0,,,,,,,,,,,,,,,,,,,24.66,,,,,,,23.5,,23.67,,,43.86,16638000450.0,-10.815939278937387,14.4,55.5,43.86,70.5,55.5,16.6,90.0,45.0,19.6
EUREN,3.84,3.82,3.88,3.82,10688843.0,0.0,41045157.12,114.28571428571428,0.6612629088335424,0.65583507094108,,,,,,,,0.3441296271928687,,10.67,2026-09-07,,,,0.0,⚠️ ELENDİ (KULUÇKA ŞARTINA UYMUYOR),0.0,,,,,,,,,,,,,,,,,,,3.73,,,,,,,5.0,,3.58,,,11.4,8063999820.0,-56.56108597285068,2.9,196.9,11.4,9.6,196.9,8.1,65.0,30.0,12.0
EGEGY,25.3,25.7,26.2,24.94,1636894.0,-1.4797507788161957,41413418.2,4.3754215450599245,1.898339065867113,61.2777816935109,,,,,,,,0.3252189946390822,,8.0,2026-09-07,,,,0.0,NÖTR,0.0,,,,,,,,,,,,,,,,,,,22.2,,,,,,,5.0,,21.31,,,35.48,5136000061.0,-11.103302881236823,14.0,40.2,35.48,63.25,40.2,5.1,90.0,100.0,11.4
ESCOM,5.17,5.08,5.19,5.07,8024512.0,1.771653543307084,41486727.04,2.4532599411597227,0.8550047546202505,47.8896582322058,,,,,,,,0.4195922412409846,,38.67,2026-09-07,,,,0.0,⚠️ ELENDİ (KULUÇKA ŞARTINA UYMUYOR),0.0,,,,,,,,,,,,,,,,,,,2.78,,,,,,,55.5,,2.67,,,6.93,3580598135.0,62.57861635220125,86.0,34.0,6.93,12.93,34.0,3.6,20.0,100.0,23.5
PINSU,10.37,10.11,10.59,10.11,4032059.0,2.571711177052421,41812451.83,21.85919055649241,0.9510297625543724,5.14548120317794,,,,,,,,0.8890440332303569,,22.33,2026-09-07,,,,0.0,⚠️ ELENDİ (KULUÇKA ŞARTINA UYMUYOR),0.0,,,,,,,,,,,,,,,,,,,9.01,,,,,,,13.9,,8.65,,,15.66,2874152760.0,-10.371650821089032,15.1,51.0,15.66,25.92,51.0,2.9,90.0,30.0,44.0
ARSAN,3.91,3.91,3.98,3.86,11090781.0,0.5141388174807203,43364953.71,16.802750322303396,0.4820946829025305,3.41929168367491,,,,,,,,0.3020858751089087,,15.33,2026-09-07,,,,0.0,⚠️ ELENDİ (KULUÇKA ŞARTINA UYMUYOR),0.0,,,,,,,,,,,,,,,,,,,2.56,,,,,,,6.1,,2.46,,,4.96,6803351921.0,36.23693379790941,52.7,26.9,4.96,9.78,26.9,6.8,20.0,45.0,13.1
BULGS,31.62,31.7,32.16,31.48,1382757.0,-0.126342387871128,43722776.34,56.88073394495414,1.1004867617916008,2.25831577114277,,,,,,,,0.4033511624680631,,3.53,2026-09-07,,,,0.0,⚠️ ELENDİ (KULUÇKA ŞARTINA UYMUYOR),0.0,,,,,,,,,,,,,,,,,,,30.14,,,,,,,5.0,,28.93,,,56.7,8484879959.0,-4.528985507246367,4.9,79.3,56.7,79.05,79.3,8.5,100.0,30.0,14.1
AVGYO,17.6,16.93,17.6,16.11,2505584.0,10.000000000000009,44098278.400000006,9.127210496292072,0.8580698790657765,10.4813675525811,,,,,,,,1.9475110702440768,,48.0,2026-09-07,,,,0.0,⚠️ ELENDİ (KULUÇKA ŞARTINA UYMUYOR),0.0,,,,,,,,,,,,,,,,,,,8.93,,,,,,,79.2,,8.57,,,19.89,1785599976.0,34.65952563121653,97.1,13.0,19.89,44.0,13.0,1.8,20.0,55.0,100.0
ALVES,1.25,1.25,1.25,1.22,35817791.0,0.8064516129032264,44772238.75,25.614754098360653,0.6183251796852971,2.75376786750353,,,,,,,,0.2967472533337152,,48.0,2026-09-07,,,,0.0,⚠️ ELENDİ (KULUÇKA ŞARTINA UYMUYOR),0.0,,,,,,,,,,,,,,,,,,,1.18,,,,,,,79.2,,1.13,,,4.68,1984000015.0,-62.34939759036144,5.9,274.4,4.68,3.12,274.4,2.0,100.0,30.0,14.4
KLYPV,61.85,62.4,62.8,61.75,730465.0,-0.6425702811244957,45179260.25,37.55084694311213,1.3992949906144296,4.51466486064799,,,,,,,,0.1934146426904336,,2.67,2026-09-07,,,,0.0,⚠️ ELENDİ (KULUÇKA ŞARTINA UYMUYOR),0.0,,,,,,,,,,,,,,,,,,,52.6,,,,,,,5.0,,50.5,,,74.9,25612204742.0,-5.283307810107191,17.6,21.1,74.9,154.62,21.1,25.6,90.0,30.0,10.0
TUREX,6.06,6.0,6.11,5.97,6660827.0,1.3377926421404545,40364611.62,11.393119007332205,0.7303387036126456,7.58457916924205,,,,,,,,0.493468890730911,,28.0,2026-09-07,,,,0.0,⚠️ ELENDİ (KULUÇKA ŞARTINA UYMUYOR),0.0,,,,,,,,,,,,,,,,,,,5.87,,,,,,,28.3,,5.64,,,9.99,6458400021.0,-33.03867403314918,3.2,64.9,9.99,15.15,64.9,6.5,65.0,55.0,24.0
ELITE,26.18,26.44,26.44,25.78,1286024.0,0.2297090352220471,33668108.32,32.11087943088434,1.2586756309243814,4.63556109360918,,,,,,,,0.707026108513509,,25.94,2026-09-07,,,,0.0,⚠️ ELENDİ (KULUÇKA ŞARTINA UYMUYOR),0.0,,,,,,,,,,,,,,,,,,,25.62,,,,,,,23.1,,24.6,,,44.7,3385152268.0,-24.115942028985508,2.2,70.7,44.7,65.45,70.7,3.4,65.0,30.0,25.9
INVES,738.5,765.0,770.0,732.5,45637.0,-3.4640522875816995,33702924.5,13.424002152202918,3.663684571294087,35.323123253356,,,,,,,,0.4313695465595922,,0.96,2026-09-07,,,,0.0,🏢 MEGA DEV (3X POTANSİYELİ DÜŞÜK),0.0,,,,,,,,,,,,,,,,,,,194.8,,,,,,,5.0,,187.01,,,870.0,143437500000.0,14.496124031007753,279.1,17.8,870.0,1846.25,17.8,143.4,20.0,90.0,15.1
AKCNS,247.7,243.0,248.4,243.0,137086.0,1.5580155801557944,33956202.2,82.06334481844685,1.661940836919053,2.27567752998473,,,,,,,,0.3946175690399393,,40.74,2026-09-07,,,,0.0,🏢 MEGA DEV (3X POTANSİYELİ DÜŞÜK),0.0,,,,,,,,,,,,,,,,,,,121.8,,,,,,,60.7,,116.93,,,253.75,46693942258.0,78.58687815428983,103.4,2.4,253.75,619.25,2.4,46.7,20.0,30.0,21.6
MTRKS,33.22,31.1,33.4,30.92,1026069.0,6.816720257234718,34086012.18,11.51872399445215,2.61277111826132,29.0178133186367,,,,,,,,0.5916928109832944,,43.94,2026-09-07,,,,0.0,⚠️ ELENDİ (KULUÇKA ŞARTINA UYMUYOR),0.0,,,,,,,,,,,,,,,,,,,19.79,,,,,,,68.9,,19.0,,,37.2,3115520222.0,31.512272367379246,67.9,12.0,37.2,83.05,12.0,3.1,20.0,85.0,54.8
YAYLA,23.16,21.76,23.34,21.64,1481539.0,5.368516833484985,34312443.24,10.0,1.2138759225928726,15.0,,,,,,,,1.115647800428175,,42.07,2026-09-07,,,,0.0,⚠️ ELENDİ (KULUÇKA ŞARTINA UYMUYOR),0.0,,,,,,,,,,,,,,,,,,,20.32,,,,,,,64.1,,19.51,,,44.66,1096252477.0,-46.06427573358174,14.0,92.8,44.66,57.9,92.8,1.1,100.0,55.0,65.9
DESPC,41.1,39.88,42.5,39.28,836157.0,4.15610745058287,34366052.7,10.0,2.299582438351888,-28.7481206564526,,,,,,,,1.2548891717695747,,23.65,2026-09-07,,,,0.0,⚠️ ELENDİ (KULUÇKA ŞARTINA UYMUYOR),0.0,,,,,,,,,,,,,,,,,,,36.98,,,,,,,17.3,,35.5,,,69.0,907579979.0,-34.08179631114675,11.1,67.9,69.0,102.75,67.9,0.9,100.0,55.0,64.7
OZYSR,12.2,11.6,12.32,11.55,2830374.0,5.172413793103446,34530562.8,10.0,1.4256433507760409,-3.3047140952314,,,,,,,,1.105036339959839,,39.27,2026-09-07,,,,0.0,⚠️ ELENDİ (KULUÇKA ŞARTINA UYMUYOR),0.0,,,,,,,,,,,,,,,,,,,7.43901131,,,,,,,57.0,,7.14,,,14.29,4908192105.0,42.91453710095647,64.0,17.1,14.29,30.5,17.1,4.9,20.0,55.0,64.5
DOHOL,21.76,21.78,21.88,21.68,1606067.0,-0.1834862385321062,34948017.92,8.790853633902962,0.5438278784764623,7.04256791810812,,,,,,,,0.1762631316591174,,14.4,2026-09-07,,,,0.0,⚠️ ELENDİ (KULUÇKA ŞARTINA UYMUYOR),0.0,,,,,,,,,,,,,,,,,,,15.87,,,,,,,5.8,,15.24,,,25.24,36976660010.0,20.8888888888889,37.1,16.0,25.24,54.4,16.0,37.0,20.0,55.0,10.0
AKENR,10.31,10.2,10.4,10.18,3401498.0,1.3765978367748335,35069444.38,10.0,0.4728626813194474,-26.5432289814888,,,,,,,,0.3786383841790333,,25.09,2026-09-07,,,,0.0,⚠️ ELENDİ (KULUÇKA ŞARTINA UYMUYOR),0.0,,,,,,,,,,,,,,,,,,,9.11,,,,,,,20.9,,8.75,,,15.53,7415598571.0,-5.151793928242859,13.2,50.6,15.53,25.78,50.6,7.4,90.0,55.0,20.1
QUAGR,3.06,3.08,3.09,3.03,11507516.0,-0.3257328990227944,35212998.96,10.0,0.7514697864941724,-10.7583902505042,,,,,,,,0.2794801934526301,,20.0,2026-09-07,,,,0.0,⚠️ ELENDİ (KULUÇKA ŞARTINA UYMUYOR),0.0,,,,,,,,,,,,,,,,,,,2.42,,,,,,,8.0,,2.32,,,11.89,8094679917.0,-66.70293797606092,26.4,288.6,11.89,7.65,288.6,8.1,100.0,55.0,10.0
GOODY,2.7,2.66,2.75,2.66,13169902.0,1.8867924528301987,35558735.400000006,10.0,2.525843117077506,-117.770509794428,,,,,,,,1.1840667484161305,,16.89,2026-09-07,,,,0.0,⚠️ ELENDİ (KULUÇKA ŞARTINA UYMUYOR),0.0,,,,,,,,,,,,,,,,,,,2.39979467,,,,,,,6.8,,2.3,,,4.2169597,4028000145.0,-21.406151077724697,12.5,56.2,4.22,6.75,56.3,4.0,90.0,55.0,50.9
YUNSA,7.45,7.4,7.55,7.35,5029021.0,1.2228260869565195,37466206.45,8.941430628900624,0.690046108047327,8.6156697298287,,,,,,,,1.0413628680748792,,20.0,2026-09-07,,,,0.0,⚠️ ELENDİ (KULUÇKA ŞARTINA UYMUYOR),0.0,,,,,,,,,,,,,,,,,,,6.91,,,,,,,8.0,,6.63,,,11.2,3532800064.0,-8.588957055214726,7.8,50.3,11.2,18.62,50.3,3.5,90.0,55.0,42.6
TABGD,238.8,239.2,239.5,234.8,149429.0,-0.167224080267549,35683645.2,22.322555315628595,2.334264073887083,12.2193886562881,,,,,,,,0.2219239717810264,,39.66,2026-09-07,,,,0.0,🏢 MEGA DEV (3X POTANSİYELİ DÜŞÜK),0.0,,,,,,,,,,,,,,,,,,,207.4,,,,,,,58.0,,199.1,,,295.0,62501043734.0,9.641873278236917,15.1,23.5,295.0,597.0,23.5,62.5,90.0,30.0,10.0
GSDHO,4.63,4.5,4.71,4.5,7752864.0,2.8888888888888866,35895760.32,16.589036187746327,0.286046138068231,1.9693891361256,,,,,,,,0.7936000951231286,,26.67,2026-09-07,,,,0.0,⚠️ ELENDİ (KULUÇKA ŞARTINA UYMUYOR),0.0,,,,,,,,,,,,,,,,,,,4.0,,,,,,,25.0,,3.84,,,6.92,4297500000.0,-5.510204081632662,15.7,49.5,6.92,11.57,49.5,4.3,90.0,45.0,42.2
BRYAT,1656.0,1655.0,1665.0,1647.0,21876.0,0.120918984280532,36226656.0,10.59792521295046,1.3888854991472066,14.3760330070077,,,,,,,,0.2824925877333443,,20.0,2026-09-07,,,,0.0,🏢 MEGA DEV (3X POTANSİYELİ DÜŞÜK),0.0,,,,,,,,,,,,,,,,,,,1623.0,,,,,,,8.0,,1558.08,,,2722.5,45412405941.0,-34.285714285714285,2.0,64.4,2722.5,4140.0,64.4,45.4,65.0,55.0,10.5
SERNT,8.47,8.4,8.6,8.34,4309175.0,1.437125748503006,36498712.25,10.0,0.8172165430871875,15.0,,,,,,,,0.9805538290812764,,20.0,2026-09-07,,,,0.0,⚠️ ELENDİ (KULUÇKA ŞARTINA UYMUYOR),0.0,,,,,,,,,,,,,,,,,,,6.96,,,,,,,8.0,,6.68,,,12.23,3448550158.0,-15.469061876247494,21.7,44.4,12.23,21.18,44.4,3.4,90.0,55.0,41.5
FRMPL,32.04,31.94,32.54,31.76,1143718.0,0.313087038196612,36644724.72,10.0,1.2944570653559413,15.0,,,,,,,,0.5179041355830586,,12.1,2026-09-07,,,,0.0,⚠️ ELENDİ (KULUÇKA ŞARTINA UYMUYOR),0.0,,,,,,,,,,,,,,,,,,,27.58,,,,,,,5.0,,26.48,,,55.65,5110400000.0,-3.668069753457603,16.2,73.7,55.65,80.1,73.7,5.1,100.0,55.0,19.7
DUNYH,120.0,120.5,123.0,117.8,305703.0,-2.5182778229082,36684360.0,6.9058388867787714,2.555087146570232,46.43083034837,,,,,,,,0.2210820373366797,,15.69,2026-09-07,,,,0.0,⚠️ ELENDİ (KULUÇKA ŞARTINA UYMUYOR),0.0,,,,,,,,,,,,,,,,,,,73.0,,,,,,,6.3,,70.08,,,179.0,4521746050.0,41.50943396226416,64.4,49.2,179.0,300.0,49.2,4.5,20.0,100.0,10.0
TRCAS,49.02,49.5,49.9,48.76,751962.0,-0.3658536585365848,36861177.24,11.466666666666669,0.7369945716185226,7.37368670279957,,,,,,,,0.8453983888275857,,4.77,2026-09-07,,,,0.0,⚠️ ELENDİ (KULUÇKA ŞARTINA UYMUYOR),0.0,,,,,,,,,,,,,,,,,,,33.34,,,,,,,5.0,,32.01,,,55.95,12572010070.0,30.44172432144759,47.0,14.1,55.95,122.55,14.1,12.6,20.0,55.0,29.6
AYDEM,25.58,26.14,26.14,25.48,1443582.0,-1.615384615384622,36926827.56,9.339515864033006,0.3632017813073759,4.67445652072496,,,,,,,,0.5333033946758102,,0.48,2026-09-07,,,,0.0,⚠️ ELENDİ (KULUÇKA ŞARTINA UYMUYOR),0.0,,,,,,,,,,,,,,,,,,,16.99,,,,,,,5.0,,16.31,,,33.2,18330000000.0,38.27027027027026,50.6,29.8,33.2,63.95,29.8,18.3,20.0,55.0,18.7
TURGG,30.1,29.04,30.5,27.96,1229102.0,4.080221300138311,36995970.2,13.319173414752866,1.4421800779831329,11.1212233891846,,,,,,,,0.8761570961160083,,39.18,2026-09-07,,,,0.0,⚠️ ELENDİ (KULUÇKA ŞARTINA UYMUYOR),0.0,,,,,,,,,,,,,,,,,,,25.54,,,,,,,56.8,,24.52,,,46.64,3706749169.0,-18.604651162790688,17.9,55.0,46.64,75.25,55.0,3.7,90.0,45.0,51.1
SSAAT,32.94,32.68,33.06,32.5,1374871.0,0.795593635250912,45288250.74,10.0,2.0,15.0,,,,,,,,0.3366132331772158,,36.0,2026-09-07,,,,0.0,⚠️ ELENDİ (KULUÇKA ŞARTINA UYMUYOR),0.0,,,,,,,,,,,,,,,,,,,32.26,,,,,,,48.7,,30.97,,,55.25,21581511972.0,-39.0,2.1,67.7,55.25,82.35,67.7,21.6,65.0,55.0,15.8
ARFYE,19.57,19.05,19.81,19.05,1954745.0,2.729658792650916,38254359.65,10.0,1.6883818279386211,15.0,,,,,,,,0.666506843275719,,30.32,2026-09-07,,,,0.0,⚠️ ELENDİ (KULUÇKA ŞARTINA UYMUYOR),0.0,,,,,,,,,,,,,,,,,,,18.05,,,,,,,34.2,,17.33,,,41.0,3483052375.0,-8.72201492537314,8.4,109.5,41.0,48.92,109.5,3.5,100.0,55.0,37.0
MARKA,82.55,83.2,85.0,80.6,431050.0,-0.7812500000000068,35583177.5,38.62891904539073,8.398718877430593,27.8560193849719,,,,,,,,0.8719006868607266,,16.82,2026-09-07,,,,0.0,⚠️ ELENDİ (KULUÇKA ŞARTINA UYMUYOR),0.0,,,,,,,,,,,,,,,,,,,21.8,,,,,,,6.7,,20.93,,,95.25,1645616014.0,64.11530815109344,278.7,15.4,95.25,206.38,15.4,1.6,20.0,60.0,30.5
ENSRI,4.58,4.64,4.68,4.47,13534595.0,-1.0799136069114432,61988445.1,10.0,1.5366703909115005,-5.18601940057923,,,,,,,,0.4236407700476544,,21.33,2026-09-07,,,,0.0,⚠️ ELENDİ (KULUÇKA ŞARTINA UYMUYOR),0.0,,,,,,,,,,,,,,,,,,,4.47,,,,,,,11.4,,4.29,,,38.92,2523651306.0,-77.84793281564355,2.5,749.8,38.92,11.45,749.8,2.5,65.0,55.0,14.8
ARASE,121.8,120.2,123.1,119.0,511513.0,1.7543859649122755,62302283.4,11.10452659889684,1.2386397010668166,13.0912523491113,,,,,,,,1.804283114631968,,30.24,2026-09-07,,,,0.0,⚠️ ELENDİ (KULUÇKA ŞARTINA UYMUYOR),0.0,,,,,,,,,,,,,,,,,,,49.8,,,,,,,34.0,,47.81,,,129.7,29924999237.0,112.3801220575414,144.6,6.5,129.7,304.5,6.5,29.9,20.0,55.0,71.9
LYDHO,145.1,149.5,151.5,140.5,431213.0,-0.4118050789293029,62569006.3,10.0,7.04951372444612,-4.92212551714847,,,,,,,,0.8384126868703369,,15.42,2026-09-07,,,,0.0,🏢 MEGA DEV (3X POTANSİYELİ DÜŞÜK),0.0,,,,,,,,,,,,,,,,,,,110.9,,,,,,,6.2,,106.46,,,226.1,51285131699.0,16.54618473895582,30.8,55.8,226.1,362.75,55.8,51.3,65.0,55.0,29.3
PETUN,12.2,11.66,12.3,11.57,5141033.0,4.273504273504273,62720602.6,14.525538754613644,0.3291914572118563,2.66608055419571,,,,,,,,1.228329389810446,,40.33,2026-09-07,,,,0.0,⚠️ ELENDİ (KULUÇKA ŞARTINA UYMUYOR),0.0,,,,,,,,,,,,,,,,,,,10.48,,,,,,,59.7,,10.06,,,15.99,3549136456.0,-3.174603174603177,16.4,31.1,15.99,30.5,31.1,3.5,90.0,45.0,64.4
NIBAS,4.38,4.38,4.54,4.33,14367406.0,1.3888888888888795,62929238.28,10.0,5.511444426268701,-107.212572449551,,,,,,,,0.3177480059039702,,5.33,2026-09-07,,,,0.0,⚠️ ELENDİ (KULUÇKA ŞARTINA UYMUYOR),0.0,,,,,,,,,,,,,,,,,,,3.3,,,,,,,5.0,,3.17,,,11.6,1399680056.0,-4.435981380289156,32.7,164.8,11.6,10.95,164.8,1.4,65.0,55.0,18.1
KATMR,1.85,1.84,1.86,1.82,34295221.0,0.5434782608695656,63446158.85,7.809202195018996,0.3793774518549507,5.30778394831394,,,,,,,,0.4720855207686923,,34.0,2026-09-07,,,,0.0,⚠️ ELENDİ (KULUÇKA ŞARTINA UYMUYOR),0.0,,,,,,,,,,,,,,,,,,,1.81,,,,,,,43.6,,1.74,,,4.2,3961979815.0,-45.58823529411764,2.2,127.0,4.2,4.62,127.0,4.0,65.0,55.0,19.2
INDES,11.81,11.74,11.96,11.64,5417139.0,0.9401709401709504,63976411.59,9.957001939128237,1.044430294669072,12.5280970462568,,,,,,,,0.8031194749889035,,21.75,2026-09-07,,,,0.0,⚠️ ELENDİ (KULUÇKA ŞARTINA UYMUYOR),0.0,,,,,,,,,,,,,,,,,,,6.96,,,,,,,12.4,,6.68,,,12.85,8774275034.0,43.673965936739656,69.7,8.8,12.85,29.53,8.8,8.8,20.0,55.0,32.8
ANHYT,103.3,104.7,105.0,102.9,619869.0,-1.337153772683864,64032467.7,6.256245646973321,3.1938381493918566,59.1213734569589,,,,,,,,1.085143659618628,,2.67,2026-09-07,,,,0.0,🏢 MEGA DEV (3X POTANSİYELİ DÜŞÜK),0.0,,,,,,,,,,,,,,,,,,,79.5,,,,,,,5.0,,76.32,,,125.7,45020998688.0,23.7125748502994,29.9,21.7,125.7,258.25,21.7,45.0,65.0,100.0,38.0
HUNER,3.89,3.9,3.95,3.89,16616269.0,0.0,64637286.41,10.0,0.7619353549756925,-6.91801127402945,,,,,,,,0.3629990454542365,,8.0,2026-09-07,,,,0.0,⚠️ ELENDİ (KULUÇKA ŞARTINA UYMUYOR),0.0,,,,,,,,,,,,,,,,,,,2.93,,,,,,,5.0,,2.81,,,4.26,3889999866.0,-4.889975550122243,32.8,9.5,4.26,9.72,9.5,3.9,65.0,55.0,12.7
ESEN,3.46,3.39,3.47,3.36,18815518.0,2.3668639053254457,65101692.28,29.879101899827287,0.3953838365716336,-4.23149320297435,,,,,,,,0.5708170302284242,,42.91,2026-09-07,,,,0.0,⚠️ ELENDİ (KULUÇKA ŞARTINA UYMUYOR),0.0,,,,,,,,,,,,,,,,,,,3.3,,,,,,,66.3,,3.17,,,16.77,6151600208.0,-67.99259944495837,4.8,384.7,16.77,8.65,384.7,6.2,100.0,30.0,31.8
GRSEL,294.5,297.75,297.75,293.5,222467.0,-1.174496644295302,65516531.5,8.945168697680634,2.1574377170807235,30.7526568418126,,,,,,,,0.616756587868137,,5.18,2026-09-07,,,,0.0,NÖTR,0.0,,,,,,,,,,,,,,,,,,,286.75,,,,,,,5.0,,275.28,,,402.0,30396000000.0,-17.44919411352488,2.7,36.5,402.0,736.25,36.5,30.4,65.0,85.0,21.6
CELHA,25.12,24.0,25.3,24.0,1838374.0,3.204601479046841,46179954.88,10.0,2.138902654385006,-17.2293293092336,,,,,,,,1.0091952580546677,,40.25,2026-09-07,,,,0.0,⚠️ ELENDİ (KULUÇKA ŞARTINA UYMUYOR),0.0,,,,,,,,,,,,,,,,,,,8.32,,,,,,,59.5,,7.99,,,27.82,9383061888.0,161.39438085327788,201.9,10.7,27.82,62.8,10.7,9.4,20.0,55.0,51.3
ORGE,22.68,22.36,22.8,21.9,2913297.0,1.5219337511190685,66073575.96,10.5287591105334,1.7423248975001326,20.2060622539078,,,,,,,,0.5191004409338154,,40.53,2026-09-07,,,,0.0,⚠️ ELENDİ (KULUÇKA ŞARTINA UYMUYOR),0.0,,,,,,,,,,,,,,,,,,,12.82,,,,,,,60.2,,12.31,,,26.82,8923991493.0,46.511627906976734,76.9,18.3,26.82,56.7,18.3,8.9,20.0,70.0,25.8
FZLGY,8.18,7.96,8.3,7.96,8227026.0,2.3779724655819714,67297072.67999999,10.0,2.321127080288864,-20.3624656920139,,,,,,,,0.4842780171327214,,28.24,2026-09-07,,,,0.0,⚠️ ELENDİ (KULUÇKA ŞARTINA UYMUYOR),0.0,,,,,,,,,,,,,,,,,,,7.75,,,,,,,28.9,,7.44,,,20.2,9987499714.0,-37.60488176964149,5.5,146.9,20.2,20.45,146.9,10.0,100.0,55.0,28.8
DAGI,10.07,9.42,10.1,9.27,6704563.0,8.047210300429185,67514949.41,10.0,2.186725037241643,-5.93450154384257,,,,,,,,0.7773152498891738,,45.98,2026-09-07,,,,0.0,⚠️ ELENDİ (KULUÇKA ŞARTINA UYMUYOR),0.0,,,,,,,,,,,,,,,,,,,5.36,,,,,,,74.1,,5.15,,,11.75,3727999878.0,15.61423650975889,87.9,16.7,11.75,25.18,16.7,3.7,20.0,55.0,67.4
DOAS,162.9,163.0,163.8,162.5,416318.0,0.0,67818202.2,14.192615309554096,0.4820735947340163,3.74584386729599,,,,,,,,0.5499317205342205,,9.23,2026-09-07,,,,0.0,⚠️ ELENDİ (KULUÇKA ŞARTINA UYMUYOR),0.0,,,,,,,,,,,,,,,,,,,159.1,,,,,,,5.0,,152.74,,,247.0,32254198792.0,-8.534531162268383,2.4,51.6,247.0,407.25,51.6,32.3,65.0,45.0,19.2
BORSK,6.7,6.59,6.79,6.46,10218376.0,1.9786910197869083,68463119.2,10.0,0.8240524933737571,-5.50180500365222,,,,,,,,1.0317508582790078,,32.73,2026-09-07,,,,0.0,⚠️ ELENDİ (KULUÇKA ŞARTINA UYMUYOR),0.0,,,,,,,,,,,,,,,,,,,5.35,,,,,,,40.4,,5.14,,,8.06,6301254122.0,4.769351055512129,25.2,20.3,8.06,16.75,20.3,6.3,90.0,55.0,46.0
ZGYO,21.62,21.02,22.1,20.8,3215480.0,2.952380952380957,69518677.60000001,10.0,1.1183726591508438,15.0,,,,,,,,0.2842052717802845,,27.32,2026-09-07,,,,0.0,⚠️ ELENDİ (KULUÇKA ŞARTINA UYMUYOR),0.0,,,,,,,,,,,,,,,,,,,10.21,,,,,,,26.6,,9.8,,,45.44,4420336620.0,101.30353817504655,111.8,110.2,45.44,54.05,110.2,4.4,20.0,55.0,24.7
TATEN,7.55,7.65,7.67,7.51,9249235.0,-0.9186351706036784,69831724.25,10.0,1.5571151914632966,-3.49740028671485,,,,,,,,0.3528001344947203,,6.0,2026-09-07,,,,0.0,⚠️ ELENDİ (KULUÇKA ŞARTINA UYMUYOR),0.0,,,,,,,,,,,,,,,,,,,7.48,,,,,,,5.0,,7.18,,,23.8875,8542438451.0,-47.61491760624458,0.9,216.4,23.89,18.88,216.4,8.5,65.0,55.0,12.3
AKSA,10.87,10.81,10.91,10.81,6436718.0,1.1162790697674343,69967124.66,7.292854746729286,1.152705358118089,18.2911638761343,,,,,,,,0.4022668244314984,,25.6,2026-09-07,,,,0.0,🏢 MEGA DEV (3X POTANSİYELİ DÜŞÜK),0.0,,,,,,,,,,,,,,,,,,,9.26,,,,,,,22.2,,8.89,,,13.28,41763750000.0,3.0331753554502225,17.4,22.2,13.28,27.17,22.2,41.8,90.0,70.0,19.7
AKHAN,39.6,40.5,40.64,39.16,1807060.0,-0.9999999999999964,71559576.0,10.0,1.9038132032330208,15.0,,,,,,,,0.8625608605503539,,8.65,2026-09-07,,,,0.0,⚠️ ELENDİ (KULUÇKA ŞARTINA UYMUYOR),0.0,,,,,,,,,,,,,,,,,,,22.0,,,,,,,5.0,,21.12,,,49.7,10934000000.0,67.51269035532995,80.0,25.5,49.7,99.0,25.5,10.9,20.0,55.0,30.2
YIGIT,22.22,22.06,22.74,22.06,3278369.0,1.0919017288443968,72845359.17999999,58.22851153039832,0.8186055559075912,1.60992456628032,,,,,,,,0.7752227444520884,,5.18,2026-09-07,,,,0.0,⚠️ ELENDİ (KULUÇKA ŞARTINA UYMUYOR),0.0,,,,,,,,,,,,,,,,,,,20.36,,,,,,,5.0,,19.55,,,29.38,6604989862.0,-22.57839721254356,9.1,32.2,29.38,55.55,32.2,6.6,90.0,30.0,32.6
SURGY,30.78,29.92,30.98,29.76,2405555.0,3.288590604026847,74042982.9,10.0,0.4827955083391238,-5.13041368419097,,,,,,,,0.5381539158834661,,38.82,2026-09-07,,,,0.0,⚠️ ELENDİ (KULUÇKA ŞARTINA UYMUYOR),0.0,,,,,,,,,,,,,,,,,,,29.0,,,,,,,55.9,,27.84,,,88.3,4991499872.0,-46.23580786026201,6.1,186.9,88.3,76.95,186.9,5.0,100.0,55.0,35.3
MAVI,36.12,36.22,36.48,35.96,2092910.0,-0.2760905577029305,75595909.19999999,14.087912945122664,1.8033922947418035,14.613450639407,,,,,,,,0.5255349135916153,,9.23,2026-09-07,,,,0.0,⚠️ ELENDİ (KULUÇKA ŞARTINA UYMUYOR),0.0,,,,,,,,,,,,,,,,,,,35.76,,,,,,,5.0,,34.33,,,50.75,28402348137.0,-17.11794401101423,1.0,40.5,50.75,90.3,40.5,28.4,65.0,45.0,18.4
SAFKR,14.59,14.46,14.68,14.08,4502325.0,0.9688581314878932,65688921.75,21.21873182082606,2.104825807270666,11.8043937127077,,,,,,,,0.954090516141178,,39.6,2026-09-07,,,,0.0,⚠️ ELENDİ (KULUÇKA ŞARTINA UYMUYOR),0.0,,,,,,,,,,,,,,,,,,,14.08,,,,,,,57.8,,13.52,,,30.74,2889999962.0,-24.2633634632188,3.6,110.7,30.74,36.48,110.7,2.9,65.0,30.0,38.2
AGHOL,33.68,32.88,33.82,32.64,2259622.0,2.4330900243308915,76104068.96,18.41342736865125,0.6182700261296186,3.94764331491178,,,,,,,,0.4066787460860755,,41.36,2026-09-07,,,,0.0,🏢 MEGA DEV (3X POTANSİYELİ DÜŞÜK),0.0,,,,,,,,,,,,,,,,,,,23.9,,,,,,,62.3,,22.94,,,37.78,80074153265.0,21.67630057803468,40.9,12.2,37.78,84.2,12.2,80.1,20.0,45.0,26.4
SMRVA,10.45,10.4,10.52,10.29,4450416.0,0.4807692307692204,46506847.2,10.0,2.431482226911971,15.0,,,,,,,,0.4915996564823867,,30.96,2026-09-07,,,,0.0,⚠️ ELENDİ (KULUÇKA ŞARTINA UYMUYOR),0.0,,,,,,,,,,,,,,,,,,,10.245986,,,,,,,35.9,,9.84,,,101.77155,6239999771.0,-75.28493279630291,2.0,873.9,101.77,26.12,873.9,6.2,65.0,55.0,19.6
KLSYN,16.1,15.8,16.41,15.6,2893300.0,2.613129381771841,46582130.00000001,350.76252723311546,1.7363844808210402,0.561597736081696,,,,,,,,1.2341254519467812,,26.57,2026-09-07,,,,0.0,⚠️ ELENDİ (KULUÇKA ŞARTINA UYMUYOR),0.0,,,,,,,,,,,,,,,,,,,5.13,,,,,,,24.7,,4.92,,,16.55,6768976478.0,151.95618153364634,213.8,2.8,16.55,40.25,2.8,6.8,20.0,30.0,56.3
EGEEN,5042.5,5145.0,5152.5,5005.0,9264.0,-1.8968871595330736,46713720.0,10.0,1.7403578051397728,-3.01656915105796,,,,,,,,0.8046695851573901,,6.24,2026-09-07,,,,0.0,⚠️ ELENDİ (KULUÇKA ŞARTINA UYMUYOR),0.0,,,,,,,,,,,,,,,,,,,4802.5,,,,,,,5.0,,4610.4,,,8877.5,16191000490.0,-38.449801647848645,5.0,76.1,8877.5,12606.25,76.1,16.2,100.0,55.0,28.2
KNFRT,13.05,12.11,13.05,11.99,3583793.0,9.941027801179455,46768498.650000006,10.0,2.1640247876187937,-10.2301020061242,,,,,,,,0.8435699777947478,,48.0,2026-09-07,,,,0.0,⚠️ ELENDİ (KULUÇKA ŞARTINA UYMUYOR),0.0,,,,,,,,,,,,,,,,,,,10.2,,,,,,,79.2,,9.79,,,24.28,3133679970.0,-24.39165701042874,27.9,86.1,24.28,32.62,86.1,3.1,100.0,55.0,79.2
BERA,13.74,13.63,13.8,13.6,3496243.0,0.8810572687224744,48038378.82,10.0,0.2700552905777237,-1.25779548537557,,,,,,,,0.4249224746610792,,31.2,2026-09-07,,,,0.0,⚠️ ELENDİ (KULUÇKA ŞARTINA UYMUYOR),0.0,,,,,,,,,,,,,,,,,,,12.48,,,,,,,36.5,,11.98,,,23.1,8801216659.0,-22.722159730033752,10.1,68.1,23.1,34.35,68.1,8.8,100.0,55.0,19.3
HOROZ,58.9,57.1,59.35,56.75,831581.0,3.3333333333333304,48980120.9,10.0,1.2103567079448307,-1.57077415257944,,,,,,,,0.596173918429701,,38.31,2026-09-07,,,,0.0,⚠️ ELENDİ (KULUÇKA ŞARTINA UYMUYOR),0.0,,,,,,,,,,,,,,,,,,,53.2,,,,,,,54.6,,51.07,,,95.95,5157820724.0,-4.846526655896607,10.7,62.9,95.95,147.25,62.9,5.2,100.0,55.0,37.5
ESCAR,45.86,46.1,47.0,45.6,1071146.0,0.8798944126704764,49122755.56,10.0,3.472195933003124,-22.7612896158175,,,,,,,,0.2498742401102714,,2.4,2026-09-07,,,,0.0,⚠️ ELENDİ (KULUÇKA ŞARTINA UYMUYOR),0.0,,,,,,,,,,,,,,,,,,,18.46,,,,,,,5.0,,17.72,,,57.0,22729999542.0,73.31821617535903,148.4,24.3,57.0,114.65,24.3,22.7,20.0,55.0,13.1
MEYSU,11.07,11.06,11.2,11.02,4439888.0,0.362647325475983,49149560.16,10.0,1.945361183454413,15.0,,,,,,,,0.3057048918781277,,7.56,2026-09-07,,,,0.0,⚠️ ELENDİ (KULUÇKA ŞARTINA UYMUYOR),0.0,,,,,,,,,,,,,,,,,,,8.25,,,,,,,5.0,,7.92,,,22.82,9596100000.0,34.18181818181818,34.2,106.1,22.82,27.68,106.1,9.6,65.0,55.0,12.5
AAGYO,11.84,11.67,12.08,11.67,4155882.0,1.4567266495287057,49205642.88,10.0,2.0,15.0,,,,,,,,0.6449812115176926,,15.22,2026-09-07,,,,0.0,⚠️ ELENDİ (KULUÇKA ŞARTINA UYMUYOR),0.0,,,,,,,,,,,,,,,,,,,11.55,,,,,,,6.1,,11.09,,,25.52,10000000000.0,-48.96551724137931,2.5,115.5,25.52,29.6,115.5,10.0,65.0,55.0,29.9
TRGYO,92.95,94.05,94.35,92.45,531191.0,-1.1695906432748475,49374203.45,10.320782580695306,0.6013233383194543,6.70791745653675,,,,,,,,0.4326624996131059,,6.74,2026-09-07,,,,0.0,🏢 MEGA DEV (3X POTANSİYELİ DÜŞÜK),0.0,,,,,,,,,,,,,,,,,,,68.35,,,,,,,5.0,,65.62,,,107.8,93935253323.0,31.19266055045873,36.0,16.0,107.8,232.38,16.0,93.9,20.0,55.0,15.1
TARKM,514.0,513.5,521.5,508.0,120330.0,-1.248799231508165,61849620.0,10.0,3.32926416072392,15.0,,,,,,,,0.4476301049380672,,16.89,2026-09-07,,,,0.0,⚠️ ELENDİ (KULUÇKA ŞARTINA UYMUYOR),0.0,,,,,,,,,,,,,,,,,,,322.0,,,,,,,6.8,,309.12,,,621.5,10930500000.0,16.15819209039548,59.6,20.9,621.5,1285.0,20.9,10.9,20.0,55.0,15.7
EGEPO,14.29,13.9,14.36,13.25,3468864.0,2.510760401721662,49570066.56,10.0,3.305582478793613,-3.14186819529634,,,,,,,,0.8395860622765413,,44.47,2026-09-07,,,,0.0,⚠️ ELENDİ (KULUÇKA ŞARTINA UYMUYOR),0.0,,,,,,,,,,,,,,,,,,,6.7,,,,,,,70.2,,6.43,,,20.58,6969999790.0,58.425720620842576,113.3,44.0,20.58,35.72,44.0,7.0,20.0,55.0,41.9
DGATE,95.25,87.95,98.2,87.95,538543.0,6.662933930571112,51296220.75,25.409486208184383,6.508188017964649,33.3219959672716,,,,,,,,1.9089281789889336,,31.88,2026-09-07,,,,0.0,⚠️ ELENDİ (KULUÇKA ŞARTINA UYMUYOR),0.0,,,,,,,,,,,,,,,,,,,58.3,,,,,,,38.2,,55.97,,,135.2,2664887200.0,16.942909760589316,63.4,41.9,135.2,238.12,41.9,2.7,20.0,60.0,100.0
OTKAR,313.5,313.25,315.5,312.0,167929.0,0.4807692307692308,52645741.5,10.0,6.829444906639201,-79.6834177193629,,,,,,,,0.41823592202978,,16.0,2026-09-07,,,,0.0,⚠️ ELENDİ (KULUÇKA ŞARTINA UYMUYOR),0.0,,,,,,,,,,,,,,,,,,,270.0,,,,,,,6.4,,259.2,,,569.0,37440000000.0,-37.92079207920792,16.1,81.5,569.0,783.75,81.5,37.4,100.0,55.0,17.0
SNGYO,3.21,3.25,3.26,3.18,16829482.0,-0.9259259259259336,54022637.22,10.0,0.2097589536360832,-0.248871296514052,,,,,,,,0.8161412391645791,,13.0,2026-09-07,,,,0.0,⚠️ ELENDİ (KULUÇKA ŞARTINA UYMUYOR),0.0,,,,,,,,,,,,,,,,,,,3.05,,,,,,,5.2,,2.93,,,5.45,12620606082.0,-34.48979591836735,5.2,69.8,5.45,8.03,69.8,12.6,100.0,55.0,28.6
LYDYE,12705.0,13037.5,13295.0,12440.0,4271.0,-2.5503355704697985,54263055.0,31.48790968360413,6.889063867315492,26.3546071001963,,,,,,,,2.173205108634814,,9.36,2026-09-07,,,,0.0,NÖTR,0.0,,,,,,,,,,,,,,,,,,,10700.0,,,,,,,5.0,,10272.0,,,21100.0,24654811245.0,-3.3840304182509504,18.7,66.1,21100.0,31762.5,66.1,24.7,100.0,60.0,76.1
SOHOE,10.48,10.41,10.55,10.35,5294285.0,0.5758157389635364,55484106.8,10.0,1.2348151901120523,15.0,,,,,,,,0.2780840237489251,,28.4,2026-09-07,,,,0.0,⚠️ ELENDİ (KULUÇKA ŞARTINA UYMUYOR),0.0,,,,,,,,,,,,,,,,,,,10.24,,,,,,,29.4,,9.83,,,17.21,3196442823.0,-35.50769230769231,2.3,64.2,17.21,26.2,64.2,3.2,65.0,55.0,12.6
ENDAE,17.77,17.3,18.26,17.3,3260059.0,2.7167630057803405,57931248.43,10.0,0.6050179377434158,15.0,,,,,,,,0.532166647091668,,19.42,2026-09-07,,,,0.0,⚠️ ELENDİ (KULUÇKA ŞARTINA UYMUYOR),0.0,,,,,,,,,,,,,,,,,,,12.33,,,,,,,7.8,,11.84,,,23.76,7563510250.0,1.8338108882521509,44.1,33.7,23.76,44.42,33.7,7.6,20.0,55.0,32.2
CGCAM,32.46,32.68,32.76,31.86,1788654.0,0.8074534161490621,58059708.84,29.859258577867724,1.0392025225152544,4.04402534069311,,,,,,,,0.7976971927445552,,29.33,2026-09-07,,,,0.0,⚠️ ELENDİ (KULUÇKA ŞARTINA UYMUYOR),0.0,,,,,,,,,,,,,,,,,,,30.7,,,,,,,31.7,,29.47,,,55.4,5409600128.0,-25.10383017997232,5.7,70.7,55.4,81.15,70.7,5.4,100.0,30.0,32.0
KLRHO,62.9,63.95,64.05,62.5,935518.0,-0.5533596837944686,58844082.2,64.38075742067554,2.6971399168131724,4.88154513834307,,,,,,,,0.3363330452057792,,6.45,2026-09-07,,,,0.0,🏢 MEGA DEV (3X POTANSİYELİ DÜŞÜK),0.0,,,,,,,,,,,,,,,,,,,62.5,,,,,,,5.0,,60.0,,,689.5,102781250000.0,-8.64197530864197,0.6,996.2,689.5,157.25,996.2,102.8,65.0,30.0,11.8
SARKY,23.94,23.6,24.12,23.48,2483828.0,1.95911413969336,59462842.32,87.72444118724809,1.7859340905276115,2.28295128804234,,,,,,,,0.3932777527731089,,32.25,2026-09-07,,,,0.0,⚠️ ELENDİ (KULUÇKA ŞARTINA UYMUYOR),0.0,,,,,,,,,,,,,,,,,,,12.35,,,,,,,39.2,,11.86,,,51.6,23479999542.0,84.38077634011091,93.8,115.5,51.6,59.85,115.5,23.5,20.0,30.0,23.6
ETILR,5.97,5.7,6.25,5.48,10180901.0,4.920913884007018,60779978.97,10.0,2.7618686331294704,-14.9165355827144,,,,,,,,1.6104932923591302,,27.64,2026-09-07,,,,0.0,⚠️ ELENDİ (KULUÇKA ŞARTINA UYMUYOR),0.0,,,,,,,,,,,,,,,,,,,3.37,,,,,,,27.4,,3.24,,,6.91,1365600014.0,16.37426900584795,77.2,15.7,6.91,14.92,15.7,1.4,20.0,55.0,81.0
TUKAS,2.0,1.99,2.03,1.98,30763857.0,0.5025125628140708,61527714.0,10.0,0.4483852526090417,-7.59984024912718,,,,,,,,0.4785973078452707,,14.4,2026-09-07,,,,0.0,⚠️ ELENDİ (KULUÇKA ŞARTINA UYMUYOR),0.0,,,,,,,,,,,,,,,,,,,1.91,,,,,,,5.8,,1.83,,,4.3,8955000043.0,-44.44444444444444,4.7,115.0,4.3,5.0,115.0,9.0,100.0,55.0,19.3
UCAYM,21.84,21.9,22.5,21.72,2262325.0,-0.5464480874316985,49409178.0,10.0,2.237406902769098,15.0,,,,,,,,0.3597054070234046,,0.62,2026-09-07,,,,0.0,⚠️ ELENDİ (KULUÇKA ŞARTINA UYMUYOR),0.0,,,,,,,,,,,,,,,,,,,19.8,,,,,,,5.0,,19.01,,,41.2,4941000000.0,10.3030303030303,10.3,88.6,41.2,54.6,88.6,4.9,100.0,55.0,12.6
AVHOL,33.12,33.6,33.76,33.0,551368.0,-1.3698630136986327,18261308.16,10.0,1.032581178589155,-48.8117555160194,,,,,,,,0.2765553151759934,,0.84,2026-09-07,,,,0.0,⚠️ ELENDİ (KULUÇKA ŞARTINA UYMUYOR),0.0,,,,,,,,,,,,,,,,,,,32.74,,,,,,,5.0,,31.43,,,54.5,1250855068.0,-30.47858942065492,1.2,64.6,54.5,82.8,64.6,1.3,65.0,55.0,10.0
CRDFA,26.0,26.2,26.9,25.58,702448.0,0.0,18263648.0,3.357351308075721,2.9536962668687297,115.343180644413,,,,,,,,0.3385911473623533,,9.82,2026-09-07,,,,0.0,⚠️ ELENDİ (KULUÇKA ŞARTINA UYMUYOR),0.0,,,,,,,,,,,,,,,,,,,6.56999343,,,,,,,5.0,,6.31,,,45.88,7800000000.0,265.1689044947472,295.7,76.5,45.88,65.0,76.5,7.8,20.0,100.0,11.9
SEGMN,47.2,46.12,48.0,46.04,387369.0,2.386117136659439,18283816.8,137.52913752913753,1.4524793083244296,1.29918514866014,,,,,,,,0.3308541768643361,,25.14,2026-09-07,,,,0.0,⚠️ ELENDİ (KULUÇKA ŞARTINA UYMUYOR),0.0,,,,,,,,,,,,,,,,,,,17.58,,,,,,,21.1,,16.88,,,73.5,8251899727.0,106.11353711790396,168.5,55.7,73.5,118.0,55.7,8.3,20.0,30.0,23.5
CEMAS,4.1,4.1,4.13,4.08,4488181.0,0.4901960784313621,18401542.1,10.0,0.849404691614304,-36.8061522546612,,,,,,,,0.2286354121757338,,14.4,2026-09-07,,,,0.0,⚠️ ELENDİ (KULUÇKA ŞARTINA UYMUYOR),0.0,,,,,,,,,,,,,,,,,,,3.95,,,,,,,5.8,,3.79,,,7.86,3227279193.0,-40.23323615160351,3.8,91.7,7.86,10.25,91.7,3.2,65.0,55.0,10.5
USHOL,77.75,78.0,79.95,75.9,240343.0,-0.8290816326530683,18686668.25,36.38277959756668,7.910362116538201,27.8560193849719,,,,,,,,1.0,,17.58,2026-09-07,,,,0.0,⚠️ ELENDİ (KULUÇKA ŞARTINA UYMUYOR),0.0,,,,,,,,,,,,,,,,,,,71.0,,,,,,,7.0,,68.16,,,90.8,1645616014.0,-7.824540604623586,9.5,16.8,90.8,194.38,16.8,1.6,90.0,60.0,35.0
MEPET,20.56,18.4,20.56,17.87,909837.0,9.94652406417112,18706248.72,15.560432906985543,0.5070503676608404,3.87553012791455,,,,,,,,2.867546667439888,,48.0,2026-09-07,,,,0.0,⚠️ ELENDİ (KULUÇKA ŞARTINA UYMUYOR),0.0,,,,,,,,,,,,,,,,,,,13.11,,,,,,,79.2,,12.59,,,33.86,1370673732.0,44.58509142053444,56.8,64.7,33.86,51.4,64.7,1.4,20.0,45.0,100.0
ENTRA,4.27,4.22,4.27,4.22,4994133.0,1.1848341232227448,21324947.91,10.0,0.3908084059501723,-3.45977639372669,,,,,,,,0.3314701543035442,,48.0,2026-09-07,,,,0.0,⚠️ ELENDİ (KULUÇKA ŞARTINA UYMUYOR),0.0,,,,,,,,,,,,,,,,,,,4.13,,,,,,,79.2,,3.96,,,5.96736136,17051120358.0,-25.23921939695241,3.4,39.8,5.97,10.67,39.8,17.1,65.0,55.0,17.5
KUVVA,182.7,189.9,189.9,178.3,118028.0,-4.094488188976384,21563715.6,10.0,11.837915801123014,-43.9168964559907,,,,,,,,0.7548849617178641,,13.24,2026-09-07,,,,0.0,⚠️ ELENDİ (KULUÇKA ŞARTINA UYMUYOR),0.0,,,,,,,,,,,,,,,,,,,95.2,,,,,,,5.3,,91.39,,,200.0,5913502419.0,52.24999999999999,91.9,9.5,200.0,456.75,9.5,5.9,20.0,55.0,26.4
HURGZ,7.51,7.43,7.55,7.35,2911143.0,1.7615176151761502,21862683.93,10.0,2.378968775638853,-64.4524627433031,,,,,,,,0.4240418243471981,,36.8,2026-09-07,,,,0.0,⚠️ ELENDİ (KULUÇKA ŞARTINA UYMUYOR),0.0,,,,,,,,,,,,,,,,,,,4.94,,,,,,,50.7,,4.74,,,9.98,4368960068.0,-13.279445727482685,52.0,32.9,9.98,18.77,32.9,4.4,20.0,55.0,23.6
JANTS,15.4,15.35,15.48,15.31,1422470.0,0.3911342894393774,21906038.0,17.080745341614907,1.2616694180344994,8.73833627510514,,,,,,,,0.3206785173009541,,21.65,2026-09-07,,,,0.0,⚠️ ELENDİ (KULUÇKA ŞARTINA UYMUYOR),0.0,,,,,,,,,,,,,,,,,,,14.42,,,,,,,12.2,,13.84,,,25.56,10738000107.0,-33.79191745485813,6.8,66.0,25.56,38.5,66.0,10.7,100.0,45.0,13.2
SKTAS,3.28,3.26,3.33,3.22,6688336.0,0.3058103975535103,21937742.08,10.0,0.6186683164488438,-4.33754404839619,,,,,,,,0.3520431925191117,,22.55,2026-09-07,,,,0.0,⚠️ ELENDİ (KULUÇKA ŞARTINA UYMUYOR),0.0,,,,,,,,,,,,,,,,,,,2.79,,,,,,,14.5,,2.68,,,6.08,1634999990.0,-12.53333333333334,17.6,85.4,6.08,8.2,85.4,1.6,100.0,55.0,13.9
FONET,4.71,4.7,4.74,4.67,7146595.0,0.4264392324093725,33660462.45,15.30214424951267,2.109931460825158,16.7826203184081,,,,,,,,0.4056209156647987,,24.0,2026-09-07,,,,0.0,⚠️ ELENDİ (KULUÇKA ŞARTINA UYMUYOR),0.0,,,,,,,,,,,,,,,,,,,2.35999779,,,,,,,18.2,,2.27,,,6.39,4389840054.0,86.67700410724287,99.6,35.7,6.39,11.78,35.7,4.4,20.0,45.0,16.3
ADGYO,58.9,56.9,59.45,56.9,374368.0,2.25694444444444,22050275.2,10.0,1.8174188332726493,-7.92891115612511,,,,,,,,0.3794573964382487,,35.92,2026-09-07,,,,0.0,⚠️ ELENDİ (KULUÇKA ŞARTINA UYMUYOR),0.0,,,,,,,,,,,,,,,,,,,43.5,,,,,,,48.5,,41.76,,,72.5,31441214401.0,18.46339501206758,35.4,23.1,72.5,147.25,23.1,31.4,20.0,55.0,24.6
DOCO,11365.0,11707.5,11707.5,11242.5,1946.0,-1.3026487190620928,22116290.0,20.86960014988604,4.4545052644501535,23.7194327493566,,,,,,,,0.5343951668268571,,6.75,2026-09-07,,,,0.0,🏢 MEGA DEV (3X POTANSİYELİ DÜŞÜK),0.0,,,,,,,,,,,,,,,,,,,8245.0,,,,,,,5.0,,7915.2,,,12410.0,129821820210.50198,5.329008341056534,37.8,9.2,12410.0,28412.5,9.2,129.8,20.0,60.0,18.7
MOBTL,13.15,12.78,13.29,12.78,1682767.0,2.8951486697965647,22128386.05,18.636621315192745,1.429653958510681,8.69169725811076,,,,,,,,0.4547500872535737,,32.63,2026-09-07,,,,0.0,⚠️ ELENDİ (KULUÇKA ŞARTINA UYMUYOR),0.0,,,,,,,,,,,,,,,,,,,6.73,,,,,,,40.1,,6.46,,,16.82,13099499726.0,68.15856777493606,95.4,27.9,16.82,32.88,27.9,13.1,20.0,45.0,30.4
BURCE,32.22,33.02,33.06,32.06,692106.0,-2.363636363636367,22299655.32,11.405309734513272,1.6800999925433178,-14.2733690732655,,,,,,,,0.3910500764634391,,0.96,2026-09-07,,,,0.0,⚠️ ELENDİ (KULUÇKA ŞARTINA UYMUYOR),0.0,,,,,,,,,,,,,,,,,,,15.88,,,,,,,5.0,,15.24,,,84.8,2779919930.0,79.49860724233983,102.9,163.2,84.8,80.55,163.2,2.8,20.0,55.0,13.7
MERCN,17.31,16.72,17.32,16.72,1297906.0,2.3049645390070745,22466752.86,19.889693209238192,1.156280184523881,6.70906033580682,,,,,,,,0.33965163402194,,47.07,2026-09-07,,,,0.0,⚠️ ELENDİ (KULUÇKA ŞARTINA UYMUYOR),0.0,,,,,,,,,,,,,,,,,,,15.22,,,,,,,76.8,,14.61,,,43.6,3221076597.0,-60.6412005457026,13.7,151.9,43.6,43.27,151.9,3.2,100.0,45.0,23.4
KZBGY,1.85,1.85,1.86,1.82,12183845.0,0.5434782608695656,22540113.25,16.256590509666083,0.2896644589537633,2.04017341556281,,,,,,,,0.3516974961703411,,34.0,2026-09-07,,,,0.0,⚠️ ELENDİ (KULUÇKA ŞARTINA UYMUYOR),0.0,,,,,,,,,,,,,,,,,,,1.8,,,,,,,43.6,,1.73,,,5.19,7359999657.0,-58.38956365272154,2.8,180.5,5.19,4.62,180.5,7.4,65.0,45.0,15.0
TEKTU,7.19,7.19,7.25,7.1,3141519.0,0.2789400278940092,22587521.61,10.0,0.3512639149853387,-15.0022192077737,,,,,,,,0.2652915837925768,,25.6,2026-09-07,,,,0.0,⚠️ ELENDİ (KULUÇKA ŞARTINA UYMUYOR),0.0,,,,,,,,,,,,,,,,,,,7.1,,,,,,,22.2,,6.82,,,32.06,2151000023.0,-72.15336948102247,1.3,345.9,32.06,17.98,345.9,2.2,65.0,55.0,10.7
NTGAZ,11.09,11.3,11.39,11.05,2039199.0,-1.858407079646025,22614716.91,7.047086484082099,1.2749016808239382,21.3164155393588,,,,,,,,0.5571771498784579,,1.41,2026-09-07,,,,0.0,NÖTR,0.0,,,,,,,,,,,,,,,,,,,8.94,,,,,,,5.0,,8.58,,,13.89,7797000132.0,7.5654704170708,24.0,25.2,13.89,27.73,25.2,7.8,90.0,70.0,19.5
PKART,127.3,126.7,130.5,126.3,180696.0,-0.5468750000000022,23002600.8,28.146281064827097,4.788749560811853,20.3092728423121,,,,,,,,0.3096991806587123,,5.33,2026-09-07,,,,0.0,⚠️ ELENDİ (KULUÇKA ŞARTINA UYMUYOR),0.0,,,,,,,,,,,,,,,,,,,67.0,,,,,,,5.0,,64.32,,,185.0,2912000000.0,57.35475896168107,90.0,45.3,185.0,318.25,45.3,2.9,20.0,45.0,10.8
KAPLM,371.75,356.75,374.25,356.25,62981.0,4.350877192982456,23413186.75,10.0,3.15881654375252,-20.7448828780853,,,,,,,,0.6584891792226857,,40.22,2026-09-07,,,,0.0,⚠️ ELENDİ (KULUÇKA ŞARTINA UYMUYOR),0.0,,,,,,,,,,,,,,,,,,,267.0,,,,,,,59.4,,256.32,,,746.5,7125000000.0,20.40485829959514,39.2,100.8,746.5,929.38,100.8,7.1,20.0,55.0,44.8
RUBNS,30.7,30.8,31.32,30.6,773672.0,-0.3246753246753293,23751730.4,10.0,0.4645393789426267,-0.61429113510575,,,,,,,,0.3805532373011153,,0.22,2026-09-07,,,,0.0,⚠️ ELENDİ (KULUÇKA ŞARTINA UYMUYOR),0.0,,,,,,,,,,,,,,,,,,,18.77,,,,,,,5.0,,18.02,,,49.14,2524059843.0,37.42166517457476,63.6,60.1,49.14,76.75,60.1,2.5,20.0,55.0,13.3
ECZYT,311.25,311.25,313.25,308.75,76593.0,0.0,23839571.25,10.0,1.0390465515221707,-1.54210473736186,,,,,,,,0.2350994414189763,,23.11,2026-09-07,,,,0.0,⚠️ ELENDİ (KULUÇKA ŞARTINA UYMUYOR),0.0,,,,,,,,,,,,,,,,,,,207.9,,,,,,,15.9,,199.58,,,426.75,32681250000.0,31.718154887854418,49.7,37.1,426.75,778.12,37.1,32.7,20.0,55.0,10.0
EMKEL,12.92,12.9,13.05,12.8,1702737.0,0.1550387596899191,21999362.04,10.0,1.976825848068999,-24.6060664872292,,,,,,,,0.4580581141441368,,18.88,2026-09-07,,,,0.0,⚠️ ELENDİ (KULUÇKA ŞARTINA UYMUYOR),0.0,,,,,,,,,,,,,,,,,,,12.65,,,,,,,7.6,,12.14,,,131.6,1934999943.0,-87.14427860696517,2.1,918.6,131.6,32.3,918.6,1.9,65.0,55.0,16.8
EREGL,37.8,37.24,37.94,37.16,67001088.0,1.6129032258064364,2532641126.4,32.94691885295912,0.7973933254381549,2.6359373238076,,,,,,,,0.4314000266214565,,37.95,2026-09-07,,,,0.0,🏢 MEGA DEV (3X POTANSİYELİ DÜŞÜK),0.0,,,,,,,,,,,,,,,,,,,23.46,,,,,,,53.6,,22.52,,,45.1,256388472055.0,33.3803810868031,61.1,19.3,45.1,94.5,19.3,256.4,20.0,30.0,23.2
TRALT,50.25,50.35,51.35,50.0,50658864.0,-1.0826771653543252,2545607916.0,32.090171786193245,2.9566667392349384,11.2503473841185,,,,,,,,0.4732696899689092,,2.37,2026-09-07,,,,0.0,🏢 MEGA DEV (3X POTANSİYELİ DÜŞÜK),0.0,,,,,,,,,,,,,,,,,,,21.66,,,,,,,5.0,,20.79,,,64.0,162686997557.0,110.42713567839196,132.0,27.4,64.0,125.62,27.4,162.7,20.0,30.0,16.6
GARAN,131.7,131.5,133.5,130.8,21076824.0,0.228310502283092,2775817720.8,4.597291891382433,1.136606951218849,27.6614090398923,,,,,,,,0.5727906489087181,,10.67,2026-09-07,,,,0.0,🏢 MEGA DEV (3X POTANSİYELİ DÜŞÜK),0.0,,,,,,,,,,,,,,,,,,,115.4,,,,,,,5.0,,110.78,,,169.7,551879974365.0,-5.523672883787674,14.1,28.9,169.7,329.25,28.9,551.9,90.0,85.0,21.2
HALKB,51.0,54.35,54.35,50.3,67480619.0,-6.163753449862008,3441511569.0,11.379102612731206,1.5613772817156293,15.2318624552132,,,,,,,,1.2483361305481226,,1.68,2026-09-07,,,,0.0,🏢 MEGA DEV (3X POTANSİYELİ DÜŞÜK),0.0,,,,,,,,,,,,,,,,,,,23.38,,,,,,,5.0,,22.44,,,54.35,390492664208.0,100.47169811320754,118.1,6.6,54.35,127.5,6.6,390.5,20.0,55.0,43.7
KCHOL,218.6,215.9,219.1,215.3,19038524.0,1.6271501627150162,4161821346.4,15.579676575607044,0.6991237702049887,5.12588457140304,,,,,,,,0.5987260022376353,,40.63,2026-09-07,,,,0.0,🏢 MEGA DEV (3X POTANSİYELİ DÜŞÜK),0.0,,,,,,,,,,,,,,,,,,,146.0,,,,,,,60.5,,140.16,,,229.1,545471687343.0,27.83625730994152,49.7,4.8,229.1,546.5,4.8,545.5,20.0,45.0,29.1
YKBNK,36.08,35.9,36.38,35.68,133633533.0,0.5013927576601663,4821497870.639999,5.50604321816628,1.0637952842733434,21.7839579820642,,,,,,,,0.5554660490807889,,24.0,2026-09-07,,,,0.0,🏢 MEGA DEV (3X POTANSİYELİ DÜŞÜK),0.0,,,,,,,,,,,,,,,,,,,27.14,,,,,,,18.2,,26.05,,,44.5,303249135936.0,18.45042678923177,32.9,23.3,44.5,90.2,23.3,303.2,65.0,70.0,21.9
KTLEV,43.84,42.3,45.06,40.36,116790471.0,2.7179006560449945,5120094248.64,10.6806997027725,9.258848599662509,148.508364400309,,,,,,,,0.7082334355423641,,33.46,2026-09-07,,,,0.0,🏢 MEGA DEV (3X POTANSİYELİ DÜŞÜK),0.0,,,,,,,,,,,,,,,,,,,3.2676397,,,,,,,42.2,,3.14,,,69.0,298760002136.0,1164.94326764069,1241.6,57.4,69.0,109.6,57.4,298.8,20.0,100.0,38.4
ASTOR,301.75,297.0,305.0,297.0,18078380.0,2.288135593220339,5455151165.0,29.6019070789515,6.8760839659292605,29.0855151100452,,,,,,,,0.467182141888085,,25.25,2026-09-07,,,,0.0,🏢 MEGA DEV (3X POTANSİYELİ DÜŞÜK),0.0,,,,,,,,,,,,,,,,,,,88.2,,,,,,,21.4,,84.67,,,385.75,294410000000.0,155.72033898305085,242.1,27.8,385.75,754.38,27.8,294.4,20.0,60.0,27.8
INTET,78.3,82.25,82.45,74.1,71390111.0,-0.0638162093171629,5583738839.4,10.0,2.0,15.0,,,,,,,,1.0,,20.17,2026-09-07,,,,0.0,⚠️ ELENDİ (KULUÇKA ŞARTINA UYMUYOR),0.0,,,,,,,,,,,,,,,,,,,58.95,,,,,,,8.4,,56.59,,,82.45,12535999756.0,32.82442748091602,32.8,5.3,82.45,195.75,5.3,12.5,65.0,55.0,35.0
ISCTR,12.95,13.0,13.12,12.91,449532382.0,-0.4611837048424327,5821444346.9,4.7664617762891535,0.7130350515918026,16.6794653165665,,,,,,,,0.6706349052428171,,2.67,2026-09-07,,,,0.0,🏢 MEGA DEV (3X POTANSİYELİ DÜŞÜK),0.0,,,,,,,,,,,,,,,,,,,11.11,,,,,,,5.0,,10.67,,,18.21,354719037416.0,-5.128205128205137,16.6,40.6,18.21,32.38,40.6,354.7,90.0,55.0,23.5
AKBNK,72.2,71.95,73.25,71.65,96570895.0,0.48712595685457,6972418619.0,5.624936699985198,1.1560856540978914,22.870526655457,,,,,,,,0.5988032126198399,,11.25,2026-09-07,,,,0.0,🏢 MEGA DEV (3X POTANSİYELİ DÜŞÜK),0.0,,,,,,,,,,,,,,,,,,,53.05,,,,,,,5.0,,50.93,,,93.5,373619992065.0,16.170555108608212,36.1,29.5,93.5,180.5,29.5,373.6,20.0,85.0,23.4
GENTS,5.18,5.15,5.2,5.1,3492181.0,0.5825242718446477,18089497.58,9.704008992131882,0.9261179566762736,11.3297708862537,,,,,,,,0.4884618069100894,,36.8,2026-09-07,,,,0.0,⚠️ ELENDİ (KULUÇKA ŞARTINA UYMUYOR),0.0,,,,,,,,,,,,,,,,,,,5.0,,,,,,,50.7,,4.8,,,13.62,3799504355.0,-38.03827751196173,3.6,162.9,13.62,12.95,162.9,3.8,65.0,55.0,20.0
ASELS,394.25,390.25,398.75,390.25,18394690.0,1.5453960077269802,7252106532.5,48.43842146648319,5.860844740610978,15.6028079230998,,,,,,,,0.5964162782905494,,18.35,2026-09-07,,,,0.0,🏢 MEGA DEV (3X POTANSİYELİ DÜŞÜK),0.0,,,,,,,,,,,,,,,,,,,170.8,,,,,,,7.3,,163.97,,,450.0,1770420000000.0,116.50192202086764,130.8,14.1,450.0,985.62,14.1,1770.4,20.0,30.0,28.6
TUPRS,396.5,391.0,401.25,389.5,18525375.0,2.0592020592020592,7345311187.5,11.000413382495331,1.674871566075035,18.2096828624145,,,,,,,,0.6204904903325085,,25.36,2026-09-07,,,,0.0,🏢 MEGA DEV (3X POTANSİYELİ DÜŞÜK),0.0,,,,,,,,,,,,,,,,,,,166.0,,,,,,,21.6,,159.36,,,417.25,748560111694.0,133.78537735849056,138.9,5.2,417.25,991.25,5.2,748.6,20.0,70.0,32.0
SASA,2.51,2.3,2.51,2.29,3359228722.0,9.606986899563308,8431664092.219999,10.0,0.6127630486792637,-7.49333452261489,,,,,,,,1.6754760398987028,,48.0,2026-09-07,,,,0.0,🏢 MEGA DEV (3X POTANSİYELİ DÜŞÜK),0.0,,,,,,,,,,,,,,,,,,,2.13,,,,,,,79.2,,2.04,,,4.32,120195084873.0,-43.72197309417041,17.8,72.1,4.32,6.27,72.1,120.2,100.0,55.0,100.0
BAGFS,26.46,26.0,26.68,25.92,627775.0,2.00462606013878,16610926.5,16.00629121045309,0.3995059171718242,2.86937777922262,,,,,,,,0.7848661086118904,,31.79,2026-09-07,,,,0.0,⚠️ ELENDİ (KULUÇKA ŞARTINA UYMUYOR),0.0,,,,,,,,,,,,,,,,,,,22.92,,,,,,,38.0,,22.0,,,41.78,3501900072.0,-30.80543933054393,15.4,57.9,41.78,66.15,57.9,3.5,90.0,45.0,37.5
CLEBI,1451.0,1451.0,1459.0,1444.0,11507.0,0.0,16696657.0,10.267013098755788,5.029527590442414,60.9249233487983,,,,,,,,0.5929670510878191,,18.13,2026-09-07,,,,0.0,NÖTR,0.0,,,,,,,,,,,,,,,,,,,1427.0,,,,,,,7.3,,1369.92,,,2247.0,35259298893.0,-7.75588048315321,1.7,54.9,2247.0,3627.5,54.9,35.3,65.0,100.0,20.8
EKOS,4.82,4.83,4.87,4.8,3534468.0,-0.2070393374741156,17036135.76,10.0,1.518129362259682,-15.3554963768237,,,,,,,,0.3191704357925491,,8.0,2026-09-07,,,,0.0,⚠️ ELENDİ (KULUÇKA ŞARTINA UYMUYOR),0.0,,,,,,,,,,,,,,,,,,,4.66,,,,,,,5.0,,4.47,,,9.48,5409599915.0,-26.412213740458007,3.4,96.7,9.48,12.05,96.7,5.4,65.0,55.0,11.2
AYCES,438.5,447.0,447.0,437.75,39616.0,-0.5104934770277936,17371616.0,10.0,1.9785710601878608,-2.60273215233987,,,,,,,,0.3256103344459339,,3.46,2026-09-07,,,,0.0,⚠️ ELENDİ (KULUÇKA ŞARTINA UYMUYOR),0.0,,,,,,,,,,,,,,,,,,,392.0,,,,,,,5.0,,376.32,,,1327.0,11018750000.0,-12.3,11.9,202.6,1327.0,1096.25,202.6,11.0,100.0,55.0,11.4
PRDGS,7.07,7.17,7.17,7.01,2468876.0,-0.1412429378531043,17454953.32,3.462800607337023,0.4711313750172426,16.512838115449,,,,,,,,0.3428459604746104,,13.0,2026-09-07,,,,0.0,⚠️ ELENDİ (KULUÇKA ŞARTINA UYMUYOR),0.0,,,,,,,,,,,,,,,,,,,5.81,,,,,,,5.2,,5.58,,,9.59,1387679985.0,-2.2130013831258664,21.7,35.6,9.59,17.68,35.6,1.4,90.0,55.0,12.0
KLGYO,4.72,4.88,4.88,4.68,3727849.0,-0.6315789473684263,17595447.279999997,10.0,0.242433830202838,-3.71532210253048,,,,,,,,0.3077567865700065,,3.2,2026-09-07,,,,0.0,⚠️ ELENDİ (KULUÇKA ŞARTINA UYMUYOR),0.0,,,,,,,,,,,,,,,,,,,4.21,,,,,,,5.0,,4.04,,,8.3,6626250000.0,-28.70090634441088,12.1,75.8,8.3,11.8,75.8,6.6,100.0,55.0,10.8
EBEBK,81.0,81.8,82.0,80.85,217819.0,-0.9174311926605504,17643339.0,25.791250079602623,2.2573627648848,10.0914293793808,,,,,,,,0.3527519458370561,,0.7,2026-09-07,,,,0.0,⚠️ ELENDİ (KULUÇKA ŞARTINA UYMUYOR),0.0,,,,,,,,,,,,,,,,,,,49.98,,,,,,,5.0,,47.98,,,92.15,13080000000.0,44.38502673796791,62.1,13.8,92.15,202.5,13.8,13.1,20.0,30.0,12.3
TUCLK,3.98,3.8,4.0,3.8,4497486.0,4.461942257217846,17899994.28,10.0,0.3576473632942377,-6.63023056518744,,,,,,,,0.3981489852202033,,42.4,2026-09-07,,,,0.0,⚠️ ELENDİ (KULUÇKA ŞARTINA UYMUYOR),0.0,,,,,,,,,,,,,,,,,,,3.67,,,,,,,65.0,,3.52,,,6.28,1371599979.0,-39.54708778416444,8.4,57.8,6.28,9.95,57.8,1.4,90.0,55.0,36.2
ALCTL,116.3,116.1,119.0,115.8,153918.0,0.25862068965517,17900663.4,10.0,1.3494600187369563,-2.35102955847166,,,,,,,,0.331706030331066,,0.75,2026-09-07,,,,0.0,⚠️ ELENDİ (KULUÇKA ŞARTINA UYMUYOR),0.0,,,,,,,,,,,,,,,,,,,102.4,,,,,,,5.0,,98.3,,,183.0,4489289917.0,-1.0212765957446832,13.6,57.4,183.0,290.75,57.4,4.5,90.0,55.0,12.9
THYAO,294.0,295.0,296.5,292.25,24405829.0,-0.6756756756756757,7175313726.0,3.604946869949704,0.3961384744885206,12.6578146267628,,,,,,,,0.4510558269606004,,15.06,2026-09-07,,,,0.0,🏢 MEGA DEV (3X POTANSİYELİ DÜŞÜK),0.0,,,,,,,,,,,,,,,,,,,262.75,,,,,,,6.0,,252.24,,,355.5,408480000000.0,-9.25925925925926,11.9,20.9,355.5,735.0,20.9,408.5,90.0,55.0,15.8
YYLGD,9.93,9.85,9.95,9.83,2953595.0,0.7099391480730253,29329198.35,4.410784879847199,0.5957412599117726,16.5320333566852,,,,,,,,0.475791819140811,,38.67,2026-09-07,,,,0.0,⚠️ ELENDİ (KULUÇKA ŞARTINA UYMUYOR),0.0,,,,,,,,,,,,,,,,,,,9.35,,,,,,,55.5,,8.98,,,14.61,10710720716.0,-11.733333333333336,6.2,47.1,14.61,24.82,47.1,10.7,90.0,55.0,20.2
KONYA,3837.5,3877.5,3930.0,3810.0,7654.0,-0.967741935483871,29372225.0,53.86562159172737,3.5385253897380275,7.75529251447524,,,,,,,,0.5276219100271601,,4.83,2026-09-07,,,,0.0,⚠️ ELENDİ (KULUÇKA ŞARTINA UYMUYOR),0.0,,,,,,,,,,,,,,,,,,,3595.0,,,,,,,5.0,,3451.2,,,5410.0,18884579182.0,-24.828599412340843,6.7,41.0,5410.0,9593.75,41.0,18.9,90.0,30.0,18.5
ADESE,0.85,0.85,0.85,0.84,35092596.0,0.0,29828706.6,10.0,0.2901657699975421,-2.12688937144751,,,,,,,,0.353794206426094,,48.0,2026-09-07,,,,0.0,⚠️ ELENDİ (KULUÇKA ŞARTINA UYMUYOR),0.0,,,,,,,,,,,,,,,,,,,0.83,,,,,,,79.2,,0.8,,,4.592,4284000120.0,-77.8415015641293,2.4,440.2,4.59,2.12,440.0,4.3,65.0,55.0,12.4
GLYHO,16.47,16.47,16.69,16.21,1831368.0,-1.0216346153846256,30162630.96,5.4989816700611,1.900234789180084,42.3132385624069,,,,,,,,0.59695442313178,,22.33,2026-09-07,,,,0.0,⚠️ ELENDİ (KULUÇKA ŞARTINA UYMUYOR),0.0,,,,,,,,,,,,,,,,,,,8.11,,,,,,,13.9,,7.79,,,18.91,32249817880.0,78.05405405405403,103.1,14.8,18.91,41.17,14.8,32.2,20.0,100.0,20.9
ZERGY,9.56,9.51,9.76,9.5,3197050.0,0.6315789473684263,30563798.0,20.40990606319385,2.000389197061353,15.0,,,,,,,,0.1579542812658026,,4.92,2026-09-07,,,,0.0,⚠️ ELENDİ (KULUÇKA ŞARTINA UYMUYOR),0.0,,,,,,,,,,,,,,,,,,,8.44,,,,,,,5.0,,8.1,,,27.78,5946050000.0,-33.14685314685315,13.3,190.6,27.78,23.9,190.6,5.9,100.0,30.0,10.0
AKSGY,9.86,9.96,9.98,9.82,3131314.0,-1.0040160642570424,30874756.04,7.551504939878991,0.4826658821306419,7.45811168344226,,,,,,,,0.5279087625061665,,6.0,2026-09-07,,,,0.0,⚠️ ELENDİ (KULUÇKA ŞARTINA UYMUYOR),0.0,,,,,,,,,,,,,,,,,,,7.12,,,,,,,5.0,,6.84,,,10.34,24053400092.0,29.56636005256241,38.5,4.9,10.34,24.65,4.9,24.1,20.0,55.0,18.5
DMLKT,6.99,6.86,7.0,6.8,4435269.0,1.895043731778424,31002530.31,10.0,2.0,15.0,,,,,,,,0.5560441036208775,,45.2,2026-09-07,,,,0.0,🏢 MEGA DEV (3X POTANSİYELİ DÜŞÜK),0.0,,,,,,,,,,,,,,,,,,,5.6,,,,,,,72.1,,5.38,,,7.28,71172181779.0,9.04836193447738,24.8,4.1,7.28,17.48,4.1,71.2,90.0,55.0,28.9
ULUUN,8.41,8.42,8.43,8.29,3694838.0,1.32530120481927,31073587.58,14.811553363860517,0.3754206184039133,2.95434967342705,,,,,,,,0.3100090946141081,,40.0,2026-09-07,,,,0.0,⚠️ ELENDİ (KULUÇKA ŞARTINA UYMUYOR),0.0,,,,,,,,,,,,,,,,,,,6.36,,,,,,,58.9,,6.11,,,10.79,6191235292.0,6.455696202531643,32.2,28.3,10.79,21.02,28.3,6.2,65.0,45.0,17.5
PAPIL,12.61,12.61,12.82,12.49,2476484.0,0.4780876494023802,31228463.24,10.0,7.54841219957499,15.0,,,,,,,,0.2414675691212569,,12.36,2026-09-07,,,,0.0,⚠️ ELENDİ (KULUÇKA ŞARTINA UYMUYOR),0.0,,,,,,,,,,,,,,,,,,,11.1,,,,,,,5.0,,10.66,,,21.48,2587006859.0,-32.63888888888889,13.6,70.3,21.48,31.52,70.3,2.6,100.0,55.0,10.8
MOPAS,25.6,25.44,25.66,25.24,1222174.0,0.6289308176100634,31287654.4,22.580929699214963,1.198950356430144,6.11298898450715,,,,,,,,0.5113896667548848,,40.0,2026-09-07,,,,0.0,⚠️ ELENDİ (KULUÇKA ŞARTINA UYMUYOR),0.0,,,,,,,,,,,,,,,,,,,24.88,,,,,,,58.9,,23.88,,,64.15,6945120146.0,-21.230769230769223,2.9,150.6,64.15,64.0,150.6,6.9,65.0,30.0,21.0
OTTO,136.1,134.0,142.4,133.0,230008.0,1.415797317436666,31304088.8,10.0,1.5961676963570668,-4.04066822058319,,,,,,,,0.9860339578283658,,10.47,2026-09-07,,,,0.0,⚠️ ELENDİ (KULUÇKA ŞARTINA UYMUYOR),0.0,,,,,,,,,,,,,,,,,,,127.6,,,,,,,5.0,,122.5,,,558.0,1024678823.0,-74.7495361781076,6.7,310.0,558.0,340.25,310.0,1.0,100.0,55.0,41.6
TKNSA,16.76,16.73,16.83,16.55,1445839.0,0.6002400960384239,24232261.64,10.0,2.0,-526.035964670245,,,,,,,,0.2053659140356188,,34.0,2026-09-07,,,,0.0,⚠️ ELENDİ (KULUÇKA ŞARTINA UYMUYOR),0.0,,,,,,,,,,,,,,,,,,,15.71,,,,,,,43.6,,15.08,,,28.86,3348659969.0,-37.971872686898585,6.7,72.2,28.86,41.9,72.2,3.3,100.0,55.0,10.2
ALFAS,39.22,38.88,39.34,38.38,804531.0,1.711618257261402,31553705.82,46.99257129163671,2.180206702718088,5.25384849399821,,,,,,,,0.4586668445393098,,41.0,2026-09-07,,,,0.0,⚠️ ELENDİ (KULUÇKA ŞARTINA UYMUYOR),0.0,,,,,,,,,,,,,,,,,,,35.8,,,,,,,61.4,,34.37,,,66.6,14190080505.0,-16.659583510412247,9.6,69.8,66.6,98.05,69.8,14.2,100.0,30.0,24.6
HDFGS,2.39,2.41,2.43,2.38,13227570.0,-0.8298755186721999,31613892.3,4.425925925925926,0.6248186326667731,17.3728281583495,,,,,,,,0.2816380594352754,,3.2,2026-09-07,,,,0.0,⚠️ ELENDİ (KULUÇKA ŞARTINA UYMUYOR),0.0,,,,,,,,,,,,,,,,,,,2.21,,,,,,,5.0,,2.12,,,6.34,2723300097.0,-11.481481481481485,8.1,165.3,6.34,5.98,165.3,2.7,100.0,55.0,10.0
TMSN,71.8,70.85,73.9,70.6,440893.0,1.771793054571226,31656117.4,10.0,0.5438368477337872,-31.9562569055101,,,,,,,,0.7561367845548763,,12.36,2026-09-07,,,,0.0,⚠️ ELENDİ (KULUÇKA ŞARTINA UYMUYOR),0.0,,,,,,,,,,,,,,,,,,,69.3,,,,,,,5.0,,66.53,,,124.4,8113250351.0,-42.605915267785775,3.6,73.3,124.4,179.5,73.3,8.1,65.0,55.0,35.3
INGRM,385.0,370.25,396.25,370.25,82923.0,3.633916554508749,31925355.0,10754.18994413408,4.338187521028941,0.0429484684384019,,,,,,,,1.6527019862798014,,23.77,2026-09-07,,,,0.0,⚠️ ELENDİ (KULUÇKA ŞARTINA UYMUYOR),0.0,,,,,,,,,,,,,,,,,,,354.75,,,,,,,17.6,,340.56,,,621.0,8916000000.0,-25.60386473429952,8.5,61.3,621.0,962.5,61.3,8.9,100.0,30.0,76.0
DEVA,93.65,92.45,95.5,92.45,341861.0,1.2979989183342378,32015282.65,10.0,0.5940106348517996,-2.99029527989834,,,,,,,,0.427654688801008,,14.03,2026-09-07,,,,0.0,⚠️ ELENDİ (KULUÇKA ŞARTINA UYMUYOR),0.0,,,,,,,,,,,,,,,,,,,57.5,,,,,,,5.6,,55.2,,,96.3,18489114904.0,41.358490566037744,62.9,2.8,96.3,234.12,2.8,18.5,20.0,55.0,21.5
VKGYO,1.9,1.9,1.91,1.88,17022758.0,0.0,32343240.2,16.94915254237288,0.2892976614090623,1.94688327240504,,,,,,,,0.6981476582905501,,29.33,2026-09-07,,,,0.0,⚠️ ELENDİ (KULUÇKA ŞARTINA UYMUYOR),0.0,,,,,,,,,,,,,,,,,,,1.725,,,,,,,31.7,,1.66,,,2.52477273,8359999895.000001,-8.212560386473427,10.1,32.9,2.52,4.75,32.6,8.4,90.0,45.0,24.4
KAREL,8.05,8.11,8.18,8.03,4040114.0,-0.6172839506172708,32522756.700000003,10.0,5.725584471930412,-52.9035629797942,,,,,,,,0.4361349617168761,,0.53,2026-09-07,,,,0.0,⚠️ ELENDİ (KULUÇKA ŞARTINA UYMUYOR),0.0,,,,,,,,,,,,,,,,,,,8.0,,,,,,,5.0,,7.68,,,14.0,6527672842.0,-18.60465116279069,0.6,73.9,14.0,20.12,73.9,6.5,65.0,55.0,15.3
PCILT,31.0,31.14,31.9,30.72,1049530.0,-0.4495825305073878,32535430.0,7.12070747674285,1.400027006972586,23.5201744486488,,,,,,,,0.568136820541725,,5.29,2026-09-07,,,,0.0,⚠️ ELENDİ (KULUÇKA ŞARTINA UYMUYOR),0.0,,,,,,,,,,,,,,,,,,,18.59,,,,,,,5.0,,17.85,,,40.18,3536057975.0,6.896551724137931,66.8,29.6,40.18,77.5,29.6,3.5,20.0,85.0,19.9
KOPOL,5.14,5.01,5.2,4.98,6361949.0,2.7999999999999936,32700417.86,24.593301435406698,1.2205894924817386,5.61150713604039,,,,,,,,0.6602570093324578,,32.73,2026-09-07,,,,0.0,⚠️ ELENDİ (KULUÇKA ŞARTINA UYMUYOR),0.0,,,,,,,,,,,,,,,,,,,4.87,,,,,,,40.4,,4.68,,,8.42,6484799805.0,-26.043165467625908,5.5,63.8,8.42,12.85,63.8,6.5,100.0,30.0,37.1
GSDDE,13.11,12.8,13.27,12.8,2496977.0,2.262090483619338,32735368.47,3.824275837927715,0.5737169374280939,17.3987651643666,,,,,,,,0.4729433923024854,,28.94,2026-09-07,,,,0.0,⚠️ ELENDİ (KULUÇKA ŞARTINA UYMUYOR),0.0,,,,,,,,,,,,,,,,,,,9.11,,,,,,,30.7,,8.75,,,18.88,1922999954.0,24.85714285714285,43.9,44.0,18.88,32.77,44.0,1.9,20.0,55.0,27.9
ALGYO,3.52,3.59,3.59,3.5,9340864.0,-1.6759776536312865,32879841.28,10.0,0.406086217179985,-12.9835666063568,,,,,,,,0.385135780460388,,4.44,2026-09-07,,,,0.0,⚠️ ELENDİ (KULUÇKA ŞARTINA UYMUYOR),0.0,,,,,,,,,,,,,,,,,,,2.82714003,,,,,,,5.0,,2.71,,,8.35,7252145514.0,12.820625641138465,24.5,137.2,8.35,8.8,137.2,7.3,100.0,55.0,13.5
FRIGO,2.43,2.34,2.44,2.34,13680706.0,3.84615384615386,33244115.58,10.0,1.4161169258024664,-8.67661953247794,,,,,,,,0.2435283088339971,,42.4,2026-09-07,,,,0.0,⚠️ ELENDİ (KULUÇKA ŞARTINA UYMUYOR),0.0,,,,,,,,,,,,,,,,,,,1.47043002,,,,,,,65.0,,1.41,,,3.65505846,1988999927.0,60.63939715723004,65.3,50.4,3.66,6.08,50.6,2.0,20.0,55.0,27.8
GWIND,22.58,22.42,22.76,22.34,1390376.0,1.0743061772605125,31394690.08,5.623630205220163,0.6783545126347282,14.3448139084257,,,,,,,,0.4200455707765284,,24.0,2026-09-07,,,,0.0,⚠️ ELENDİ (KULUÇKA ŞARTINA UYMUYOR),0.0,,,,,,,,,,,,,,,,,,,21.64,,,,,,,18.2,,20.77,,,33.62,12063595992.0,-8.58299595141701,4.3,48.9,33.62,56.45,48.9,12.1,90.0,55.0,20.1
EGGUB,106.3,106.6,107.7,105.5,228907.0,0.0941619585687328,24332814.1,14.872749150028682,1.0424070404348025,8.18761189188483,,,,,,,,0.3091472927682543,,12.36,2026-09-07,,,,0.0,⚠️ ELENDİ (KULUÇKA ŞARTINA UYMUYOR),0.0,,,,,,,,,,,,,,,,,,,81.7,,,,,,,5.0,,78.43,,,142.3,10619999695.0,-16.167192429022084,30.1,33.9,142.3,265.75,33.9,10.6,65.0,45.0,11.3
A1CAP,7.28,7.2,7.35,7.2,3363205.0,0.1375515818432005,24484132.4,3.7696768848384425,0.5382469562800037,17.711826641543,,,,,,,,0.4237530679433334,,21.87,2026-09-07,,,,0.0,⚠️ ELENDİ (KULUÇKA ŞARTINA UYMUYOR),0.0,,,,,,,,,,,,,,,,,,,7.2,,,,,,,12.7,,6.91,,,18.99,4907249987.0,-24.32432432432432,1.1,160.9,18.99,18.2,160.9,4.9,65.0,55.0,15.5
DURKN,21.32,22.0,22.06,21.16,1149335.0,-2.648401826484011,24503822.2,10.0,1.0445204808321673,-0.387262308044991,,,,,,,,0.4152205319993309,,1.96,2026-09-07,,,,0.0,⚠️ ELENDİ (KULUÇKA ŞARTINA UYMUYOR),0.0,,,,,,,,,,,,,,,,,,,13.64,,,,,,,5.0,,13.09,,,24.86,2901749949.0,22.81105990783411,56.3,16.6,24.86,53.3,16.6,2.9,20.0,55.0,14.5
AGROT,1.95,1.94,1.96,1.93,12770869.0,0.5154639175257737,24903194.55,10.0,0.5453294628924275,-6.57224839783597,,,,,,,,0.0949792081828457,,29.33,2026-09-07,,,,0.0,⚠️ ELENDİ (KULUÇKA ŞARTINA UYMUYOR),0.0,,,,,,,,,,,,,,,,,,,1.91,,,,,,,31.7,,1.83,,,4.25,4656000137.0,-53.73665480427046,2.1,117.9,4.25,4.88,117.9,4.7,65.0,55.0,10.0
VSNMD,41.02,40.76,41.16,40.44,622614.0,0.6378802747792078,24952155.84,10.0,2.777958369903239,-2.83899154897383,,,,,,,,0.6200212501444262,,37.11,2026-09-07,,,,0.0,⚠️ ELENDİ (KULUÇKA ŞARTINA UYMUYOR),0.0,,,,,,,,,,,,,,,,,,,40.32,,,,,,,51.5,,38.71,,,164.03218425,7391825944.0,-66.51998493399323,1.7,299.9,164.03,102.55,299.9,7.4,65.0,55.0,24.9
ERCB,44.56,43.76,45.18,43.22,560710.0,2.862419205909516,24985237.6,10.0,0.6466034815882706,-17.4623746943785,,,,,,,,0.8225616404112764,,30.29,2026-09-07,,,,0.0,⚠️ ELENDİ (KULUÇKA ŞARTINA UYMUYOR),0.0,,,,,,,,,,,,,,,,,,,42.16,,,,,,,34.2,,40.47,,,105.0,3368088002.0,-45.25798525798526,5.7,135.6,105.0,111.4,135.6,3.4,100.0,55.0,43.1
GOKNR,16.93,16.7,17.0,16.66,1482227.0,1.3165769000598375,25094103.11,13.84640549603337,0.5443364095467539,4.49147321918011,,,,,,,,0.2337189794440317,,36.47,2026-09-07,,,,0.0,⚠️ ELENDİ (KULUÇKA ŞARTINA UYMUYOR),0.0,,,,,,,,,,,,,,,,,,,16.5,,,,,,,49.9,,15.84,,,28.92,5848499680.0,-28.26271186440679,2.6,70.8,28.92,42.33,70.8,5.8,65.0,45.0,14.8
TBORG,139.3,143.8,144.4,138.5,181202.0,-3.129346314325452,25241438.6,14.282784784168976,1.5053221729849675,11.9764410664178,,,,,,,,0.4745540236603948,,0.41,2026-09-07,,,,0.0,🏢 MEGA DEV (3X POTANSİYELİ DÜŞÜK),0.0,,,,,,,,,,,,,,,,,,,122.2,,,,,,,5.0,,117.31,,,209.5,46376685860.0,-22.910902047592685,14.0,50.4,209.5,348.25,50.4,46.4,90.0,45.0,16.6
SUWEN,6.75,6.64,6.9,6.57,3761719.0,0.0,25391603.25,10.0,2.2117369507519906,-8.70167376125255,,,,,,,,0.2979283530638359,,22.55,2026-09-07,,,,0.0,⚠️ ELENDİ (KULUÇKA ŞARTINA UYMUYOR),0.0,,,,,,,,,,,,,,,,,,,5.86,,,,,,,14.5,,5.63,,,12.54,3780000000.0,-39.67828418230562,15.2,85.8,12.54,16.88,85.8,3.8,100.0,55.0,10.4
ISGYO,23.4,23.68,23.8,22.52,1086480.0,-1.2658227848101298,25423632.0,10.0,0.385524700765283,-4.2305046125548,,,,,,,,0.6792434570271045,,30.5,2026-09-07,,,,0.0,⚠️ ELENDİ (KULUÇKA ŞARTINA UYMUYOR),0.0,,,,,,,,,,,,,,,,,,,17.81,,,,,,,34.7,,17.1,,,29.22,22722375731.0,13.92405063291139,31.4,24.9,29.22,58.5,24.9,22.7,65.0,55.0,23.8
GZNMI,51.8,52.85,52.95,51.45,491574.0,-2.171860245514647,25463533.2,10.0,2.534391645705748,-22.5988008738838,,,,,,,,0.2883961970756044,,5.07,2026-09-07,,,,0.0,⚠️ ELENDİ (KULUÇKA ŞARTINA UYMUYOR),0.0,,,,,,,,,,,,,,,,,,,41.56,,,,,,,5.0,,39.9,,,330.25,3441750050.0,-83.1270358306189,24.6,537.5,330.25,129.5,537.5,3.4,100.0,55.0,10.1
ULUSE,222.9,230.0,230.3,221.7,130389.0,-2.536073458679485,29063708.1,15.127966717115848,18.132152397934448,212.733480031575,,,,,,,,0.7567315030570702,,0.19,2026-09-07,,,,0.0,NÖTR,0.0,,,,,,,,,,,,,,,,,,,148.7,,,,,,,5.0,,142.75,,,367.25,18295999756.0,1.3181818181818208,49.9,64.8,367.25,557.25,64.8,18.3,20.0,90.0,26.5
SRVGY,2.47,2.42,2.48,2.42,10526961.0,2.06611570247935,26001593.67,2.692098092643052,0.2561159344550589,11.068350720865,,,,,,,,0.734412461575233,,38.67,2026-09-07,,,,0.0,⚠️ ELENDİ (KULUÇKA ŞARTINA UYMUYOR),0.0,,,,,,,,,,,,,,,,,,,2.38,,,,,,,55.5,,2.28,,,3.87,7865000248.0,-33.60215053763441,3.8,56.7,3.87,6.18,56.7,7.9,65.0,55.0,36.0
EDATA,17.55,17.75,17.87,17.39,1489464.0,-1.1267605633802775,26140093.2,10.0,7.468244005191599,-12.9957486909364,,,,,,,,0.46255998091455,,10.67,2026-09-07,,,,0.0,⚠️ ELENDİ (KULUÇKA ŞARTINA UYMUYOR),0.0,,,,,,,,,,,,,,,,,,,4.6,,,,,,,5.0,,4.42,,,26.18,7123518967.0,223.8007380073801,281.5,49.2,26.18,43.88,49.2,7.1,20.0,55.0,16.2
USAK,1.2,1.19,1.2,1.18,21850599.0,0.8403361344537823,26220718.8,10.0,0.4476943739740336,-13.1838090136317,,,,,,,,0.6739631339070628,,48.0,2026-09-07,,,,0.0,⚠️ ELENDİ (KULUÇKA ŞARTINA UYMUYOR),0.0,,,,,,,,,,,,,,,,,,,1.17,,,,,,,79.2,,1.12,,,2.89137633,2915500140.0,-55.935377262535695,2.6,140.9,2.89,3.0,140.8,2.9,65.0,55.0,27.8
BYDNR,35.86,35.8,36.54,35.58,733348.0,0.2796420581655521,26297859.28,10.0,1.781444659217983,-2.29596714566113,,,,,,,,0.8179026992591399,,8.33,2026-09-07,,,,0.0,⚠️ ELENDİ (KULUÇKA ŞARTINA UYMUYOR),0.0,,,,,,,,,,,,,,,,,,,19.5,,,,,,,5.0,,18.72,,,46.88,3003839859.0,42.86852589641433,83.9,30.7,46.88,89.65,30.7,3.0,20.0,55.0,30.0
METRO,8.35,8.5,8.5,8.35,3220170.0,-1.648998822143705,26888419.5,49.8805256869773,0.8943298416982627,1.93709576793657,,,,,,,,0.3968189370730769,,8.0,2026-09-07,,,,0.0,⚠️ ELENDİ (KULUÇKA ŞARTINA UYMUYOR),0.0,,,,,,,,,,,,,,,,,,,3.77,,,,,,,5.0,,3.62,,,9.65,4554066139.0,83.51648351648352,121.5,15.6,9.65,20.88,15.6,4.6,20.0,30.0,13.9
AGESA,254.5,257.75,260.25,253.75,106072.0,-1.7374517374517375,26995324.0,6.573017311958759,3.5672910944575227,70.4502550027856,,,,,,,,0.4153776509342786,,1.54,2026-09-07,,,,0.0,🏢 MEGA DEV (3X POTANSİYELİ DÜŞÜK),0.0,,,,,,,,,,,,,,,,,,,153.1,,,,,,,5.0,,146.98,,,266.75,46620000000.0,59.76145637162585,66.2,4.8,266.75,636.25,4.8,46.6,20.0,100.0,14.5
A1YEN,2.63,2.55,2.65,2.52,10413407.0,3.137254901960787,27387260.41,13.769633507853404,0.4427795782650784,3.57573313251364,,,,,,,,0.5922035831380688,,39.38,2026-09-07,,,,0.0,⚠️ ELENDİ (KULUÇKA ŞARTINA UYMUYOR),0.0,,,,,,,,,,,,,,,,,,,2.42734216,,,,,,,57.3,,2.33,,,4.26,1529999971.0,-10.060173163918629,8.3,62.0,4.26,6.57,62.0,1.5,100.0,45.0,36.4
PRKME,18.92,19.06,19.25,18.77,1469436.0,-0.8905185961236153,27801729.12,10.0,0.5395319816707412,-12.9422148602144,,,,,,,,0.3528226622139523,,9.5,2026-09-07,,,,0.0,⚠️ ELENDİ (KULUÇKA ŞARTINA UYMUYOR),0.0,,,,,,,,,,,,,,,,,,,15.9,,,,,,,5.0,,15.26,,,29.1,2841875797.0,-9.990485252140807,19.0,53.8,29.1,47.3,53.8,2.8,90.0,55.0,12.3
BMSTL,43.18,43.5,43.62,43.02,646915.0,-0.1387604070305325,27933789.7,10.0,16.12030120099604,-2.93344317198522,,,,,,,,0.3502583399915529,,6.93,2026-09-07,,,,0.0,⚠️ ELENDİ (KULUÇKA ŞARTINA UYMUYOR),0.0,,,,,,,,,,,,,,,,,,,31.2,,,,,,,5.0,,29.95,,,66.0,12972000632.0,29.475262368815585,38.4,52.8,66.0,107.95,52.8,13.0,20.0,55.0,12.3
ARTMS,43.06,42.52,43.5,42.46,650628.0,1.844843897824033,28016041.68,30.004877708870463,1.1643014259042197,4.33332473105516,,,,,,,,0.5621170008365731,,24.31,2026-09-07,,,,0.0,⚠️ ELENDİ (KULUÇKA ŞARTINA UYMUYOR),0.0,,,,,,,,,,,,,,,,,,,33.52,,,,,,,19.0,,32.18,,,58.0,2959599915.0,10.01532958610118,28.5,34.7,58.0,107.65,34.7,3.0,65.0,30.0,28.9
PSDTC,152.2,151.7,154.5,150.0,186387.0,1.3315579227696406,28368101.4,39.63748111880827,4.316723873184749,12.6675979739311,,,,,,,,0.2899150135121641,,19.38,2026-09-07,,,,0.0,⚠️ ELENDİ (KULUÇKA ŞARTINA UYMUYOR),0.0,,,,,,,,,,,,,,,,,,,105.2,,,,,,,7.8,,100.99,,,196.8,1115235006.0,-11.51162790697675,44.7,29.3,196.8,380.5,29.3,1.1,20.0,30.0,16.8
ANSGR,25.86,26.1,26.12,25.86,1110620.0,-1.2223071046600469,28720633.2,3.313770214510879,1.291524433334915,46.7557305906275,,,,,,,,0.235083156470273,,8.0,2026-09-07,,,,0.0,🏢 MEGA DEV (3X POTANSİYELİ DÜŞÜK),0.0,,,,,,,,,,,,,,,,,,,20.28,,,,,,,5.0,,19.47,,,31.52,52360000610.0,18.29826166514181,27.5,21.9,31.52,64.65,21.9,52.4,90.0,100.0,10.0
MERKO,1.23,1.24,1.24,1.21,20834013.0,-0.8064516129032264,25625835.99,1.6877058177826565,0.5208642111236269,34.6488148138109,,,,,,,,0.8609646871466881,,29.33,2026-09-07,,,,0.0,⚠️ ELENDİ (KULUÇKA ŞARTINA UYMUYOR),0.0,,,,,,,,,,,,,,,,,,,1.18,,,,,,,31.7,,1.13,,,2.57,1054000008.0,-38.178508150397214,4.2,108.9,2.57,3.08,108.9,1.1,100.0,85.0,30.1
KARCL,181.5,181.6,187.0,179.0,1692004.0,-1.8388318009735023,307098726.0,10.0,13.350064433368836,15.0,,,,,,,,0.2021945755386632,,9.5,2026-09-07,,,,0.0,🏢 MEGA DEV (3X POTANSİYELİ DÜŞÜK),0.0,,,,,,,,,,,,,,,,,,,38.5,,,,,,,5.0,,36.96,,,187.0,153466994934.0,371.4285714285714,371.4,3.0,187.0,453.75,3.0,153.5,20.0,55.0,10.0
ULKER,92.0,90.75,92.5,90.55,3384278.0,1.7136539524599192,311353576.0,7.862239883775585,0.6658640110272871,9.91775211995781,,,,,,,,0.501986384144526,,33.64,2026-09-07,,,,0.0,⚠️ ELENDİ (KULUÇKA ŞARTINA UYMUYOR),0.0,,,,,,,,,,,,,,,,,,,84.9,,,,,,,42.7,,81.5,,,141.7,33400999360.0,-13.85767790262172,8.4,54.0,141.7,230.0,54.0,33.4,90.0,55.0,26.1
AYGAZ,323.0,326.25,328.0,319.5,993003.0,-0.844205679201842,320739969.0,8.490905793005911,0.8443763866039242,11.7381928238,,,,,,,,0.9247021848700367,,15.06,2026-09-07,,,,0.0,🏢 MEGA DEV (3X POTANSİYELİ DÜŞÜK),0.0,,,,,,,,,,,,,,,,,,,158.6,,,,,,,6.0,,152.26,,,346.5,71600099522.0,95.75757575757576,103.7,7.3,346.5,807.5,7.3,71.6,20.0,55.0,32.4
GIPTA,76.15,68.9,76.15,68.2,4250636.0,9.963898916967516,323685931.40000004,10.0,2.8000266213955864,-8.22628559567446,,,,,,,,0.4029356360563274,,48.0,2026-09-07,,,,0.0,⚠️ ELENDİ (KULUÇKA ŞARTINA UYMUYOR),0.0,,,,,,,,,,,,,,,,,,,50.8,,,,,,,79.2,,48.77,,,151.5,9141000000.0,-48.19727891156462,49.9,98.9,151.5,190.38,98.9,9.1,20.0,55.0,63.9
TKFEN,205.2,211.5,213.3,205.0,1610625.0,-2.656546489563578,330500250.0,10.0,2.0872297243483584,-15.7108521370911,,,,,,,,0.3236888834189054,,6.65,2026-09-07,,,,0.0,🏢 MEGA DEV (3X POTANSİYELİ DÜŞÜK),0.0,,,,,,,,,,,,,,,,,,,67.0,,,,,,,5.0,,64.32,,,245.2,75164958632.0,114.30809399477803,206.3,19.5,245.2,513.0,19.5,75.2,20.0,55.0,11.3
SELEC,361.0,356.0,363.25,355.75,930908.0,1.4044943820224718,336057788.0,110.04084618667316,6.040530790308914,6.37484548994022,,,,,,,,0.1429257943759359,,31.2,2026-09-07,,,,0.0,🏢 MEGA DEV (3X POTANSİYELİ DÜŞÜK),0.0,,,,,,,,,,,,,,,,,,,66.35,,,,,,,36.5,,63.7,,,366.0,221076000000.0,312.1004566210045,444.1,1.4,366.0,902.5,1.4,221.1,20.0,30.0,12.0
ALKLC,457.0,455.5,466.25,455.0,744466.0,0.3293084522502744,340220962.0,10.0,17.227606844147456,-13.8123098889037,,,,,,,,0.2527488241635244,,1.96,2026-09-07,,,,0.0,🏢 MEGA DEV (3X POTANSİYELİ DÜŞÜK),0.0,,,,,,,,,,,,,,,,,,,66.9,,,,,,,5.0,,64.22,,,466.25,49035792011.0,429.54808806489,583.1,2.0,466.25,1142.5,2.0,49.0,20.0,55.0,10.5
FENER,2.94,2.93,2.95,2.86,122285996.0,-4.854368932038832,359520828.24,10.0,2.702628168004192,-152.902143571936,,,,,,,,0.7837290687577032,,41.78,2026-09-07,,,,0.0,⚠️ ELENDİ (KULUÇKA ŞARTINA UYMUYOR),0.0,,,,,,,,,,,,,,,,,,,2.54,,,,,,,63.4,,2.44,,,4.98543306,19312499464.0,-38.70215805599341,15.7,69.6,4.99,7.35,69.7,19.3,100.0,55.0,27.4
BAHKM,166.8,176.2,176.2,155.2,2229694.0,-2.513150204558728,371912959.2000001,10.0,6.52788518436188,-17.7412000058965,,,,,,,,1.1190032578504712,,22.93,2026-09-07,,,,0.0,⚠️ ELENDİ (KULUÇKA ŞARTINA UYMUYOR),0.0,,,,,,,,,,,,,,,,,,,46.74,,,,,,,15.5,,44.87,,,176.2,9410500336.0,184.15672913117547,256.9,5.6,176.2,417.0,5.6,9.4,20.0,55.0,39.2
GLRMK,164.0,158.4,165.2,157.6,2610224.0,3.6007580543272195,428076736.0,14.517642476497354,1.8650618643294865,17.0757628948969,,,,,,,,0.5846260093200203,,39.16,2026-09-07,,,,0.0,🏢 MEGA DEV (3X POTANSİYELİ DÜŞÜK),0.0,,,,,,,,,,,,,,,,,,,146.0,,,,,,,56.7,,140.16,,,261.0,51067581951.0,-7.916900617630542,12.3,59.1,261.0,410.0,59.1,51.1,90.0,45.0,38.5
ENERY,10.73,11.1,11.18,10.7,40280322.0,-2.8079710144927423,432207855.06,17.110508690798916,1.4209116346575312,9.89807182782181,,,,,,,,0.773160352922,,4.5,2026-09-07,,,,0.0,🏢 MEGA DEV (3X POTANSİYELİ DÜŞÜK),0.0,,,,,,,,,,,,,,,,,,,8.06,,,,,,,5.0,,7.74,,,11.79,97034537946.0,-7.499999999999993,33.1,9.9,11.79,26.83,9.9,97.0,65.0,45.0,27.1
TNZTP,29.02,28.98,29.42,28.68,2637726.0,0.0689655172413778,76546808.52,21.47402693503033,1.2180498023712096,5.50175919999278,,,,,,,,0.5009072718629808,,17.73,2026-09-07,,,,0.0,⚠️ ELENDİ (KULUÇKA ŞARTINA UYMUYOR),0.0,,,,,,,,,,,,,,,,,,,20.08,,,,,,,7.1,,19.28,,,32.5,11600000000.0,7.022668483950418,44.5,12.0,32.5,72.55,12.0,11.6,20.0,30.0,17.9
AEFES,18.58,18.45,18.7,18.4,24509400.0,0.7046070460704553,455384652.0,11.277693474962064,0.8756893461409577,8.89029451333242,,,,,,,,0.4840417147842606,,25.6,2026-09-07,,,,0.0,🏢 MEGA DEV (3X POTANSİYELİ DÜŞÜK),0.0,,,,,,,,,,,,,,,,,,,13.37,,,,,,,22.2,,12.84,,,23.28,109243427467.0,20.181112548512274,39.0,25.3,23.28,46.45,25.3,109.2,20.0,55.0,20.5
CRFSA,297.75,281.0,302.25,278.75,1529505.0,6.149732620320856,455410113.75,10.0,2.0,15.0,,,,,,,,0.4644927082019882,,37.28,2026-09-07,,,,0.0,⚠️ ELENDİ (KULUÇKA ŞARTINA UYMUYOR),0.0,,,,,,,,,,,,,,,,,,,77.2,,,,,,,51.9,,74.11,,,346.75,35840541241.0,254.0428061831153,285.7,16.5,346.75,744.38,16.5,35.8,20.0,55.0,47.0
TAVHL,267.0,268.25,269.5,263.5,1727904.0,-0.4659832246039142,461350368.0,18.39172303580531,1.1830146216619548,6.95027383463448,,,,,,,,0.3963694395946897,,24.67,2026-09-07,,,,0.0,🏢 MEGA DEV (3X POTANSİYELİ DÜŞÜK),0.0,,,,,,,,,,,,,,,,,,,217.6,,,,,,,19.9,,208.9,,,369.0,96900998299.0,9.515996718621818,22.7,38.2,369.0,667.5,38.2,96.9,90.0,45.0,13.9
VEYAS,123.4,113.3,124.5,113.0,3816037.0,8.245614035087725,470898965.8,10.0,4.486708217802415,15.0,,,,,,,,0.4315892343597525,,42.64,2026-09-07,,,,0.0,🏢 MEGA DEV (3X POTANSİYELİ DÜŞÜK),0.0,,,,,,,,,,,,,,,,,,,110.9,,,,,,,65.6,,106.46,,,164.0,64621439941.0,-9.264705882352938,11.3,32.9,164.0,308.5,32.9,64.6,90.0,55.0,56.3
VESTL,26.82,27.0,27.6,25.66,18329251.0,1.3605442176870728,491590511.82,10.0,0.4109383137463462,-84.2751802525192,,,,,,,,1.1861376683749325,,25.48,2026-09-07,,,,0.0,⚠️ ELENDİ (KULUÇKA ŞARTINA UYMUYOR),0.0,,,,,,,,,,,,,,,,,,,21.1,,,,,,,21.9,,20.26,,,40.4,8876172552.0,-30.947476828012363,27.1,50.6,40.4,67.05,50.6,8.9,90.0,55.0,48.3
BKRGY,9.26,9.65,9.78,9.25,55848505.0,-3.441084462982274,517157156.3,10.0,2.0,15.0,,,,,,,,1.0,,6.94,2026-09-07,,,,0.0,⚠️ ELENDİ (KULUÇKA ŞARTINA UYMUYOR),0.0,,,,,,,,,,,,,,,,,,,9.25,,,,,,,5.0,,8.88,,,13.38,6406120102.0,-20.44673539518901,0.1,44.5,13.38,23.15,44.5,6.4,65.0,55.0,35.0
BETAE,81.1,80.85,83.2,79.25,6432636.0,0.3712871287128678,521686779.6,10.0,2.0,15.0,,,,,,,,0.6725641040412766,,18.23,2026-09-07,,,,0.0,⚠️ ELENDİ (KULUÇKA ŞARTINA UYMUYOR),0.0,,,,,,,,,,,,,,,,,,,44.0,,,,,,,7.3,,42.24,,,119.0,10000000000.0,84.31818181818181,84.3,46.7,119.0,202.75,46.7,10.0,20.0,55.0,25.4
MANAS,38.22,37.88,40.06,37.58,13729635.0,2.686727565824825,524746649.7,10.0,21.92293131732612,-89.1081959171501,,,,,,,,0.3972456459359875,,6.45,2026-09-07,,,,0.0,⚠️ ELENDİ (KULUÇKA ŞARTINA UYMUYOR),0.0,,,,,,,,,,,,,,,,,,,3.31196138,,,,,,,5.0,,3.18,,,40.06,12321904715.0,583.7308424950761,1054.0,4.8,40.06,95.55,4.8,12.3,20.0,55.0,27.3
ENKAI,88.5,87.65,89.05,87.5,6043202.0,1.4326647564469914,534823377.0,13.294676120658576,1.2973891545889753,10.5694649038713,,,,,,,,0.3741999267092993,,28.13,2026-09-07,,,,0.0,🏢 MEGA DEV (3X POTANSİYELİ DÜŞÜK),0.0,,,,,,,,,,,,,,,,,,,65.55,,,,,,,28.7,,62.93,,,114.3,511449616211.0,27.42980561555075,35.0,29.2,114.3,221.25,29.2,511.4,20.0,45.0,20.3
BTCIM,3.9,3.84,4.01,3.81,137796882.0,2.094240837696337,537407839.8,10.0,0.9194730240760476,-3.97603446876797,,,,,,,,1.1964612491204194,,17.2,2026-09-07,,,,0.0,⚠️ ELENDİ (KULUÇKA ŞARTINA UYMUYOR),0.0,,,,,,,,,,,,,,,,,,,3.36,,,,,,,6.9,,3.23,,,7.09,21302399364.0,-8.665105386416855,16.1,81.8,7.09,9.75,81.8,21.3,100.0,55.0,52.3
KUYAS,68.75,68.5,70.25,68.45,8075895.0,0.0727802037845664,555217781.25,10.0,15.5160000993024,-66.6798503710024,,,,,,,,0.8214285169391374,,1.33,2026-09-07,,,,0.0,⚠️ ELENDİ (KULUÇKA ŞARTINA UYMUYOR),0.0,,,,,,,,,,,,,,,,,,,35.38,,,,,,,5.0,,33.96,,,94.85,25718269878.0,19.77351916376307,94.3,38.0,94.85,171.88,38.0,25.7,20.0,55.0,29.1
KRDMA,56.4,56.35,58.5,55.8,7726829.0,0.3558718861209888,435793155.6,14.076070679844264,0.5934453956055369,5.44820350665331,,,,,,,,0.4675660180673878,,4.44,2026-09-07,,,,0.0,🏢 MEGA DEV (3X POTANSİYELİ DÜŞÜK),0.0,,,,,,,,,,,,,,,,,,,23.24,,,,,,,5.0,,22.31,,,71.15,55915356485.0,52.59740259740259,142.7,26.2,71.15,141.0,26.2,55.9,20.0,45.0,18.1
CATES,65.4,71.95,71.95,64.8,3582091.0,-9.16666666666666,234268751.4,5.9039657678315125,0.730799336916932,15.0371644035297,,,,,,,,1.1243822018899687,,3.3,2026-09-07,,,,0.0,⚠️ ELENDİ (KULUÇKA ŞARTINA UYMUYOR),0.0,,,,,,,,,,,,,,,,,,,29.46,,,,,,,5.0,,28.28,,,73.0,11894399780.0,83.91451068616423,122.0,11.6,73.0,163.5,11.6,11.9,20.0,55.0,39.4
BORLS,3.44,3.85,4.07,3.4,69496613.0,-7.027027027027033,239068348.72,10.0,2.0,-2642.0879968264,,,,,,,,3.656737757446424,,4.66,2026-09-07,,,,0.0,⚠️ ELENDİ (KULUÇKA ŞARTINA UYMUYOR),0.0,,,,,,,,,,,,,,,,,,,2.59,,,,,,,5.0,,2.49,,,33.16,2590000033.0,-85.95918367346938,32.8,864.0,33.16,8.6,864.0,2.6,65.0,55.0,100.0
GEREL,37.3,38.52,39.06,36.18,6453334.0,-3.1671858774662667,240709358.2,22.608801066795973,3.378757849044708,25.9052982329303,,,,,,,,1.1902529214650397,,13.78,2026-09-07,,,,0.0,⚠️ ELENDİ (KULUÇKA ŞARTINA UYMUYOR),0.0,,,,,,,,,,,,,,,,,,,15.76,,,,,,,5.5,,15.13,,,47.24,14347752688.0,70.00911577028256,136.7,26.6,47.24,93.25,26.6,14.3,20.0,60.0,41.7
DMRGD,10.67,10.75,11.03,10.65,23057010.0,-0.2803738317756949,246018296.7,91.27459366980324,7.483098156927651,8.63924314081493,,,,,,,,0.6593620637480874,,5.05,2026-09-07,,,,0.0,⚠️ ELENDİ (KULUÇKA ŞARTINA UYMUYOR),0.0,,,,,,,,,,,,,,,,,,,2.7825,,,,,,,5.0,,2.67,,,14.03,15861679978.0,180.42049934296972,283.5,31.5,14.03,26.68,31.5,15.9,20.0,30.0,23.1
MIATK,33.76,33.76,33.76,33.76,7296438.0,9.967426710097715,246327746.88,10.0,2.7687381902162502,-25.9314338186004,,,,,,,,0.4376170237389628,,20.0,2026-09-07,,,,0.0,⚠️ ELENDİ (KULUÇKA ŞARTINA UYMUYOR),0.0,,,,,,,,,,,,,,,,,,,26.76,,,,,,,8.0,,25.69,,,57.85,15165800377.0,-21.851851851851865,26.2,71.4,57.85,84.4,71.4,15.2,100.0,55.0,65.2
TRMET,136.3,135.3,138.4,135.0,1828547.0,-0.7283321194464675,249230956.1,25.27162828642415,1.7588980497266162,8.18576711076804,,,,,,,,0.3007176515885524,,13.41,2026-09-07,,,,0.0,🏢 MEGA DEV (3X POTANSİYELİ DÜŞÜK),0.0,,,,,,,,,,,,,,,,,,,73.25,,,,,,,5.4,,70.32,,,174.2,53283383341.0,74.29667519181586,86.1,27.8,174.2,340.75,27.8,53.3,20.0,30.0,10.5
EMPAE,67.0,68.65,69.1,65.25,3825058.0,-1.7595307917888603,256278886.0,10.0,6.0016750943920165,15.0,,,,,,,,0.3658102564754845,,17.45,2026-09-07,,,,0.0,⚠️ ELENDİ (KULUÇKA ŞARTINA UYMUYOR),0.0,,,,,,,,,,,,,,,,,,,24.2,,,,,,,7.0,,23.23,,,172.0,11594000000.0,176.85950413223142,176.9,156.7,172.0,167.5,156.7,11.6,20.0,55.0,12.8
CVKMD,15.81,15.73,16.12,15.62,16454096.0,1.022364217252397,260139257.76,152.1655437921078,4.544252569615305,3.62597150686481,,,,,,,,0.4758496284731857,,13.28,2026-09-07,,,,0.0,🏢 MEGA DEV (3X POTANSİYELİ DÜŞÜK),0.0,,,,,,,,,,,,,,,,,,,4.930731,,,,,,,5.3,,4.73,,,18.96494496,59156998558.0,170.74085589455757,220.6,20.0,18.96,39.52,19.9,59.2,20.0,30.0,21.8
RALYH,272.25,271.75,277.0,268.5,968848.0,0.3686635944700461,263768868.0,35.264173672007566,10.75544507987276,39.0893651880271,,,,,,,,0.4590643010232288,,16.71,2026-09-07,,,,0.0,🏢 MEGA DEV (3X POTANSİYELİ DÜŞÜK),0.0,,,,,,,,,,,,,,,,,,,119.8,,,,,,,6.7,,115.01,,,401.75,90203190842.0,106.25,127.3,47.6,401.75,680.62,47.6,90.2,20.0,75.0,17.9
HATSN,66.0,60.1,66.0,58.8,4036274.0,10.0,266394084.0,10.0,2.262017740388224,-12.8421185393824,,,,,,,,0.3499626594555438,,48.0,2026-09-07,,,,0.0,⚠️ ELENDİ (KULUÇKA ŞARTINA UYMUYOR),0.0,,,,,,,,,,,,,,,,,,,34.4,,,,,,,79.2,,33.02,,,92.0,13290000000.0,17.857142857142858,91.9,39.4,92.0,165.0,39.4,13.3,20.0,55.0,62.2
YEOTK,32.08,32.5,32.6,31.82,8393264.0,-0.4962779156327658,269255909.12,11.95721048119572,4.835986493005306,58.2232370664055,,,,,,,,0.6559701795472943,,10.67,2026-09-07,,,,0.0,⚠️ ELENDİ (KULUÇKA ŞARTINA UYMUYOR),0.0,,,,,,,,,,,,,,,,,,,13.8152267,,,,,,,5.0,,13.26,,,53.03678358,26759201393.0,102.60140468871523,132.2,65.3,53.04,80.2,65.3,26.8,20.0,100.0,23.0
TRHOL,3562.5,3625.0,3662.5,3550.0,85928.0,-1.7241379310344829,306118500.0,22.91869316164096,22.595820550177308,196.206662435691,,,,,,,,0.2335661982458633,,1.78,2026-09-07,,,,0.0,🏢 MEGA DEV (3X POTANSİYELİ DÜŞÜK),0.0,,,,,,,,,,,,,,,,,,,191.9,,,,,,,5.0,,184.22,,,3662.5,108750000000.0,1056.655844155844,1756.4,2.8,3662.5,8906.25,2.8,108.8,20.0,75.0,10.0
IZFAS,54.6,51.0,56.0,51.0,5010836.0,7.163886162904805,273591645.6,10.0,22.045285700442523,-7.18972640166338,,,,,,,,0.7519779987237115,,32.32,2026-09-07,,,,0.0,⚠️ ELENDİ (KULUÇKA ŞARTINA UYMUYOR),0.0,,,,,,,,,,,,,,,,,,,33.30860099,,,,,,,39.3,,31.98,,,74.95,9027703260.0,3.46900022448054,63.9,37.3,74.95,136.5,37.3,9.0,20.0,55.0,62.1
INFO,4.82,4.91,5.05,4.74,56924003.0,-0.2070393374741156,274373694.46000004,10.0,1.1194047182212148,15.0,,,,,,,,1.012912067608714,,6.45,2026-09-07,,,,0.0,⚠️ ELENDİ (KULUÇKA ŞARTINA UYMUYOR),0.0,,,,,,,,,,,,,,,,,,,3.01,,,,,,,5.0,,2.89,,,8.92,4638422800.0,17.848410757946223,60.1,85.1,8.92,12.05,85.1,4.6,20.0,55.0,35.5
BALSU,8.75,8.73,8.92,8.63,31390485.0,0.8064516129032291,274666743.75,10.0,2.2117574498310217,15.0,,,,,,,,0.6777009428244012,,15.17,2026-09-07,,,,0.0,⚠️ ELENDİ (KULUÇKA ŞARTINA UYMUYOR),0.0,,,,,,,,,,,,,,,,,,,8.6,,,,,,,6.1,,8.26,,,25.32,9652160339.0,-66.90620272314675,1.7,189.4,25.32,21.88,189.4,9.7,65.0,55.0,27.8
DOFRB,113.7,113.6,115.5,109.0,2425681.0,0.088028169014092,275799929.7,57.6425855513308,7.581870194648014,22.5289716057738,,,,,,,,0.4363678197394797,,32.49,2026-09-07,,,,0.0,⚠️ ELENDİ (KULUÇKA ŞARTINA UYMUYOR),0.0,,,,,,,,,,,,,,,,,,,49.5,,,,,,,39.8,,47.52,,,218.3,17608000000.0,129.6969696969697,129.7,92.0,218.3,284.25,92.0,17.6,20.0,60.0,15.7
ARDYZ,83.55,86.3,88.15,82.75,3305516.0,-2.565597667638487,276175861.8,20.804800916357475,3.920964984445196,24.268344789997,,,,,,,,0.6636855606955328,,0.3,2026-09-07,,,,0.0,⚠️ ELENDİ (KULUÇKA ŞARTINA UYMUYOR),0.0,,,,,,,,,,,,,,,,,,,24.42,,,,,,,5.0,,23.44,,,97.9,27635004837.0,207.1691176470588,242.1,17.2,97.9,208.88,17.2,27.6,20.0,60.0,23.2
BJKAS,2.2,2.09,2.2,2.08,125607269.0,10.000000000000009,276335991.8,10.0,2.646775745909528,-38.1520835440885,,,,,,,,0.21771574609334,,48.0,2026-09-07,,,,0.0,⚠️ ELENDİ (KULUÇKA ŞARTINA UYMUYOR),0.0,,,,,,,,,,,,,,,,,,,1.44,,,,,,,79.2,,1.38,,,3.2,8729137695.0,-7.949790794979076,52.8,45.5,3.2,5.5,45.5,8.7,20.0,55.0,57.6
GUNDG,1131.0,1163.0,1227.0,1131.0,246934.0,-9.952229299363058,279282354.0,10.0,51.06620455739914,-17.9104469072489,,,,,,,,1.1915041863373697,,8.0,2026-09-07,,,,0.0,🏢 MEGA DEV (3X POTANSİYELİ DÜŞÜK),0.0,,,,,,,,,,,,,,,,,,,79.55,,,,,,,5.0,,76.37,,,2707.5,48984000000.0,1054.0816326530612,1321.7,139.4,2707.5,2827.5,139.4,49.0,20.0,55.0,41.7
BIOEN,19.58,19.11,20.4,19.08,14351142.0,1.3457556935817705,280995360.35999995,10.0,2.992506506944052,-18.1089486566153,,,,,,,,1.4588565357539112,,13.21,2026-09-07,,,,0.0,⚠️ ELENDİ (KULUÇKA ŞARTINA UYMUYOR),0.0,,,,,,,,,,,,,,,,,,,14.67,,,,,,,5.3,,14.08,,,27.96,9659999847.0,-17.937971500419117,33.5,42.8,27.96,48.95,42.8,9.7,65.0,55.0,57.8
ANELE,206.1,203.6,208.5,202.3,1369213.0,1.0294117647058796,282194799.3,10.0,77.54300419883516,-180.437741552518,,,,,,,,0.1561554990637091,,26.32,2026-09-07,,,,0.0,🏢 MEGA DEV (3X POTANSİYELİ DÜŞÜK),0.0,,,,,,,,,,,,,,,,,,,13.32,,,,,,,24.1,,12.79,,,211.2,54060000000.0,741.9117647058823,1447.3,2.5,211.2,515.25,2.5,54.1,20.0,55.0,10.6
KOCMT,4.11,3.86,4.11,3.84,69226401.0,9.893048128342247,284520508.11,10.0,0.746032956141975,-7.37113785136723,,,,,,,,1.0494131000304423,,48.0,2026-09-07,,,,0.0,⚠️ ELENDİ (KULUÇKA ŞARTINA UYMUYOR),0.0,,,,,,,,,,,,,,,,,,,2.35,,,,,,,79.2,,2.26,,,6.39,8833531224.0,30.988501058106635,74.9,55.5,6.39,10.28,55.5,8.8,20.0,55.0,86.2
SKBNK,6.21,6.25,6.27,6.2,47799532.0,-0.4807692307692347,296835093.72,4.848532167395378,0.7079343365253078,16.2630100499565,,,,,,,,0.3410637767329734,,0.0,2026-09-07,,,,0.0,⚠️ ELENDİ (KULUÇKA ŞARTINA UYMUYOR),0.0,,,,,,,,,,,,,,,,,,,5.81,,,,,,,5.0,,5.58,,,20.0,15599999428.0,-22.375,6.9,222.1,20.0,15.53,222.1,15.6,100.0,55.0,11.9
MARTI,2.12,2.06,2.17,1.98,140333495.0,5.472636815920414,297507009.40000004,10.0,0.4439325725054968,-9.11037033586525,,,,,,,,0.6768007387306596,,33.26,2026-09-07,,,,0.0,⚠️ ELENDİ (KULUÇKA ŞARTINA UYMUYOR),0.0,,,,,,,,,,,,,,,,,,,1.29,,,,,,,41.7,,1.24,,,2.81167565,3008368850.0,-27.417260547257207,64.3,32.6,2.81,5.3,32.5,3.0,20.0,55.0,51.1
CANTE,1.31,1.33,1.34,1.29,206180030.0,-1.503759398496242,270095839.3,10.0,0.4129053406626658,-8.69874510729253,,,,,,,,0.4169207210800912,,14.4,2026-09-07,,,,0.0,⚠️ ELENDİ (KULUÇKA ŞARTINA UYMUYOR),0.0,,,,,,,,,,,,,,,,,,,1.17,,,,,,,5.8,,1.12,,,2.41322535,13299996533.0,-35.08514799374678,12.0,84.2,2.41,3.28,84.0,13.3,100.0,55.0,14.6
HEKTS,2.78,2.65,2.84,2.64,513108599.0,5.30303030303029,1426441905.2199998,10.0,1.4224241586975097,-30.7051469723585,,,,,,,,1.765309579900027,,31.2,2026-09-07,,,,0.0,⚠️ ELENDİ (KULUÇKA ŞARTINA UYMUYOR),0.0,,,,,,,,,,,,,,,,,,,2.57,,,,,,,36.5,,2.47,,,5.13,22255198874.0,-33.96674584323041,8.2,84.5,5.13,6.95,84.5,22.3,100.0,55.0,88.3
FROTO,79.2,79.5,79.95,78.4,18149530.0,2.5906735751295336,1437442776.0,9.271724751524802,1.5509729613713734,18.7548843037694,,,,,,,,0.9618485276266798,,20.9,2026-09-07,,,,0.0,🏢 MEGA DEV (3X POTANSİYELİ DÜŞÜK),0.0,,,,,,,,,,,,,,,,,,,75.05,,,,,,,10.3,,72.05,,,135.4,270902516830.0,-24.42748091603053,5.5,71.0,135.4,198.0,71.0,270.9,100.0,70.0,46.6
CITAS,154.4,145.0,154.4,140.4,10586849.0,9.971509971509972,1634609485.6,10.0,4.888783345206998,15.0,,,,,,,,0.3709110797039544,,48.0,2026-09-07,,,,0.0,⚠️ ELENDİ (KULUÇKA ŞARTINA UYMUYOR),0.0,,,,,,,,,,,,,,,,,,,81.05,,,,,,,79.2,,77.81,,,154.4,25271998901.0,90.49969154842692,90.5,0.0,154.4,386.0,0.0,25.3,20.0,55.0,62.8
SAHOL,93.2,92.7,93.75,92.2,17567855.0,0.6479481641468775,1637324086.0,9.810319782741416,0.4668359631592292,5.37074515641721,,,,,,,,0.4937418713054561,,28.13,2026-09-07,,,,0.0,🏢 MEGA DEV (3X POTANSİYELİ DÜŞÜK),0.0,,,,,,,,,,,,,,,,,,,73.9,,,,,,,28.7,,70.94,,,115.0,194318429122.0,6.271379703534778,26.1,23.4,115.0,233.0,23.4,194.3,90.0,55.0,20.5
EKGYO,19.45,19.39,19.6,19.18,90968816.0,0.0514403292180967,1769343471.2,10.0,0.4625353500667287,-1.37263805388322,,,,,,,,0.6583267477065982,,28.0,2026-09-07,,,,0.0,🏢 MEGA DEV (3X POTANSİYELİ DÜŞÜK),0.0,,,,,,,,,,,,,,,,,,,17.47,,,,,,,28.3,,16.77,,,27.12,71172181779.0,-0.3586065573770506,11.3,39.4,27.12,48.62,39.4,71.2,90.0,55.0,23.3
SISE,40.66,39.1,40.8,39.04,44161216.0,4.042988741044009,1795595042.56,10.214797136038184,0.4505267151483347,4.44658990245265,,,,,,,,0.9676868224810612,,43.55,2026-09-07,,,,0.0,🏢 MEGA DEV (3X POTANSİYELİ DÜŞÜK),0.0,,,,,,,,,,,,,,,,,,,32.44,,,,,,,67.9,,31.14,,,54.1,115734080139.0,6.106471816283915,25.3,33.1,54.1,101.65,33.1,115.7,90.0,55.0,54.1
BIMAS,415.5,416.0,421.5,412.5,4574800.0,-0.0601322910402886,1900829400.0,18.172116843868498,2.4468997720997008,16.1065139976773,,,,,,,,0.4841600101632539,,10.67,2026-09-07,,,,0.0,🏢 MEGA DEV (3X POTANSİYELİ DÜŞÜK),0.0,,,,,,,,,,,,,,,,,,,241.625,,,,,,,5.0,,231.96,,,425.0,492988047180.0,60.424710424710426,72.0,2.3,425.0,1038.75,2.3,493.0,20.0,45.0,16.9
TCELL,98.3,98.1,99.35,97.75,19448066.0,0.1528273051451772,1911744887.8,11.040106020957108,0.6986038795896871,7.34275858908705,,,,,,,,0.4671009957839859,,11.25,2026-09-07,,,,0.0,🏢 MEGA DEV (3X POTANSİYELİ DÜŞÜK),0.0,,,,,,,,,,,,,,,,,,,87.05,,,,,,,5.0,,83.57,,,129.6,214271876976.0,8.200330214639518,12.9,31.8,129.6,245.75,31.8,214.3,90.0,55.0,17.1
LXGYO,9.01,9.03,9.13,8.97,2096255.0,-0.2214839424141702,18887257.55,10.0,1.4275234765029,15.0,,,,,,,,0.2757705246878722,,6.0,2026-09-07,,,,0.0,⚠️ ELENDİ (KULUÇKA ŞARTINA UYMUYOR),0.0,,,,,,,,,,,,,,,,,,,8.74,,,,,,,5.0,,8.39,,,26.94,2979900000.0,-32.0,3.1,199.0,26.94,22.52,199.0,3.0,65.0,55.0,10.0
MSGYO,6.06,5.92,6.14,5.92,3117460.0,3.236797274275971,18891807.6,10.0,0.520158725662623,-1.0056345987357,,,,,,,,1.5617339171028504,,27.64,2026-09-07,,,,0.0,⚠️ ELENDİ (KULUÇKA ŞARTINA UYMUYOR),0.0,,,,,,,,,,,,,,,,,,,5.01,,,,,,,27.4,,4.81,,,10.58,2755895262.0,-5.754276827371697,21.0,74.6,10.58,15.15,74.6,2.8,100.0,55.0,70.8
IHLAS,1.05,1.05,1.05,1.04,18096434.0,0.0,19001255.7,10.0,0.8139219410100385,-78.0266887494466,,,,,,,,0.2169524761964448,,48.0,2026-09-07,,,,0.0,⚠️ ELENDİ (KULUÇKA ŞARTINA UYMUYOR),0.0,,,,,,,,,,,,,,,,,,,1.0,,,,,,,79.2,,0.96,,,3.235785,3149999857.0,-66.19498845275538,5.0,208.2,3.24,2.62,208.6,3.1,100.0,55.0,10.0
ALTIN,74.26,74.69,74.99,74.0,8046184.0,-0.9734631284171088,597509623.84,10.0,2.0,15.0,,,,,,,,0.3786572282181187,,6.71,2026-09-07,,,,0.0,⚠️ ELENDİ (KULUÇKA ŞARTINA UYMUYOR),0.0,,,,,,,,,,,,,,,,,,,54.65,,,,,,,5.0,,52.46,,,116.65,10000000000.0,41.12504751045232,35.9,57.1,116.65,185.65,57.1,10.0,20.0,55.0,13.3
ALKA,8.02,7.83,8.13,7.83,2373334.0,2.4265644955300063,19034138.68,10.0,2.4370010908770467,-5.32488955316521,,,,,,,,1.0400428964987818,,27.47,2026-09-07,,,,0.0,⚠️ ELENDİ (KULUÇKA ŞARTINA UYMUYOR),0.0,,,,,,,,,,,,,,,,,,,7.72,,,,,,,27.0,,7.41,,,17.1,5755049944.0,-12.63616557734205,3.9,113.2,17.1,20.05,113.2,5.8,65.0,55.0,48.5
KLKIM,26.4,26.62,26.66,26.28,724157.0,0.5331302361005218,19117744.8,16.606906963578034,1.639227203720549,11.4592515562644,,,,,,,,0.4364910329882526,,9.68,2026-09-07,,,,0.0,⚠️ ELENDİ (KULUÇKA ŞARTINA UYMUYOR),0.0,,,,,,,,,,,,,,,,,,,24.8,,,,,,,5.0,,23.81,,,44.2,12079600105.0,-27.7504105090312,6.5,67.4,44.2,66.0,67.4,12.1,100.0,45.0,17.9
IHAAS,50.5,50.4,50.95,49.98,385660.0,0.0,19475830.0,10.0,26.995386728960973,-31.433262889948,,,,,,,,0.2780412245896985,,22.02,2026-09-07,,,,0.0,⚠️ ELENDİ (KULUÇKA ŞARTINA UYMUYOR),0.0,,,,,,,,,,,,,,,,,,,29.04,,,,,,,13.1,,27.88,,,106.0,8231500000.0,17.441860465116278,73.9,109.9,106.0,126.25,109.9,8.2,20.0,55.0,10.0
POLHO,22.46,22.42,22.68,22.08,872376.0,0.267857142857153,19593564.96,10.0,1.1735764507202395,-12.9761774249201,,,,,,,,0.5905623988920093,,27.47,2026-09-07,,,,0.0,⚠️ ELENDİ (KULUÇKA ŞARTINA UYMUYOR),0.0,,,,,,,,,,,,,,,,,,,14.61,,,,,,,27.0,,14.03,,,25.3,16990399710.999998,21.18577681925547,53.7,12.6,25.3,56.15,12.6,17.0,20.0,55.0,22.0
SKYLP,183.5,200.0,200.0,183.5,108450.0,-9.96074582924436,19900575.0,10.0,6.775155302435917,-16.7871922360775,,,,,,,,1.7659098791625891,,8.0,2026-09-07,,,,0.0,⚠️ ELENDİ (KULUÇKA ŞARTINA UYMUYOR),0.0,,,,,,,,,,,,,,,,,,,120.1,,,,,,,5.0,,115.3,,,389.25,1936100029.0,22.33333333333333,52.8,112.1,389.25,458.75,112.1,1.9,20.0,55.0,61.8
EDIP,35.7,35.26,35.9,35.1,570226.0,1.2478729438457312,20357068.200000003,7.331950463124602,0.2836378838834174,4.48219900278546,,,,,,,,0.1500379748217656,,34.0,2026-09-07,,,,0.0,⚠️ ELENDİ (KULUÇKA ŞARTINA UYMUYOR),0.0,,,,,,,,,,,,,,,,,,,30.22,,,,,,,43.6,,29.01,,,44.6,2291899891.0,-10.34655951783023,18.1,24.9,44.6,89.25,24.9,2.3,90.0,55.0,11.5
NTHOL,42.44,42.76,42.88,42.3,482308.0,-0.5157055789967155,20469151.52,19.40824072803768,0.2162439676263826,1.33838653109446,,,,,,,,0.3052503840724322,,5.52,2026-09-07,,,,0.0,⚠️ ELENDİ (KULUÇKA ŞARTINA UYMUYOR),0.0,,,,,,,,,,,,,,,,,,,35.12,,,,,,,5.0,,33.72,,,54.2,21097738044.0,-18.306063522617908,20.8,27.7,54.2,106.1,27.7,21.1,90.0,45.0,10.7
EGPRO,37.64,37.4,37.98,37.06,547493.0,-0.2649708532061511,20607636.52,13.404558404558406,1.9419108629895208,17.055077018551,,,,,,,,0.2796218871301913,,27.3,2026-09-07,,,,0.0,⚠️ ELENDİ (KULUÇKA ŞARTINA UYMUYOR),0.0,,,,,,,,,,,,,,,,,,,23.12,,,,,,,26.6,,22.2,,,47.5,20568300915.0,45.44049459041732,62.8,26.2,47.5,94.1,26.2,20.6,20.0,45.0,10.0
VAKFN,1.13,1.13,1.14,1.12,18248812.0,0.0,20621157.56,3.9760731878958473,0.8356875563904214,22.8808545831209,,,,,,,,0.4462200981925645,,20.0,2026-09-07,,,,0.0,NÖTR,0.0,,,,,,,,,,,,,,,,,,,1.11,,,,,,,8.0,,1.07,,,2.11666612,6779999971.0,-29.3013253530171,1.8,87.3,2.12,2.82,87.6,6.8,65.0,85.0,15.6
MERIT,15.62,15.59,15.67,15.5,1334155.0,0.19243104554201,20839501.1,7.261401143600948,0.2572046530659964,4.53660902967138,,,,,,,,0.7616815907133591,,31.53,2026-09-07,,,,0.0,⚠️ ELENDİ (KULUÇKA ŞARTINA UYMUYOR),0.0,,,,,,,,,,,,,,,,,,,14.31,,,,,,,37.3,,13.74,,,24.42,5247594147.0,-36.86337914308812,9.2,56.3,24.42,39.05,56.3,5.2,90.0,55.0,27.6
KMPUR,17.86,17.96,18.22,17.85,1167284.0,-1.5977961432506842,20847692.24,13.542614498028511,1.9717681659906423,18.933533779804,,,,,,,,0.4821574713271825,,6.49,2026-09-07,,,,0.0,NÖTR,0.0,,,,,,,,,,,,,,,,,,,12.8,,,,,,,5.0,,12.29,,,24.66,8824530036.0,-4.030091348737238,39.5,38.1,24.66,44.65,38.1,8.8,20.0,60.0,16.9
OBASE,37.66,35.0,37.84,34.82,565684.0,8.156232050545654,21303659.44,10.0,2.105844697588176,-1.22533300391435,,,,,,,,0.9154610812844652,,44.66,2026-09-07,,,,0.0,⚠️ ELENDİ (KULUÇKA ŞARTINA UYMUYOR),0.0,,,,,,,,,,,,,,,,,,,30.4,,,,,,,70.7,,29.18,,,52.6,1584309986.0,-7.696078431372551,23.9,39.7,52.6,94.15,39.7,1.6,90.0,55.0,72.8
DGNMO,7.18,7.26,7.32,7.06,2650523.0,0.5602240896358549,19030755.14,10.0,1.4558047680647528,-62.7733757873064,,,,,,,,0.4150396733302056,,17.85,2026-09-07,,,,0.0,⚠️ ELENDİ (KULUÇKA ŞARTINA UYMUYOR),0.0,,,,,,,,,,,,,,,,,,,3.45,,,,,,,7.1,,3.31,,,10.68,2498747848.0,-1.508916323731143,108.1,48.7,10.68,17.95,48.7,2.5,20.0,55.0,17.3
PGSUS,148.3,148.7,149.2,147.8,4341357.0,-0.2689979825151158,643823243.1,10.0,0.6581734917807979,-1.23885597486283,,,,,,,,0.3859670712613174,,12.0,2026-09-07,,,,0.0,🏢 MEGA DEV (3X POTANSİYELİ DÜŞÜK),0.0,,,,,,,,,,,,,,,,,,,146.0,,,,,,,5.0,,140.16,,,238.6,74349998474.0,-36.07758620689654,1.6,60.9,238.6,370.75,60.9,74.3,65.0,55.0,13.5
EFOR,18.12,18.0,18.25,17.61,36169864.0,1.2290502793296223,655397935.6800001,12.99204129920413,7.338438921265678,0.192526384577394,,,,,,,,0.4867404224317723,,36.62,2026-09-07,,,,0.0,⚠️ ELENDİ (KULUÇKA ŞARTINA UYMUYOR),0.0,,,,,,,,,,,,,,,,,,,5.17,,,,,,,50.3,,4.96,,,33.54,38986199169.0,-16.689321929701507,250.5,85.1,33.54,45.3,85.1,39.0,20.0,45.0,23.2
BURVA,612.0,616.5,630.5,585.0,1086078.0,-5.773672055427252,664679736.0,10.0,48.0054217888138,-29.2360682283805,,,,,,,,50.65851337736483,,25.23,2026-09-07,,,,0.0,⚠️ ELENDİ (KULUÇKA ŞARTINA UYMUYOR),0.0,,,,,,,,,,,,,,,,,,,112.0,,,,,,,21.3,,107.52,,,1350.0,4772312955.0,403.7037037037037,446.4,120.6,1350.0,1530.0,120.6,4.8,20.0,55.0,100.0
PASEU,146.3,152.0,163.0,145.1,4691113.0,-7.638888888888886,686309831.9000001,94.1320293398533,23.563139711862902,32.7765547120615,,,,,,,,0.4059320306335532,,4.25,2026-09-07,,,,0.0,🏢 MEGA DEV (3X POTANSİYELİ DÜŞÜK),0.0,,,,,,,,,,,,,,,,,,,84.15,,,,,,,5.0,,80.78,,,268.0,106444795898.0,31.210762331838573,73.9,83.2,268.0,365.75,83.2,106.4,20.0,60.0,14.2
BRSAN,717.5,718.0,720.5,710.5,1035085.0,0.2795248078266946,742673487.5,41.17245376347788,2.343669104626942,6.34788716410025,,,,,,,,0.3762732212853404,,31.2,2026-09-07,,,,0.0,🏢 MEGA DEV (3X POTANSİYELİ DÜŞÜK),0.0,,,,,,,,,,,,,,,,,,,383.5,,,,,,,36.5,,368.16,,,789.0,101437562576.0,53.06666666666667,87.1,10.0,789.0,1793.75,10.0,101.4,20.0,30.0,14.6
UFUK,1676.0,1670.0,1764.0,1589.0,492784.0,1.575757575757576,825905984.0,1309.2727130692915,27.369181517768087,2.39777182428806,,,,,,,,2.535574055007484,,19.84,2026-09-07,,,,0.0,🏢 MEGA DEV (3X POTANSİYELİ DÜŞÜK),0.0,,,,,,,,,,,,,,,,,,,809.5,,,,,,,7.9,,777.12,,,2300.0,77297355080.0,81.38528138528139,107.0,37.2,2300.0,4190.0,37.2,77.3,20.0,30.0,96.6
ALBTN,34.42,31.56,34.7,31.0,24480200.0,9.062103929024092,842608484.0,10.0,0.9531943364416,15.0,,,,,,,,1.093482839684732,,43.76,2026-09-07,,,,0.0,⚠️ ELENDİ (KULUÇKA ŞARTINA UYMUYOR),0.0,,,,,,,,,,,,,,,,,,,25.3,,,,,,,68.4,,24.29,,,40.5,7889999866.0,-7.473118279569895,36.0,17.7,40.5,86.05,17.7,7.9,20.0,55.0,83.6
RGYAS,197.2,202.1,203.2,195.0,4422837.0,-3.333333333333339,872183456.4,3.2758291319551147,0.3981781612645378,14.6679746676783,,,,,,,,1.9520546584855365,,7.02,2026-09-07,,,,0.0,🏢 MEGA DEV (3X POTANSİYELİ DÜŞÜK),0.0,,,,,,,,,,,,,,,,,,,133.8,,,,,,,5.0,,128.45,,,216.1,67524000000.0,38.77551020408163,47.4,9.6,216.1,493.0,9.6,67.5,20.0,55.0,68.3
TTKOM,51.55,51.9,52.05,51.45,17733014.0,-0.6743737957610818,914136871.7,6.373009593512015,0.6801953631919966,12.7278816331645,,,,,,,,0.5354597984344663,,1.33,2026-09-07,,,,0.0,🏢 MEGA DEV (3X POTANSİYELİ DÜŞÜK),0.0,,,,,,,,,,,,,,,,,,,47.48,,,,,,,5.0,,45.58,,,75.65,181650005341.0,-3.101503759398507,8.6,46.8,75.65,128.88,46.8,181.7,90.0,55.0,18.7
KARSN,13.94,12.7,13.94,12.7,68818870.0,9.936908517350156,959335047.8,51.87941942687012,1.5290603737532509,3.38668271875612,,,,,,,,1.6405310428493198,,48.0,2026-09-07,,,,0.0,⚠️ ELENDİ (KULUÇKA ŞARTINA UYMUYOR),0.0,,,,,,,,,,,,,,,,,,,9.0,,,,,,,79.2,,8.64,,,15.25,11412000275.0,12.60096930533117,54.9,9.4,15.25,34.85,9.4,11.4,20.0,30.0,100.0
SARAE,78.05,76.4,79.85,74.35,12571949.0,3.5145888594164343,981240619.45,10.0,2.0,15.0,,,,,,,,0.4125701809845941,,29.67,2026-09-07,,,,0.0,⚠️ ELENDİ (KULUÇKA ŞARTINA UYMUYOR),0.0,,,,,,,,,,,,,,,,,,,71.45,,,,,,,32.6,,68.59,,,136.1,33515300678.0,1.36363636363636,9.2,74.4,136.1,195.12,74.4,33.5,100.0,55.0,32.0
TERA,195.3,194.8,195.5,194.0,7101533.0,0.4629629629629659,1386929394.9,2.187821017644838,1.4807880825447235,111.595685411764,,,,,,,,0.4832922103015238,,40.53,2026-09-07,,,,0.0,🏢 MEGA DEV (3X POTANSİYELİ DÜŞÜK),0.0,,,,,,,,,,,,,,,,,,,134.775,,,,,,,60.2,,129.38,,,401.25,136079995728.00002,36.90851735015773,44.9,105.5,401.25,488.25,105.5,136.1,20.0,100.0,19.2
KPEKS,99.3,95.25,101.4,95.25,10208076.0,4.581358609794623,1013661946.8,10.0,2.0,15.0,,,,,,,,0.4016824782909806,,28.88,2026-09-07,,,,0.0,⚠️ ELENDİ (KULUÇKA ŞARTINA UYMUYOR),0.0,,,,,,,,,,,,,,,,,,,94.25,,,,,,,30.6,,90.48,,,159.2,11878244473.0,-3.965183752417803,5.4,60.3,159.2,248.25,60.3,11.9,100.0,55.0,37.0
VAKBN,33.06,33.62,33.78,32.94,32079013.0,-1.6656751933372849,1060532169.78,4.292335856454733,0.9026884881005398,24.6140156476693,,,,,,,,0.434012266749213,,0.0,2026-09-07,,,,0.0,🏢 MEGA DEV (3X POTANSİYELİ DÜŞÜK),0.0,,,,,,,,,,,,,,,,,,,21.38,,,,,,,5.0,,20.52,,,43.06,333373282846.0,19.60926193921853,54.6,30.2,43.06,82.65,30.2,333.4,20.0,85.0,15.2
TOASO,281.5,277.0,287.0,273.25,3849366.0,2.643573381950775,1083596529.0,11.071823291340378,2.140983171415935,22.3064749598506,,,,,,,,1.0863197206530146,,25.6,2026-09-07,,,,0.0,🏢 MEGA DEV (3X POTANSİYELİ DÜŞÜK),0.0,,,,,,,,,,,,,,,,,,,223.9,,,,,,,22.2,,214.94,,,358.25,137125000000.0,22.711421098517867,25.7,27.3,358.25,703.75,27.3,137.1,90.0,85.0,51.2
GUBRF,489.75,479.75,493.75,475.75,2248183.0,2.297650130548303,1101047624.25,21.68138654625141,4.592568169746946,23.5062247678353,,,,,,,,0.5744517390072417,,35.56,2026-09-07,,,,0.0,🏢 MEGA DEV (3X POTANSİYELİ DÜŞÜK),0.0,,,,,,,,,,,,,,,,,,,254.0,,,,,,,47.6,,243.84,,,625.5,159902500000.0,73.97868561278864,92.8,27.7,625.5,1224.38,27.7,159.9,20.0,60.0,31.6
MGROS,529.0,528.5,531.0,522.5,2140365.0,0.3795066413662239,1132253085.0,15.845107336374555,1.013944982770219,7.44412204961646,,,,,,,,0.7805558761731641,,34.82,2026-09-07,,,,0.0,🏢 MEGA DEV (3X POTANSİYELİ DÜŞÜK),0.0,,,,,,,,,,,,,,,,,,,415.5,,,,,,,45.7,,398.88,,,727.0,93854610153.0,14.44023796646836,27.3,37.4,727.0,1322.5,37.4,93.9,90.0,45.0,29.2
TKNKA,169.2,145.7,169.2,145.7,7316298.0,9.941520467836243,1237917621.6,10.0,6.127224649694399,15.0,,,,,,,,0.6530788534976799,,48.0,2026-09-07,,,,0.0,⚠️ ELENDİ (KULUÇKA ŞARTINA UYMUYOR),0.0,,,,,,,,,,,,,,,,,,,93.9,,,,,,,79.2,,90.14,,,209.0,19237500000.0,80.1916932907348,80.2,23.5,209.0,423.0,23.5,19.2,20.0,55.0,72.6
TEHOL,44.92,45.2,45.78,43.96,27889822.0,-0.1777777777777739,1252810804.24,28.540568015757035,8.490931601878893,43.0660429103605,,,,,,,,0.3120343366162769,,21.54,2026-09-07,,,,0.0,🏢 MEGA DEV (3X POTANSİYELİ DÜŞÜK),0.0,,,,,,,,,,,,,,,,,,,12.79,,,,,,,11.9,,12.28,,,52.5,89812798462.0,189.95463713923212,251.2,16.9,52.5,112.3,16.9,89.8,20.0,75.0,10.9
DSTKF,2319.0,2321.0,2396.0,2318.0,552225.0,-0.043103448275862,1280609775.0,158.21791635396056,52.16979321729698,39.4914380778913,,,,,,,,0.206820792241328,,7.28,2026-09-07,,,,0.0,🏢 MEGA DEV (3X POTANSİYELİ DÜŞÜK),0.0,,,,,,,,,,,,,,,,,,,431.0,,,,,,,5.0,,413.76,,,3960.0,773333356934.0,162.77620396600565,438.1,70.8,3960.0,5797.5,70.8,773.3,20.0,75.0,10.0
GESAN,63.65,60.5,64.8,58.3,20133181.0,5.206611570247931,1281476970.65,17.106076486871455,1.699751513152712,11.7816297467189,,,,,,,,0.9830285573453952,,38.09,2026-09-07,,,,0.0,⚠️ ELENDİ (KULUÇKA ŞARTINA UYMUYOR),0.0,,,,,,,,,,,,,,,,,,,41.48,,,,,,,54.0,,39.82,,,97.2,27830000000.0,39.09527972027972,53.4,52.7,97.2,159.12,52.7,27.8,20.0,45.0,60.4
PETKM,21.2,20.34,21.36,20.26,63765473.0,5.682951146560322,1351828027.6,10.0,0.7141336480911072,-3.27338734505416,,,,,,,,0.9506059452626896,,39.85,2026-09-07,,,,0.0,🏢 MEGA DEV (3X POTANSİYELİ DÜŞÜK),0.0,,,,,,,,,,,,,,,,,,,16.12,,,,,,,58.5,,15.48,,,28.06,50840060688.0,13.978494623655902,31.5,32.4,28.06,53.0,32.4,50.8,65.0,55.0,61.7
PEKGY,10.5,10.49,10.94,10.45,130128320.0,0.0,1366347360.0,29.35420743639921,6.320541760722348,19.442707708089,,,,,,,,0.6871803592139797,,2.29,2026-09-07,,,,0.0,🏢 MEGA DEV (3X POTANSİYELİ DÜŞÜK),0.0,,,,,,,,,,,,,,,,,,,6.83,,,,,,,5.0,,6.56,,,19.94,52500000000.0,48.09590973201693,53.7,89.9,19.94,26.25,89.9,52.5,20.0,45.0,24.1
KRDMD,44.4,43.44,44.74,43.38,31146086.0,2.022058823529401,1382886218.4,11.08116202455825,0.4671804178171247,5.44820350665331,,,,,,,,0.5393873978143744,,34.0,2026-09-07,,,,0.0,🏢 MEGA DEV (3X POTANSİYELİ DÜŞÜK),0.0,,,,,,,,,,,,,,,,,,,23.5,,,,,,,43.6,,22.56,,,47.96,55915356485.0,61.33720930232558,88.9,8.0,47.96,111.0,8.0,55.9,20.0,55.0,29.0
CWENE,31.52,31.1,31.6,30.86,31223181.0,0.8962868117797732,984154665.12,11.722265610472684,1.917298263969148,20.1700277435031,,,,,,,,0.4067710283195881,,41.95,2026-09-07,,,,0.0,⚠️ ELENDİ (KULUÇKA ŞARTINA UYMUYOR),0.0,,,,,,,,,,,,,,,,,,,15.22780964,,,,,,,63.8,,14.62,,,48.3,33685780574.0,83.12344519400513,107.0,53.2,48.3,78.8,53.2,33.7,20.0,70.0,18.7
SMRTG,8.52,8.41,8.7,8.27,11592837.0,-0.234192037470721,98770971.24,85.62814070351757,2.916639565653488,4.03965078967363,,,,,,,,0.4472424062501364,,24.56,2026-09-07,,,,0.0,⚠️ ELENDİ (KULUÇKA ŞARTINA UYMUYOR),0.0,,,,,,,,,,,,,,,,,,,6.27,,,,,,,19.6,,6.02,,,13.33,15518204689.0,-13.47317007438876,35.9,56.5,13.33,21.3,56.5,15.5,20.0,30.0,15.7
SKYMD,16.88,15.58,17.08,15.58,5871589.0,8.344030808729133,99112422.32,10.0,2.2421048157436134,-19.0851182264863,,,,,,,,2.103870769721604,,40.53,2026-09-07,,,,0.0,⚠️ ELENDİ (KULUÇKA ŞARTINA UYMUYOR),0.0,,,,,,,,,,,,,,,,,,,10.8,,,,,,,60.2,,10.37,,,18.54,2414899988.0,7.174603174603169,56.3,9.8,18.54,42.2,9.8,2.4,20.0,55.0,100.0
ARMGD,185.6,186.2,187.7,183.5,536599.0,-0.1613770844540136,99592774.4,20.66930229968261,5.474183444134424,33.8360355788564,,,,,,,,0.7110678055964029,,20.0,2026-09-07,,,,0.0,🏢 MEGA DEV (3X POTANSİYELİ DÜŞÜK),0.0,,,,,,,,,,,,,,,,,,,31.48,,,,,,,8.0,,30.22,,,220.7,49074035608.0,450.7418397626112,489.6,18.9,220.7,464.0,18.9,49.1,20.0,60.0,24.9
ARCLK,92.45,91.05,93.4,90.9,1099025.0,1.5376166941241138,101604861.25,10.0,0.8035462071662937,-3.20926092758056,,,,,,,,0.6122871821179218,,26.72,2026-09-07,,,,0.0,🏢 MEGA DEV (3X POTANSİYELİ DÜŞÜK),0.0,,,,,,,,,,,,,,,,,,,88.8,,,,,,,25.1,,85.25,,,140.8,61525055624.0,-27.7734375,4.1,52.3,140.8,231.12,52.3,61.5,90.0,55.0,29.1
OYAKC,21.56,21.62,21.7,21.48,4737669.0,0.0,102144143.64,14.82194417709336,1.3741963405329918,11.0453304186396,,,,,,,,0.2193093192077027,,12.36,2026-09-07,,,,0.0,🏢 MEGA DEV (3X POTANSİYELİ DÜŞÜK),0.0,,,,,,,,,,,,,,,,,,,19.4,,,,,,,5.0,,18.62,,,28.56,104817295626.0,-1.7319963536918983,11.1,32.5,28.56,53.9,32.5,104.8,90.0,45.0,10.0
KCAER,14.03,13.91,14.2,13.91,7393342.0,0.935251798561144,103728588.26,40.85614443797321,1.8084138290165992,5.08161965165783,,,,,,,,0.5809786137936719,,15.17,2026-09-07,,,,0.0,⚠️ ELENDİ (KULUÇKA ŞARTINA UYMUYOR),0.0,,,,,,,,,,,,,,,,,,,9.99,,,,,,,6.1,,9.59,,,16.9,26618499269.0,-2.9065743944636675,40.4,20.5,16.9,35.07,20.5,26.6,20.0,30.0,25.0
MOGAN,14.27,13.85,14.31,13.65,7391904.0,3.032490974729241,105482470.08,10.0,0.3969011118237592,-11.8424300895078,,,,,,,,0.3868032791401749,,44.61,2026-09-07,,,,0.0,⚠️ ELENDİ (KULUÇKA ŞARTINA UYMUYOR),0.0,,,,,,,,,,,,,,,,,,,8.01,,,,,,,70.6,,7.69,,,21.86,33795495486.0,37.60848601735777,78.2,53.2,21.86,35.67,53.2,33.8,20.0,55.0,28.7
SDTTR,21.68,21.7,22.44,21.54,4871144.0,0.2775208140610486,105606401.92,117.3795343800758,4.811341272342332,4.75837685590879,,,,,,,,0.4115560263984066,,0.71,2026-09-07,,,,0.0,⚠️ ELENDİ (KULUÇKA ŞARTINA UYMUYOR),0.0,,,,,,,,,,,,,,,,,,,15.7545297,,,,,,,5.0,,15.12,,,27.2727,13793560535.0,14.65396080780697,37.6,25.8,27.27,54.2,25.8,13.8,20.0,30.0,15.8
AKFIS,17.89,17.4,18.15,17.28,5904673.0,2.6391279403327648,105634599.97,45.51004833375732,1.801319222160355,4.59804438160996,,,,,,,,0.2536403399358817,,31.26,2026-09-07,,,,0.0,🏢 MEGA DEV (3X POTANSİYELİ DÜŞÜK),0.0,,,,,,,,,,,,,,,,,,,3.34000668,,,,,,,36.6,,3.21,,,19.52,66536694222.00001,358.3253002580246,435.6,9.1,19.52,44.73,9.1,66.5,20.0,30.0,22.1
IZMDC,10.66,10.04,10.78,10.04,9910186.0,6.600000000000001,105642582.76,10.0,0.7748861295382813,-7.44835055635709,,,,,,,,0.8251032494095822,,38.92,2026-09-07,,,,0.0,⚠️ ELENDİ (KULUÇKA ŞARTINA UYMUYOR),0.0,,,,,,,,,,,,,,,,,,,5.84,,,,,,,56.1,,5.61,,,14.85,15000000000.0,22.669735327963185,82.5,39.3,14.85,26.65,39.3,15.0,20.0,55.0,61.9
AKFYE,22.18,22.5,22.66,21.82,4816272.0,-1.246660730187004,106824912.96,10.416568825435588,0.379582630244076,4.46642791828936,,,,,,,,0.8543986922477685,,16.0,2026-09-07,,,,0.0,⚠️ ELENDİ (KULUÇKA ŞARTINA UYMUYOR),0.0,,,,,,,,,,,,,,,,,,,16.23,,,,,,,6.4,,15.58,,,29.34,26883777202.0,22.88088642659279,36.7,32.3,29.34,55.45,32.3,26.9,20.0,55.0,29.9
VESBE,6.06,5.83,6.23,5.8,36611744.0,1.1686143572620935,221867168.64,10.0,0.2348180992831073,-14.1013672301764,,,,,,,,1.44043246261588,,25.86,2026-09-07,,,,0.0,⚠️ ELENDİ (KULUÇKA ŞARTINA UYMUYOR),0.0,,,,,,,,,,,,,,,,,,,5.25,,,,,,,22.9,,5.04,,,12.05,9583999634.0,-51.55875299760192,15.4,98.8,12.05,15.15,98.8,9.6,100.0,55.0,56.3
HLGYO,4.54,4.63,4.65,4.51,23574696.0,-2.365591397849469,107029119.84,1.3541728807492692,0.2610260508598336,23.7397574584333,,,,,,,,0.650555731602637,,4.0,2026-09-07,,,,0.0,NÖTR,0.0,,,,,,,,,,,,,,,,,,,3.36,,,,,,,5.0,,3.23,,,6.65,17450053996.0,16.397861231859434,35.1,46.5,6.65,11.35,46.5,17.5,20.0,85.0,22.8
MRGYO,1.6,1.58,1.62,1.56,67784912.0,1.9108280254777088,108455859.2,2.308136180034622,0.2711312953297634,13.5243138138708,,,,,,,,0.3415578255017638,,29.33,2026-09-07,,,,0.0,⚠️ ELENDİ (KULUÇKA ŞARTINA UYMUYOR),0.0,,,,,,,,,,,,,,,,,,,1.25,,,,,,,31.7,,1.2,,,2.437988,3760524325.0,-34.19569870184564,28.0,52.4,2.44,4.0,52.5,3.8,90.0,55.0,21.5
PATEK,19.66,19.13,20.16,19.13,5551418.0,2.3425299323269093,109140877.88,10.0,3.4990611623788634,-16.4083014952765,,,,,,,,0.2971888771804967,,20.82,2026-09-07,,,,0.0,⚠️ ELENDİ (KULUÇKA ŞARTINA UYMUYOR),0.0,,,,,,,,,,,,,,,,,,,16.99,,,,,,,10.1,,16.31,,,36.94,12965490133.0,-40.351941747572816,15.7,87.9,36.94,49.15,87.9,13.0,100.0,55.0,22.1
AKSUE,31.7,29.7,32.66,29.58,3519352.0,6.7340067340067336,111563458.4,10.0,2.0069540641769463,-9.44025314803736,,,,,,,,1.2609402226499535,,30.55,2026-09-07,,,,0.0,⚠️ ELENDİ (KULUÇKA ŞARTINA UYMUYOR),0.0,,,,,,,,,,,,,,,,,,,14.88,,,,,,,34.8,,14.28,,,51.5,1960200050.0,62.39754098360656,113.0,62.5,51.5,79.25,62.5,2.0,20.0,55.0,77.8
PLTUR,21.0,20.7,21.8,20.44,5451663.0,2.539062499999998,114484923.0,9.494100094941,0.5051024973229568,6.15333610178703,,,,,,,,0.9912445981602912,,15.06,2026-09-07,,,,0.0,⚠️ ELENDİ (KULUÇKA ŞARTINA UYMUYOR),0.0,,,,,,,,,,,,,,,,,,,19.67,,,,,,,6.0,,18.88,,,29.04,5012479888.0,-25.531914893617017,6.8,38.3,29.04,52.5,38.3,5.0,90.0,55.0,47.4
EKIM,17.89,17.62,18.01,17.53,6448677.0,1.6477272727272678,115366831.53,10.0,2.0,15.0,,,,,,,,0.4514862447815685,,34.0,2026-09-07,,,,0.0,⚠️ ELENDİ (KULUÇKA ŞARTINA UYMUYOR),0.0,,,,,,,,,,,,,,,,,,,17.0,,,,,,,43.6,,16.32,,,30.32,10000000000.0,-37.272089761570825,5.2,69.5,30.32,44.73,69.5,10.0,100.0,55.0,24.0
CCOLA,78.7,79.0,79.6,78.6,1483932.0,-0.3797468354430343,116785448.4,10.629389519178822,2.404674663101108,26.9016013150558,,,,,,,,0.2508998188721257,,2.4,2026-09-07,,,,0.0,🏢 MEGA DEV (3X POTANSİYELİ DÜŞÜK),0.0,,,,,,,,,,,,,,,,,,,45.14,,,,,,,5.0,,43.33,,,93.5,221048210449.0,60.48123980424145,74.3,18.8,93.5,196.75,18.8,221.0,20.0,85.0,10.0
GENIL,11.13,11.49,11.49,11.08,10730984.0,-0.6249999999999867,119435851.92,40.57601166605907,3.825728280484661,11.203940499913,,,,,,,,0.3295598302851868,,1.17,2026-09-07,,,,0.0,🏢 MEGA DEV (3X POTANSİYELİ DÜŞÜK),0.0,,,,,,,,,,,,,,,,,,,7.12,,,,,,,5.0,,6.84,,,14.933184,50399999142.0,-2.48150145052852,56.3,34.2,14.93,27.83,34.1,50.4,20.0,30.0,11.5
BLUME,39.12,42.0,42.0,38.72,3059468.0,-3.882063882063895,119686388.16,10.0,11.703814510097232,-18.5931565572064,,,,,,,,0.795547715303219,,1.17,2026-09-07,,,,0.0,⚠️ ELENDİ (KULUÇKA ŞARTINA UYMUYOR),0.0,,,,,,,,,,,,,,,,,,,30.12,,,,,,,5.0,,28.92,,,70.75,7059832342.0,-32.95629820051415,29.9,80.9,70.75,97.8,80.9,7.1,65.0,55.0,27.8
GSRAY,1.04,1.03,1.04,1.02,116170851.0,1.960784313725492,120817685.04,29.05027932960894,0.8239712243895482,4.47213247689932,,,,,,,,0.4984053036982197,,48.0,2026-09-07,,,,0.0,⚠️ ELENDİ (KULUÇKA ŞARTINA UYMUYOR),0.0,,,,,,,,,,,,,,,,,,,0.96,,,,,,,79.2,,0.92,,,1.63,13769999743.0,-36.58536585365853,8.3,56.7,1.63,2.6,56.7,13.8,90.0,30.0,27.2
ISDMR,57.1,55.2,58.7,54.5,2135902.0,3.4420289855072435,121960004.2,13.462535955109164,1.0610586280419028,8.49194157301141,,,,,,,,1.3494139130452365,,26.67,2026-09-07,,,,0.0,🏢 MEGA DEV (3X POTANSİYELİ DÜŞÜK),0.0,,,,,,,,,,,,,,,,,,,34.72,,,,,,,25.0,,33.33,,,67.95,160080002213.0,49.86876640419948,64.5,19.0,67.95,142.75,19.0,160.1,20.0,45.0,64.4
NETAS,104.0,105.9,108.2,101.8,1179122.0,0.8729388942774061,122628688.0,10.0,2.0,15.0,,,,,,,,0.3436175276931005,,11.25,2026-09-07,,,,0.0,⚠️ ELENDİ (KULUÇKA ŞARTINA UYMUYOR),0.0,,,,,,,,,,,,,,,,,,,52.45,,,,,,,5.0,,50.35,,,109.6,6687560729.0,31.313131313131308,98.3,5.4,109.6,260.0,5.4,6.7,20.0,55.0,16.4
BRLSM,18.98,19.89,19.9,18.5,5632814.0,-1.4025974025974004,106910809.72,10.0,2.6328456511576617,-19.104292566848,,,,,,,,0.2446580752491972,,11.2,2026-09-07,,,,0.0,⚠️ ELENDİ (KULUÇKA ŞARTINA UYMUYOR),0.0,,,,,,,,,,,,,,,,,,,12.98,,,,,,,5.0,,12.46,,,27.2,4312000000.0,18.03482587064678,46.2,43.3,27.2,47.45,43.3,4.3,20.0,55.0,10.0
PAHOL,1.3,1.3,1.32,1.3,58769998.0,0.0,76400997.4,12.487992315081652,0.5670962056901561,15.0,,,,,,,,0.281305134231618,,8.0,2026-09-07,,,,0.0,⚠️ ELENDİ (KULUÇKA ŞARTINA UYMUYOR),0.0,,,,,,,,,,,,,,,,,,,1.28,,,,,,,5.0,,1.23,,,1.99,25999999046.0,-21.212121212121204,1.6,53.1,1.99,3.25,53.1,26.0,65.0,45.0,10.0
EUPWR,72.8,69.55,74.15,67.2,32894202.0,4.899135446685866,2394697905.6,51.60192798412248,3.6676633508235854,8.39945726669861,,,,,,,,1.3445147629258662,,37.12,2026-09-07,,,,0.0,🏢 MEGA DEV (3X POTANSİYELİ DÜŞÜK),0.0,,,,,,,,,,,,,,,,,,,25.5,,,,,,,51.5,,24.48,,,109.3,45804001007.0,156.1576354679803,185.5,50.1,109.3,182.0,50.1,45.8,20.0,30.0,71.6
MPARK,422.75,427.75,429.25,422.0,181878.0,-0.9373169302870532,76888924.5,13.201448958561032,1.8424575258517168,16.9199976935728,,,,,,,,0.3182311834645343,,2.21,2026-09-07,,,,0.0,🏢 MEGA DEV (3X POTANSİYELİ DÜŞÜK),0.0,,,,,,,,,,,,,,,,,,,304.0,,,,,,,5.0,,291.84,,,514.0,81514459351.0,16.620689655172413,39.1,21.6,514.0,1056.88,21.6,81.5,20.0,45.0,11.1
PRZMA,79.5,73.0,80.5,73.0,971111.0,6.070713809206133,77203324.5,10.0,12.344394635545337,-25.8732914584295,,,,,,,,0.3158499009544835,,40.53,2026-09-07,,,,0.0,⚠️ ELENDİ (KULUÇKA ŞARTINA UYMUYOR),0.0,,,,,,,,,,,,,,,,,,,10.75,,,,,,,60.2,,10.32,,,95.45,5781465454.0,433.5570469798657,639.5,20.1,95.45,198.75,20.1,5.8,20.0,55.0,41.4
CEMZY,14.43,14.5,14.5,14.2,5558112.0,-0.4827586206896571,80203556.16,10.0,7.542219179084585,-10.5562382232943,,,,,,,,0.1242729338612895,,34.93,2026-09-07,,,,0.0,⚠️ ELENDİ (KULUÇKA ŞARTINA UYMUYOR),0.0,,,,,,,,,,,,,,,,,,,4.74358348,,,,,,,46.0,,4.55,,,18.63,33350000000.0,185.67470247365785,204.2,29.1,18.63,36.08,29.1,33.4,20.0,55.0,10.0
ISKPL,7.24,7.25,7.34,7.19,11234758.0,-0.1379310344827556,81339647.92,35.96621957277695,3.17330913904266,10.5285592762629,,,,,,,,0.2907498262586789,,10.67,2026-09-07,,,,0.0,⚠️ ELENDİ (KULUÇKA ŞARTINA UYMUYOR),0.0,,,,,,,,,,,,,,,,,,,5.89,,,,,,,5.0,,5.65,,,23.8,10874329163.0,16.025641025641026,22.9,228.7,23.8,18.1,228.7,10.9,100.0,30.0,10.2
KZGYO,22.64,22.32,23.4,21.78,3595505.0,1.4336917562724028,81402233.2,10.0,0.3317507280126124,-4.45741308941323,,,,,,,,1.6439496655363797,,21.73,2026-09-07,,,,0.0,⚠️ ELENDİ (KULUÇKA ŞARTINA UYMUYOR),0.0,,,,,,,,,,,,,,,,,,,19.13,,,,,,,12.4,,18.36,,,29.2,4463999939.0,-11.769290724863598,18.3,29.0,29.2,56.6,29.0,4.5,90.0,55.0,64.7
TRENJ,104.1,104.1,105.5,103.7,785625.0,-1.0456273764258637,81783562.5,16.29592523598566,1.7058451168012307,12.7553176698714,,,,,,,,0.4345711117093829,,4.44,2026-09-07,,,,0.0,⚠️ ELENDİ (KULUÇKA ŞARTINA UYMUYOR),0.0,,,,,,,,,,,,,,,,,,,57.7,,,,,,,5.0,,55.39,,,122.8,27329439381.0,78.25342465753425,80.4,18.0,122.8,260.25,18.0,27.3,20.0,45.0,15.2
OZATD,4580.0,4677.5,4677.5,4580.0,18245.0,-2.1367521367521367,83562100.0,10.0,72.35792844622408,-11.2630487426031,,,,,,,,0.0325705336372654,,8.0,2026-09-07,,,,0.0,🏢 MEGA DEV (3X POTANSİYELİ DÜŞÜK),0.0,,,,,,,,,,,,,,,,,,,151.0,,,,,,,5.0,,144.96,,,5052.5,333917992859.0,1904.37636761488,2933.1,10.3,5052.5,11450.0,10.3,333.9,20.0,55.0,10.0
PNSUT,12.25,11.26,12.34,11.26,6878080.0,9.18003565062388,84256480.0,10.0,0.3123040929172236,-8.96119067597258,,,,,,,,1.1012256524570023,,43.33,2026-09-07,,,,0.0,⚠️ ELENDİ (KULUÇKA ŞARTINA UYMUYOR),0.0,,,,,,,,,,,,,,,,,,,9.99,,,,,,,67.3,,9.59,,,18.98,3530455536.0,-3.694968553459124,22.6,54.9,18.98,30.62,54.9,3.5,90.0,55.0,84.4
BIGTK,318.5,329.25,330.0,313.5,264956.0,-3.4848484848484853,84388486.0,10.0,7.150368316931264,1.49758433731983,,,,,,,,0.2478372608031728,,8.97,2026-09-07,,,,0.0,⚠️ ELENDİ (KULUÇKA ŞARTINA UYMUYOR),0.0,,,,,,,,,,,,,,,,,,,204.4,,,,,,,5.0,,196.22,,,517.5,11157870712.0,-45.27491408934708,55.8,62.5,517.5,796.25,62.5,11.2,20.0,55.0,10.0
GOLDA,12.28,12.5,12.5,12.0,7995370.0,0.6557377049180334,98183143.6,10.0,2.0,15.0,,,,,,,,0.2505220173501984,,23.36,2026-09-07,,,,0.0,⚠️ ELENDİ (KULUÇKA ŞARTINA UYMUYOR),0.0,,,,,,,,,,,,,,,,,,,10.12,,,,,,,16.5,,9.72,,,19.69,3049999952.0,21.34387351778656,21.3,60.3,19.69,30.7,60.3,3.0,100.0,55.0,12.0
KRPLS,12.43,11.49,12.43,11.4,7115638.0,9.999999999999991,88447380.34,10.0,2.0546711121176005,-3.14263668238762,,,,,,,,2.92091303618578,,48.0,2026-09-07,,,,0.0,⚠️ ELENDİ (KULUÇKA ŞARTINA UYMUYOR),0.0,,,,,,,,,,,,,,,,,,,7.2,,,,,,,79.2,,6.91,,,12.43,1972980102.0,46.23529411764706,72.6,0.0,12.43,31.07,0.0,2.0,20.0,55.0,100.0
YKSLN,2.89,2.64,2.89,2.62,30752513.0,9.88593155893537,88874762.57000001,10.0,1.43483419969516,-4.96367565549433,,,,,,,,4.633003877093054,,48.0,2026-09-07,,,,0.0,⚠️ ELENDİ (KULUÇKA ŞARTINA UYMUYOR),0.0,,,,,,,,,,,,,,,,,,,2.6,,,,,,,79.2,,2.5,,,4.11,1315000057.0,-17.21232884884359,11.2,42.2,4.11,7.23,42.2,1.3,90.0,55.0,100.0
EKDMR,46.66,46.12,46.78,45.92,1909405.0,1.2147505422993388,89092837.3,10.0,0.8766692131283187,15.0,,,,,,,,0.235645323345473,,40.19,2026-09-07,,,,0.0,⚠️ ELENDİ (KULUÇKA ŞARTINA UYMUYOR),0.0,,,,,,,,,,,,,,,,,,,42.5,,,,,,,59.3,,40.8,,,72.35,14752000000.0,-5.737373737373744,9.8,55.1,72.35,116.65,55.1,14.8,90.0,55.0,14.3
BVSAN,110.7,100.9,110.7,100.7,813822.0,9.930486593843098,90090095.4,10.0,1.6159595493355956,-0.200203151364658,,,,,,,,1.3984620769779466,,48.0,2026-09-07,,,,0.0,⚠️ ELENDİ (KULUÇKA ŞARTINA UYMUYOR),0.0,,,,,,,,,,,,,,,,,,,96.1,,,,,,,79.2,,92.26,,,165.5,3786319732.0,-2.208480565371025,15.2,49.5,165.5,276.75,49.5,3.8,90.0,55.0,98.6
IEYHO,217.5,215.7,219.2,215.7,423798.0,1.351351351351354,92176065.0,10.0,57.3051558831976,-36.4314001799013,,,,,,,,0.3146574331078797,,20.8,2026-09-07,,,,0.0,🏢 MEGA DEV (3X POTANSİYELİ DÜŞÜK),0.0,,,,,,,,,,,,,,,,,,,13.4,,,,,,,10.0,,12.86,,,219.2,105388250214.0,1473.8060781476122,1523.1,0.8,219.2,543.75,0.8,105.4,20.0,55.0,17.8
BLCYT,2.34,2.18,2.36,2.18,39722190.0,7.834101382488476,92949924.6,30.27166882276844,0.4804474320700714,1.8017541176258,,,,,,,,0.7986092740988644,,41.78,2026-09-07,,,,0.0,⚠️ ELENDİ (KULUÇKA ŞARTINA UYMUYOR),0.0,,,,,,,,,,,,,,,,,,,1.838,,,,,,,63.4,,1.76,,,6.19,2156329102.0,6.363636363636348,27.3,164.5,6.19,5.85,164.5,2.2,100.0,30.0,67.1
HKTM,12.85,12.8,13.25,12.78,7248344.0,-0.3875968992248117,93141220.4,10.0,1.3027724213723617,-21.9504766782517,,,,,,,,0.3570188711671954,,0.34,2026-09-07,,,,0.0,⚠️ ELENDİ (KULUÇKA ŞARTINA UYMUYOR),0.0,,,,,,,,,,,,,,,,,,,10.25,,,,,,,5.0,,9.84,,,17.22,1354499960.0,-5.445180279617368,25.4,34.0,17.22,32.12,34.0,1.4,90.0,55.0,12.5
BOBET,21.9,22.36,23.02,21.34,4265211.0,-0.2732240437158573,93408120.9,10.0,1.1590760417394397,-14.7450464929952,,,,,,,,0.631465529972424,,10.67,2026-09-07,,,,0.0,⚠️ ELENDİ (KULUÇKA ŞARTINA UYMUYOR),0.0,,,,,,,,,,,,,,,,,,,17.6,,,,,,,5.0,,16.9,,,25.52,8344799652.0,7.458292443572127,24.4,16.5,25.52,54.75,16.5,8.3,90.0,55.0,22.1
FORTE,112.2,110.7,114.6,110.4,865666.0,1.3550135501355012,97127725.2,2.8899500826803903,2.4108874128470648,131.436854892705,,,,,,,,0.4186599174186631,,16.0,2026-09-07,,,,0.0,⚠️ ELENDİ (KULUÇKA ŞARTINA UYMUYOR),0.0,,,,,,,,,,,,,,,,,,,64.55,,,,,,,6.4,,61.97,,,146.1,7416899796.0,51.21293800539083,73.8,30.2,146.1,280.5,30.2,7.4,20.0,100.0,21.4
DENGE,2.54,2.36,2.57,2.36,38375196.0,7.627118644067804,97472997.84,10.0,1.0015812365190715,-18.9634953177374,,,,,,,,1.528268469477155,,40.0,2026-09-07,,,,0.0,⚠️ ELENDİ (KULUÇKA ŞARTINA UYMUYOR),0.0,,,,,,,,,,,,,,,,,,,2.1,,,,,,,58.9,,2.02,,,4.25,1416000080.0,-18.06451612903226,21.0,67.3,4.25,6.35,67.3,1.4,100.0,55.0,91.6
KBORU,17.24,17.64,17.93,16.76,5656419.0,-2.0454545454545623,97516663.56,36.31002527379949,1.8217611696467533,5.83779784694285,,,,,,,,0.2636812152364623,,14.97,2026-09-07,,,,0.0,⚠️ ELENDİ (KULUÇKA ŞARTINA UYMUYOR),0.0,,,,,,,,,,,,,,,,,,,13.02,,,,,,,6.0,,12.5,,,28.24,10560000229.0,10.159744408945674,32.4,63.8,28.24,43.1,63.8,10.6,65.0,30.0,10.0
MARMR,2.16,2.19,2.22,2.12,45227356.0,-0.9174311926605512,97691088.96,10.0,1.5058561070831011,15.0,,,,,,,,0.9900903001568429,,14.4,2026-09-07,,,,0.0,⚠️ ELENDİ (KULUÇKA ŞARTINA UYMUYOR),0.0,,,,,,,,,,,,,,,,,,,1.46,,,,,,,5.8,,1.4,,,8.12,6575481898.0,44.00000000000001,47.9,275.9,8.12,5.4,275.9,6.6,20.0,55.0,34.7
ECOGR,33.02,32.6,33.12,32.5,2650300.0,1.4127764127764153,87512906.00000001,45.06619353077658,0.9042398497570712,15.0,,,,,,,,0.4331315729775384,,38.97,2026-09-07,,,,0.0,⚠️ ELENDİ (KULUÇKA ŞARTINA UYMUYOR),0.0,,,,,,,,,,,,,,,,,,,11.44,,,,,,,56.2,,10.98,,,45.96,17582400000.0,188.63636363636368,188.6,39.2,45.96,82.55,39.2,17.6,20.0,30.0,22.2
BSOKE,24.94,24.02,26.0,24.02,6928039.0,4.00333611342786,172785292.66,10.0,2.966095647664943,-8.95758341656074,,,,,,,,0.3641309430626134,,18.02,2026-09-07,,,,0.0,⚠️ ELENDİ (KULUÇKA ŞARTINA UYMUYOR),0.0,,,,,,,,,,,,,,,,,,,14.31,,,,,,,7.2,,13.74,,,40.0,38363415200.0,70.8219178082192,74.3,60.4,40.0,62.35,60.4,38.4,20.0,55.0,32.8
TCKRC,137.1,141.5,142.5,136.9,1263476.0,-3.1779661016949152,173222559.6,12.289681508107964,3.20341473262352,34.2345615681693,,,,,,,,0.4911875546765112,,6.0,2026-09-07,,,,0.0,⚠️ ELENDİ (KULUÇKA ŞARTINA UYMUYOR),0.0,,,,,,,,,,,,,,,,,,,41.0,,,,,,,5.0,,39.36,,,177.2,23892846867.0,182.331136738056,234.4,29.2,177.2,342.75,29.2,23.9,20.0,75.0,17.2
ORZAX,88.45,87.95,90.0,86.9,1989518.0,0.682982356289139,175972867.1,10.0,2.0,15.0,,,,,,,,0.3527311176381587,,20.0,2026-09-07,,,,0.0,⚠️ ELENDİ (KULUÇKA ŞARTINA UYMUYOR),0.0,,,,,,,,,,,,,,,,,,,72.15,,,,,,,8.0,,69.26,,,122.3,10000000000.0,16.534914361001313,22.6,38.3,122.3,221.12,38.3,10.0,90.0,55.0,15.8
MASFN,38.36,38.16,38.66,37.32,4589021.0,0.418848167539258,176034845.56,10.0,2.0405340709612214,15.0,,,,,,,,0.5084879762036251,,35.46,2026-09-07,,,,0.0,⚠️ ELENDİ (KULUÇKA ŞARTINA UYMUYOR),0.0,,,,,,,,,,,,,,,,,,,36.4,,,,,,,47.3,,34.94,,,50.2,21201000423.0,-23.585657370517936,5.4,30.9,50.2,95.9,30.9,21.2,90.0,55.0,19.9
ADEL,33.46,31.5,33.66,31.5,5284531.0,6.560509554140134,176820407.26,10.0,6.328982236858283,-27.3799727854021,,,,,,,,0.7640371465756142,,42.81,2026-09-07,,,,0.0,⚠️ ELENDİ (KULUÇKA ŞARTINA UYMUYOR),0.0,,,,,,,,,,,,,,,,,,,28.4,,,,,,,66.0,,27.26,,,61.15,8160074901.0,-8.328767123287669,17.8,82.8,61.15,83.65,82.8,8.2,100.0,55.0,59.5
MCARD,159.8,158.4,163.2,156.1,1114124.0,0.8838383838383874,178037015.20000002,10.0,5.410784526510644,15.0,,,,,,,,0.3904694287002621,,21.18,2026-09-07,,,,0.0,⚠️ ELENDİ (KULUÇKA ŞARTINA UYMUYOR),0.0,,,,,,,,,,,,,,,,,,,88.0,,,,,,,11.0,,84.48,,,223.3,14667840000.0,81.59090909090911,81.6,39.7,223.3,399.5,39.7,14.7,20.0,55.0,18.1
KRDMB,105.0,99.65,106.7,95.45,1702278.0,5.368790767686899,178739190.0,26.20545073375262,1.104818555648606,5.44820350665331,,,,,,,,0.8159255307227183,,39.54,2026-09-07,,,,0.0,🏢 MEGA DEV (3X POTANSİYELİ DÜŞÜK),0.0,,,,,,,,,,,,,,,,,,,21.4,,,,,,,57.7,,20.54,,,145.5,55915356485.0,276.34408602150535,390.7,38.6,145.5,262.5,38.6,55.9,20.0,30.0,55.4
ZOREN,2.36,2.35,2.38,2.32,76347708.0,0.4255319148936079,180180590.88,10.0,0.1861694994407026,-18.2797749155039,,,,,,,,1.1212962593864224,,29.33,2026-09-07,,,,0.0,⚠️ ELENDİ (KULUÇKA ŞARTINA UYMUYOR),0.0,,,,,,,,,,,,,,,,,,,2.22,,,,,,,31.7,,2.13,,,3.83,11749999523.0,-38.70129870129871,6.3,62.3,3.83,5.9,62.3,11.7,100.0,55.0,41.4
MEGMT,47.6,46.44,48.44,46.3,3799604.0,3.0303030303030267,180861150.4,10.590250739760162,2.502566971268323,26.7210478100631,,,,,,,,0.4670400327965107,,26.02,2026-09-07,,,,0.0,⚠️ ELENDİ (KULUÇKA ŞARTINA UYMUYOR),0.0,,,,,,,,,,,,,,,,,,,29.0,,,,,,,23.3,,27.84,,,95.3,12243000202.0,36.07775871926817,64.1,100.2,95.3,119.0,100.2,12.2,20.0,85.0,31.5
MAGEN,33.4,33.9,34.42,32.9,5428423.0,-1.4749262536873156,181309328.2,10.0,6.191066698548807,-7.00912138236529,,,,,,,,0.2992237144251043,,10.42,2026-09-07,,,,0.0,🏢 MEGA DEV (3X POTANSİYELİ DÜŞÜK),0.0,,,,,,,,,,,,,,,,,,,20.2,,,,,,,5.0,,19.39,,,68.7,99863743460.0,49.77578475336322,65.3,105.7,68.7,83.5,105.7,99.9,20.0,55.0,10.5
IZENR,6.86,6.76,6.96,6.76,26541918.0,-0.4354136429608035,182077557.48,66.66666666666667,0.8683093662227657,1.49989750502832,,,,,,,,0.633517205614998,,20.0,2026-09-07,,,,0.0,⚠️ ELENDİ (KULUÇKA ŞARTINA UYMUYOR),0.0,,,,,,,,,,,,,,,,,,,6.45,,,,,,,8.0,,6.19,,,13.39,16837437173.999998,-35.283018867924525,6.4,95.2,13.39,17.15,95.2,16.8,100.0,30.0,22.2
TGSAS,235.9,238.0,250.0,234.9,523616.0,1.1578044596912596,123521014.4,57.74220394575807,9.811750808980726,19.8764898445464,,,,,,,,0.408581191325796,,4.29,2026-09-07,,,,0.0,⚠️ ELENDİ (KULUÇKA ŞARTINA UYMUYOR),0.0,,,,,,,,,,,,,,,,,,,153.9,,,,,,,5.0,,147.74,,,280.75,3404720044.0,2.5652173913043503,53.3,19.0,280.75,589.75,19.0,3.4,20.0,45.0,20.1
TURSG,6.11,6.08,6.12,6.03,31789790.0,0.493421052631583,194235616.9,5.171392297926365,2.069776186395033,49.9664216719778,,,,,,,,0.461697062403335,,41.78,2026-09-07,,,,0.0,🏢 MEGA DEV (3X POTANSİYELİ DÜŞÜK),0.0,,,,,,,,,,,,,,,,,,,4.325,,,,,,,63.4,,4.15,,,7.495,121599998474.0,31.115879828326182,41.3,22.7,7.5,15.28,22.7,121.6,20.0,100.0,18.6
ODAS,7.33,7.29,7.39,7.25,26602596.0,1.2430939226519315,194997028.68,10.0,0.6472663372937556,-1.82009042316161,,,,,,,,0.4146769544983582,,24.0,2026-09-07,,,,0.0,⚠️ ELENDİ (KULUÇKA ŞARTINA UYMUYOR),0.0,,,,,,,,,,,,,,,,,,,4.97,,,,,,,18.2,,4.77,,,9.71,10135999680.0,21.558872305140955,47.5,32.5,9.71,18.32,32.5,10.1,20.0,55.0,20.7
ENJSA,112.5,113.7,114.3,112.2,1752699.0,-1.0554089709762555,197178637.5,21.6575223794398,1.219457864804072,6.38889149521895,,,,,,,,0.3713416145646845,,0.0,2026-09-07,,,,0.0,🏢 MEGA DEV (3X POTANSİYELİ DÜŞÜK),0.0,,,,,,,,,,,,,,,,,,,68.05,,,,,,,5.0,,65.33,,,127.9,134287524374.0,59.801136363636346,65.3,13.7,127.9,281.25,13.7,134.3,20.0,30.0,13.0
LIDER,22.52,23.24,23.3,22.08,8920064.0,-3.760683760683756,200879841.28,67.50599520383693,1.6513217907015625,2.85909372586912,,,,,,,,0.272592137505978,,12.2,2026-09-07,,,,0.0,⚠️ ELENDİ (KULUÇKA ŞARTINA UYMUYOR),0.0,,,,,,,,,,,,,,,,,,,22.08,,,,,,,5.0,,21.2,,,154.1,19258199686.0,-61.43835616438356,2.0,584.3,154.1,56.3,584.3,19.3,65.0,30.0,10.0
NETCD,116.2,117.4,117.7,114.4,1744000.0,-1.0221465076661012,202652800.0,10.0,4.468545019437402,15.0,,,,,,,,0.5342094695367356,,22.55,2026-09-07,,,,0.0,⚠️ ELENDİ (KULUÇKA ŞARTINA UYMUYOR),0.0,,,,,,,,,,,,,,,,,,,50.6,,,,,,,14.5,,48.58,,,198.7,16083800000.0,129.64426877470353,129.6,71.0,198.7,290.5,71.0,16.1,20.0,55.0,18.7
ONCSM,183.1,193.1,193.1,180.3,1151339.0,-6.7718940936863605,210810170.9,60.464962684102765,8.647201725851119,17.4003111895823,,,,,,,,1.156825476185907,,4.25,2026-09-07,,,,0.0,⚠️ ELENDİ (KULUÇKA ŞARTINA UYMUYOR),0.0,,,,,,,,,,,,,,,,,,,106.9,,,,,,,5.0,,102.62,,,389.75,4684139929.0,44.17322834645669,71.3,112.9,389.75,457.75,112.9,4.7,20.0,30.0,40.5
GENKM,10.8,11.15,11.23,10.64,19528258.0,-3.139013452914795,210905186.4,10.0,0.9349548451437752,15.0,,,,,,,,0.8709303104446896,,7.19,2026-09-07,,,,0.0,⚠️ ELENDİ (KULUÇKA ŞARTINA UYMUYOR),0.0,,,,,,,,,,,,,,,,,,,9.4,,,,,,,5.0,,9.02,,,22.72,6790350000.0,-10.743801652892554,14.9,110.4,22.72,27.0,110.4,6.8,100.0,55.0,30.5
METEN,19.38,18.9,19.56,18.76,10902477.0,2.539682539682542,211290004.26,10.0,2.0,15.0,,,,,,,,0.2454670637025152,,35.4,2026-09-07,,,,0.0,⚠️ ELENDİ (KULUÇKA ŞARTINA UYMUYOR),0.0,,,,,,,,,,,,,,,,,,,17.45,,,,,,,47.2,,16.75,,,30.86,12001499758.0,-11.909090909090914,11.1,59.2,30.86,48.45,59.2,12.0,90.0,55.0,21.3
CIMSA,44.34,43.92,44.56,43.82,4832164.0,1.2791228871630933,214258151.76,10.5033755774014,1.1210614940407264,12.0224419124516,,,,,,,,0.5644011149954293,,31.35,2026-09-07,,,,0.0,🏢 MEGA DEV (3X POTANSİYELİ DÜŞÜK),0.0,,,,,,,,,,,,,,,,,,,41.18,,,,,,,36.9,,39.53,,,60.0,41397978320.0,-4.233261339092859,7.7,35.3,60.0,110.85,35.3,41.4,90.0,55.0,26.1
TMPOL,363.5,365.5,378.0,360.5,595313.0,-0.410958904109589,216396275.5,10.0,5.498385123532906,-12.1489498754263,,,,,,,,0.332973761591742,,1.6,2026-09-07,,,,0.0,⚠️ ELENDİ (KULUÇKA ŞARTINA UYMUYOR),0.0,,,,,,,,,,,,,,,,,,,121.7,,,,,,,5.0,,116.83,,,703.0,5173875070.0,159.64285714285714,198.7,93.4,703.0,908.75,93.4,5.2,20.0,55.0,11.7
TSPOR,1.05,1.04,1.06,1.04,207380349.0,1.941747572815536,217749366.45,10.0,0.6478002554183865,-23.1459108480419,,,,,,,,0.4744984303483115,,20.0,2026-09-07,,,,0.0,⚠️ ELENDİ (KULUÇKA ŞARTINA UYMUYOR),0.0,,,,,,,,,,,,,,,,,,,0.89,,,,,,,8.0,,0.85,,,1.48,7724999785.0,-21.64179104477612,18.0,41.0,1.48,2.62,41.0,7.7,90.0,55.0,26.3
ALARK,111.3,112.5,112.7,111.2,1981205.0,-0.6250000000000026,220508116.5,6.772915639775818,0.5072922925208708,8.48918625901478,,,,,,,,0.3836354674470763,,4.27,2026-09-07,,,,0.0,🏢 MEGA DEV (3X POTANSİYELİ DÜŞÜK),0.0,,,,,,,,,,,,,,,,,,,75.3,,,,,,,5.0,,72.29,,,117.0,45869349121.0,35.897435897435884,47.8,5.1,117.0,278.25,5.1,45.9,20.0,55.0,13.4
QUICK,60.85,60.0,61.4,59.4,2995719.0,1.2479201331114809,182289501.15,10.0,1.1711990884471843,15.0,,,,,,,,0.481206613150808,,32.6,2026-09-07,,,,0.0,🏢 MEGA DEV (3X POTANSİYELİ DÜŞÜK),0.0,,,,,,,,,,,,,,,,,,,59.4,,,,,,,40.0,,57.02,,,84.25,47298698799.0,-20.561357702349863,2.4,38.5,84.25,152.12,38.5,47.3,65.0,55.0,23.1
AHGAZ,38.82,39.78,39.84,38.38,3186548.0,-2.2166246851385454,123701793.36,18.3702441794435,1.6374820570857798,10.5587550611099,,,,,,,,0.4352738957807849,,8.88,2026-09-07,,,,0.0,🏢 MEGA DEV (3X POTANSİYELİ DÜŞÜK),0.0,,,,,,,,,,,,,,,,,,,20.86,,,,,,,5.0,,20.03,,,40.36,103220001984.0,6.942148760330587,86.1,4.0,40.36,97.05,4.0,103.2,20.0,45.0,15.2
KORDS,81.75,78.5,86.25,78.5,1513376.0,4.140127388535031,123718488.0,10.0,0.9151849160509552,-2.58214137010517,,,,,,,,0.962238440922652,,15.48,2026-09-07,,,,0.0,⚠️ ELENDİ (KULUÇKA ŞARTINA UYMUYOR),0.0,,,,,,,,,,,,,,,,,,,47.44,,,,,,,6.2,,45.54,,,98.9,15270533035.0,20.39764359351988,72.3,21.0,98.9,204.38,21.0,15.3,20.0,55.0,54.4
OZSUB,38.48,38.94,39.44,36.96,3361226.0,-1.1813045711350818,129339976.48,10.689185810716964,3.248811878763932,41.5311324649096,,,,,,,,1.1808118366372178,,26.32,2026-09-07,,,,0.0,⚠️ ELENDİ (KULUÇKA ŞARTINA UYMUYOR),0.0,,,,,,,,,,,,,,,,,,,16.53,,,,,,,24.1,,15.87,,,45.8,4672799835.0,83.23809523809523,132.8,19.0,45.8,96.2,19.0,4.7,20.0,100.0,41.3
OBAMS,5.24,5.07,5.37,5.07,24937948.0,2.343750000000002,130674847.52,10.0,1.167565736847617,-14.3548373047789,,,,,,,,0.407889901241124,,23.73,2026-09-07,,,,0.0,⚠️ ELENDİ (KULUÇKA ŞARTINA UYMUYOR),0.0,,,,,,,,,,,,,,,,,,,4.69,,,,,,,17.5,,4.5,,,9.53,14727835921.0,-34.55427610220016,11.7,81.9,9.53,13.1,81.9,14.7,100.0,55.0,26.0
ATATR,13.17,12.98,13.34,12.97,9939161.0,1.9349845201238391,130898750.37,10.0,1.3940299107799683,15.0,,,,,,,,0.2756010160742139,,22.27,2026-09-07,,,,0.0,⚠️ ELENDİ (KULUÇKA ŞARTINA UYMUYOR),0.0,,,,,,,,,,,,,,,,,,,9.89,,,,,,,13.8,,9.49,,,20.2,10372769028.0,6.899350649350647,33.2,53.4,20.2,32.92,53.4,10.4,65.0,55.0,19.3
OFSYM,68.95,69.4,70.45,68.65,1957532.0,-1.499999999999996,134971831.4,29.636793466580706,1.9905222847558328,7.86971394507022,,,,,,,,0.6816392000447943,,1.33,2026-09-07,,,,0.0,⚠️ ELENDİ (KULUÇKA ŞARTINA UYMUYOR),0.0,,,,,,,,,,,,,,,,,,,49.64,,,,,,,5.0,,47.65,,,81.2,10237500000.0,13.218390804597709,38.9,17.8,81.2,172.38,17.8,10.2,20.0,30.0,23.9
HRKET,88.8,89.5,91.1,86.55,1529315.0,-0.2247191011235987,135803172.0,10.0,1.2783644306038142,-17.568598707439,,,,,,,,1.4325423250609266,,19.69,2026-09-07,,,,0.0,⚠️ ELENDİ (KULUÇKA ŞARTINA UYMUYOR),0.0,,,,,,,,,,,,,,,,,,,58.15,,,,,,,7.9,,55.82,,,142.9,10252799728.0,8.890251379521766,52.7,60.9,142.9,222.0,60.9,10.3,20.0,55.0,50.1
SOKM,57.2,58.4,58.95,56.75,2404756.0,-1.3793103448275814,137552043.20000002,10.0,0.847443313894485,-6.73875323563156,,,,,,,,0.5480772206798279,,3.45,2026-09-07,,,,0.0,⚠️ ELENDİ (KULUÇKA ŞARTINA UYMUYOR),0.0,,,,,,,,,,,,,,,,,,,34.36,,,,,,,5.0,,32.99,,,70.25,34410818726.0,47.27085478887744,66.5,22.8,70.25,143.0,22.8,34.4,20.0,55.0,19.2
BINHO,9.33,9.4,9.54,9.17,15107805.0,-0.8501594048884173,140955820.65,10.0,0.8401151849243896,-28.3285437754834,,,,,,,,0.5056403117563776,,16.22,2026-09-07,,,,0.0,⚠️ ELENDİ (KULUÇKA ŞARTINA UYMUYOR),0.0,,,,,,,,,,,,,,,,,,,7.98,,,,,,,6.5,,7.66,,,12.82,12140311533.0,-30.88888888888889,16.9,37.4,12.82,23.32,37.4,12.1,90.0,55.0,17.7
RYGYO,44.96,49.5,49.84,44.76,3143790.0,-9.024686361796846,141344798.4,5.001501785456043,0.8676310699921226,21.6976044838379,,,,,,,,0.7855468122097694,,5.8,2026-09-07,,,,0.0,🏢 MEGA DEV (3X POTANSİYELİ DÜŞÜK),0.0,,,,,,,,,,,,,,,,,,,18.14,,,,,,,5.0,,17.41,,,52.1,98666766938.0,114.29933269780744,147.9,15.9,52.1,112.4,15.9,98.7,20.0,70.0,27.5
SAYAS,58.1,55.8,59.5,55.15,2499926.0,4.121863799283162,145245700.6,23.154790371433126,2.8576220551368587,14.896745544339,,,,,,,,0.8312353440558331,,29.98,2026-09-07,,,,0.0,⚠️ ELENDİ (KULUÇKA ŞARTINA UYMUYOR),0.0,,,,,,,,,,,,,,,,,,,36.4,,,,,,,33.4,,34.94,,,71.5,4310549941.0,10.56137012369173,59.6,23.1,71.5,145.25,23.1,4.3,20.0,30.0,49.7
ECILC,71.8,73.15,74.0,71.7,2405538.0,-1.8455228981544889,172717628.4,10.0,0.7149968701460128,-2.74395274155412,,,,,,,,0.3767823005367063,,5.57,2026-09-07,,,,0.0,🏢 MEGA DEV (3X POTANSİYELİ DÜŞÜK),0.0,,,,,,,,,,,,,,,,,,,53.45,,,,,,,5.0,,51.31,,,132.6,50126775225.0,19.966583124477854,34.3,84.7,132.6,179.5,84.7,50.1,65.0,55.0,13.2
GMTAS,49.26,46.3,49.5,45.88,2967822.0,7.133536320139195,146194911.72,10.0,3.2102352152245697,-2.3225938462331,,,,,,,,0.9313144814311648,,44.29,2026-09-07,,,,0.0,⚠️ ELENDİ (KULUÇKA ŞARTINA UYMUYOR),0.0,,,,,,,,,,,,,,,,,,,11.38892547,,,,,,,69.8,,10.93,,,54.9,13793999863.0,305.93576113881466,332.5,11.4,54.9,123.15,11.4,13.8,20.0,55.0,68.3
DAPGM,7.82,7.65,7.85,7.6,18764208.0,2.222222222222221,146736106.56,26.15384615384616,1.1705535430949316,5.19977862396511,,,,,,,,0.1862090217001026,,41.28,2026-09-07,,,,0.0,⚠️ ELENDİ (KULUÇKA ŞARTINA UYMUYOR),0.0,,,,,,,,,,,,,,,,,,,7.3,,,,,,,62.1,,7.01,,,19.27,20272500253.0,-58.35995740149095,7.1,146.4,19.27,19.55,146.4,20.3,100.0,30.0,17.6
KGYO,12.02,12.04,12.4,11.93,12215420.0,-1.3136288998357974,146829348.4,10.0,8.33125398541684,-46.8242068023256,,,,,,,,0.6435580630363861,,2.72,2026-09-07,,,,0.0,⚠️ ELENDİ (KULUÇKA ŞARTINA UYMUYOR),0.0,,,,,,,,,,,,,,,,,,,3.16,,,,,,,5.0,,3.03,,,14.0,12180000305.0,256.67655786350144,280.4,16.5,14.0,30.05,16.5,12.2,20.0,55.0,22.5
ISMEN,33.82,34.54,34.68,33.64,4344605.0,-1.9710144927536224,146934541.1,7.552478785171952,1.439038711928448,22.1737418237606,,,,,,,,0.5204381651627767,,1.69,2026-09-07,,,,0.0,🏢 MEGA DEV (3X POTANSİYELİ DÜŞÜK),0.0,,,,,,,,,,,,,,,,,,,32.04,,,,,,,5.0,,30.76,,,54.0,51750000000.0,-22.57326007326008,5.6,59.7,54.0,84.55,59.7,51.8,90.0,85.0,18.2
ATATP,308.0,312.0,317.0,307.0,481558.0,-0.964630225080386,148319864.0,8.22785824575651,4.500110091979036,46.0081011020881,,,,,,,,0.3239130276859484,,2.4,2026-09-07,,,,0.0,⚠️ ELENDİ (KULUÇKA ŞARTINA UYMUYOR),0.0,,,,,,,,,,,,,,,,,,,123.1,,,,,,,5.0,,118.18,,,368.5,7866233105.0,127.81065088757396,150.2,19.6,368.5,770.0,19.6,7.9,20.0,100.0,11.3
RYSAS,26.88,28.3,28.7,26.58,5691040.0,-5.017667844522975,152975155.2,17.637795275590552,1.866353015673755,12.8310900116321,,,,,,,,0.2404846845799946,,0.08,2026-09-07,,,,0.0,🏢 MEGA DEV (3X POTANSİYELİ DÜŞÜK),0.0,,,,,,,,,,,,,,,,,,,13.44,,,,,,,5.0,,12.9,,,30.54,56487962674.0,65.31365313653134,100.0,13.6,30.54,67.2,13.6,56.5,20.0,45.0,10.0
ALTNY,17.05,16.7,17.34,16.7,8976835.0,0.9473060982830084,153055036.75,59.13978494623656,3.1707008643646697,0.613912372658328,,,,,,,,0.3636284764723372,,22.62,2026-09-07,,,,0.0,⚠️ ELENDİ (KULUÇKA ŞARTINA UYMUYOR),0.0,,,,,,,,,,,,,,,,,,,14.21,,,,,,,14.7,,13.64,,,20.96,16889999390.0,-3.8958364793237847,20.0,22.9,20.96,42.62,22.9,16.9,90.0,30.0,17.5
PSGYO,3.11,3.03,3.11,3.03,50186522.0,2.640264026402643,156080083.42,6.65098374679213,0.5039007752942797,7.94952628156929,,,,,,,,0.3574208124660872,,48.0,2026-09-07,,,,0.0,⚠️ ELENDİ (KULUÇKA ŞARTINA UYMUYOR),0.0,,,,,,,,,,,,,,,,,,,2.02,,,,,,,79.2,,1.94,,,4.27,20864118201.0,-10.374639769452456,54.0,37.3,4.27,7.77,37.3,20.9,20.0,55.0,25.7
SVGYO,15.66,15.02,16.0,15.02,10030627.0,4.330446369087277,157079618.82,10.0,3.761366966262988,15.0,,,,,,,,0.3011583893288292,,28.57,2026-09-07,,,,0.0,⚠️ ELENDİ (KULUÇKA ŞARTINA UYMUYOR),0.0,,,,,,,,,,,,,,,,,,,4.0,,,,,,,29.8,,3.84,,,24.58,16255830000.0,291.5,291.5,57.0,24.58,39.15,57.0,16.3,20.0,55.0,32.2
ISVEA,90.15,90.9,93.3,87.65,1812693.0,-1.957585644371938,163414273.95000002,10.0,2.0,15.0,,,,,,,,0.25242960428739,,16.78,2026-09-07,,,,0.0,⚠️ ELENDİ (KULUÇKA ŞARTINA UYMUYOR),0.0,,,,,,,,,,,,,,,,,,,22.52,,,,,,,6.7,,21.62,,,95.05,25745999146.0,292.2976501305483,300.3,5.4,95.05,225.38,5.4,25.7,20.0,55.0,10.0
AVOD,4.72,4.88,5.06,4.41,36113059.0,0.212314225053074,170453638.48,10.0,1.0094766761697205,-17.5365677098842,,,,,,,,3.487888028478682,,18.71,2026-09-07,,,,0.0,⚠️ ELENDİ (KULUÇKA ŞARTINA UYMUYOR),0.0,,,,,,,,,,,,,,,,,,,3.42,,,,,,,7.5,,3.28,,,6.22,1271700010.0,14.285714285714285,38.0,31.8,6.22,11.8,31.8,1.3,20.0,55.0,100.0
AKSEN,79.6,79.0,80.0,78.7,2167931.0,1.0152284263959357,172567307.6,29.297018770702977,1.423987935458999,5.67192405114027,,,,,,,,0.3307436461406343,,30.77,2026-09-07,,,,0.0,🏢 MEGA DEV (3X POTANSİYELİ DÜŞÜK),0.0,,,,,,,,,,,,,,,,,,,35.42,,,,,,,35.4,,34.0,,,117.5,96635458381.0,113.8635142396561,124.7,47.6,117.5,199.0,47.6,96.6,20.0,30.0,16.7
BESTE,33.18,31.78,33.36,31.76,4381749.0,4.933586337760906,145386431.82,10.0,1.24408515871647,15.0,,,,,,,,0.617839317522274,,41.7,2026-09-07,,,,0.0,⚠️ ELENDİ (KULUÇKA ŞARTINA UYMUYOR),0.0,,,,,,,,,,,,,,,,,,,16.17,,,,,,,63.2,,15.52,,,49.7,5951042100.0,105.19480519480516,105.2,49.8,49.7,82.95,49.8,6.0,20.0,55.0,46.3
RAYSG,157.4,151.9,159.9,151.0,317510.0,4.238410596026494,49976074.0,7.309473058508292,2.4789810285503333,41.6946062350211,,,,,,,,2.563456674102475,,32.27,2026-09-08,,,,85.9,🦅 KULUÇKA LİDERİ (MULTI-BAGGER ADAYI),-1.3,,,,,,,,,,,,,,,,,,,149.8,,,,,,,39.2,,143.81,,,277.75,24623548065.0,-39.69348659003831,5.1,,277.75,393.5,76.5,24.6,100.0,100.0,100.0
LMKDC,22.92,22.56,22.92,22.46,2502609.0,1.5957446808510771,57359798.28,6.861248316120342,1.4060901124626701,24.3785937418548,,,,,,,,0.6601435454898755,,48.0,2026-09-08,,,,84.4,🦅 KULUÇKA LİDERİ (MULTI-BAGGER ADAYI),0.8,,,,,,,,,,,,,,,,,,,21.38,,,,,,,79.2,,20.52,,,39.06,11645013474.0,-17.553956834532368,7.2,,39.06,57.3,70.4,11.6,100.0,85.0,31.1
TSKB,11.5,11.11,11.5,11.1,26271197.0,3.5103510351035156,302118765.5,3.0157606272782105,0.6401207657402913,23.7706505712981,,,,,,,,1.3805929313930232,,48.0,2026-09-08,,,,83.4,⚡ TABAN BİRİKTİRME (TAKİP),9.1,,,,,,,,,,,,,,,,,,,10.69,,,,,,,79.2,,10.26,,,14.52,31107999039.0,-12.34756097560975,7.6,,14.52,28.75,26.3,31.1,90.0,85.0,65.9
ALBRK,9.08,8.89,9.12,8.72,18274769.0,2.1372328458942573,165934902.52,2.4386313584358383,0.7053413292732188,34.3970756422385,,,,,,,,1.2710242412112012,,42.4,2026-09-08,,,,78.8,⚡ TABAN BİRİKTİRME (TAKİP),78.8,,,,,,,,,,,,,,,,,,,7.42,,,,,,,65.0,,7.12,,,10.54,22225000858.0,10.06060606060606,22.4,,10.54,22.7,16.1,22.2,90.0,85.0,55.2
ISFIN,19.7,19.38,19.76,19.25,1707833.0,2.2845275181723657,33644310.1,3.3494856754229363,0.9839678177591705,34.4306415813902,,,,,,,,0.8706567922764579,,41.41,2026-09-08,,,,76.1,⚡ TABAN BİRİKTİRME (TAKİP),0.0,,,,,,,,,,,,,,,,,,,15.84,,,,,,,62.4,,15.21,,,22.32,13391528472.0,15.002918855808524,24.4,,22.32,49.25,13.3,13.4,90.0,85.0,41.9
AKGRT,6.21,6.18,6.22,6.12,9439833.0,0.48543689320388755,58621362.93,4.362793311788675,1.16579873170109,30.7936042243563,,,,,,,,0.9614754713235597,,42.4,2026-09-08,,,,75.1,⚡ TABAN BİRİKTİRME (TAKİP),75.1,,,,,,,,,,,,,,,,,,,5.92,,,,,,,65.0,,5.68,,,8.71,9962159723.0,-1.1146496815286668,4.9,,8.71,15.53,40.3,10.0,90.0,85.0,36.1
LINK,5.34,5.25,5.38,5.24,9335766.0,1.7142857142857115,49852990.44,12.523452157598499,2.206848669691785,21.8633290097379,,,,,,,,0.7220829180182567,,32.0,2026-09-08,,,,74.3,🦅 KULUÇKA LİDERİ (MULTI-BAGGER ADAYI),-1.0,,,,,,,,,,,,,,,,,,,4.907268,,,,,,,38.5,,4.71,,,17.68275,4681713455.0,-66.8269409966827,8.8,,17.68,13.35,231.1,4.7,100.0,60.0,33.8
GEDIK,5.88,5.77,5.95,5.74,6389192.0,1.9064124783362275,37568448.96,6.222222222222222,1.4731894551704439,26.2129528921273,,,,,,,,1.0891958260010728,,29.33,2026-09-08,,,,72.2,⚡ TABAN BİRİKTİRME (TAKİP),-5.0,,,,,,,,,,,,,,,,,,,4.95,,,,,,,31.7,,4.75,,,8.11,9178744391.0,-19.230769230769234,18.8,,8.11,14.7,37.9,9.2,90.0,85.0,47.7
EGEGY,26.54,26.04,26.56,25.84,1397641.0,0.9125475285171042,37093392.14,4.589869083236774,1.9913801900439996,61.2777816935109,,,,,,,,0.3136898953923367,,46.44,2026-09-08,,,,72.0,⚡ TABAN BİRİKTİRME (TAKİP),-1.1,,,,,,,,,,,,,,,,,,,22.2,,,,,,,75.2,,21.31,,,35.48,5259999847.0,-5.819730305180982,19.5,,35.48,66.35,33.7,5.3,90.0,100.0,15.5
ASGYO,11.25,11.24,11.32,11.05,3049359.0,0.08896797153024721,34305288.75,1.2810293782737416,0.2550355349512032,25.4027288584048,,,,,,,,0.9738330971211818,,33.48,2026-09-08,,,,70.6,⚡ TABAN BİRİKTİRME (TAKİP),70.6,,,,,,,,,,,,,,,,,,,10.35,,,,,,,42.3,,9.94,,,14.26,7354331027.0,-12.723041117145078,8.7,,14.26,28.12,26.8,7.4,90.0,85.0,34.5
BFREN,128.3,125.7,133.0,125.4,268184.0,2.0684168655529107,34408007.2,73.51592940637177,19.520195719249987,34.5353990757758,,,,,,,,1.6771604891947398,,13.37,2026-09-08,,,,67.3,🦅 KULUÇKA LİDERİ (MULTI-BAGGER ADAYI),1.0,,,,,,,,,,,,,,,,,,,122.2,,,,,,,5.3,,117.31,,,202.4,15401116122.0,-34.74059003051881,5.0,,202.4,320.75,57.8,15.4,90.0,60.0,69.0
NTGAZ,11.22,11.06,11.28,11.06,2455920.0,0.9900990099010011,27555422.400000002,7.129694350892801,1.2898464255044715,21.3164155393588,,,,,,,,0.6853083492725254,,32.73,2026-09-08,,,,66.9,⚡ TABAN BİRİKTİRME (TAKİP),1.3,,,,,,,,,,,,,,,,,,,8.94,,,,,,,40.4,,8.58,,,13.89,7665899763.0,11.86440677966103,25.5,,13.89,28.05,23.8,7.7,90.0,70.0,28.9
AHSGY,14.34,14.34,14.6,14.1,2061678.0,0.7730147575544584,29564462.52,3.4406641393540958,0.9665397942766555,37.1982476832646,,,,,,,,1.4763054633695187,,18.88,2026-09-08,,,,65.9,🦅 KULUÇKA LİDERİ (MULTI-BAGGER ADAYI),-1.1,,,,,,,,,,,,,,,,,,,10.702692,,,,,,,7.6,,10.27,,,26.6,10266944670.0,40.3652197302991,34.0,,26.6,35.85,85.5,10.3,65.0,100.0,55.5
KMPUR,18.4,18.03,18.59,17.82,2235648.0,2.052135330005532,41135923.199999996,13.952077646345161,2.0313848966532935,18.933533779804,,,,,,,,1.061971569927092,,34.18,2026-09-08,,,,56.3,⚡ TABAN BİRİKTİRME (TAKİP),1.1,,,,,,,,,,,,,,,,,,,12.8,,,,,,,44.1,,12.29,,,24.66,8766186554.0,7.79144698301112,43.7,,24.66,46.0,34.0,8.8,20.0,60.0,47.4
BERA,14.05,14.02,14.07,13.86,4668143.0,1.2977649603460815,65587409.150000006,10.0,0.27614824109294167,-1.25779548537557,,,,,,,,0.5863816898756414,,42.67,2026-09-08,,,,0.0,⚠️ ELENDİ (KULUÇKA ŞARTINA UYMUYOR),0.0,,,,,,,,,,,,,,,,,,,12.48,,,,,,,65.6,,11.98,,,23.1,8962766159.0,-16.26936829558999,12.6,,23.1,35.12,64.4,9.0,100.0,55.0,27.0
OZSUB,40.58,39.0,41.28,38.5,1854222.0,5.129533678756468,75244328.75999999,11.272535348204118,3.4261119033326497,41.5311324649096,,,,,,,,0.6459611325666385,,33.9,2026-09-08,,,,0.0,⚠️ ELENDİ (KULUÇKA ŞARTINA UYMUYOR),0.0,,,,,,,,,,,,,,,,,,,16.53,,,,,,,43.3,,15.87,,,45.8,4631999817.0,100.89108910891089,145.5,,45.8,101.45,12.9,4.6,20.0,100.0,48.3
SSAAT,32.42,32.68,32.72,32.2,2264988.0,-0.795593635250912,73430910.96000001,10.0,2.0,15.0,,,,,,,,0.6474670839140082,,15.69,2026-09-08,,,,0.0,⚠️ ELENDİ (KULUÇKA ŞARTINA UYMUYOR),0.0,,,,,,,,,,,,,,,,,,,32.2,,,,,,,6.3,,30.91,,,55.25,21581511972.0,-39.96296296296296,0.7,,55.25,81.05,70.4,21.6,65.0,55.0,22.7
RUBNS,28.56,29.88,30.08,28.44,2310071.0,-3.2520325203252063,65975627.76,10.0,0.43215780659939473,-0.61429113510575,,,,,,,,1.200102966708816,,3.9,2026-09-08,,,,0.0,⚠️ ELENDİ (KULUÇKA ŞARTINA UYMUYOR),0.0,,,,,,,,,,,,,,,,,,,18.77,,,,,,,5.0,,18.02,,,49.14,2419163947.0,27.842435094001786,52.2,,49.14,71.4,72.1,2.4,20.0,55.0,42.0
ADESE,0.85,0.85,0.86,0.84,78024100.0,0.0,66320485.0,10.0,0.2901657699975421,-2.12688937144751,,,,,,,,0.8705323264993808,,20.0,2026-09-08,,,,0.0,⚠️ ELENDİ (KULUÇKA ŞARTINA UYMUYOR),0.0,,,,,,,,,,,,,,,,,,,0.83,,,,,,,8.0,,0.8,,,4.592,4284000119.9999995,-78.98120672601385,2.4,,4.59,2.12,440.0,4.3,65.0,55.0,30.5
TKNSA,17.17,16.9,17.44,16.78,3878660.0,2.5686977299880724,66596592.2,10.0,2.0,-526.035964670245,,,,,,,,0.6119699926972122,,25.09,2026-09-08,,,,0.0,⚠️ ELENDİ (KULUÇKA ŞARTINA UYMUYOR),0.0,,,,,,,,,,,,,,,,,,,15.71,,,,,,,20.9,,15.08,,,28.86,3364739954.0,-32.66666666666666,9.3,,28.86,42.93,68.1,3.4,100.0,55.0,34.3
AKCNS,247.9,248.5,253.5,247.4,271638.0,-0.36173633440514696,67339060.2,82.12960508878876,1.663282735051406,2.27567752998473,,,,,,,,0.7772689228920316,,3.41,2026-09-08,,,,0.0,🏢 MEGA DEV (3X POTANSİYELİ DÜŞÜK),0.0,,,,,,,,,,,,,,,,,,,121.8,,,,,,,5.0,,116.93,,,253.75,47632034715.0,81.21345029239765,103.5,,253.75,619.75,2.4,47.6,20.0,30.0,27.2
ALGYO,3.65,3.57,3.66,3.52,18585694.0,2.8169014084507067,67837783.1,10.0,0.4210837195190185,-12.9835666063568,,,,,,,,0.8023889358820429,,44.0,2026-09-08,,,,0.0,⚠️ ELENDİ (KULUÇKA ŞARTINA UYMUYOR),0.0,,,,,,,,,,,,,,,,,,,2.82714003,,,,,,,69.0,,2.71,,,8.35,7191373402.0,21.551025452072064,29.1,,8.35,9.12,128.8,7.2,65.0,55.0,42.2
AKHAN,38.1,41.2,41.2,37.98,1823303.0,-1.8041237113401953,69467844.3,10.0,1.8316990667469217,15.0,,,,,,,,0.8372948216617314,,5.91,2026-09-08,,,,0.0,⚠️ ELENDİ (KULUÇKA ŞARTINA UYMUYOR),0.0,,,,,,,,,,,,,,,,,,,22.0,,,,,,,5.0,,21.12,,,49.7,10605980000.0,61.16751269035533,73.2,,49.7,95.25,30.4,10.6,20.0,55.0,29.3
HOROZ,59.65,59.15,61.3,58.5,1222253.0,1.1874469889736994,72907391.45,10.0,1.225768720354994,-1.57077415257944,,,,,,,,0.9329536748514243,,15.0,2026-09-08,,,,0.0,⚠️ ELENDİ (KULUÇKA ŞARTINA UYMUYOR),0.0,,,,,,,,,,,,,,,,,,,53.2,,,,,,,6.0,,51.07,,,95.95,5334272555.0,3.111495246326702,12.1,,95.95,149.12,60.9,5.3,100.0,55.0,38.6
LILAK,28.92,28.5,29.12,28.44,2402770.0,1.473684210526322,69488108.4,16.316858496953284,0.9215203684042149,6.45755043653878,,,,,,,,1.0557247088317694,,31.53,2026-09-08,,,,0.0,⚠️ ELENDİ (KULUÇKA ŞARTINA UYMUYOR),0.0,,,,,,,,,,,,,,,,,,,24.66,,,,,,,37.3,,23.67,,,43.86,16815000000.0,-3.083109919571039,17.3,,43.86,72.3,51.7,16.8,90.0,45.0,44.3
BURCE,33.74,32.56,33.86,32.2,2099961.0,4.0073982737361415,70852684.14,11.943362831858407,1.7593598308011031,-14.2733690732655,,,,,,,,1.178713586475563,,43.95,2026-09-08,,,,0.0,⚠️ ELENDİ (KULUÇKA ŞARTINA UYMUYOR),0.0,,,,,,,,,,,,,,,,,,,15.88,,,,,,,68.9,,15.24,,,84.8,2732745415.0,87.44444444444446,112.5,,84.8,84.35,151.3,2.7,20.0,55.0,61.3
CGCAM,33.16,32.4,33.3,32.38,2132013.0,2.345679012345673,70697551.08,30.503173581087296,1.0616129281147821,4.04402534069311,,,,,,,,0.9277426071288142,,39.48,2026-09-08,,,,0.0,⚠️ ELENDİ (KULUÇKA ŞARTINA UYMUYOR),0.0,,,,,,,,,,,,,,,,,,,30.7,,,,,,,57.5,,29.47,,,55.4,5443200256.0,-21.047619047619055,8.0,,55.4,82.9,67.1,5.4,100.0,30.0,44.2
ECZYT,315.75,315.5,317.75,313.75,221999.0,0.2380952380952381,70096184.25,10.0,1.054068911303214,-1.54210473736186,,,,,,,,0.7333566114543552,,20.0,2026-09-08,,,,0.0,⚠️ ELENDİ (KULUÇKA ŞARTINA UYMUYOR),0.0,,,,,,,,,,,,,,,,,,,207.9,,,,,,,8.0,,199.58,,,426.75,33075000000.0,35.57320738514384,51.9,,426.75,789.38,35.2,33.1,20.0,55.0,26.9
PNSUT,12.08,12.41,12.51,11.97,5755349.0,-1.7087062652562985,69524615.92,10.0,0.30797007693388256,-8.96119067597258,,,,,,,,0.8243721304404491,,3.41,2026-09-08,,,,0.0,⚠️ ELENDİ (KULUÇKA ŞARTINA UYMUYOR),0.0,,,,,,,,,,,,,,,,,,,9.99,,,,,,,5.0,,9.59,,,18.98,3867138803.0,-13.960113960113954,20.9,,18.98,30.2,57.1,3.9,90.0,55.0,28.9
PETUN,12.04,12.4,12.78,12.01,5817410.0,-2.0341741253051264,70041616.39999999,14.335039885700677,0.3248741921992418,2.66608055419571,,,,,,,,1.2041240027427338,,5.82,2026-09-08,,,,0.0,⚠️ ELENDİ (KULUÇKA ŞARTINA UYMUYOR),0.0,,,,,,,,,,,,,,,,,,,10.48,,,,,,,5.0,,10.06,,,15.99,3728110053.0,-7.384615384615391,14.9,,15.99,30.1,32.8,3.7,90.0,45.0,42.1
DAGI,9.65,10.23,10.28,9.6,7237840.0,-5.669599217986315,69845156.0,10.0,2.0955210138412963,-5.93450154384257,,,,,,,,0.8110957027910232,,3.88,2026-09-08,,,,0.0,⚠️ ELENDİ (KULUÇKA ŞARTINA UYMUYOR),0.0,,,,,,,,,,,,,,,,,,,5.36,,,,,,,5.0,,5.15,,,11.75,4091999817.0,11.17511520737328,80.0,,11.75,24.12,21.8,4.1,20.0,55.0,28.4
LOGO,137.0,137.1,137.8,135.7,505165.0,0.0,69207605.0,14.89761964310958,2.9353568011895694,23.2419548827481,,,,,,,,1.0353770123819213,,26.67,2026-09-08,,,,0.0,NÖTR,-74.0,,,,,,,,,,,,,,,,,,,129.0,,,,,,,25.0,,123.84,,,182.5,12895786629.0,-15.012406947890815,6.2,,182.5,342.5,33.2,12.9,90.0,75.0,36.2
YYLGD,10.16,10.0,10.21,10.0,5614415.0,1.6000000000000014,57042456.4,4.512948074445876,0.6095398993659225,16.5320333566852,,,,,,,,0.9243788074606782,,34.67,2026-09-08,,,,0.0,⚠️ ELENDİ (KULUÇKA ŞARTINA UYMUYOR),0.0,,,,,,,,,,,,,,,,,,,9.35,,,,,,,45.3,,8.98,,,14.61,10862800293.0,-5.838739573679324,8.7,,14.61,25.4,43.8,10.9,90.0,55.0,40.4
ZERGY,9.72,9.84,9.99,9.68,5882142.0,-1.0183299389002,57174420.24,20.75149444918873,2.0338685141669823,15.0,,,,,,,,0.2995793771785094,,0.77,2026-09-08,,,,0.0,⚠️ ELENDİ (KULUÇKA ŞARTINA UYMUYOR),0.0,,,,,,,,,,,,,,,,,,,8.44,,,,,,,5.0,,8.1,,,27.78,6146338000.0,-32.02797202797203,15.2,,27.78,24.3,185.8,6.1,100.0,30.0,10.5
SOHOE,10.42,10.46,10.46,10.35,5491885.0,-0.28708133971291255,57225441.7,10.0,1.2277456374969071,15.0,,,,,,,,0.3227356753456527,,27.64,2026-09-08,,,,0.0,⚠️ ELENDİ (KULUÇKA ŞARTINA UYMUYOR),0.0,,,,,,,,,,,,,,,,,,,10.24,,,,,,,27.4,,9.83,,,17.21,3205645552.0,-35.87692307692308,1.8,,17.21,26.05,65.2,3.2,65.0,55.0,11.3
SURGY,30.24,30.26,30.26,29.86,1894024.0,-0.06609385327165607,57275285.76,10.0,0.4743254117015953,-5.13041368419097,,,,,,,,0.44571816877198767,,45.2,2026-09-08,,,,0.0,⚠️ ELENDİ (KULUÇKA ŞARTINA UYMUYOR),0.0,,,,,,,,,,,,,,,,,,,29.0,,,,,,,72.1,,27.84,,,88.3,5068550038.0,-43.63466915191053,4.3,,88.3,75.6,192.0,5.1,100.0,55.0,15.6
BIGTK,284.0,299.0,300.0,283.75,203004.0,-4.377104377104377,57653136.0,10.0,6.375838624830389,1.49758433731983,,,,,,,,0.1989357441387874,,7.14,2026-09-08,,,,0.0,⚠️ ELENDİ (KULUÇKA ŞARTINA UYMUYOR),0.0,,,,,,,,,,,,,,,,,,,204.4,,,,,,,5.0,,196.22,,,517.5,10042083641.0,-39.38100320170758,38.9,,517.5,710.0,82.2,10.0,20.0,55.0,10.0
SERNT,8.29,8.67,8.67,7.99,6986735.0,-2.5851938895417232,57920033.14999999,10.0,0.7998494855009189,15.0,,,,,,,,1.6473902281178512,,16.71,2026-09-08,,,,0.0,⚠️ ELENDİ (KULUÇKA ŞARTINA UYMUYOR),0.0,,,,,,,,,,,,,,,,,,,6.96,,,,,,,6.7,,6.68,,,12.23,3514630095.0,-17.10000000000001,19.1,,12.23,20.72,47.5,3.5,90.0,55.0,57.7
LRSHO,2.53,2.44,2.57,2.43,23269506.0,4.115226337448545,58871850.17999999,10.0,0.2737339803409232,-12.7058093912625,,,,,,,,1.693918600482258,,32.0,2026-09-08,,,,0.0,⚠️ ELENDİ (KULUÇKA ŞARTINA UYMUYOR),0.0,,,,,,,,,,,,,,,,,,,2.39,,,,,,,38.5,,2.29,,,6.82,1829240690.0,-51.346153846153854,5.9,,6.82,6.32,169.6,1.8,100.0,55.0,79.9
CEMAS,4.32,4.25,4.39,4.23,13724806.0,2.1276595744680815,59291161.92,10.0,0.8949825043350716,-36.8061522546612,,,,,,,,0.6779376819513504,,23.5,2026-09-08,,,,0.0,⚠️ ELENDİ (KULUÇKA ŞARTINA UYMUYOR),0.0,,,,,,,,,,,,,,,,,,,3.95,,,,,,,16.9,,3.79,,,7.86,3345929241.0,-38.373751783166895,9.4,,7.86,10.8,81.9,3.3,100.0,55.0,34.4
CMBTN,1562.0,1531.0,1595.0,1510.0,38713.0,3.102310231023102,60469706.0,10.0,11.00584705001023,-84.0854309423136,,,,,,,,2.4895980038456837,,26.26,2026-09-08,,,,0.0,⚠️ ELENDİ (KULUÇKA ŞARTINA UYMUYOR),0.0,,,,,,,,,,,,,,,,,,,1485.0,,,,,,,23.9,,1425.6,,,2645.0,2681549971.0,-31.82016586643387,5.2,,2645.0,3905.0,69.3,2.7,100.0,55.0,100.0
ESCAR,43.88,46.0,46.22,43.76,1386695.0,-4.442508710801392,60848176.6,10.0,3.322284290016945,-22.7612896158175,,,,,,,,0.3234903302473299,,5.27,2026-09-08,,,,0.0,⚠️ ELENDİ (KULUÇKA ŞARTINA UYMUYOR),0.0,,,,,,,,,,,,,,,,,,,18.46,,,,,,,5.0,,17.72,,,57.0,22959999084.0,65.210843373494,137.7,,57.0,109.7,29.9,23.0,20.0,55.0,11.3
AYDEM,25.54,25.54,25.62,25.24,2383048.0,0.0,60863045.919999994,9.324911460805431,0.3626338348158866,4.67445652072496,,,,,,,,0.9700667765375086,,36.21,2026-09-08,,,,0.0,⚠️ ELENDİ (KULUÇKA ŞARTINA UYMUYOR),0.0,,,,,,,,,,,,,,,,,,,16.99,,,,,,,49.2,,16.31,,,33.2,18005700645.0,41.57427937915743,50.3,,33.2,63.85,30.0,18.0,20.0,55.0,34.0
CEMZY,14.61,14.75,14.75,14.4,5092722.0,-1.2837837837837924,74404668.42,10.0,7.636300915206221,-10.5562382232943,,,,,,,,0.15571202626627667,,25.6,2026-09-08,,,,0.0,⚠️ ELENDİ (KULUÇKA ŞARTINA UYMUYOR),0.0,,,,,,,,,,,,,,,,,,,4.74358348,,,,,,,22.2,,4.55,,,18.63,34040000439.000004,165.3645820562322,208.0,,18.63,36.52,27.5,34.0,20.0,55.0,10.0
UCAYM,22.5,22.2,22.56,21.76,2790842.0,1.902173913043486,62793945.0,10.0,2.3050208476329996,15.0,,,,,,,,0.4626519904461846,,43.8,2026-09-08,,,,0.0,⚠️ ELENDİ (KULUÇKA ŞARTINA UYMUYOR),0.0,,,,,,,,,,,,,,,,,,,19.8,,,,,,,68.5,,19.01,,,41.2,4968000000.0,13.636363636363633,13.6,,41.2,56.25,83.1,5.0,100.0,55.0,25.7
EGEPO,13.98,14.61,14.92,13.9,4505197.0,-3.9175257731958784,62982654.06,10.0,3.2338728518918622,-3.14186819529634,,,,,,,,1.031464826641354,,3.61,2026-09-08,,,,0.0,⚠️ ELENDİ (KULUÇKA ŞARTINA UYMUYOR),0.0,,,,,,,,,,,,,,,,,,,6.7,,,,,,,5.0,,6.43,,,20.58,7275000095.0,65.2482269503546,108.7,,20.58,34.95,47.2,7.3,20.0,55.0,36.1
PASEU,128.4,139.4,139.4,128.4,491725.0,-9.957924263674608,63137490.0,82.61485008364433,20.680158161334226,32.7765547120615,,,,,,,,0.04502179980771166,,8.0,2026-09-08,,,,0.0,🏢 MEGA DEV (3X POTANSİYELİ DÜŞÜK),0.0,,,,,,,,,,,,,,,,,,,84.15,,,,,,,5.0,,80.78,,,268.0,95827204102.0,11.652173913043482,52.6,,268.0,321.0,108.7,95.8,20.0,60.0,10.0
KNFRT,12.99,12.83,13.22,12.5,4888594.0,0.23148148148147651,63502836.06,10.0,2.154075248365374,-10.2301020061242,,,,,,,,1.3911290896302961,,30.11,2026-09-08,,,,0.0,⚠️ ELENDİ (KULUÇKA ŞARTINA UYMUYOR),0.0,,,,,,,,,,,,,,,,,,,10.2,,,,,,,33.7,,9.79,,,24.28,3421440010.0,-28.192371475953564,27.4,,24.28,32.48,86.9,3.4,100.0,55.0,49.8
EGPRO,38.92,37.6,39.44,37.48,1635736.0,4.1755888650963655,63662845.120000005,13.860398860398861,2.0079482143345424,17.055077018551,,,,,,,,0.8740905532967098,,33.14,2026-09-08,,,,0.0,⚠️ ELENDİ (KULUÇKA ŞARTINA UYMUYOR),0.0,,,,,,,,,,,,,,,,,,,23.12,,,,,,,41.4,,22.2,,,47.5,20361200333.0,55.18341307814994,68.3,,47.5,97.3,22.0,20.4,20.0,45.0,51.5
VAKFA,11.28,11.11,11.3,11.1,5644216.0,1.5301530153015295,63666756.48,4.946717537166162,1.281205241583288,15.0,,,,,,,,0.8043035146319497,,42.4,2026-09-08,,,,0.0,⚠️ ELENDİ (KULUÇKA ŞARTINA UYMUYOR),0.0,,,,,,,,,,,,,,,,,,,10.61,,,,,,,65.0,,10.19,,,19.39,9999000000.0,-27.784891165172855,6.3,,19.39,28.2,71.9,10.0,100.0,55.0,35.8
BIGEN,122.8,122.8,122.8,122.8,519159.0,-9.970674486803526,63752725.199999996,10.0,19.80306592743821,-1.65985398922569,,,,,,,,0.11793267502379852,,20.0,2026-09-08,,,,0.0,🏢 MEGA DEV (3X POTANSİYELİ DÜŞÜK),0.0,,,,,,,,,,,,,,,,,,,8.3,,,,,,,8.0,,7.97,,,195.9,78702796478.0,986.7256637168141,1379.5,,195.9,307.0,59.5,78.7,20.0,55.0,10.0
KAREL,8.27,8.06,8.31,8.06,7718910.0,2.6054590570719487,63835385.699999996,10.0,5.882060072405528,-52.9035629797942,,,,,,,,0.9140720673051905,,39.04,2026-09-08,,,,0.0,⚠️ ELENDİ (KULUÇKA ŞARTINA UYMUYOR),0.0,,,,,,,,,,,,,,,,,,,8.0,,,,,,,56.4,,7.68,,,14.0,6495437452.0,-10.10869565217391,3.4,,14.0,20.67,69.3,6.5,65.0,55.0,45.0
YIGIT,22.12,22.1,22.28,21.78,2900097.0,0.1811594202898673,64150145.64,57.9664570230608,0.814921462496666,1.60992456628032,,,,,,,,0.6380337829348347,,30.08,2026-09-08,,,,0.0,⚠️ ELENDİ (KULUÇKA ŞARTINA UYMUYOR),0.0,,,,,,,,,,,,,,,,,,,20.36,,,,,,,33.6,,19.55,,,29.38,6635039977.0,-21.671388101982995,8.6,,29.38,55.3,32.8,6.6,90.0,30.0,23.2
ORGE,23.32,22.96,23.36,22.52,2785857.0,1.3913043478260883,64966185.24,10.825866951395014,1.7914910321738577,20.2060622539078,,,,,,,,0.5617395899280124,,45.33,2026-09-08,,,,0.0,⚠️ ELENDİ (KULUÇKA ŞARTINA UYMUYOR),0.0,,,,,,,,,,,,,,,,,,,12.82,,,,,,,72.4,,12.31,,,26.82,9187636658.0,53.42105263157896,81.9,,26.82,58.3,15.0,9.2,20.0,70.0,26.6
EGGUB,108.2,107.0,109.2,105.9,604800.0,1.1214953271028065,65439360.0,15.138583800875855,1.0610389630766286,8.18761189188483,,,,,,,,0.8990621390484034,,31.03,2026-09-08,,,,0.0,⚠️ ELENDİ (KULUÇKA ŞARTINA UYMUYOR),0.0,,,,,,,,,,,,,,,,,,,81.7,,,,,,,36.0,,78.43,,,142.3,10700000000.0,-13.578274760383387,32.4,,142.3,270.5,31.5,10.7,65.0,45.0,37.1
CELHA,25.46,24.42,26.2,24.42,2574027.0,4.258804258804255,65534727.42,10.0,2.167852769930026,-17.2293293092336,,,,,,,,1.3879545786653011,,24.72,2026-09-08,,,,0.0,⚠️ ELENDİ (KULUÇKA ŞARTINA UYMUYOR),0.0,,,,,,,,,,,,,,,,,,,8.32,,,,,,,20.0,,7.99,,,27.82,9413901832.0,181.0154525386313,206.0,,27.82,63.65,9.3,9.4,20.0,55.0,69.9
ETILR,6.45,6.21,6.53,6.02,9658958.0,4.368932038834959,62300279.1,10.0,2.98392842272782,-14.9165355827144,,,,,,,,1.3898458219871543,,39.22,2026-09-08,,,,0.0,⚠️ ELENDİ (KULUÇKA ŞARTINA UYMUYOR),0.0,,,,,,,,,,,,,,,,,,,3.37,,,,,,,56.9,,3.24,,,6.91,1483199959.0,29.000000000000007,91.4,,6.91,16.12,7.1,1.5,20.0,55.0,70.5
ENSRI,4.65,4.55,4.88,4.51,19579895.0,2.19780219780221,91046511.75,10.0,1.5601566195935541,-5.18601940057923,,,,,,,,0.5993595524157218,,13.19,2026-09-08,,,,0.0,⚠️ ELENDİ (KULUÇKA ŞARTINA UYMUYOR),0.0,,,,,,,,,,,,,,,,,,,4.47,,,,,,,5.3,,4.29,,,38.92,2480046143.0,-77.2266112160933,4.0,,38.92,11.62,737.0,2.5,100.0,55.0,32.0
BIOEN,19.09,19.06,19.6,18.97,4774833.0,-0.05235602094241656,91151561.97,10.0,2.9176174268417747,-18.1089486566153,,,,,,,,0.4436187695524843,,2.67,2026-09-08,,,,0.0,⚠️ ELENDİ (KULUÇKA ŞARTINA UYMUYOR),0.0,,,,,,,,,,,,,,,,,,,14.67,,,,,,,5.0,,14.08,,,27.96,9550000191.0,-17.71551724137931,30.1,,27.96,47.73,46.5,9.6,65.0,55.0,15.5
GSRAY,1.03,1.04,1.04,1.02,89152799.0,-0.9615384615384623,91827382.97,28.770949720670394,0.8160484241550333,4.47213247689932,,,,,,,,0.4580895260920986,,20.0,2026-09-08,,,,0.0,⚠️ ELENDİ (KULUÇKA ŞARTINA UYMUYOR),0.0,,,,,,,,,,,,,,,,,,,0.96,,,,,,,8.0,,0.92,,,1.63,14039999485.0,-33.54838709677419,7.3,,1.63,2.58,58.3,14.0,90.0,30.0,16.0
TRGYO,94.2,93.6,94.3,92.6,980544.0,0.8565310492505323,92367244.8,10.459577397541667,0.6094099889154664,6.70791745653675,,,,,,,,0.8664673365750689,,44.71,2026-09-08,,,,0.0,🏢 MEGA DEV (3X POTANSİYELİ DÜŞÜK),0.0,,,,,,,,,,,,,,,,,,,69.05,,,,,,,70.8,,66.29,,,107.8,93286044859.0,34.37945791726107,36.4,,107.8,235.5,14.4,93.3,20.0,55.0,34.6
YKSLN,3.17,2.79,3.17,2.75,29350767.0,9.688581314878885,93041931.39,10.0,1.5738492778663171,-4.96367565549433,,,,,,,,3.194029616858678,,48.0,2026-09-08,,,,0.0,⚠️ ELENDİ (KULUÇKA ŞARTINA UYMUYOR),0.0,,,,,,,,,,,,,,,,,,,2.6,,,,,,,79.2,,2.5,,,4.11,1444999933.0,-6.216612873807671,21.9,,4.11,7.92,29.7,1.4,90.0,55.0,100.0
ZOREN,2.39,2.36,2.39,2.35,39388558.0,1.2711864406779767,94138653.62,10.0,0.1885360608742709,-18.2797749155039,,,,,,,,0.5012527374059035,,48.0,2026-09-08,,,,0.0,⚠️ ELENDİ (KULUÇKA ŞARTINA UYMUYOR),0.0,,,,,,,,,,,,,,,,,,,2.22,,,,,,,79.2,,2.13,,,3.83,11800000668.0,-35.4054054054054,7.7,,3.83,5.98,60.3,11.8,100.0,55.0,23.9
ISDMR,59.7,59.5,59.95,58.4,1576864.0,0.3361344537815174,94138780.80000001,14.07554109492149,1.1093730314203432,8.49194157301141,,,,,,,,0.8707206765459193,,38.97,2026-09-08,,,,0.0,🏢 MEGA DEV (3X POTANSİYELİ DÜŞÜK),0.0,,,,,,,,,,,,,,,,,,,34.72,,,,,,,56.2,,33.33,,,67.95,172550000000.0,61.35135135135136,71.9,,67.95,149.25,13.8,172.6,20.0,45.0,32.2
AVOD,4.49,4.4,4.68,4.29,21327865.0,-0.2222222222222175,95762113.85000001,10.0,0.960286075424162,-17.5365677098842,,,,,,,,1.5283125526153456,,20.72,2026-09-08,,,,0.0,⚠️ ELENDİ (KULUÇKA ŞARTINA UYMUYOR),0.0,,,,,,,,,,,,,,,,,,,3.42,,,,,,,9.8,,3.28,,,6.22,1215000000.0,16.623376623376625,31.3,,6.22,11.23,38.5,1.2,65.0,55.0,53.5
SAYAS,55.9,58.1,58.7,55.5,1715851.0,-3.1195840554592795,95916070.89999999,22.278016897816038,2.749416056491401,14.896745544339,,,,,,,,0.6049390511524966,,1.0,2026-09-08,,,,0.0,⚠️ ELENDİ (KULUÇKA ŞARTINA UYMUYOR),0.0,,,,,,,,,,,,,,,,,,,36.4,,,,,,,5.0,,34.94,,,71.5,4457325059.0,7.9150579150579174,53.6,,71.5,139.75,27.9,4.5,20.0,30.0,21.2
BMSTL,44.2,43.08,44.62,42.86,2173654.0,2.031394275161594,96075506.80000001,10.0,16.501095717555003,-2.93344317198522,,,,,,,,1.2297650514614704,,34.64,2026-09-08,,,,0.0,⚠️ ELENDİ (KULUÇKA ŞARTINA UYMUYOR),0.0,,,,,,,,,,,,,,,,,,,31.2,,,,,,,45.2,,29.95,,,66.0,12996000037.0,31.841909023117093,41.7,,66.0,110.5,49.3,13.0,20.0,55.0,53.2
MRSHL,1625.0,1562.0,1670.0,1562.0,59545.0,2.9784537389100127,96760625.0,10.0,14.434191677715855,-5.28774975195536,,,,,,,,2.3432765337845813,,24.67,2026-09-08,,,,0.0,⚠️ ELENDİ (KULUÇKA ŞARTINA UYMUYOR),0.0,,,,,,,,,,,,,,,,,,,1340.0,,,,,,,19.9,,1286.4,,,2650.0,17348743372.0,-7.512805919180421,21.3,,2650.0,4062.5,63.1,17.3,100.0,55.0,96.9
ANHYT,105.8,104.2,106.1,103.3,736122.0,1.147227533460806,77881707.6,6.407655270568997,3.271133361138997,59.1213734569589,,,,,,,,1.2251498895550645,,42.0,2026-09-08,,,,0.0,🏢 MEGA DEV (3X POTANSİYELİ DÜŞÜK),0.0,,,,,,,,,,,,,,,,,,,80.2,,,,,,,63.9,,76.99,,,125.7,44977999344.0,32.83113622096671,31.9,,125.7,264.5,18.8,45.0,65.0,100.0,48.6
ECOGR,33.68,33.72,34.04,33.28,2939483.0,-0.11862396204032961,99001787.44,45.966971475365085,0.9223136929078787,15.0,,,,,,,,0.5224973702117114,,21.47,2026-09-08,,,,0.0,⚠️ ELENDİ (KULUÇKA ŞARTINA UYMUYOR),0.0,,,,,,,,,,,,,,,,,,,11.44,,,,,,,11.7,,10.98,,,45.96,18208800000.0,194.40559440559443,194.4,,45.96,84.2,36.5,18.2,20.0,30.0,18.3
SAFKR,13.95,14.05,14.18,13.65,7123011.0,-0.7823613086771067,99366003.44999999,20.287958115183244,2.0124962310778467,11.8043937127077,,,,,,,,1.3485632456252965,,23.7,2026-09-08,,,,0.0,⚠️ ELENDİ (KULUÇKA ŞARTINA UYMUYOR),0.0,,,,,,,,,,,,,,,,,,,13.65,,,,,,,17.4,,13.1,,,30.74,2812000084.0,-25.82105156516526,2.2,,30.74,34.88,120.4,2.8,65.0,30.0,47.2
VERUS,509.5,510.0,549.5,502.5,200160.0,-8.691756272401435,101981520.0,10.0,6.639803373202562,-16.8567045165198,,,,,,,,2.1683387444304696,,0.34,2026-09-08,,,,0.0,⚠️ ELENDİ (KULUÇKA ŞARTINA UYMUYOR),0.0,,,,,,,,,,,,,,,,,,,168.7,,,,,,,5.0,,161.95,,,764.5,39060000000.0,1.0912698412698412,202.0,,764.5,1273.75,50.0,39.1,20.0,55.0,75.9
IZMDC,10.19,10.67,10.85,10.01,10072834.0,-5.473098330241187,102642178.46,10.0,0.7407213564723345,-7.44835055635709,,,,,,,,0.7986897814612969,,4.0,2026-09-08,,,,0.0,⚠️ ELENDİ (KULUÇKA ŞARTINA UYMUYOR),0.0,,,,,,,,,,,,,,,,,,,5.84,,,,,,,5.0,,5.61,,,14.85,16169999599.0,18.076477404403228,74.5,,14.85,25.47,45.7,16.2,20.0,55.0,28.0
KATMR,1.89,1.86,1.9,1.84,54441490.0,2.162162162162152,102894416.1,7.978049810046433,0.38758020757073336,5.30778394831394,,,,,,,,0.7575598669303777,,38.67,2026-09-08,,,,0.0,⚠️ ELENDİ (KULUÇKA ŞARTINA UYMUYOR),0.0,,,,,,,,,,,,,,,,,,,1.81,,,,,,,55.5,,1.74,,,4.2,3983512551.0,-42.37804878048781,4.4,,4.2,4.72,122.2,4.0,100.0,55.0,37.3
SNGYO,3.25,3.24,3.26,3.21,31701201.0,0.6191950464396291,103028903.25,10.0,0.21237277237298147,-0.248871296514052,,,,,,,,1.57662343551603,,36.8,2026-09-08,,,,0.0,⚠️ ELENDİ (KULUÇKA ŞARTINA UYMUYOR),0.0,,,,,,,,,,,,,,,,,,,3.05,,,,,,,50.7,,2.93,,,5.45,12581653631.0,-32.43243243243243,6.6,,5.45,8.12,67.7,12.6,100.0,55.0,58.3
AHGAZ,38.28,39.14,39.28,38.22,2698168.0,-1.6949152542372794,103285871.04,18.114707552526973,1.6147040995683577,10.5587550611099,,,,,,,,0.37222860774806443,,4.83,2026-09-08,,,,0.0,🏢 MEGA DEV (3X POTANSİYELİ DÜŞÜK),0.0,,,,,,,,,,,,,,,,,,,20.86,,,,,,,5.0,,20.03,,,40.36,101243996429.0,5.338470005503571,83.5,,40.36,95.7,5.4,101.2,20.0,45.0,13.0
ICUGS,4.06,3.92,4.26,3.84,26326408.0,4.639175257731951,106885216.47999999,10.0,3.0300542573754954,15.0,,,,,,,,1.7969859457890929,,21.33,2026-09-08,,,,0.0,⚠️ ELENDİ (KULUÇKA ŞARTINA UYMUYOR),0.0,,,,,,,,,,,,,,,,,,,2.53,,,,,,,11.4,,2.43,,,6.93,1348300040.0,15.669515669515667,60.5,,6.93,10.15,70.7,1.3,20.0,55.0,86.1
PAPIL,12.81,12.55,12.96,12.49,8555058.0,1.025236593059943,109590292.98,10.0,7.668133249528599,15.0,,,,,,,,0.8494950786417577,,30.13,2026-09-08,,,,0.0,⚠️ ELENDİ (KULUÇKA ŞARTINA UYMUYOR),0.0,,,,,,,,,,,,,,,,,,,11.1,,,,,,,33.8,,10.66,,,21.48,2613804563.0,-29.537953795379533,15.4,,21.48,32.02,67.7,2.6,100.0,55.0,34.9
TARKM,536.0,510.5,540.0,510.0,206526.0,5.20117762512267,110697936.0,10.0,3.471761848537005,15.0,,,,,,,,0.8344019606179535,,40.53,2026-09-08,,,,0.0,⚠️ ELENDİ (KULUÇKA ŞARTINA UYMUYOR),0.0,,,,,,,,,,,,,,,,,,,322.0,,,,,,,60.2,,309.12,,,621.5,10699500000.0,28.76876876876877,66.5,,621.5,1340.0,16.0,10.7,20.0,55.0,55.2
MEYSU,11.16,11.14,11.2,10.92,10015259.0,0.2695417789757355,111770290.44,10.0,1.9611771280353434,15.0,,,,,,,,0.7359488403642075,,40.0,2026-09-08,,,,0.0,⚠️ ELENDİ (KULUÇKA ŞARTINA UYMUYOR),0.0,,,,,,,,,,,,,,,,,,,8.25,,,,,,,58.9,,7.92,,,22.82,9683100000.0,35.27272727272727,35.3,,22.82,27.9,104.5,9.7,20.0,55.0,27.1
AAGYO,12.03,11.79,12.05,11.74,8227900.0,2.035623409669213,98981637.0,10.0,2.0,15.0,,,,,,,,1.3121011482172766,,44.39,2026-09-08,,,,0.0,⚠️ ELENDİ (KULUÇKA ŞARTINA UYMUYOR),0.0,,,,,,,,,,,,,,,,,,,11.55,,,,,,,70.0,,11.09,,,25.52,10000000000.0,-48.146551724137936,4.2,,25.52,30.07,112.1,10.0,100.0,55.0,56.1
ARFYE,20.34,20.14,20.9,19.74,3700625.0,0.9930486593843062,75270712.5,10.0,1.7548127940864362,15.0,,,,,,,,1.214713446287419,,20.97,2026-09-08,,,,0.0,⚠️ ELENDİ (KULUÇKA ŞARTINA UYMUYOR),0.0,,,,,,,,,,,,,,,,,,,18.05,,,,,,,10.5,,17.33,,,41.0,3682345172.0,-5.13059701492538,12.7,,41.0,50.85,101.6,3.7,100.0,55.0,47.5
QUAGR,3.11,3.07,3.12,3.06,24947810.0,2.3026315789473633,77587689.1,10.0,0.7637487045741425,-10.7583902505042,,,,,,,,0.624458080185028,,38.67,2026-09-08,,,,0.0,⚠️ ELENDİ (KULUÇKA ŞARTINA UYMUYOR),0.0,,,,,,,,,,,,,,,,,,,2.42,,,,,,,55.5,,2.32,,,11.89,8015578884.0,-64.57858769931663,28.5,,11.89,7.77,282.3,8.0,65.0,55.0,33.4
AKSUE,30.58,31.24,31.68,30.3,2542690.0,-2.4872448979591875,77755460.2,10.0,1.936045907966278,-9.44025314803736,,,,,,,,0.8010448435658205,,3.36,2026-09-08,,,,0.0,⚠️ ELENDİ (KULUÇKA ŞARTINA UYMUYOR),0.0,,,,,,,,,,,,,,,,,,,14.88,,,,,,,5.0,,14.28,,,51.5,2069760040.0,61.62790697674416,105.5,,51.5,76.45,68.4,2.1,20.0,55.0,28.0
GWIND,22.86,22.66,22.86,22.58,2484288.0,0.8826125330979668,56790823.68,5.6933652121936635,0.6867663489295788,14.3448139084257,,,,,,,,0.7939305231536217,,48.0,2026-09-08,,,,0.0,⚠️ ELENDİ (KULUÇKA ŞARTINA UYMUYOR),0.0,,,,,,,,,,,,,,,,,,,21.64,,,,,,,79.2,,20.77,,,33.62,12236395768.0,-3.544303797468354,5.6,,33.62,57.15,47.1,12.2,90.0,55.0,32.2
KRGYO,3.35,3.05,3.35,3.02,23477909.0,9.836065573770501,78650995.15,10.0,1.209552212938959,-1.75629438184859,,,,,,,,0.9366737695841895,,48.0,2026-09-08,,,,0.0,⚠️ ELENDİ (KULUÇKA ŞARTINA UYMUYOR),0.0,,,,,,,,,,,,,,,,,,,2.4,,,,,,,79.2,,2.3,,,3.6,3019499953.0,-0.2976190476190413,39.6,,3.6,8.38,7.5,3.0,20.0,55.0,82.0
IZENR,7.0,6.93,7.13,6.93,11300383.0,0.0,79102681.0,68.02721088435374,0.8860299655334344,1.49989750502832,,,,,,,,0.2679951772937895,,11.6,2026-09-08,,,,0.0,⚠️ ELENDİ (KULUÇKA ŞARTINA UYMUYOR),0.0,,,,,,,,,,,,,,,,,,,6.45,,,,,,,5.0,,6.19,,,13.39,17106250000.0,-24.973204715969988,8.5,,13.39,17.5,91.3,17.1,100.0,30.0,10.0
IHGZT,1.18,1.17,1.21,1.17,67486489.0,0.8547008547008554,79634057.02,5.09719222462203,0.20353635797560668,4.65542446540606,,,,,,,,3.953253106101146,,6.0,2026-09-08,,,,0.0,⚠️ ELENDİ (KULUÇKA ŞARTINA UYMUYOR),0.0,,,,,,,,,,,,,,,,,,,1.13,,,,,,,5.0,,1.08,,,2.14,935999966.0,-40.4040404040404,4.4,,2.14,2.95,81.4,0.9,100.0,55.0,100.0
ANSGR,26.26,26.08,26.28,25.76,3044853.0,0.6901840490797672,79957839.78,3.3650272943950386,1.311501609411248,46.7557305906275,,,,,,,,0.6593291732598188,,45.85,2026-09-08,,,,0.0,🏢 MEGA DEV (3X POTANSİYELİ DÜŞÜK),0.0,,,,,,,,,,,,,,,,,,,20.28,,,,,,,73.7,,19.47,,,31.52,52159999847.0,24.69135802469137,29.5,,31.52,65.65,20.0,52.2,65.0,100.0,26.5
RUZYE,9.09,8.36,9.09,8.32,8946117.0,8.732057416267947,81320203.53,10.0,1.4991663052065105,-7.88032930530567,,,,,,,,1.5865564280339188,,48.0,2026-09-08,,,,0.0,⚠️ ELENDİ (KULUÇKA ŞARTINA UYMUYOR),0.0,,,,,,,,,,,,,,,,,,,7.5,,,,,,,79.2,,7.2,,,16.95,2298999906.0,-16.98630136986301,21.2,,16.95,22.73,86.5,2.3,100.0,55.0,99.2
BLUME,38.0,39.2,39.2,36.26,2146041.0,-1.8087855297157693,81549558.0,10.0,11.36873597606582,-18.5931565572064,,,,,,,,0.5457920579617038,,25.14,2026-09-08,,,,0.0,⚠️ ELENDİ (KULUÇKA ŞARTINA UYMUYOR),0.0,,,,,,,,,,,,,,,,,,,30.12,,,,,,,21.1,,28.92,,,70.75,6712911840.0,-33.45008756567426,26.2,,70.75,95.0,86.2,6.7,100.0,55.0,19.1
KLYPV,61.2,61.85,61.85,60.55,1334135.0,-0.8103727714748784,81649062.0,37.156213951794065,1.3845893844074872,4.51466486064799,,,,,,,,0.5422066594041085,,20.0,2026-09-08,,,,0.0,⚠️ ELENDİ (KULUÇKA ŞARTINA UYMUYOR),0.0,,,,,,,,,,,,,,,,,,,52.6,,,,,,,8.0,,50.5,,,74.9,25385912484.0,-5.116279069767438,16.3,,74.9,153.0,22.4,25.4,90.0,30.0,19.0
BVSAN,121.7,115.9,121.7,115.1,735263.0,9.936766034327011,89481507.10000001,10.0,1.776533668962439,-0.200203151364658,,,,,,,,1.2015944930112643,,48.0,2026-09-08,,,,0.0,⚠️ ELENDİ (KULUÇKA ŞARTINA UYMUYOR),0.0,,,,,,,,,,,,,,,,,,,96.1,,,,,,,79.2,,92.26,,,165.5,4162319716.0,13.420316868592735,26.6,,165.5,304.25,36.0,4.2,90.0,55.0,91.7
TURGG,31.62,31.22,32.84,30.0,2620486.0,1.2812299807815573,82859767.32000001,13.991769547325104,1.515007776273311,11.1212233891846,,,,,,,,1.5782440737838,,23.94,2026-09-08,,,,0.0,⚠️ ELENDİ (KULUÇKA ŞARTINA UYMUYOR),0.0,,,,,,,,,,,,,,,,,,,25.54,,,,,,,18.0,,24.52,,,46.64,4001545857.0,-12.166666666666664,23.8,,46.64,79.05,47.5,4.0,90.0,45.0,61.6
HDFGS,2.39,2.42,2.42,2.33,34849171.0,-0.8298755186721999,83289518.69,4.425925925925926,0.6248186326667731,17.3728281583495,,,,,,,,0.7637590376321326,,29.33,2026-09-08,,,,0.0,⚠️ ELENDİ (KULUÇKA ŞARTINA UYMUYOR),0.0,,,,,,,,,,,,,,,,,,,2.21,,,,,,,31.7,,2.12,,,6.34,2723300097.0,-14.028776978417257,8.1,,6.34,5.98,165.3,2.7,100.0,55.0,26.7
VBTYZ,38.14,37.58,39.32,37.44,2193519.0,1.9241047568145344,83660814.66,24.960732984293195,3.828410135750967,16.8468461642866,,,,,,,,0.8514925601700342,,12.85,2026-09-08,,,,0.0,⚠️ ELENDİ (KULUÇKA ŞARTINA UYMUYOR),0.0,,,,,,,,,,,,,,,,,,,15.02,,,,,,,5.1,,14.42,,,40.0,4378139786.0,89.94023904382472,153.9,,40.0,95.35,4.9,4.4,20.0,30.0,39.4
TUKAS,2.04,2.04,2.05,2.01,41068774.0,0.4926108374384351,83780298.96000001,10.0,0.4573529576612225,-7.59984024912718,,,,,,,,0.6419943112697495,,34.0,2026-09-08,,,,0.0,⚠️ ELENDİ (KULUÇKA ŞARTINA UYMUYOR),0.0,,,,,,,,,,,,,,,,,,,1.91,,,,,,,43.6,,1.83,,,4.3,9134999871.0,-40.17595307917888,6.8,,4.3,5.1,110.8,9.1,100.0,55.0,24.9
PKART,121.9,129.0,129.0,120.9,690587.0,-4.166666666666664,84182555.3,26.9523304147873,4.585613287218892,20.3092728423121,,,,,,,,1.209980406218358,,1.09,2026-09-08,,,,0.0,⚠️ ELENDİ (KULUÇKA ŞARTINA UYMUYOR),0.0,,,,,,,,,,,,,,,,,,,67.0,,,,,,,5.0,,64.32,,,185.0,2893799931.0,56.68380462724937,81.9,,185.0,304.75,51.8,2.9,20.0,45.0,42.3
TGSAS,221.5,233.5,233.5,220.0,380590.0,-5.179794520547943,84300685.0,42.23230628431971,8.132337920485929,23.6742166990196,,,,,,,,0.3044235114231005,,1.78,2026-09-08,,,,0.0,NÖTR,0.0,,,,,,,,,,,,,,,,,,,153.9,,,,,,,5.0,,147.74,,,280.75,3410560178.0,-9.591836734693878,43.9,,280.75,553.75,26.7,3.4,20.0,60.0,10.7
SVGYO,15.08,15.11,15.5,15.07,5598579.0,0.2659574468085168,84426571.32000001,10.0,3.622057078623618,15.0,,,,,,,,0.1776461276244953,,6.7,2026-09-08,,,,0.0,⚠️ ELENDİ (KULUÇKA ŞARTINA UYMUYOR),0.0,,,,,,,,,,,,,,,,,,,4.0,,,,,,,5.0,,3.84,,,24.58,16288320000.0,277.0,277.0,,24.58,37.7,63.0,16.3,20.0,55.0,10.0
MARMR,2.22,2.18,2.22,2.16,38109056.0,1.3698630136986416,84602104.32000001,10.0,1.547685443390965,15.0,,,,,,,,0.8342065812973243,,48.0,2026-09-08,,,,0.0,⚠️ ELENDİ (KULUÇKA ŞARTINA UYMUYOR),0.0,,,,,,,,,,,,,,,,,,,1.46,,,,,,,79.2,,1.4,,,8.12,6605644659.0,48.00000000000001,52.1,,8.12,5.55,265.8,6.6,20.0,55.0,36.0
ONRYT,60.75,59.5,62.0,59.1,1409190.0,2.79187817258883,85608292.5,10.0,1.3542523523864936,-6.07039585347811,,,,,,,,1.3568610262879728,,23.86,2026-09-08,,,,0.0,⚠️ ELENDİ (KULUÇKA ŞARTINA UYMUYOR),0.0,,,,,,,,,,,,,,,,,,,54.8,,,,,,,17.8,,52.61,,,97.9,3713253012.0,-26.93926638604931,10.9,,97.9,151.88,61.2,3.7,100.0,55.0,61.4
ISGYO,24.7,23.7,25.2,23.4,3500362.0,4.4839255499153925,86458941.39999999,10.0,0.4069427396966876,-4.2305046125548,,,,,,,,2.2824923360203746,,32.44,2026-09-08,,,,0.0,⚠️ ELENDİ (KULUÇKA ŞARTINA UYMUYOR),0.0,,,,,,,,,,,,,,,,,,,17.81,,,,,,,39.6,,17.1,,,29.22,22664849415.0,26.86183872624551,38.7,,29.22,61.75,18.3,22.7,20.0,55.0,100.0
BAGFS,28.36,26.8,29.26,26.66,3068909.0,5.6631892697466455,87034259.24,17.155646966305728,0.4281930389642077,2.86937777922262,,,,,,,,3.9133410888387847,,28.62,2026-09-08,,,,0.0,⚠️ ELENDİ (KULUÇKA ŞARTINA UYMUYOR),0.0,,,,,,,,,,,,,,,,,,,22.92,,,,,,,29.9,,22.0,,,41.78,3623400021.0,-23.392760669908164,23.7,,41.78,70.9,47.3,3.6,90.0,45.0,100.0
INGRM,379.75,412.75,412.75,375.0,232191.0,-7.037943696450428,88174532.25,10607.541899441341,4.279030418469456,0.0429484684384019,,,,,,,,2.963453156608361,,0.95,2026-09-08,,,,0.0,⚠️ ELENDİ (KULUÇKA ŞARTINA UYMUYOR),0.0,,,,,,,,,,,,,,,,,,,354.75,,,,,,,5.0,,340.56,,,621.0,9804000000.0,-21.295336787564768,7.0,,621.0,949.38,63.5,9.8,100.0,30.0,100.0
IMASM,2.44,2.23,2.44,2.23,33490317.0,9.909909909909898,81716373.48,10.0,0.648520496171337,-19.5655792142484,,,,,,,,2.365690032085983,,48.0,2026-09-08,,,,0.0,⚠️ ELENDİ (KULUÇKA ŞARTINA UYMUYOR),0.0,,,,,,,,,,,,,,,,,,,2.17,,,,,,,79.2,,2.08,,,6.35,2053500026.0000002,-37.595907928388755,12.4,,6.35,6.1,160.2,2.1,100.0,55.0,100.0
DMLKT,7.08,7.01,7.14,7.01,4098868.0,0.9985734664764663,29019985.44,10.0,2.0,15.0,,,,,,,,0.5337003775475606,,22.15,2026-09-08,,,,0.0,🏢 MEGA DEV (3X POTANSİYELİ DÜŞÜK),0.0,,,,,,,,,,,,,,,,,,,5.6,,,,,,,13.5,,5.38,,,7.28,73075959060.0,11.496062992125992,26.4,,7.28,17.7,2.8,73.1,90.0,55.0,23.7
USHOL,74.2,73.7,77.85,71.5,392550.0,-2.175346077785091,29127210.0,34.72157229761348,7.549181595461539,27.8560193849719,,,,,,,,0.6943621437756815,,15.81,2026-09-08,,,,0.0,⚠️ ELENDİ (KULUÇKA ŞARTINA UYMUYOR),0.0,,,,,,,,,,,,,,,,,,,21.8,,,,,,,6.3,,20.93,,,95.25,1592091451.0,55.29510255336961,240.4,,95.25,185.5,28.4,1.6,20.0,60.0,24.3
SELVA,1.59,1.55,1.6,1.54,18456738.0,2.5806451612903247,29346213.42,10.0,0.6434251259535034,-35.5267186329616,,,,,,,,0.7415135587701012,,38.67,2026-09-08,,,,0.0,⚠️ ELENDİ (KULUÇKA ŞARTINA UYMUYOR),0.0,,,,,,,,,,,,,,,,,,,1.33156553,,,,,,,55.5,,1.28,,,4.2,1632149950.0,2.5453113549106927,19.4,,4.2,3.98,164.2,1.6,100.0,55.0,38.9
DOGUB,65.0,67.0,68.2,63.65,451492.0,-5.247813411078709,29346980.0,10.0,42.05677016945643,-49.3643692784912,,,,,,,,0.9921847856590169,,8.62,2026-09-08,,,,0.0,⚠️ ELENDİ (KULUÇKA ŞARTINA UYMUYOR),0.0,,,,,,,,,,,,,,,,,,,20.18,,,,,,,5.0,,19.37,,,146.5,2675399940.0,196.53284671532845,222.1,,146.5,162.5,125.4,2.7,20.0,55.0,34.7
METRO,8.57,8.65,8.68,8.48,3479569.0,-0.464576074332162,29819906.330000002,51.194743130227,0.917893023156181,1.93709576793657,,,,,,,,0.4479036010593827,,17.2,2026-09-08,,,,0.0,⚠️ ELENDİ (KULUÇKA ŞARTINA UYMUYOR),0.0,,,,,,,,,,,,,,,,,,,3.77,,,,,,,6.9,,3.62,,,9.65,4618434506.0,105.02392344497609,127.3,,9.65,21.43,12.6,4.6,20.0,30.0,15.7
FADE,16.0,16.07,16.26,15.87,2102890.0,-0.062460961898823,33646240.0,22.821280844387392,0.6164653265224189,3.11405708562227,,,,,,,,0.7585009390682315,,10.67,2026-09-08,,,,0.0,⚠️ ELENDİ (KULUÇKA ŞARTINA UYMUYOR),0.0,,,,,,,,,,,,,,,,,,,12.83,,,,,,,5.0,,12.32,,,19.75,1343158915.0,12.834978843441469,24.7,,19.75,40.0,23.4,1.3,90.0,30.0,26.5
FONET,4.75,4.72,4.79,4.7,7252520.0,0.0,34449470.0,15.432098765432098,2.127850199345966,16.7826203184081,,,,,,,,0.4225543822931498,,23.11,2026-09-08,,,,0.0,⚠️ ELENDİ (KULUÇKA ŞARTINA UYMUYOR),0.0,,,,,,,,,,,,,,,,,,,2.35999779,,,,,,,15.9,,2.27,,,6.39,4446000000.0,85.10209130486044,101.3,,6.39,11.88,34.5,4.4,20.0,45.0,14.8
ULUFA,1.69,1.67,1.69,1.64,20475633.0,1.8072289156626522,34603819.769999996,2.4596128656672973,0.8423717999840498,37.7536816592167,,,,,,,,1.4782888212851077,,48.0,2026-09-08,,,,0.0,⚠️ ELENDİ (KULUÇKA ŞARTINA UYMUYOR),0.0,,,,,,,,,,,,,,,,,,,1.61,,,,,,,79.2,,1.55,,,2.585,1792800093.0,-20.65727699530516,5.0,,2.58,4.22,52.7,1.8,90.0,100.0,60.8
HURGZ,7.33,7.45,7.47,7.23,4793964.0,-1.4784946236559182,35139756.12,10.0,2.32194955065683,-64.4524627433031,,,,,,,,0.7167038658301151,,15.33,2026-09-08,,,,0.0,⚠️ ELENDİ (KULUÇKA ŞARTINA UYMUYOR),0.0,,,,,,,,,,,,,,,,,,,4.94,,,,,,,6.1,,4.74,,,9.98,4404480034.0,-11.473429951690813,48.4,,9.98,18.32,36.2,4.4,20.0,55.0,25.1
MARKA,82.55,83.2,85.0,80.6,431050.0,-0.7812500000000068,35583177.5,38.62891904539073,8.398718877430593,27.8560193849719,,,,,,,,0.8719006868607266,,16.82,2026-09-08,,,,0.0,⚠️ ELENDİ (KULUÇKA ŞARTINA UYMUYOR),0.0,,,,,,,,,,,,,,,,,,,21.8,,,,,,,6.7,,20.93,,,95.25,1592091451.0,64.11530815109344,278.7,,95.25,206.38,15.4,1.6,20.0,60.0,30.5
DUNYH,120.1,118.7,123.4,117.7,459671.0,0.16680567139281788,55206487.099999994,6.911593752517754,2.55721638585904,46.43083034837,,,,,,,,0.3327854129872687,,15.58,2026-09-08,,,,0.0,⚠️ ELENDİ (KULUÇKA ŞARTINA UYMUYOR),0.0,,,,,,,,,,,,,,,,,,,73.0,,,,,,,6.2,,70.08,,,179.0,4404202803.0,24.134366925064594,64.5,,179.0,300.25,49.0,4.4,20.0,100.0,12.5
TEZOL,9.15,8.86,9.24,8.86,3976788.0,3.273137697516941,36387610.2,10.0,0.6743963047504771,-0.624754585683022,,,,,,,,0.8722809135551399,,34.74,2026-09-08,,,,0.0,⚠️ ELENDİ (KULUÇKA ŞARTINA UYMUYOR),0.0,,,,,,,,,,,,,,,,,,,8.48,,,,,,,45.5,,8.14,,,20.26,4429760537.0,-39.64379947229551,7.9,,20.26,22.88,121.4,4.4,100.0,55.0,46.9
KOPOL,5.22,5.11,5.26,5.07,7008837.0,2.1526418786692645,36586129.14,24.976076555023923,1.2395869943102482,5.61150713604039,,,,,,,,0.704824415597068,,36.21,2026-09-08,,,,0.0,⚠️ ELENDİ (KULUÇKA ŞARTINA UYMUYOR),0.0,,,,,,,,,,,,,,,,,,,4.87,,,,,,,49.2,,4.68,,,8.42,6627465574.0,-19.568567026194152,7.2,,8.42,13.05,61.3,6.6,100.0,30.0,35.4
EMKEL,13.17,12.95,13.27,12.9,2813692.0,1.3856812933025382,37056323.64,10.0,2.015077122218941,-24.6060664872292,,,,,,,,0.7502212781778365,,32.86,2026-09-08,,,,0.0,⚠️ ELENDİ (KULUÇKA ŞARTINA UYMUYOR),0.0,,,,,,,,,,,,,,,,,,,12.65,,,,,,,40.7,,12.14,,,131.6,1948499966.0,-87.96160877513711,4.1,,131.6,32.92,899.2,1.9,100.0,55.0,33.2
ADGYO,59.1,59.0,60.0,58.9,634521.0,-0.9220452640402299,37500191.1,10.0,1.8235900347438643,-7.92891115612511,,,,,,,,0.6212432913819518,,2.18,2026-09-08,,,,0.0,⚠️ ELENDİ (KULUÇKA ŞARTINA UYMUYOR),0.0,,,,,,,,,,,,,,,,,,,43.5,,,,,,,5.0,,41.76,,,72.5,32560217651.0,14.980544747081717,35.9,,72.5,147.75,22.7,32.6,20.0,55.0,21.7
ALFAS,40.22,39.68,40.3,39.54,935180.0,1.3608870967741915,37612939.6,48.190750059908936,2.235795858830226,5.25384849399821,,,,,,,,0.5904209724640886,,42.11,2026-09-08,,,,0.0,⚠️ ELENDİ (KULUÇKA ŞARTINA UYMUYOR),0.0,,,,,,,,,,,,,,,,,,,35.8,,,,,,,64.2,,34.37,,,66.6,14602240112.0,-11.135660627485636,12.3,,66.6,100.55,65.6,14.6,100.0,30.0,27.5
BIGCH,5.78,5.45,5.79,5.42,6528861.0,7.0370370370370345,37736816.58,122.97872340425532,2.134763403211748,1.8237826129238,,,,,,,,0.8927596566544733,,46.49,2026-09-08,,,,0.0,⚠️ ELENDİ (KULUÇKA ŞARTINA UYMUYOR),0.0,,,,,,,,,,,,,,,,,,,5.12,,,,,,,75.4,,4.92,,,15.0,2889000051.0,-42.941757156959525,12.9,,15.0,14.45,159.5,2.9,100.0,30.0,66.4
SKTAS,3.33,3.35,3.38,3.26,11335985.0,-0.29940119760478406,37748830.050000004,10.0,0.6280992359069055,-4.33754404839619,,,,,,,,0.5962473083101274,,24.67,2026-09-08,,,,0.0,⚠️ ELENDİ (KULUÇKA ŞARTINA UYMUYOR),0.0,,,,,,,,,,,,,,,,,,,2.79,,,,,,,19.9,,2.68,,,6.08,1669999957.0,-9.756097560975606,19.4,,6.08,8.32,82.6,1.7,100.0,55.0,20.9
EBEBK,81.7,80.65,83.1,80.0,465902.0,1.3019218846869152,38064193.4,26.01413742596956,2.2768708381615816,10.0914293793808,,,,,,,,0.8091270669643121,,22.71,2026-09-08,,,,0.0,⚠️ ELENDİ (KULUÇKA ŞARTINA UYMUYOR),0.0,,,,,,,,,,,,,,,,,,,49.98,,,,,,,14.9,,47.98,,,92.15,12904000244.0,50.183823529411775,63.5,,92.15,204.25,12.8,12.9,20.0,30.0,34.8
PCILT,31.36,31.7,31.88,31.1,1215521.0,-0.3178639542275951,38118738.56,7.203399563569541,1.4162853851180741,23.5201744486488,,,,,,,,0.6728047764051807,,10.67,2026-09-08,,,,0.0,⚠️ ELENDİ (KULUÇKA ŞARTINA UYMUYOR),0.0,,,,,,,,,,,,,,,,,,,18.59,,,,,,,5.0,,17.85,,,40.18,3572395082.0,9.880868955851437,68.7,,40.18,78.4,28.1,3.6,20.0,85.0,23.5
BRKVY,84.0,85.5,85.75,82.0,461697.0,-2.3255813953488373,38782548.0,14.439936739324763,3.2113222045726935,24.9595404187976,,,,,,,,0.5216934117727883,,21.87,2026-09-08,,,,0.0,NÖTR,0.0,,,,,,,,,,,,,,,,,,,69.45,,,,,,,12.7,,66.67,,,139.0,4816000000.0,4.024767801857585,21.0,,139.0,210.0,65.5,4.8,100.0,75.0,18.3
YUNSA,7.68,7.5,7.7,7.47,5055981.0,2.3999999999999964,38829934.08,9.217474795967354,0.7113495449400633,8.6156697298287,,,,,,,,0.9911567937133368,,43.13,2026-09-08,,,,0.0,⚠️ ELENDİ (KULUÇKA ŞARTINA UYMUYOR),0.0,,,,,,,,,,,,,,,,,,,6.91,,,,,,,66.8,,6.63,,,11.2,3600000000.0,-6.682867557715682,11.1,,11.2,19.2,45.8,3.6,90.0,55.0,46.7
VKGYO,1.92,1.91,1.92,1.9,18614092.0,1.0526315789473695,35739056.64,17.127564674397856,0.29234289995021034,1.94688327240504,,,,,,,,0.7636518263588391,,48.0,2026-09-08,,,,0.0,⚠️ ELENDİ (KULUÇKA ŞARTINA UYMUYOR),0.0,,,,,,,,,,,,,,,,,,,1.725,,,,,,,79.2,,1.66,,,2.52477273,8359999895.000001,-5.819398287297305,11.3,,2.52,4.8,31.3,8.4,90.0,45.0,32.0
TRALT,52.55,51.4,52.85,50.85,91926052.0,2.436647173489279,4830714032.599999,33.55897566894437,3.0919967591402187,11.2503473841185,,,,,,,,0.9075888493447851,,39.6,2026-09-08,,,,0.0,🏢 MEGA DEV (3X POTANSİYELİ DÜŞÜK),0.0,,,,,,,,,,,,,,,,,,,21.66,,,,,,,57.8,,20.79,,,64.0,164288247557.0,119.50710108604842,142.6,,64.0,131.38,21.8,164.3,20.0,30.0,43.9
ASTOR,299.75,302.25,303.75,296.0,17279146.0,-0.41528239202657813,5179424013.5,29.40570554073144,6.830509258615728,29.0855151100452,,,,,,,,0.4526557792768579,,19.1,2026-09-08,,,,0.0,🏢 MEGA DEV (3X POTANSİYELİ DÜŞÜK),0.0,,,,,,,,,,,,,,,,,,,88.2,,,,,,,7.6,,84.67,,,385.75,300398000000.0,172.5,239.9,,385.75,749.38,28.7,300.4,20.0,60.0,15.8
PETKM,24.26,22.92,24.26,22.64,228267853.0,9.972801450589316,5537778113.780001,10.0,0.8172114293721823,-3.27338734505416,,,,,,,,3.3188479217464395,,48.0,2026-09-08,,,,0.0,🏢 MEGA DEV (3X POTANSİYELİ DÜŞÜK),0.0,,,,,,,,,,,,,,,,,,,16.12,,,,,,,79.2,,15.48,,,28.06,55908860492.0,35.1532033426184,50.5,,28.06,60.65,15.7,55.9,20.0,55.0,100.0
EREGL,39.68,38.74,39.74,38.02,140071647.0,3.5490605427974935,5558042952.96,34.58554867950841,0.8370520410948674,2.6359373238076,,,,,,,,0.9373757562595035,,46.05,2026-09-08,,,,0.0,🏢 MEGA DEV (3X POTANSİYELİ DÜŞÜK),0.0,,,,,,,,,,,,,,,,,,,23.46,,,,,,,74.2,,22.52,,,45.1,264107687350.00003,48.391922213911755,69.1,,45.1,99.2,13.7,264.1,20.0,30.0,50.6
GARAN,135.6,133.6,135.7,131.8,44280978.0,1.5730337078651642,6004500616.8,4.733430375637494,1.1702650158335304,27.6614090398923,,,,,,,,1.2483391226083944,,46.56,2026-09-08,,,,0.0,🏢 MEGA DEV (3X POTANSİYELİ DÜŞÜK),0.0,,,,,,,,,,,,,,,,,,,115.4,,,,,,,75.5,,110.78,,,169.7,560700000000.0,-0.7320644216691069,17.5,,169.7,339.0,25.1,560.7,90.0,85.0,51.6
KCHOL,223.9,220.0,224.0,217.6,30708827.0,1.9116977696859432,6875706365.3,15.957408898803372,0.7160741635356678,5.12588457140304,,,,,,,,0.9774487094117422,,47.12,2026-09-08,,,,0.0,🏢 MEGA DEV (3X POTANSİYELİ DÜŞÜK),0.0,,,,,,,,,,,,,,,,,,,146.0,,,,,,,77.0,,140.16,,,229.1,557136795184.0,36.02673147023087,53.4,,229.1,559.75,2.3,557.1,20.0,45.0,43.8
HALKB,50.5,50.0,53.75,49.48,137659625.0,1.161858974358971,6951811062.5,11.267542783194626,1.5460696613066525,15.2318624552132,,,,,,,,2.2557471673557212,,5.38,2026-09-08,,,,0.0,🏢 MEGA DEV (3X POTANSİYELİ DÜŞÜK),0.0,,,,,,,,,,,,,,,,,,,23.38,,,,,,,5.0,,22.44,,,54.35,358664096219.0,105.95432300163132,116.0,,54.35,126.25,7.6,358.7,20.0,55.0,84.8
SISE,44.76,41.9,45.0,41.74,180391020.0,7.441190590494482,8074302055.2,11.244818490139428,0.4959561182990522,4.44658990245265,,,,,,,,3.360257501229033,,43.88,2026-09-08,,,,0.0,🏢 MEGA DEV (3X POTANSİYELİ DÜŞÜK),0.0,,,,,,,,,,,,,,,,,,,32.44,,,,,,,68.7,,31.14,,,54.1,123374655451.0,20.58189655172414,38.0,,54.1,111.9,20.9,123.4,20.0,55.0,100.0
ASELS,386.75,392.0,392.0,384.0,22792477.0,-1.4649681528662422,8814990479.75,47.51695498329074,5.7493511818168574,15.6028079230998,,,,,,,,0.7488412718922269,,11.25,2026-09-08,,,,0.0,🏢 MEGA DEV (3X POTANSİYELİ DÜŞÜK),0.0,,,,,,,,,,,,,,,,,,,171.1,,,,,,,5.0,,164.26,,,450.0,1789800000000.0,122.52589182968929,126.0,,450.0,966.88,16.4,1789.8,20.0,30.0,26.2
THYAO,303.25,296.5,303.25,295.75,39083619.0,2.1903959561920807,11852107461.75,3.7183678173885966,0.4086020149273601,12.6578146267628,,,,,,,,0.7498164232593001,,48.0,2026-09-08,,,,0.0,🏢 MEGA DEV (3X POTANSİYELİ DÜŞÜK),0.0,,,,,,,,,,,,,,,,,,,262.75,,,,,,,79.2,,252.24,,,355.5,409515000000.0,-3.192338387869114,15.4,,355.5,758.12,17.2,409.5,90.0,55.0,37.2
YKBNK,37.48,36.36,37.5,36.02,338531245.0,3.3645890788747903,12688151062.599998,5.7196923452569886,1.1050733718005796,21.7839579820642,,,,,,,,1.4426691530083644,,47.24,2026-09-08,,,,0.0,🏢 MEGA DEV (3X POTANSİYELİ DÜŞÜK),0.0,,,,,,,,,,,,,,,,,,,27.14,,,,,,,77.3,,26.05,,,44.5,306290047150.0,26.621621621621603,38.1,,44.5,93.7,18.7,306.3,20.0,70.0,67.3
MHRGY,2.25,2.27,2.4,2.2,12887870.0,-31.818181818181813,28997707.5,7.073247406475951,0.2878839252013588,4.717144809939,,,,,,,,4.428879596594003,,6.0,2026-09-08,,,,0.0,⚠️ ELENDİ (KULUÇKA ŞARTINA UYMUYOR),0.0,,,,,,,,,,,,,,,,,,,2.2,,,,,,,5.0,,2.11,,,5.21,2663239806.0,-49.55151679597943,2.3,,5.21,5.62,131.6,2.7,65.0,55.0,100.0
AKBNK,74.6,73.4,74.9,72.2,288054527.0,2.121834360027375,21488867714.199997,5.811915205247863,1.1945150941233058,22.870526655457,,,,,,,,1.8393476297074134,,41.78,2026-09-08,,,,0.0,🏢 MEGA DEV (3X POTANSİYELİ DÜŞÜK),0.0,,,,,,,,,,,,,,,,,,,53.05,,,,,,,63.4,,50.93,,,93.5,379860015869.0,21.597392013039922,40.6,,93.5,186.5,25.3,379.9,20.0,85.0,75.0
SASA,2.76,2.6,2.76,2.58,8056768486.0,9.9601593625498,22236681021.359997,10.0,0.673795224842537,-7.49333452261489,,,,,,,,3.8413986567382894,,48.0,2026-09-08,,,,0.0,🏢 MEGA DEV (3X POTANSİYELİ DÜŞÜK),0.0,,,,,,,,,,,,,,,,,,,2.13,,,,,,,79.2,,2.04,,,4.32,131742212624.0,-36.697247706422026,29.6,,4.32,6.9,56.5,131.7,65.0,55.0,100.0
ISCTR,14.35,13.05,14.35,13.01,1802775211.0,9.961685823754781,25869824277.85,5.281754941293386,0.7901199220341596,16.6794653165665,,,,,,,,2.697201195913085,,48.0,2026-09-08,,,,0.0,🏢 MEGA DEV (3X POTANSİYELİ DÜŞÜK),0.0,,,,,,,,,,,,,,,,,,,11.11,,,,,,,79.2,,10.67,,,18.21,355344138973.0,7.16952949962658,29.2,,18.21,35.88,26.9,355.3,65.0,55.0,100.0
KLKIM,26.66,26.48,26.76,26.34,1053256.0,0.6797583081570986,28079804.96,16.77045983518903,1.6553711079996152,11.4592515562644,,,,,,,,0.7186342417832754,,34.67,2026-09-08,,,,0.0,⚠️ ELENDİ (KULUÇKA ŞARTINA UYMUYOR),0.0,,,,,,,,,,,,,,,,,,,24.8,,,,,,,45.3,,23.81,,,44.2,12180799789.0,-25.944444444444443,7.5,,44.2,66.65,65.8,12.2,100.0,45.0,28.6
YATAS,30.96,30.4,30.98,29.36,918750.0,1.9762845849802417,28444500.0,5.668979913207479,0.33854461681254555,6.959308593612,,,,,,,,1.1818179479395754,,47.31,2026-09-08,,,,0.0,⚠️ ELENDİ (KULUÇKA ŞARTINA UYMUYOR),0.0,,,,,,,,,,,,,,,,,,,29.36,,,,,,,77.4,,28.19,,,49.0,4365884458.0,-4.029758214507121,5.4,,49.0,77.4,58.3,4.4,90.0,55.0,51.2
SUWEN,6.77,6.72,6.8,6.52,4202420.0,0.7440476190476164,28450383.4,10.0,2.2182902454208855,-8.70167376125255,,,,,,,,0.34065479337209414,,42.0,2026-09-08,,,,0.0,⚠️ ELENDİ (KULUÇKA ŞARTINA UYMUYOR),0.0,,,,,,,,,,,,,,,,,,,5.86,,,,,,,63.9,,5.63,,,12.54,3763200150.0,-32.43512974051897,15.5,,12.54,16.92,85.2,3.8,100.0,55.0,15.6
KLGYO,4.74,4.74,4.8,4.67,6062930.0,0.42372881355933184,28738288.200000003,10.0,0.24346109219522294,-3.71532210253048,,,,,,,,0.6116119320964313,,22.15,2026-09-08,,,,0.0,⚠️ ELENDİ (KULUÇKA ŞARTINA UYMUYOR),0.0,,,,,,,,,,,,,,,,,,,4.21,,,,,,,13.5,,4.04,,,8.3,6584400373.0,-25.35433070866141,12.6,,8.3,11.85,75.1,6.6,100.0,55.0,23.5
PNLSN,41.24,40.58,41.56,40.2,699330.0,2.740408570004986,28840369.200000003,11.626726811389908,0.8771105206046533,8.83171738813191,,,,,,,,0.724144401018584,,34.82,2026-09-08,,,,0.0,⚠️ ELENDİ (KULUÇKA ŞARTINA UYMUYOR),0.0,,,,,,,,,,,,,,,,,,,36.68,,,,,,,45.7,,35.21,,,56.65,3010499954.0,-0.3383276945384257,12.4,,56.65,103.1,37.4,3.0,90.0,55.0,39.0
AGESA,257.0,253.0,258.5,253.0,112236.0,1.1811023622047243,28844652.0,6.637585261978001,3.60233324666241,70.4502550027856,,,,,,,,0.4565800270036193,,32.73,2026-09-08,,,,0.0,🏢 MEGA DEV (3X POTANSİYELİ DÜŞÜK),0.0,,,,,,,,,,,,,,,,,,,153.1,,,,,,,40.4,,146.98,,,266.75,45720000000.0,63.798597833014654,67.9,,266.75,642.5,3.8,45.7,20.0,100.0,21.9
GOODY,2.74,2.74,2.76,2.7,10563132.0,1.1070110701107103,28942981.680000003,10.0,2.563263015108284,-117.770509794428,,,,,,,,0.8960928321231396,,29.33,2026-09-08,,,,0.0,⚠️ ELENDİ (KULUÇKA ŞARTINA UYMUYOR),0.0,,,,,,,,,,,,,,,,,,,2.39979467,,,,,,,31.7,,2.3,,,4.2169597,4119200058.0000005,-16.710386874082232,14.2,,4.22,6.85,54.0,4.1,90.0,55.0,36.9
SANFM,9.49,9.43,9.77,9.37,3054427.0,0.52966101694916,28986512.23,197.29729729729732,5.1156271899089,2.93188510766028,,,,,,,,0.49465564795754235,,8.8,2026-09-08,,,,0.0,⚠️ ELENDİ (KULUÇKA ŞARTINA UYMUYOR),0.0,,,,,,,,,,,,,,,,,,,6.21,,,,,,,5.0,,5.96,,,11.6,3539999843.0,36.664746543778804,52.8,,11.6,23.73,22.2,3.5,20.0,30.0,20.0
TUPRS,392.5,399.0,405.5,385.5,36740766.0,-0.4438807863031071,14420750655.0,10.889438215963223,1.6579750055093347,18.2096828624145,,,,,,,,1.2174945386782547,,11.6,2026-09-08,,,,0.0,🏢 MEGA DEV (3X POTANSİYELİ DÜŞÜK),0.0,,,,,,,,,,,,,,,,,,,166.0,,,,,,,5.0,,159.36,,,417.25,759639186707.0,136.7310012062726,136.4,,417.25,981.25,6.3,759.6,20.0,70.0,42.6
DGATE,88.65,94.1,104.1,87.0,532222.0,-6.3391442155309035,47181480.300000004,23.64882889612122,6.057226958452138,33.3219959672716,,,,,,,,1.6316613838626715,,2.6,2026-09-08,,,,0.0,⚠️ ELENDİ (KULUÇKA ŞARTINA UYMUYOR),0.0,,,,,,,,,,,,,,,,,,,58.3,,,,,,,5.0,,55.97,,,135.2,2824541645.0,15.429687500000012,52.1,,135.2,221.62,52.5,2.8,20.0,60.0,57.1
KTSKR,78.85,77.55,81.75,77.55,600034.0,2.402597402597395,47312680.9,10.0,0.5444959538460784,-2.94756208036631,,,,,,,,1.6169008300429022,,9.33,2026-09-08,,,,0.0,⚠️ ELENDİ (KULUÇKA ŞARTINA UYMUYOR),0.0,,,,,,,,,,,,,,,,,,,62.2,,,,,,,5.0,,59.71,,,151.0,3542000000.0,9.666203059805268,26.8,,151.0,197.12,91.5,3.5,100.0,55.0,68.6
TUREX,6.08,6.08,6.1,6.02,7882789.0,0.16474464579900802,47927357.12,11.430720060161685,0.7327490623704432,7.58457916924205,,,,,,,,0.6654816729183067,,34.0,2026-09-08,,,,0.0,⚠️ ELENDİ (KULUÇKA ŞARTINA UYMUYOR),0.0,,,,,,,,,,,,,,,,,,,5.87,,,,,,,43.6,,5.64,,,9.99,6555600185.0,-30.27522935779817,3.6,,9.99,15.2,64.3,6.6,65.0,55.0,24.1
ALKIM,16.39,15.67,16.5,15.67,2959283.0,4.594767070835997,48502648.370000005,10.0,1.0103183149937034,-10.1001736826501,,,,,,,,2.004063546102911,,40.58,2026-09-08,,,,0.0,⚠️ ELENDİ (KULUÇKA ŞARTINA UYMUYOR),0.0,,,,,,,,,,,,,,,,,,,15.15,,,,,,,60.3,,14.54,,,25.34,4701000023.0,-4.709302325581388,8.2,,25.34,40.98,54.6,4.7,90.0,55.0,93.1
CRDFA,24.86,26.0,26.0,24.74,1954856.0,-4.384615384615387,48597720.16,3.210144366106247,2.824188045936793,115.343180644413,,,,,,,,0.9532017577457496,,2.67,2026-09-08,,,,0.0,⚠️ ELENDİ (KULUÇKA ŞARTINA UYMUYOR),0.0,,,,,,,,,,,,,,,,,,,6.56999343,,,,,,,5.0,,6.31,,,45.88,7800000000.0,276.47690348346583,278.4,,45.88,62.15,84.6,7.8,20.0,100.0,33.4
ULUUN,8.56,8.47,8.6,8.4,5754914.0,1.0625737898465155,49262063.84,15.07573089115886,0.3821165866275265,2.95434967342705,,,,,,,,0.4902754185257549,,36.8,2026-09-08,,,,0.0,⚠️ ELENDİ (KULUÇKA ŞARTINA UYMUYOR),0.0,,,,,,,,,,,,,,,,,,,6.36,,,,,,,50.7,,6.11,,,10.79,6318043780.0,14.133333333333342,34.6,,10.79,21.4,26.1,6.3,65.0,45.0,22.5
GRSEL,295.75,296.0,298.25,294.25,166881.0,-0.08445945945945946,49355055.75,8.983136306753982,2.166594923010608,30.7526568418126,,,,,,,,0.45931123544293767,,13.0,2026-09-08,,,,0.0,NÖTR,0.0,,,,,,,,,,,,,,,,,,,286.75,,,,,,,5.2,,275.28,,,402.0,30192000000.0,-14.150943396226415,3.1,,402.0,739.38,35.9,30.2,65.0,85.0,16.1
EDATA,17.46,17.4,17.58,16.81,2861515.0,-0.28555111364934727,49962051.900000006,10.0,7.429945317985489,-12.9957486909364,,,,,,,,0.9372166093236499,,39.27,2026-09-08,,,,0.0,⚠️ ELENDİ (KULUÇKA ŞARTINA UYMUYOR),0.0,,,,,,,,,,,,,,,,,,,4.6,,,,,,,57.0,,4.42,,,26.18,7027201056.0,231.93916349809888,279.6,,26.18,43.65,49.9,7.0,20.0,55.0,32.8
INDES,11.83,11.8,11.9,11.75,4253292.0,-0.08445945945945767,50316444.36,9.97386392378383,1.0461990165906117,12.5280970462568,,,,,,,,0.6612733085364831,,21.87,2026-09-08,,,,0.0,⚠️ ELENDİ (KULUÇKA ŞARTINA UYMUYOR),0.0,,,,,,,,,,,,,,,,,,,6.96,,,,,,,12.7,,6.68,,,12.85,8879266618.0,49.93662864385299,70.0,,12.85,29.57,8.6,8.9,20.0,55.0,23.1
SMRVA,10.68,10.46,10.69,10.39,4754490.0,2.103250478011461,50777953.199999996,10.0,2.4849981036765407,15.0,,,,,,,,0.5165174019310139,,46.13,2026-09-08,,,,0.0,⚠️ ELENDİ (KULUÇKA ŞARTINA UYMUYOR),0.0,,,,,,,,,,,,,,,,,,,10.245986,,,,,,,74.5,,9.84,,,101.77155,6276000023.0,-74.13955921023957,4.2,,101.77,26.7,852.9,6.3,100.0,55.0,28.6
OZKGY,13.23,13.2,13.49,12.99,3845901.0,0.5319148936170235,50881270.230000004,10.0,0.256130680467393,-2.95694278725649,,,,,,,,1.1711239443397583,,18.88,2026-09-08,,,,0.0,⚠️ ELENDİ (KULUÇKA ŞARTINA UYMUYOR),0.0,,,,,,,,,,,,,,,,,,,11.69,,,,,,,7.6,,11.22,,,16.48,19132204407.0,-0.15094339622641187,13.2,,16.48,33.08,24.6,19.1,90.0,55.0,43.6
PLTUR,21.16,21.12,21.5,20.9,1835122.0,0.18939393939393534,38831181.52,9.566436095664361,0.5089508973025603,6.15333610178703,,,,,,,,0.3559389794730545,,16.27,2026-09-08,,,,0.0,⚠️ ELENDİ (KULUÇKA ŞARTINA UYMUYOR),0.0,,,,,,,,,,,,,,,,,,,19.67,,,,,,,6.5,,18.88,,,29.04,5169120205.0,-20.150943396226417,7.6,,29.04,52.9,37.2,5.2,90.0,55.0,13.4
FZLGY,8.2,8.09,8.31,7.98,6266596.0,1.3597033374536394,51386087.199999996,10.0,2.3268022076245334,-20.3624656920139,,,,,,,,0.3963310721399854,,29.33,2026-09-08,,,,0.0,⚠️ ELENDİ (KULUÇKA ŞARTINA UYMUYOR),0.0,,,,,,,,,,,,,,,,,,,7.75,,,,,,,31.7,,7.44,,,20.2,10112500191.0,-37.87878787878788,5.8,,20.2,20.5,146.3,10.1,100.0,55.0,20.7
TUCLK,3.94,4.0,4.17,3.88,13078189.0,-0.2531645569620311,51528064.66,10.0,0.3540529174319841,-6.63023056518744,,,,,,,,1.172867372660801,,3.59,2026-09-08,,,,0.0,⚠️ ELENDİ (KULUÇKA ŞARTINA UYMUYOR),0.0,,,,,,,,,,,,,,,,,,,3.67,,,,,,,5.0,,3.52,,,6.28,1422000017.0,-38.12158108582409,7.4,,6.28,9.85,59.4,1.4,90.0,55.0,41.1
ELITE,26.38,26.38,26.5,25.98,1969719.0,0.3805175038051669,51961187.22,32.35618790629216,1.2682911819627647,4.63556109360918,,,,,,,,1.0890960076117129,,35.08,2026-09-08,,,,0.0,⚠️ ELENDİ (KULUÇKA ŞARTINA UYMUYOR),0.0,,,,,,,,,,,,,,,,,,,25.62,,,,,,,46.3,,24.6,,,44.7,3405888249.0,-20.15738498789346,3.0,,44.7,65.95,69.4,3.4,65.0,30.0,40.0
BULGS,31.08,31.36,31.44,30.8,1684940.0,-1.2078830260648523,52367935.199999996,55.90933621154884,1.0816928702240023,2.25831577114277,,,,,,,,0.5041913256673375,,16.5,2026-09-08,,,,0.0,⚠️ ELENDİ (KULUÇKA ŞARTINA UYMUYOR),0.0,,,,,,,,,,,,,,,,,,,30.14,,,,,,,6.6,,28.93,,,56.7,8431279755.0,-4.954128440366986,3.1,,56.7,77.7,82.4,8.4,65.0,30.0,17.6
AGROT,1.98,1.95,1.98,1.94,26756880.0,2.061855670103095,52978622.4,10.0,0.5537191469369264,-6.57224839783597,,,,,,,,0.40633391414018216,,48.0,2026-09-08,,,,0.0,⚠️ ELENDİ (KULUÇKA ŞARTINA UYMUYOR),0.0,,,,,,,,,,,,,,,,,,,1.91,,,,,,,79.2,,1.83,,,4.25,4656000137.0,-50.5,3.7,,4.25,4.95,114.6,4.7,65.0,55.0,24.5
OFSYM,67.6,67.1,68.45,66.65,789329.0,0.9708737864077542,53358640.4,29.05652267354395,1.9515490420521286,7.86971394507022,,,,,,,,0.29596457584543845,,21.56,2026-09-08,,,,0.0,⚠️ ELENDİ (KULUÇKA ŞARTINA UYMUYOR),0.0,,,,,,,,,,,,,,,,,,,49.64,,,,,,,12.0,,47.65,,,81.2,9791437054.0,11.092851273623653,36.2,,81.2,169.0,20.1,9.8,20.0,30.0,15.2
POLHO,23.52,23.54,23.56,23.02,2314540.0,1.4667817083692831,54437980.8,10.0,1.2289634069875348,-12.9761774249201,,,,,,,,1.4214038658446415,,43.85,2026-09-08,,,,0.0,⚠️ ELENDİ (KULUÇKA ŞARTINA UYMUYOR),0.0,,,,,,,,,,,,,,,,,,,14.61,,,,,,,68.7,,14.03,,,25.3,17582030231.0,35.25416358607864,61.0,,25.3,58.8,7.6,17.6,20.0,55.0,57.1
VAKFN,1.14,1.14,1.15,1.11,100551307.0,0.0,114628489.97999999,4.011259676284307,0.8430830214912215,22.8808545831209,,,,,,,,2.4952436385762877,,34.0,2026-09-08,,,,0.0,NÖTR,0.0,,,,,,,,,,,,,,,,,,,1.11,,,,,,,43.6,,1.07,,,2.11666612,6839999914.0,-29.701922523539178,2.7,,2.12,2.85,86.0,6.8,65.0,85.0,87.3
ESCOM,5.19,5.18,5.22,5.13,10759078.0,0.1930501930502061,55839614.82000001,2.4627503084369367,0.8583123165336751,47.8896582322058,,,,,,,,0.5866041689954297,,29.33,2026-09-08,,,,0.0,⚠️ ELENDİ (KULUÇKA ŞARTINA UYMUYOR),0.0,,,,,,,,,,,,,,,,,,,2.78,,,,,,,31.7,,2.67,,,6.93,3651082284.0,73.00000000000001,86.7,,6.93,12.98,33.5,3.7,20.0,100.0,21.5
GSDHO,4.79,4.74,4.83,4.69,11717732.0,1.0548523206751017,56127936.28,17.162307416696525,0.29593110180277027,1.9693891361256,,,,,,,,1.1973399765729595,,32.0,2026-09-08,,,,0.0,⚠️ ELENDİ (KULUÇKA ŞARTINA UYMUYOR),0.0,,,,,,,,,,,,,,,,,,,4.0,,,,,,,38.5,,3.84,,,6.92,4526699781.0,0.0,19.7,,6.92,11.97,44.5,4.5,90.0,45.0,47.2
DITAS,19.1,19.95,19.97,18.56,2965496.0,-3.6326942482341007,56640973.6,10.0,2.4220659080908415,-31.7700686225629,,,,,,,,0.9238605190860092,,13.45,2026-09-08,,,,0.0,⚠️ ELENDİ (KULUÇKA ŞARTINA UYMUYOR),0.0,,,,,,,,,,,,,,,,,,,12.1544696,,,,,,,5.4,,11.67,,,57.0,3369399948.0,11.20948524913896,57.1,,57.0,47.75,198.4,3.4,20.0,55.0,32.3
FRIGO,2.42,2.37,2.45,2.34,21108741.0,2.5423728813559343,51083153.22,10.0,1.4102892841324972,-8.67661953247794,,,,,,,,0.35614351816749024,,32.73,2026-09-08,,,,0.0,⚠️ ELENDİ (KULUÇKA ŞARTINA UYMUYOR),0.0,,,,,,,,,,,,,,,,,,,1.47043002,,,,,,,40.4,,1.41,,,3.65505846,2006000113.0,61.54866909330568,64.6,,3.66,6.05,51.2,2.0,20.0,55.0,25.2
JANTS,15.73,15.44,15.84,15.38,2473255.0,1.878238341968918,38904301.15,17.446761313220943,1.2887051912780958,8.73833627510514,,,,,,,,0.6170829626040127,,34.61,2026-09-08,,,,0.0,⚠️ ELENDİ (KULUÇKA ŞARTINA UYMUYOR),0.0,,,,,,,,,,,,,,,,,,,14.42,,,,,,,45.1,,13.84,,,25.56,10807999706.0,-30.08888888888889,9.1,,25.56,39.33,62.5,10.8,100.0,45.0,31.0
AVHOL,34.18,33.38,34.48,33.36,1152827.0,2.458033573141488,39403626.86,10.0,1.0656287646188805,-48.8117555160194,,,,,,,,0.8060085946134605,,33.0,2026-09-08,,,,0.0,⚠️ ELENDİ (KULUÇKA ŞARTINA UYMUYOR),0.0,,,,,,,,,,,,,,,,,,,32.74,,,,,,,41.1,,31.43,,,54.5,1242660023.0,-21.82067703568161,4.4,,54.5,85.45,59.4,1.2,90.0,55.0,40.5
LXGYO,9.36,9.08,9.39,9.04,4228301.0,3.0837004405286272,39576897.36,10.0,1.4829766637144446,15.0,,,,,,,,0.6073240857252474,,43.2,2026-09-08,,,,0.0,⚠️ ELENDİ (KULUÇKA ŞARTINA UYMUYOR),0.0,,,,,,,,,,,,,,,,,,,8.74,,,,,,,67.0,,8.39,,,26.94,2996400000.0,-29.35849056603774,7.1,,26.94,23.4,187.8,3.0,100.0,55.0,36.7
NATEN,5.25,5.16,5.27,5.15,7547964.0,1.351351351351357,39626811.0,10.0,0.4514505751910281,-10.424143136852,,,,,,,,1.1000687211019256,,38.67,2026-09-08,,,,0.0,⚠️ ELENDİ (KULUÇKA ŞARTINA UYMUYOR),0.0,,,,,,,,,,,,,,,,,,,4.96,,,,,,,55.5,,4.76,,,10.15,4273499858.0,-42.93478260869565,5.8,,10.15,13.12,93.3,4.3,100.0,55.0,45.3
GZNMI,51.75,51.7,52.25,51.0,769099.0,0.3879728419010725,39800873.25,10.0,2.531945321723406,-22.5988008738838,,,,,,,,0.4824689040514209,,25.6,2026-09-08,,,,0.0,⚠️ ELENDİ (KULUÇKA ŞARTINA UYMUYOR),0.0,,,,,,,,,,,,,,,,,,,41.56,,,,,,,22.2,,39.9,,,330.25,3350749950.0,-82.70676691729324,24.5,,330.25,129.38,538.2,3.4,100.0,55.0,18.8
ARTMS,41.02,44.4,44.42,41.0,974514.0,-6.560364464692473,39974564.28,28.583373980907254,1.1091417670829329,4.33332473105516,,,,,,,,0.9001867502727541,,7.67,2026-09-08,,,,0.0,⚠️ ELENDİ (KULUÇKA ŞARTINA UYMUYOR),0.0,,,,,,,,,,,,,,,,,,,33.52,,,,,,,5.0,,32.18,,,58.0,3073000107.0,17.066210045662114,22.4,,58.0,102.55,41.4,3.1,90.0,30.0,31.5
AKFGY,2.59,2.54,2.59,2.53,15455808.0,2.371541501976287,40030542.72,6.0840967817711995,0.26028607348910965,4.95852245215479,,,,,,,,0.6347859115205282,,48.0,2026-09-08,,,,0.0,⚠️ ELENDİ (KULUÇKA ŞARTINA UYMUYOR),0.0,,,,,,,,,,,,,,,,,,,2.4,,,,,,,79.2,,2.3,,,3.19,9866999888.0,-2.6315789473684315,7.9,,3.19,6.47,23.2,9.9,90.0,55.0,34.1
GOLTS,301.0,297.0,303.0,296.5,133168.0,1.3468013468013467,40083568.0,8.880130045226709,0.4698331233912898,5.97152969309228,,,,,,,,1.5578302118549887,,30.77,2026-09-08,,,,0.0,⚠️ ELENDİ (KULUÇKA ŞARTINA UYMUYOR),0.0,,,,,,,,,,,,,,,,,,,283.25,,,,,,,35.4,,271.92,,,405.75,5328180159.0,-4.897314375987362,6.3,,405.75,752.5,34.8,5.3,90.0,55.0,61.3
KAYSE,4.1,4.04,4.19,4.02,9781649.0,1.4851485148514756,40104760.9,10.0,0.2770277757507452,-10.6203557848406,,,,,,,,1.0275754762991631,,18.35,2026-09-08,,,,0.0,⚠️ ELENDİ (KULUÇKA ŞARTINA UYMUYOR),0.0,,,,,,,,,,,,,,,,,,,3.71,,,,,,,7.3,,3.56,,,6.39,12049436000.0,-15.014052737304098,10.5,,6.39,10.25,55.9,12.0,90.0,55.0,43.4
POLTK,4100.0,4005.0,4200.0,3997.5,9807.0,2.4359775140537163,40208700.0,10.0,47.008391685843606,-18.8134318861651,,,,,,,,1.9633633633633634,,20.35,2026-09-08,,,,0.0,⚠️ ELENDİ (KULUÇKA ŞARTINA UYMUYOR),0.0,,,,,,,,,,,,,,,,,,,3950.0,,,,,,,8.9,,3792.0,,,13252.5,15009375000.0,-53.43554798409994,3.8,,13252.5,10250.0,223.2,15.0,65.0,55.0,80.9
FRMPL,32.44,32.26,32.62,32.0,1267764.0,0.6203473945409297,41126264.16,10.0,1.3106175780320455,15.0,,,,,,,,0.6203702734081433,,31.74,2026-09-08,,,,0.0,⚠️ ELENDİ (KULUÇKA ŞARTINA UYMUYOR),0.0,,,,,,,,,,,,,,,,,,,27.58,,,,,,,37.9,,26.48,,,55.65,5158400000.0,-2.4654239326518352,17.6,,55.65,81.1,71.5,5.2,100.0,55.0,24.8
NTHOL,43.48,42.9,43.52,42.52,1072294.0,1.3519813519813482,46623343.12,19.88384323409704,0.22154306579630337,1.33838653109446,,,,,,,,0.6788846324617065,,45.76,2026-09-08,,,,0.0,⚠️ ELENDİ (KULUÇKA ŞARTINA UYMUYOR),0.0,,,,,,,,,,,,,,,,,,,35.12,,,,,,,73.5,,33.72,,,54.2,21216432197.0,-12.865731462925856,23.8,,54.2,108.7,24.7,21.2,90.0,45.0,30.5
KUVVA,175.0,186.0,186.0,174.0,238650.0,-3.8461538461538463,41763750.0,10.0,11.338999809504804,-43.9168964559907,,,,,,,,1.5298910517560251,,3.33,2026-09-08,,,,0.0,⚠️ ELENDİ (KULUÇKA ŞARTINA UYMUYOR),0.0,,,,,,,,,,,,,,,,,,,95.2,,,,,,,5.0,,91.39,,,200.0,5649645355.0,45.833333333333336,83.8,,200.0,437.5,14.3,5.6,20.0,55.0,53.5
AVGYO,18.15,18.0,18.8,17.92,2301877.0,3.1249999999999836,41779067.55,9.412435824301198,0.8848845627865818,10.4813675525811,,,,,,,,1.562328071947496,,6.64,2026-09-08,,,,0.0,⚠️ ELENDİ (KULUÇKA ŞARTINA UYMUYOR),0.0,,,,,,,,,,,,,,,,,,,8.93,,,,,,,5.0,,8.57,,,19.89,1964160016.0,46.370967741935466,103.2,,19.89,45.38,9.6,2.0,20.0,55.0,70.3
ALKA,8.32,8.13,8.42,8.06,5062747.0,3.4825870646766317,42122055.04,10.0,2.528160732680428,-5.32488955316521,,,,,,,,2.1142508379332905,,32.44,2026-09-08,,,,0.0,⚠️ ELENDİ (KULUÇKA ŞARTINA UYMUYOR),0.0,,,,,,,,,,,,,,,,,,,7.72,,,,,,,39.6,,7.41,,,17.1,5909399972.0,-9.07103825136612,7.8,,17.1,20.8,105.5,5.9,100.0,55.0,91.4
CONSE,2.29,2.26,2.35,2.25,18694477.0,1.3274336283185952,42810352.33,24.181626187961985,0.8187607037766679,3.63409726308895,,,,,,,,2.206119986994919,,14.4,2026-09-08,,,,0.0,⚠️ ELENDİ (KULUÇKA ŞARTINA UYMUYOR),0.0,,,,,,,,,,,,,,,,,,,2.22,,,,,,,5.8,,2.13,,,3.95,1742459993.0,-33.23615160349854,3.2,,3.95,5.72,72.5,1.7,65.0,30.0,83.9
AKENR,10.41,10.34,10.45,10.29,4127808.0,0.6769825918762117,42970481.28,10.0,0.477449128276959,-26.5432289814888,,,,,,,,0.47203319654674136,,34.0,2026-09-08,,,,0.0,⚠️ ELENDİ (KULUÇKA ŞARTINA UYMUYOR),0.0,,,,,,,,,,,,,,,,,,,9.11,,,,,,,43.6,,8.75,,,15.53,7539556518.0,-1.2333965844402184,14.3,,15.53,26.02,49.2,7.5,90.0,55.0,19.9
PARSN,73.7,70.0,76.0,69.8,587729.0,5.060584461867423,43315627.300000004,10.0,0.41864369780196153,-9.30341350743453,,,,,,,,3.0935026491117954,,27.23,2026-09-08,,,,0.0,⚠️ ELENDİ (KULUÇKA ŞARTINA UYMUYOR),0.0,,,,,,,,,,,,,,,,,,,68.65,,,,,,,26.4,,65.9,,,112.8,6014776049.0,-26.739562624254464,7.4,,112.8,184.25,53.1,6.0,90.0,55.0,100.0
ARSAN,3.89,3.96,3.99,3.85,11167797.0,-1.7676767676767637,43442730.33,16.716802750322305,0.4796287254452286,3.41929168367491,,,,,,,,0.32383993478357587,,8.0,2026-09-08,,,,0.0,⚠️ ELENDİ (KULUÇKA ŞARTINA UYMUYOR),0.0,,,,,,,,,,,,,,,,,,,2.56,,,,,,,5.0,,2.46,,,4.96,6925777581.0,41.45454545454546,52.0,,4.96,9.72,27.5,6.9,20.0,45.0,11.3
TMSN,72.65,71.6,73.55,71.6,615650.0,1.043115438108484,44726972.5,10.0,0.5502750276860674,-31.9562569055101,,,,,,,,1.1063680362519956,,22.15,2026-09-08,,,,0.0,⚠️ ELENDİ (KULUÇKA ŞARTINA UYMUYOR),0.0,,,,,,,,,,,,,,,,,,,69.3,,,,,,,13.5,,66.53,,,124.4,8268500174.999999,-39.35726210350584,4.8,,124.4,181.62,71.2,8.3,100.0,55.0,43.9
REEDR,5.59,5.56,5.61,5.52,8109479.0,0.9025270758122712,45331987.61,10.0,0.619064758160525,-13.0458914571186,,,,,,,,0.7215697918488874,,35.56,2026-09-08,,,,0.0,⚠️ ELENDİ (KULUÇKA ŞARTINA UYMUYOR),0.0,,,,,,,,,,,,,,,,,,,5.34,,,,,,,47.6,,5.13,,,12.42,5262999964.0,-44.98031496062992,4.7,,12.42,13.97,122.2,5.3,100.0,55.0,29.8
ENDAE,17.35,17.26,17.6,17.05,2659850.0,0.8720930232558264,46148397.50000001,10.0,0.5907181327995648,15.0,,,,,,,,0.5648540278603841,,22.55,2026-09-08,,,,0.0,⚠️ ELENDİ (KULUÇKA ŞARTINA UYMUYOR),0.0,,,,,,,,,,,,,,,,,,,12.33,,,,,,,14.5,,11.84,,,23.76,7519791203.0,8.437500000000009,40.7,,23.76,43.38,36.9,7.5,20.0,55.0,24.1
PRKME,18.65,19.14,19.14,18.41,2480912.0,-2.560083594566364,46269008.8,10.0,0.5318325295010212,-12.9422148602144,,,,,,,,0.6043225478109533,,10.41,2026-09-08,,,,0.0,⚠️ ELENDİ (KULUÇKA ŞARTINA UYMUYOR),0.0,,,,,,,,,,,,,,,,,,,15.9,,,,,,,5.0,,15.26,,,29.1,2849319046.0,-11.190476190476197,17.3,,29.1,46.62,56.0,2.8,90.0,55.0,21.2
ENTRA,4.42,4.31,4.44,4.29,9395613.0,2.3148148148148064,41528609.46,10.0,0.404537038477696,-3.45977639372669,,,,,,,,0.6673799648941976,,40.53,2026-09-08,,,,0.0,⚠️ ELENDİ (KULUÇKA ŞARTINA UYMUYOR),0.0,,,,,,,,,,,,,,,,,,,4.13,,,,,,,60.2,,3.96,,,5.96736136,17455176905.0,-18.63760083682074,7.0,,5.97,11.05,35.1,17.5,90.0,55.0,34.9
RALYH,271.25,264.0,273.5,261.5,1809968.0,2.843601895734597,490953820.0,35.13464502674766,10.715939312820884,39.0893651880271,,,,,,,,0.857121885360524,,37.5,2026-09-08,,,,0.0,🏢 MEGA DEV (3X POTANSİYELİ DÜŞÜK),0.0,,,,,,,,,,,,,,,,,,,119.8,,,,,,,52.5,,115.01,,,401.75,87709093399.0,117.0,126.4,,401.75,678.12,48.1,87.7,20.0,75.0,44.2
ULKER,94.55,92.65,94.6,92.6,5321481.0,2.105831533477325,498006916.8,8.080160663162843,0.6843200243764129,9.91775211995781,,,,,,,,0.8199542870756483,,46.6,2026-09-08,,,,0.0,⚠️ ELENDİ (KULUÇKA ŞARTINA UYMUYOR),0.0,,,,,,,,,,,,,,,,,,,84.9,,,,,,,75.6,,81.5,,,141.7,34194942997.0,-9.230769230769225,11.4,,141.7,236.38,49.9,34.2,90.0,55.0,39.2
CRFSA,278.5,291.75,291.75,273.75,1900165.0,-4.867634500426986,529195952.5,10.0,2.0,15.0,,,,,,,,0.6110303263390371,,6.78,2026-09-08,,,,0.0,⚠️ ELENDİ (KULUÇKA ŞARTINA UYMUYOR),0.0,,,,,,,,,,,,,,,,,,,77.2,,,,,,,5.0,,74.11,,,346.75,37405769869.0,232.73596176821982,260.8,,346.75,696.25,24.5,37.4,20.0,55.0,21.4
ALKLC,468.75,460.0,470.5,459.25,1167117.0,1.9021739130434785,547086093.75,10.0,17.670548595610768,-13.8123098889037,,,,,,,,0.4258902156332019,,39.29,2026-09-08,,,,0.0,🏢 MEGA DEV (3X POTANSİYELİ DÜŞÜK),0.0,,,,,,,,,,,,,,,,,,,66.9,,,,,,,57.0,,64.22,,,470.5,49520229034.0,500.96153846153845,600.7,,470.5,1171.88,0.4,49.5,20.0,55.0,24.4
PATEK,21.4,19.47,21.4,19.47,26119875.0,9.912686183872625,558965325.0,10.0,3.8087440933320282,-16.4083014952765,,,,,,,,1.8197587874496237,,48.0,2026-09-08,,,,0.0,⚠️ ELENDİ (KULUÇKA ŞARTINA UYMUYOR),0.0,,,,,,,,,,,,,,,,,,,16.99,,,,,,,79.2,,16.31,,,36.94,13140973244.0,-31.629392971246013,26.0,,36.94,53.5,72.6,13.1,100.0,55.0,100.0
ARMGD,187.6,176.0,190.3,175.8,2995252.0,6.590909090909087,561909275.1999999,20.892031850325743,5.5331724898686305,33.8360355788564,,,,,,,,3.982633191251496,,37.57,2026-09-08,,,,0.0,🏢 MEGA DEV (3X POTANSİYELİ DÜŞÜK),0.0,,,,,,,,,,,,,,,,,,,31.48,,,,,,,52.7,,30.22,,,220.7,46460626953.0,472.30018303843804,495.9,,220.7,469.0,17.6,46.5,20.0,60.0,100.0
AKSA,11.48,10.9,11.66,10.88,48949114.0,5.224564619615035,561935828.72,7.702113384770212,1.2173925953261882,18.2911638761343,,,,,,,,3.0344985082426654,,35.08,2026-09-08,,,,0.0,🏢 MEGA DEV (3X POTANSİYELİ DÜŞÜK),0.0,,,,,,,,,,,,,,,,,,,9.26,,,,,,,46.3,,8.89,,,13.28,42385349407.0,7.996237064910627,24.0,,13.28,28.7,15.7,42.4,90.0,70.0,100.0
AYGAZ,323.5,321.25,330.25,319.5,1738476.0,1.5698587127158554,562396986.0,8.50404961002295,0.8456834707937135,11.7381928238,,,,,,,,1.5420977200500043,,12.84,2026-09-08,,,,0.0,🏢 MEGA DEV (3X POTANSİYELİ DÜŞÜK),0.0,,,,,,,,,,,,,,,,,,,163.5,,,,,,,5.1,,156.96,,,346.5,70006543968.0,100.93167701863354,97.9,,346.5,808.75,7.1,70.0,20.0,55.0,61.8
BTCIM,3.72,3.88,3.91,3.7,155717668.0,-3.87596899224806,579269724.96,10.0,0.87703580758023,-3.97603446876797,,,,,,,,1.2639123786975268,,2.67,2026-09-08,,,,0.0,⚠️ ELENDİ (KULUÇKA ŞARTINA UYMUYOR),0.0,,,,,,,,,,,,,,,,,,,3.36,,,,,,,5.0,,3.23,,,7.09,21581226320.0,-7.920792079207917,10.7,,7.09,9.3,90.6,21.6,100.0,55.0,44.2
TRMET,139.9,138.4,141.3,138.1,4155093.0,1.230101302460215,581297510.7,25.939110765009087,1.8053546379805838,8.18576711076804,,,,,,,,0.7681614538295704,,23.5,2026-09-08,,,,0.0,🏢 MEGA DEV (3X POTANSİYELİ DÜŞÜK),0.0,,,,,,,,,,,,,,,,,,,73.25,,,,,,,16.9,,70.32,,,174.2,53632652960.0,79.12932138284253,91.0,,174.2,349.75,24.5,53.6,20.0,30.0,33.0
GESAN,61.7,63.5,64.75,61.55,9766690.0,-3.5937499999999956,602604773.0,16.58200972882905,1.6476774290891176,11.7816297467189,,,,,,,,0.44544777896277243,,5.37,2026-09-08,,,,0.0,⚠️ ELENDİ (KULUÇKA ŞARTINA UYMUYOR),0.0,,,,,,,,,,,,,,,,,,,41.48,,,,,,,5.0,,39.82,,,97.2,29440000000.0,43.08905380333953,48.7,,97.2,154.25,57.5,29.4,20.0,45.0,15.6
ERCB,47.2,45.02,48.46,44.84,2455433.0,4.982206405693955,115896437.60000001,10.0,0.6849121259193531,-17.4623746943785,,,,,,,,3.3559098631727258,,28.51,2026-09-08,,,,0.0,⚠️ ELENDİ (KULUÇKA ŞARTINA UYMUYOR),0.0,,,,,,,,,,,,,,,,,,,42.16,,,,,,,29.6,,40.47,,,105.0,3495596366.0,-40.777917189460474,12.0,,105.0,118.0,122.5,3.5,100.0,55.0,100.0
ALBTN,34.54,34.98,35.8,34.36,18864555.0,-0.4610951008645639,651581729.6999999,10.0,0.9565175008917157,15.0,,,,,,,,0.8293778608797996,,1.0,2026-09-08,,,,0.0,⚠️ ELENDİ (KULUÇKA ŞARTINA UYMUYOR),0.0,,,,,,,,,,,,,,,,,,,25.3,,,,,,,5.0,,24.29,,,40.5,8675000191.0,-7.150537634408611,36.5,,40.5,86.35,17.3,8.7,20.0,55.0,29.0
BALSU,8.6,7.9,8.6,7.88,76086730.0,9.974424552429658,654345878.0,10.0,2.1738416078339187,15.0,,,,,,,,1.5390127545343253,,48.0,2026-09-08,,,,0.0,⚠️ ELENDİ (KULUÇKA ŞARTINA UYMUYOR),0.0,,,,,,,,,,,,,,,,,,,7.82,,,,,,,79.2,,7.51,,,25.32,8695840191.0,-64.16666666666667,10.0,,25.32,21.5,194.4,8.7,100.0,55.0,100.0
ALTNY,18.18,16.59,18.18,16.59,37746217.0,9.981851179673312,686226225.06,63.05931321540062,3.380841156255114,0.613912372658328,,,,,,,,1.7020388031412748,,48.0,2026-09-08,,,,0.0,⚠️ ELENDİ (KULUÇKA ŞARTINA UYMUYOR),0.0,,,,,,,,,,,,,,,,,,,14.21,,,,,,,79.2,,13.64,,,20.96,16530000687.0,7.461810738320395,27.9,,20.96,45.45,15.3,16.5,90.0,30.0,100.0
RYSAS,27.88,27.98,29.34,27.3,24765363.0,-0.8534850640113868,690458320.4399999,18.293963254593177,1.935785791554475,12.8310900116321,,,,,,,,1.010630893564375,,7.92,2026-09-08,,,,0.0,🏢 MEGA DEV (3X POTANSİYELİ DÜŞÜK),0.0,,,,,,,,,,,,,,,,,,,13.44,,,,,,,5.0,,12.9,,,30.54,56128678467.0,75.12562814070351,107.4,,30.54,69.7,9.5,56.1,20.0,45.0,35.4
KPEKS,95.0,97.5,97.55,92.65,7312094.0,-2.4640657084188966,694648930.0,10.0,2.0,15.0,,,,,,,,0.2757964466740017,,18.86,2026-09-08,,,,0.0,⚠️ ELENDİ (KULUÇKA ŞARTINA UYMUYOR),0.0,,,,,,,,,,,,,,,,,,,92.65,,,,,,,7.5,,88.94,,,159.2,12184740042.0,-8.123791102514511,2.5,,159.2,237.5,67.6,12.2,65.0,55.0,10.0
TAVHL,273.75,269.75,274.25,268.5,2541002.0,1.4828544949026876,695599297.5,18.856682326036342,1.2129222946814986,6.95027383463448,,,,,,,,0.5863024533773394,,43.13,2026-09-08,,,,0.0,🏢 MEGA DEV (3X POTANSİYELİ DÜŞÜK),0.0,,,,,,,,,,,,,,,,,,,217.6,,,,,,,66.8,,208.9,,,369.0,97442849174.0,15.7994923857868,25.8,,369.0,684.38,34.8,97.4,90.0,45.0,27.9
DOFRB,118.9,113.2,119.5,112.5,5885209.0,5.501330967169479,699751350.1,60.2788339670469,7.928622393523736,22.5289716057738,,,,,,,,1.0667941892107378,,43.2,2026-09-08,,,,0.0,⚠️ ELENDİ (KULUÇKA ŞARTINA UYMUYOR),0.0,,,,,,,,,,,,,,,,,,,49.5,,,,,,,67.0,,47.52,,,218.3,17468500000.0,140.2020202020202,140.2,,218.3,297.25,83.6,17.5,20.0,60.0,64.8
MANAS,39.8,39.62,40.42,39.36,17827353.0,0.5050505050504942,709528649.4,10.0,22.82921680872787,-89.1081959171501,,,,,,,,0.538225497610897,,15.25,2026-09-08,,,,0.0,⚠️ ELENDİ (KULUÇKA ŞARTINA UYMUYOR),0.0,,,,,,,,,,,,,,,,,,,3.31196138,,,,,,,6.1,,3.18,,,40.42,13109817085.0,689.8705743281317,1101.7,,40.42,99.5,1.6,13.1,20.0,55.0,21.4
KUYAS,69.0,68.75,69.95,67.65,10886541.0,0.0,751171329.0,10.0,15.572421917845318,-66.6798503710024,,,,,,,,1.0388647213805244,,24.87,2026-09-08,,,,0.0,⚠️ ELENDİ (KULUÇKA ŞARTINA UYMUYOR),0.0,,,,,,,,,,,,,,,,,,,35.38,,,,,,,20.4,,33.96,,,94.85,25830577881.0,27.071823204419896,95.0,,94.85,172.5,37.5,25.8,20.0,55.0,36.4
GIPTA,78.9,80.0,83.75,77.65,9663097.0,3.6112934996717,762418353.3000001,10.0,2.9011438007631227,-8.22628559567446,,,,,,,,0.8900309584531402,,3.48,2026-09-08,,,,0.0,⚠️ ELENDİ (KULUÇKA ŞARTINA UYMUYOR),0.0,,,,,,,,,,,,,,,,,,,50.8,,,,,,,5.0,,48.77,,,144.5,10051800201.0,-46.326530612244895,55.3,,144.5,197.25,83.1,10.1,20.0,55.0,49.2
MAGEN,34.78,34.2,34.9,33.16,22602732.0,1.695906432748533,786123018.96,10.0,6.446865262740344,-7.00912138236529,,,,,,,,1.233221364184555,,44.14,2026-09-08,,,,0.0,🏢 MEGA DEV (3X POTANSİYELİ DÜŞÜK),0.0,,,,,,,,,,,,,,,,,,,20.2,,,,,,,69.4,,19.39,,,68.7,100747491115.0,54.577777777777776,72.2,,68.7,86.95,97.5,100.7,20.0,55.0,51.6
BKRGY,8.8,9.01,9.2,8.66,71564867.0,-2.1134593993325863,629770829.6,10.0,2.0,15.0,,,,,,,,1.0,,6.52,2026-09-08,,,,0.0,⚠️ ELENDİ (KULUÇKA ŞARTINA UYMUYOR),0.0,,,,,,,,,,,,,,,,,,,8.66,,,,,,,5.0,,8.31,,,13.38,6005319847.0,-24.398625429553263,1.6,,13.38,22.0,52.0,6.0,65.0,55.0,35.0
ISMEN,35.7,33.84,35.7,33.78,9229969.0,5.496453900709217,329509893.3,7.972309066547567,1.5190325847381905,22.1737418237606,,,,,,,,1.13746822949986,,48.0,2026-09-08,,,,0.0,🏢 MEGA DEV (3X POTANSİYELİ DÜŞÜK),0.0,,,,,,,,,,,,,,,,,,,32.04,,,,,,,79.2,,30.76,,,54.0,50760000229.0,-15.040456925273679,11.4,,54.0,89.25,51.3,50.8,90.0,85.0,67.3
NIBAS,4.92,4.85,5.22,4.75,67744731.0,3.578947368421051,333304076.52,10.0,6.190937574712788,-107.212572449551,,,,,,,,1.5592648901244883,,12.26,2026-09-08,,,,0.0,⚠️ ELENDİ (KULUÇKA ŞARTINA UYMUYOR),0.0,,,,,,,,,,,,,,,,,,,3.3,,,,,,,5.0,,3.17,,,11.6,1539000000.0,11.988308347770564,49.1,,11.6,12.3,135.8,1.5,20.0,55.0,72.5
ENERY,10.8,10.9,11.01,10.76,31238690.0,0.09267840593143248,337377852.0,17.222133630999842,1.4301813284530602,9.89807182782181,,,,,,,,0.5527609394743062,,0.96,2026-09-08,,,,0.0,🏢 MEGA DEV (3X POTANSİYELİ DÜŞÜK),0.0,,,,,,,,,,,,,,,,,,,8.06,,,,,,,5.0,,7.74,,,11.79,94837197858.0,-9.243697478991594,34.0,,11.79,27.0,9.2,94.8,65.0,45.0,19.8
GENKM,10.92,10.99,11.4,10.72,31705152.0,-0.09149130832570711,346220259.84,10.0,0.9453432323120394,15.0,,,,,,,,1.275848509536611,,8.47,2026-09-08,,,,0.0,⚠️ ELENDİ (KULUÇKA ŞARTINA UYMUYOR),0.0,,,,,,,,,,,,,,,,,,,9.4,,,,,,,5.0,,9.02,,,22.72,6656370000.0,-9.752066115702478,16.2,,22.72,27.3,108.1,6.7,100.0,55.0,44.7
UFUK,1559.0,1627.0,1645.0,1548.0,224055.0,-5.515151515151516,349301745.0,1217.873603624717,25.458564430907188,2.39777182428806,,,,,,,,0.9179519619274553,,1.65,2026-09-08,,,,0.0,🏢 MEGA DEV (3X POTANSİYELİ DÜŞÜK),0.0,,,,,,,,,,,,,,,,,,,809.5,,,,,,,5.0,,777.12,,,2300.0,77297355080.0,79.19540229885058,92.6,,2300.0,3897.5,47.5,77.3,20.0,30.0,32.1
CCOLA,81.0,79.75,81.15,79.0,4333339.0,1.9509125235997447,351000459.0,10.94003241491086,2.4749510509681034,26.9016013150558,,,,,,,,0.875016684190536,,44.09,2026-09-08,,,,0.0,🏢 MEGA DEV (3X POTANSİYELİ DÜŞÜK),0.0,,,,,,,,,,,,,,,,,,,45.14,,,,,,,69.3,,43.33,,,93.5,222307337286.0,71.53748411689962,79.4,,93.5,202.5,15.4,222.3,20.0,85.0,40.4
ECILC,73.6,72.0,73.65,71.5,4920063.0,2.506963788300832,362116636.79999995,10.0,0.7329215827680576,-2.74395274155412,,,,,,,,0.8790471765178595,,46.7,2026-09-08,,,,0.0,🏢 MEGA DEV (3X POTANSİYELİ DÜŞÜK),0.0,,,,,,,,,,,,,,,,,,,53.45,,,,,,,75.9,,51.31,,,132.6,49201675175.0,27.999999999999993,37.7,,132.6,184.0,80.2,49.2,20.0,55.0,43.3
SARKY,25.9,25.02,26.26,24.76,14103329.0,7.201986754966881,365276221.09999996,94.90655917918652,1.932150916652679,2.28295128804234,,,,,,,,2.3905343691768843,,34.56,2026-09-08,,,,0.0,⚠️ ELENDİ (KULUÇKA ŞARTINA UYMUYOR),0.0,,,,,,,,,,,,,,,,,,,12.35,,,,,,,45.0,,11.86,,,51.6,24159999847.0,100.77519379844959,109.7,,51.6,64.75,99.2,24.2,20.0,30.0,100.0
KRPLS,12.64,12.81,13.67,12.5,29046907.0,1.6894609814963866,367152904.48,10.0,2.0893839788549053,-3.14263668238762,,,,,,,,9.826287912747615,,1.3,2026-09-08,,,,0.0,⚠️ ELENDİ (KULUÇKA ŞARTINA UYMUYOR),0.0,,,,,,,,,,,,,,,,,,,7.2,,,,,,,5.0,,6.91,,,13.67,2170278129.0,59.797724399494314,75.6,,13.67,31.6,8.1,2.2,20.0,55.0,100.0
VESTL,25.76,26.6,27.04,25.48,14280517.0,-3.2306536438767823,367866117.92,10.0,0.394696903881651,-84.2751802525192,,,,,,,,0.8161436257449883,,2.05,2026-09-08,,,,0.0,⚠️ ELENDİ (KULUÇKA ŞARTINA UYMUYOR),0.0,,,,,,,,,,,,,,,,,,,21.1,,,,,,,5.0,,20.26,,,40.4,8929846144.0,-30.60344827586206,22.1,,40.4,64.4,56.8,8.9,90.0,55.0,28.6
DOHOL,21.7,21.96,22.04,21.22,17451381.0,-0.5499541704857974,378694967.7,8.766614147780068,0.5423283530762514,7.04256791810812,,,,,,,,2.02151685168745,,24.78,2026-09-08,,,,0.0,⚠️ ELENDİ (KULUÇKA ŞARTINA UYMUYOR),0.0,,,,,,,,,,,,,,,,,,,15.87,,,,,,,20.2,,15.24,,,25.24,37010584329.0,23.999999999999996,36.7,,25.24,54.25,16.3,37.0,20.0,55.0,70.8
ENJSA,114.9,112.9,115.8,112.9,4254198.0,1.681415929203545,488807350.20000005,22.11954952353451,1.2454729659198924,6.38889149521895,,,,,,,,0.9065030769701848,,30.62,2026-09-08,,,,0.0,🏢 MEGA DEV (3X POTANSİYELİ DÜŞÜK),0.0,,,,,,,,,,,,,,,,,,,68.05,,,,,,,35.0,,65.33,,,127.9,133460779784.99998,69.21944035346097,68.8,,127.9,287.25,11.3,133.5,20.0,30.0,40.1
MCARD,171.3,167.1,175.3,165.0,2476276.0,2.1466905187835557,424186078.8,10.0,5.800171397942886,15.0,,,,,,,,0.8407752836086481,,26.25,2026-09-08,,,,0.0,⚠️ ELENDİ (KULUÇKA ŞARTINA UYMUYOR),0.0,,,,,,,,,,,,,,,,,,,88.0,,,,,,,23.9,,84.48,,,223.3,15529020000.0,94.65909090909093,94.7,,223.3,428.25,30.4,15.5,20.0,55.0,40.2
KOCMT,4.2,4.2,4.45,4.07,101720757.0,2.1897810218978067,427227179.40000004,10.0,0.7623694442326752,-7.37113785136723,,,,,,,,1.4574464550379038,,11.16,2026-09-08,,,,0.0,⚠️ ELENDİ (KULUÇKA ŞARTINA UYMUYOR),0.0,,,,,,,,,,,,,,,,,,,2.35,,,,,,,5.0,,2.26,,,6.39,9707437010.0,44.140681304953645,78.7,,6.39,10.5,52.1,9.7,20.0,55.0,62.0
RGYAS,198.1,196.6,201.0,195.7,2220025.0,0.7629704984740591,439786952.5,3.2907796705897985,0.39999540439404135,14.6679746676783,,,,,,,,0.8480232285462185,,17.36,2026-09-08,,,,0.0,🏢 MEGA DEV (3X POTANSİYELİ DÜŞÜK),0.0,,,,,,,,,,,,,,,,,,,133.8,,,,,,,6.9,,128.45,,,216.1,65074602020.0,41.80386542591268,48.1,,216.1,495.25,9.1,65.1,20.0,55.0,33.5
ANELE,220.4,218.0,223.3,216.0,2018403.0,2.607076350093107,444856021.2,10.0,82.92323204960344,-180.437741552518,,,,,,,,0.229572872934402,,25.75,2026-09-08,,,,0.0,🏢 MEGA DEV (3X POTANSİYELİ DÜŞÜK),0.0,,,,,,,,,,,,,,,,,,,13.32,,,,,,,22.6,,12.79,,,223.3,56922000809.0,919.4264569842737,1554.7,,223.3,551.0,1.3,56.9,20.0,55.0,21.1
CVKMD,15.26,15.76,15.77,15.11,29287542.0,-3.1725888324873095,446927890.92,146.87199230028872,4.386166616845639,3.62597150686481,,,,,,,,0.8897272219487181,,4.73,2026-09-08,,,,0.0,🏢 MEGA DEV (3X POTANSİYELİ DÜŞÜK),0.0,,,,,,,,,,,,,,,,,,,4.930731,,,,,,,5.0,,4.73,,,18.96494496,59572800865.0,175.74889116238967,209.5,,18.96,38.15,24.2,59.6,20.0,30.0,31.1
BETAE,81.9,82.4,82.4,80.0,5508184.0,-0.7272727272727204,451120269.6,10.0,2.0,15.0,,,,,,,,0.5903111548545025,,36.33,2026-09-08,,,,0.0,⚠️ ELENDİ (KULUÇKA ŞARTINA UYMUYOR),0.0,,,,,,,,,,,,,,,,,,,44.0,,,,,,,49.5,,42.24,,,119.0,10000000000.0,86.13636363636364,86.1,,119.0,204.75,45.3,10.0,20.0,55.0,20.7
VEYAS,132.0,120.0,132.0,117.2,3464908.0,10.0,457367856.0,10.0,4.799396148702745,15.0,,,,,,,,0.4187957172534843,,48.0,2026-09-08,,,,0.0,🏢 MEGA DEV (3X POTANSİYELİ DÜŞÜK),0.0,,,,,,,,,,,,,,,,,,,110.9,,,,,,,79.2,,106.46,,,164.0,68022568359.0,-2.9411764705882355,19.0,,164.0,330.0,24.2,68.0,90.0,55.0,64.7
GLRMK,166.4,164.0,169.0,163.0,2773028.0,1.6493585827733765,461431859.2,14.730095781031462,1.892355452587967,17.0757628948969,,,,,,,,0.6407648987310534,,23.73,2026-09-08,,,,0.0,🏢 MEGA DEV (3X POTANSİYELİ DÜŞÜK),0.0,,,,,,,,,,,,,,,,,,,146.0,,,,,,,17.5,,140.16,,,261.0,52809620015.0,-2.633118782913985,14.0,,261.0,416.0,56.9,52.8,90.0,45.0,30.7
TURSG,6.21,6.13,6.22,6.1,76796207.0,0.9756097560975545,476904445.46999997,5.256030469741853,2.103651410394951,49.9664216719778,,,,,,,,1.2415100605434182,,43.33,2026-09-08,,,,0.0,🏢 MEGA DEV (3X POTANSİYELİ DÜŞÜK),0.0,,,,,,,,,,,,,,,,,,,4.325,,,,,,,67.3,,4.15,,,7.495,123000001907.0,36.1842105263158,43.6,,7.5,15.53,20.8,123.0,20.0,100.0,48.3
SELEC,366.0,366.0,372.0,365.25,1305130.0,0.273972602739726,477677580.0,111.56495762970188,6.124194651670533,6.37484548994022,,,,,,,,0.20385767453238887,,1.78,2026-09-08,,,,0.0,🏢 MEGA DEV (3X POTANSİYELİ DÜŞÜK),0.0,,,,,,,,,,,,,,,,,,,66.35,,,,,,,5.0,,63.7,,,372.0,226665000000.0,335.7142857142857,451.6,,372.0,915.0,1.6,226.7,20.0,30.0,10.0
KRDMA,56.15,56.05,56.85,54.0,8539764.0,1.813236627379873,479507748.59999996,14.013676749525805,0.5908148752349449,5.44820350665331,,,,,,,,0.5083302208655844,,34.25,2026-09-08,,,,0.0,🏢 MEGA DEV (3X POTANSİYELİ DÜŞÜK),0.0,,,,,,,,,,,,,,,,,,,23.24,,,,,,,44.2,,22.31,,,71.15,57360319375.0,56.66852678571427,141.6,,71.15,140.38,26.7,57.4,20.0,45.0,26.9
AKSEN,80.4,80.0,81.0,78.25,6065538.0,1.1957205789804943,487669255.20000005,29.59146117040854,1.4382993719962756,5.67192405114027,,,,,,,,0.9822559580887749,,35.78,2026-09-08,,,,0.0,🏢 MEGA DEV (3X POTANSİYELİ DÜŞÜK),0.0,,,,,,,,,,,,,,,,,,,35.8,,,,,,,48.1,,34.37,,,117.5,97432570763.0,123.95543175487468,124.6,,117.5,201.0,46.1,97.4,20.0,30.0,40.4
ODAS,7.57,7.36,7.58,7.36,51573972.0,2.9931972789115737,390414968.04,10.0,0.6684592323756794,-1.82009042316161,,,,,,,,0.8043855459415794,,45.45,2026-09-08,,,,0.0,⚠️ ELENDİ (KULUÇKA ŞARTINA UYMUYOR),0.0,,,,,,,,,,,,,,,,,,,4.97,,,,,,,72.7,,4.77,,,9.71,10289999866.0,33.04042179261862,52.3,,9.71,18.93,28.3,10.3,20.0,55.0,43.1
TCELL,100.9,99.05,100.9,97.85,27104335.0,1.8677435638566466,2734827401.5,11.332112894349667,0.7170817034648975,7.34275858908705,,,,,,,,0.6591926900948111,,48.0,2026-09-08,,,,0.0,🏢 MEGA DEV (3X POTANSİYELİ DÜŞÜK),0.0,,,,,,,,,,,,,,,,,,,87.05,,,,,,,79.2,,83.57,,,129.6,216236675888.0,14.011299435028254,15.9,,129.6,252.25,28.4,216.2,90.0,55.0,32.4
VAKBN,34.36,33.42,34.4,33.38,80839977.0,3.1212484993997576,2777661609.72,4.461120992975942,0.938184405660452,24.6140156476693,,,,,,,,1.0669580582218352,,45.8,2026-09-08,,,,0.0,🏢 MEGA DEV (3X POTANSİYELİ DÜŞÜK),0.0,,,,,,,,,,,,,,,,,,,21.38,,,,,,,73.6,,20.52,,,43.06,330398513849.0,30.646387832699613,60.7,,43.06,85.9,25.3,330.4,20.0,85.0,52.9
EKGYO,20.44,19.96,20.46,19.79,140641747.0,2.404809619238479,2874717308.6800003,10.0,0.4860782804814363,-1.37263805388322,,,,,,,,1.01083894169062,,46.33,2026-09-08,,,,0.0,🏢 MEGA DEV (3X POTANSİYELİ DÜŞÜK),0.0,,,,,,,,,,,,,,,,,,,17.47,,,,,,,74.9,,16.77,,,27.12,73075959060.0,7.409353652128218,17.0,,27.12,51.1,32.7,73.1,90.0,55.0,47.4
CWENE,32.86,31.8,32.9,31.56,90441044.0,2.6874999999999982,2971892705.84,12.220610658633642,1.99880777138408,20.1700277435031,,,,,,,,1.1995772226158206,,46.33,2026-09-08,,,,0.0,⚠️ ELENDİ (KULUÇKA ŞARTINA UYMUYOR),0.0,,,,,,,,,,,,,,,,,,,15.22780964,,,,,,,74.9,,14.62,,,48.3,34505281250.0,98.83625412475251,115.8,,48.3,82.15,47.0,34.5,20.0,60.0,55.4
BIMAS,417.75,416.75,418.75,411.75,7214510.0,-0.05980861244019139,3013861552.5,18.27052180872699,2.460150131876414,16.1065139976773,,,,,,,,0.771051444027888,,40.0,2026-09-08,,,,0.0,🏢 MEGA DEV (3X POTANSİYELİ DÜŞÜK),0.0,,,,,,,,,,,,,,,,,,,242.0,,,,,,,58.9,,232.32,,,425.0,495656052246.0,63.8235294117647,72.6,,425.0,1044.38,1.7,495.7,20.0,45.0,27.0
INTET,68.4,74.6,77.4,67.75,47885006.0,-8.249496981891337,3275334410.4,10.0,2.0,15.0,,,,,,,,1.0,,4.23,2026-09-08,,,,0.0,⚠️ ELENDİ (KULUÇKA ŞARTINA UYMUYOR),0.0,,,,,,,,,,,,,,,,,,,58.95,,,,,,,5.0,,56.59,,,82.45,11928000488.0,16.03053435114504,16.0,,82.45,171.0,20.5,11.9,90.0,55.0,35.0
CITAS,164.4,158.4,167.1,156.4,20243943.0,6.476683937823833,3328104229.2000003,10.0,5.205414390881026,15.0,,,,,,,,0.8184428522165228,,33.87,2026-09-08,,,,0.0,⚠️ ELENDİ (KULUÇKA ŞARTINA UYMUYOR),0.0,,,,,,,,,,,,,,,,,,,81.05,,,,,,,43.3,,77.81,,,167.1,27791998901.0,102.83775447254781,102.8,,167.1,411.0,1.6,27.8,20.0,55.0,61.0
SAHOL,95.75,94.05,95.75,93.0,35377881.0,1.8075491759702318,3387432105.75,10.078735184522431,0.47960883554180467,5.37074515641721,,,,,,,,1.0630123944753525,,48.0,2026-09-08,,,,0.0,🏢 MEGA DEV (3X POTANSİYELİ DÜŞÜK),0.0,,,,,,,,,,,,,,,,,,,73.9,,,,,,,79.2,,70.94,,,115.0,197361221956.0,13.649851632047477,29.6,,115.0,239.38,20.1,197.4,65.0,55.0,46.2
MAALT,1018.0,1000.0,1019.0,998.0,29387.0,1.394422310756972,29915966.0,2193.492781728076,1.5286489842322708,-0.00359080570532525,,,,,,,,0.6121080202876514,,45.33,2026-09-08,,,,0.0,⚠️ ELENDİ (KULUÇKA ŞARTINA UYMUYOR),0.0,,,,,,,,,,,,,,,,,,,860.5,,,,,,,72.4,,826.08,,,1576.0,8412766571.0,-18.62509992006395,18.3,,1576.0,2545.0,54.8,8.4,90.0,30.0,28.4
PSDTC,151.2,150.9,152.0,148.1,198462.0,0.1988071570576428,30007454.4,39.37705088806708,4.288361692677622,12.6675979739311,,,,,,,,0.3411030342154899,,36.51,2026-09-08,,,,0.0,⚠️ ELENDİ (KULUÇKA ŞARTINA UYMUYOR),0.0,,,,,,,,,,,,,,,,,,,105.2,,,,,,,50.0,,100.99,,,196.8,1120432483.0,-5.3817271589487,43.7,,196.8,378.0,30.2,1.1,20.0,30.0,12.9
A1CAP,7.43,7.34,7.45,7.26,4048411.0,1.226158038147137,30079693.73,3.8473487986743993,0.5493372095000588,17.711826641543,,,,,,,,0.5138316141923501,,42.11,2026-09-08,,,,0.0,⚠️ ELENDİ (KULUÇKA ŞARTINA UYMUYOR),0.0,,,,,,,,,,,,,,,,,,,7.2,,,,,,,64.2,,6.91,,,18.99,4954500103.0,-17.53607103218646,3.2,,18.99,18.57,155.6,5.0,65.0,55.0,24.1
EFOR,18.78,18.1,18.9,17.95,41911663.0,3.87168141592922,787101031.1400001,13.465261346526136,7.605733054159461,0.192526384577394,,,,,,,,0.5645844737813853,,40.93,2026-09-08,,,,0.0,⚠️ ELENDİ (KULUÇKA ŞARTINA UYMUYOR),0.0,,,,,,,,,,,,,,,,,,,5.17,,,,,,,61.2,,4.96,,,33.54,39378239834.0,-10.571070855711984,263.2,,33.54,46.95,78.6,39.4,20.0,45.0,39.1
ICBCT,19.73,19.2,19.83,19.06,1556368.0,2.6001040041601664,30707140.64,6.438034327481564,2.593275097461403,49.8648117226177,,,,,,,,1.0305059607560234,,40.73,2026-09-08,,,,0.0,⚠️ ELENDİ (KULUÇKA ŞARTINA UYMUYOR),0.0,,,,,,,,,,,,,,,,,,,12.31,,,,,,,60.7,,11.82,,,28.08,16537799606.0,22.31866088034719,60.3,,28.08,49.33,42.3,16.5,20.0,100.0,49.1
TRCAS,48.88,49.0,49.58,48.52,645474.0,0.040933278755634725,31550769.12,11.43391812865497,0.7348897319606973,7.37368670279957,,,,,,,,0.7943119314149547,,11.02,2026-09-08,,,,0.0,⚠️ ELENDİ (KULUÇKA ŞARTINA UYMUYOR),0.0,,,,,,,,,,,,,,,,,,,33.34,,,,,,,5.0,,32.01,,,55.95,12485130288.0,34.87858719646799,46.6,,55.95,122.2,14.5,12.5,20.0,55.0,28.0
CEOEM,24.94,24.2,25.32,24.06,1270721.0,3.05785123966943,31691781.740000002,15.566096617151416,1.9681000495576118,15.2275009366633,,,,,,,,1.1931334413241939,,31.11,2026-09-08,,,,0.0,⚠️ ELENDİ (KULUÇKA ŞARTINA UYMUYOR),0.0,,,,,,,,,,,,,,,,,,,18.7,,,,,,,36.3,,17.95,,,40.1,1064800034.0000001,-33.670212765957444,33.4,,40.1,62.35,60.8,1.1,65.0,45.0,57.0
KZBGY,1.87,1.87,1.88,1.85,17064243.0,0.5376344086021511,31910134.41,16.432337434094904,0.2927959666181283,2.04017341556281,,,,,,,,0.5221150947232691,,29.33,2026-09-08,,,,0.0,⚠️ ELENDİ (KULUÇKA ŞARTINA UYMUYOR),0.0,,,,,,,,,,,,,,,,,,,1.8,,,,,,,31.7,,1.73,,,5.19,7440000057.0,-56.10328638497652,3.9,,5.19,4.68,177.5,7.4,65.0,45.0,21.0
MERKO,1.26,1.24,1.26,1.22,25333803.0,1.6129032258064528,31920591.78,1.7288693743139407,0.5335682162729837,34.6488148138109,,,,,,,,1.0027459199760511,,48.0,2026-09-08,,,,0.0,⚠️ ELENDİ (KULUÇKA ŞARTINA UYMUYOR),0.0,,,,,,,,,,,,,,,,,,,1.18,,,,,,,79.2,,1.13,,,2.57,1054000008.0,-34.207361728363836,6.8,,2.57,3.15,104.0,1.1,100.0,85.0,43.2
MTRKS,33.5,33.02,33.96,32.7,955992.0,0.964436407474383,32025732.0,11.615811373092926,2.6347932709739377,29.0178133186367,,,,,,,,0.5454424082739057,,27.56,2026-09-08,,,,0.0,⚠️ ELENDİ (KULUÇKA ŞARTINA UYMUYOR),0.0,,,,,,,,,,,,,,,,,,,19.79,,,,,,,27.2,,19.0,,,37.2,3323889410.0,33.359872611464965,69.3,,37.2,83.75,11.0,3.3,20.0,85.0,23.9
GSDDE,13.29,13.29,13.44,13.07,2423682.0,0.0753012048192755,32210733.779999997,3.846376476036119,0.5732339842781199,17.3987651643666,,,,,,,,0.49277731352452786,,25.3,2026-09-08,,,,0.0,⚠️ ELENDİ (KULUÇKA ŞARTINA UYMUYOR),0.0,,,,,,,,,,,,,,,,,,,9.11,,,,,,,21.5,,8.75,,,18.88,1991999960.0,32.89999999999999,45.9,,18.88,33.22,42.1,2.0,20.0,55.0,17.6
DEVA,95.95,94.95,96.25,94.3,337513.0,1.7497348886532407,32384372.35,10.0,0.6085992569570761,-2.99029527989834,,,,,,,,0.4327034268791517,,39.38,2026-09-08,,,,0.0,⚠️ ELENDİ (KULUÇKA ŞARTINA UYMUYOR),0.0,,,,,,,,,,,,,,,,,,,57.5,,,,,,,57.3,,55.2,,,96.3,18859098425.0,47.16257668711656,66.9,,96.3,239.88,0.4,18.9,20.0,55.0,23.9
TATGD,18.14,17.77,18.16,17.66,1794583.0,2.3702031602708904,32553735.62,7.86848269280819,0.5253369367470002,9.3375125821754,,,,,,,,0.6737838276307516,,45.76,2026-09-08,,,,0.0,⚠️ ELENDİ (KULUÇKA ŞARTINA UYMUYOR),0.0,,,,,,,,,,,,,,,,,,,11.65,,,,,,,73.5,,11.18,,,23.34,4337855886.0,34.469977761304676,55.7,,23.34,45.35,28.7,4.3,20.0,55.0,35.4
EKOS,4.92,4.82,4.94,4.8,6778189.0,2.0746887966804906,33348689.88,10.0,1.5496258220576007,-15.3554963768237,,,,,,,,0.6696641849275975,,40.0,2026-09-08,,,,0.0,⚠️ ELENDİ (KULUÇKA ŞARTINA UYMUYOR),0.0,,,,,,,,,,,,,,,,,,,4.66,,,,,,,58.9,,4.47,,,9.48,5398400192.0,-23.956723338485315,5.6,,9.48,12.3,92.7,5.4,100.0,55.0,33.8
BESLR,13.25,13.11,13.26,13.0,2520025.0,1.3771996939556215,33390331.25,7.06855161376367,0.44043769867479776,7.37632518026659,,,,,,,,0.9635059676750013,,45.85,2026-09-08,,,,0.0,⚠️ ELENDİ (KULUÇKA ŞARTINA UYMUYOR),0.0,,,,,,,,,,,,,,,,,,,12.04,,,,,,,73.7,,11.56,,,16.68,8652339798.0,-13.680781758957654,10.0,,16.68,33.12,25.9,8.7,90.0,55.0,40.6
MOPAS,25.96,25.54,26.02,25.48,1294031.0,1.248049921996881,33593044.76,22.89847402311017,1.215810595817443,6.11298898450715,,,,,,,,0.5507193098588397,,41.78,2026-09-08,,,,0.0,⚠️ ELENDİ (KULUÇKA ŞARTINA UYMUYOR),0.0,,,,,,,,,,,,,,,,,,,24.88,,,,,,,63.4,,23.88,,,64.15,6999719833.0,-15.494791666666659,4.3,,64.15,64.9,147.1,7.0,100.0,30.0,25.5
SNICA,3.18,3.14,3.19,3.11,9498943.0,1.5974440894568775,30206638.740000002,10.0,0.3649509381993459,-17.4726390018802,,,,,,,,0.4658172826506637,,41.0,2026-09-08,,,,0.0,⚠️ ELENDİ (KULUÇKA ŞARTINA UYMUYOR),0.0,,,,,,,,,,,,,,,,,,,3.04,,,,,,,61.4,,2.92,,,5.83,1878000069.0,-30.109890109890106,4.6,,5.83,7.95,83.3,1.9,100.0,55.0,24.3
KARCL,165.1,167.2,170.5,160.0,4855505.0,-6.61764705882354,801643875.5,10.0,12.143777619554792,15.0,,,,,,,,0.6026648844370329,,19.2,2026-09-08,,,,0.0,🏢 MEGA DEV (3X POTANSİYELİ DÜŞÜK),0.0,,,,,,,,,,,,,,,,,,,38.5,,,,,,,7.7,,36.96,,,187.0,146744002533.0,328.83116883116884,328.8,,187.0,412.75,13.3,146.7,20.0,55.0,21.1
AEFES,19.14,18.85,19.15,18.68,44228896.0,1.862692921766905,846541069.44,11.617602427921094,0.9020825664767456,8.89029451333242,,,,,,,,0.8947001332193815,,46.81,2026-09-08,,,,0.0,🏢 MEGA DEV (3X POTANSİYELİ DÜŞÜK),0.0,,,,,,,,,,,,,,,,,,,13.37,,,,,,,76.2,,12.84,,,23.28,111256586300.0,30.737704918032787,43.2,,23.28,47.85,21.6,111.3,20.0,55.0,40.6
TEHOL,46.62,46.08,46.9,45.84,18302977.0,1.1279826464208156,853284787.74,29.62068746426075,8.812271399812866,43.0660429103605,,,,,,,,0.19705675815506793,,33.21,2026-09-08,,,,0.0,🏢 MEGA DEV (3X POTANSİYELİ DÜŞÜK),0.0,,,,,,,,,,,,,,,,,,,12.79,,,,,,,41.6,,12.28,,,52.5,92008219379.0,211.76303018065147,264.5,,52.5,116.55,12.6,92.0,20.0,75.0,12.5
TKFEN,213.3,207.6,215.0,207.3,4348737.0,3.0434782608695707,926762904.0,10.0,2.16962037136211,-15.7108521370911,,,,,,,,0.935196980201064,,35.64,2026-09-08,,,,0.0,🏢 MEGA DEV (3X POTANSİYELİ DÜŞÜK),0.0,,,,,,,,,,,,,,,,,,,67.0,,,,,,,47.8,,64.32,,,245.2,73809991516.0,129.23159591617411,218.4,,245.2,533.25,15.0,73.8,20.0,55.0,47.9
BRSAN,720.5,727.5,731.0,711.0,1329085.0,-1.0302197802197801,957605742.5,41.344603395938414,2.3534684179563925,6.34788716410025,,,,,,,,0.5699380303858315,,18.6,2026-09-08,,,,0.0,🏢 MEGA DEV (3X POTANSİYELİ DÜŞÜK),0.0,,,,,,,,,,,,,,,,,,,383.5,,,,,,,7.4,,368.16,,,789.0,103209707275.0,60.20011117287382,87.9,,789.0,1801.25,9.5,103.2,20.0,30.0,19.9
ALTIN,74.32,74.41,74.69,74.14,13735541.0,-0.1209514850154595,1020825407.1199999,10.0,2.0,15.0,,,,,,,,0.6750730685594455,,10.33,2026-09-08,,,,0.0,⚠️ ELENDİ (KULUÇKA ŞARTINA UYMUYOR),0.0,,,,,,,,,,,,,,,,,,,55.4,,,,,,,5.0,,53.18,,,116.65,10000000000.0,34.44283646888566,34.2,,116.65,185.8,57.0,10.0,65.0,55.0,23.6
TOASO,287.75,287.75,289.5,283.25,3559844.0,-0.08680555555555555,1023961828.0,11.317645300473158,2.1885183217582074,22.3064749598506,,,,,,,,0.961248382043578,,32.32,2026-09-08,,,,0.0,🏢 MEGA DEV (3X POTANSİYELİ DÜŞÜK),0.0,,,,,,,,,,,,,,,,,,,223.9,,,,,,,39.3,,214.94,,,358.25,144000000000.0,30.262562245359888,28.5,,358.25,719.38,24.5,144.0,65.0,85.0,33.6
OZATD,4467.5,4582.5,4592.5,4405.0,253216.0,-2.880434782608696,1131242480.0,10.0,70.58057758373495,-11.2630487426031,,,,,,,,0.6314394588317263,,10.67,2026-09-08,,,,0.0,🏢 MEGA DEV (3X POTANSİYELİ DÜŞÜK),0.0,,,,,,,,,,,,,,,,,,,151.0,,,,,,,5.0,,144.96,,,5052.5,328209992981.0,1968.287037037037,2858.6,,5052.5,11168.75,13.1,328.2,20.0,55.0,22.1
ENKAI,89.0,89.05,89.2,87.85,12748435.0,0.0,1134610715.0,13.36978728518207,1.3047190368182917,10.5694649038713,,,,,,,,0.7958377458069511,,39.7,2026-09-08,,,,0.0,🏢 MEGA DEV (3X POTANSİYELİ DÜŞÜK),0.0,,,,,,,,,,,,,,,,,,,65.55,,,,,,,58.1,,62.93,,,114.3,521707917969.0,31.365313653136532,35.8,,114.3,222.5,28.4,521.7,20.0,45.0,27.9
TERA,196.0,195.5,197.0,194.9,6206032.0,0.5128205128205128,1216382272.0,2.19566267003783,1.4860955667115503,111.595685411764,,,,,,,,0.44586857264656,,21.33,2026-09-08,,,,0.0,🏢 MEGA DEV (3X POTANSİYELİ DÜŞÜK),0.0,,,,,,,,,,,,,,,,,,,134.775,,,,,,,11.4,,129.38,,,401.25,136500000000.0,40.38857552153281,45.4,,401.25,490.0,104.7,136.5,20.0,100.0,18.2
EUPWR,70.65,72.8,74.1,70.15,17220356.0,-3.0199039121482345,1216618151.4,50.077969946129855,3.5593463699956924,8.39945726669861,,,,,,,,0.6391414000928384,,0.91,2026-09-08,,,,0.0,🏢 MEGA DEV (3X POTANSİYELİ DÜŞÜK),0.0,,,,,,,,,,,,,,,,,,,25.5,,,,,,,5.0,,24.48,,,109.3,48080998993.0,160.1251840942563,177.1,,109.3,176.62,54.7,48.1,20.0,30.0,22.4
FROTO,81.6,79.8,81.65,79.5,29586520.0,2.4482109227871796,2414260032.0,9.552686107631613,1.5979721420189907,18.7548843037694,,,,,,,,1.4963073603044543,,46.7,2026-09-08,,,,0.0,🏢 MEGA DEV (3X POTANSİYELİ DÜŞÜK),0.0,,,,,,,,,,,,,,,,,,,75.05,,,,,,,75.9,,72.05,,,135.4,279499828133.0,-22.946175637393775,8.7,,135.4,204.0,65.9,279.5,100.0,70.0,64.6
BJKAS,2.28,2.27,2.35,2.15,598789348.0,3.636363636363619,1365239713.4399998,10.0,2.7430221366698744,-38.1520835440885,,,,,,,,1.2366107178332586,,28.4,2026-09-08,,,,0.0,⚠️ ELENDİ (KULUÇKA ŞARTINA UYMUYOR),0.0,,,,,,,,,,,,,,,,,,,1.44,,,,,,,29.4,,1.38,,,3.2,9602051673.0,3.636363636363619,58.3,,3.2,5.7,40.4,9.6,20.0,55.0,61.5
KARSN,14.33,14.23,15.03,13.68,105527264.0,2.7977044476327158,1512205693.1200001,53.33085225158169,1.5718389638367352,3.38668271875612,,,,,,,,2.2008456008595254,,18.96,2026-09-08,,,,0.0,⚠️ ELENDİ (KULUÇKA ŞARTINA UYMUYOR),0.0,,,,,,,,,,,,,,,,,,,9.0,,,,,,,7.6,,8.64,,,15.25,12545999622.0,19.118869492934337,59.2,,15.25,35.83,6.4,12.5,20.0,30.0,91.0
TKNKA,186.1,175.1,186.1,166.0,8289999.0,9.988179669030737,1542768813.8999999,10.0,6.739222856431014,15.0,,,,,,,,0.6995277621675527,,48.0,2026-09-08,,,,0.0,⚠️ ELENDİ (KULUÇKA ŞARTINA UYMUYOR),0.0,,,,,,,,,,,,,,,,,,,93.9,,,,,,,79.2,,90.14,,,209.0,21150000000.0,98.18956336528218,98.2,,209.0,465.25,12.3,21.1,20.0,55.0,74.4
GUBRF,502.0,492.75,505.0,492.5,3148096.0,2.1882951653944023,1580344192.0,22.223697899373576,4.70744098256859,23.5062247678353,,,,,,,,0.9409014451632132,,34.56,2026-09-08,,,,0.0,🏢 MEGA DEV (3X POTANSİYELİ DÜŞÜK),0.0,,,,,,,,,,,,,,,,,,,254.0,,,,,,,45.0,,243.84,,,625.5,164077500000.0,91.6030534351145,97.6,,625.5,1255.0,24.6,164.1,20.0,60.0,43.9
PEKGY,10.57,10.65,10.83,10.35,154627124.0,-0.2830188679245223,1634408700.68,29.549902152641877,6.36267870579383,19.442707708089,,,,,,,,0.7357167311966518,,17.67,2026-09-08,,,,0.0,🏢 MEGA DEV (3X POTANSİYELİ DÜŞÜK),0.0,,,,,,,,,,,,,,,,,,,6.83,,,,,,,7.1,,6.56,,,19.94,53000001907.0,51.43266475644699,54.8,,19.94,26.43,88.6,53.0,20.0,45.0,25.8
KRDMD,45.52,45.26,45.58,44.54,39331253.0,0.707964601769912,1790358636.5600002,11.360686832384946,0.4789651490773766,5.44820350665331,,,,,,,,0.6874285797480636,,44.77,2026-09-08,,,,0.0,🏢 MEGA DEV (3X POTANSİYELİ DÜŞÜK),0.0,,,,,,,,,,,,,,,,,,,23.5,,,,,,,71.0,,22.56,,,47.96,57360319375.0,74.00611620795108,93.7,,47.96,113.8,5.4,57.4,20.0,55.0,27.6
MGROS,534.0,528.5,534.5,522.0,3409782.0,1.1363636363636365,1820823588.0,15.994872056000023,1.023528583741582,7.44412204961646,,,,,,,,1.1827002690173454,,45.76,2026-09-08,,,,0.0,🏢 MEGA DEV (3X POTANSİYELİ DÜŞÜK),0.0,,,,,,,,,,,,,,,,,,,415.5,,,,,,,73.5,,398.88,,,727.0,94032702393.0,18.469217970049918,28.5,,727.0,1335.0,36.1,94.0,65.0,45.0,47.1
PGSUS,152.7,149.4,152.7,148.9,12117787.0,2.2088353413654502,1850386074.8999999,10.0,0.6777012285564924,-1.23885597486283,,,,,,,,1.0894337142147892,,48.0,2026-09-08,,,,0.0,🏢 MEGA DEV (3X POTANSİYELİ DÜŞÜK),0.0,,,,,,,,,,,,,,,,,,,146.0,,,,,,,79.2,,140.16,,,238.6,74699996948.0,-31.029810298102987,4.6,,238.6,381.75,56.3,74.7,90.0,55.0,49.2
DSTKF,2421.0,2388.0,2421.0,2316.0,771393.0,1.297071129707113,1867542453.0,165.17704850924474,54.46445423849762,39.4914380778913,,,,,,,,0.2854287486562822,,48.0,2026-09-08,,,,0.0,🏢 MEGA DEV (3X POTANSİYELİ DÜŞÜK),0.0,,,,,,,,,,,,,,,,,,,431.0,,,,,,,79.2,,413.76,,,3960.0,796666690979.0,164.3013100436681,461.7,,3960.0,6052.5,63.6,796.7,20.0,75.0,16.5
TTKOM,54.6,52.3,54.65,52.2,35122646.0,4.297994269340974,1917696471.6000001,6.750074176639303,0.7204397057280895,12.7278816331645,,,,,,,,1.0695424398766322,,46.86,2026-09-08,,,,0.0,🏢 MEGA DEV (3X POTANSİYELİ DÜŞÜK),0.0,,,,,,,,,,,,,,,,,,,47.48,,,,,,,76.3,,45.58,,,75.65,183224994659.0,4.1984732824427535,15.0,,75.65,136.5,38.6,183.2,90.0,55.0,58.9
KTLEV,34.58,34.58,35.8,34.58,61323765.0,-9.994794377928171,2120575793.6999998,8.42469424548068,7.303170268620654,148.508364400309,,,,,,,,0.36059538885238895,,8.0,2026-09-08,,,,0.0,🏢 MEGA DEV (3X POTANSİYELİ DÜŞÜK),0.0,,,,,,,,,,,,,,,,,,,3.33269678,,,,,,,5.0,,3.2,,,69.0,268939987183.00003,949.7065623926578,937.6,,69.0,86.45,99.5,268.9,20.0,100.0,12.6
SKBNK,6.71,6.28,6.87,6.23,332989036.0,7.359999999999999,2234356431.56,5.238913179262961,0.7649338805289557,16.2630100499565,,,,,,,,2.518661826158627,,34.0,2026-09-08,,,,0.0,⚠️ ELENDİ (KULUÇKA ŞARTINA UYMUYOR),0.0,,,,,,,,,,,,,,,,,,,5.81,,,,,,,43.6,,5.58,,,20.0,15625000000.0,-7.448275862068965,15.5,,20.0,16.77,198.1,15.6,100.0,55.0,100.0
SARAE,81.8,81.3,85.5,79.85,16528378.0,0.6150061500615006,1352021320.3999999,10.0,2.0,15.0,,,,,,,,0.6171264781050863,,11.33,2026-09-08,,,,0.0,⚠️ ELENDİ (KULUÇKA ŞARTINA UYMUYOR),0.0,,,,,,,,,,,,,,,,,,,71.45,,,,,,,5.0,,68.59,,,136.1,36137851357.0,6.2337662337662305,14.5,,136.1,204.5,66.4,36.1,100.0,55.0,24.7
ATATP,295.0,308.5,308.5,293.75,506055.0,-3.515944399018806,149286225.0,7.880578514604449,4.310170380304596,46.0081011020881,,,,,,,,0.35106641135489036,,3.25,2026-09-08,,,,0.0,⚠️ ELENDİ (KULUÇKA ŞARTINA UYMUYOR),0.0,,,,,,,,,,,,,,,,,,,123.1,,,,,,,5.0,,118.18,,,368.5,7733442996.0,136.0,139.6,,368.5,737.5,24.9,7.7,20.0,100.0,12.3
HATSN,72.6,68.25,72.6,68.25,2082429.0,9.999999999999991,151184345.39999998,10.0,2.4882195144270463,-12.8421185393824,,,,,,,,0.20136464809121707,,48.0,2026-09-08,,,,0.0,⚠️ ELENDİ (KULUÇKA ŞARTINA UYMUYOR),0.0,,,,,,,,,,,,,,,,,,,34.4,,,,,,,79.2,,33.02,,,92.0,14619000000.0,36.08247422680411,111.0,,92.0,181.5,26.7,14.6,20.0,55.0,57.0
TSPOR,1.03,1.04,1.05,1.02,148753892.0,-0.9615384615384623,153216508.76,10.0,0.6354612029342267,-23.1459108480419,,,,,,,,0.3488900152642858,,10.67,2026-09-08,,,,0.0,⚠️ ELENDİ (KULUÇKA ŞARTINA UYMUYOR),0.0,,,,,,,,,,,,,,,,,,,0.89,,,,,,,5.0,,0.85,,,1.48,7799999714.0,-18.89763779527559,15.7,,1.48,2.58,43.7,7.8,90.0,55.0,12.2
MASFN,38.8,38.8,39.1,38.2,3952178.0,0.2583979328165228,153344506.39999998,10.0,2.06393957125379,15.0,,,,,,,,0.49847537351838433,,29.33,2026-09-08,,,,0.0,⚠️ ELENDİ (KULUÇKA ŞARTINA UYMUYOR),0.0,,,,,,,,,,,,,,,,,,,36.4,,,,,,,31.7,,34.94,,,50.2,21478500423.0,-22.709163346613554,6.6,,50.2,97.0,29.4,21.5,90.0,55.0,18.7
TNZTP,29.34,28.82,29.5,28.32,5262977.0,1.8043025676613447,154415745.18,21.71081841053722,1.2314810889583492,5.50175919999278,,,,,,,,0.9809602481596109,,40.41,2026-09-08,,,,0.0,⚠️ ELENDİ (KULUÇKA ŞARTINA UYMUYOR),0.0,,,,,,,,,,,,,,,,,,,20.08,,,,,,,59.9,,19.28,,,32.5,11527999878.0,13.077615025833646,46.1,,32.5,73.35,10.8,11.5,20.0,30.0,43.4
MAVI,36.48,36.34,36.54,36.18,4295587.0,0.38525041276828137,156703013.76,14.22832403759897,1.8213663043239474,14.613450639407,,,,,,,,1.055705674383562,,38.67,2026-09-08,,,,0.0,⚠️ ELENDİ (KULUÇKA ŞARTINA UYMUYOR),0.0,,,,,,,,,,,,,,,,,,,35.76,,,,,,,55.5,,34.33,,,50.75,28496446738.0,-10.147783251231537,2.0,,50.75,91.2,39.1,28.5,65.0,45.0,38.9
KGYO,11.71,11.89,11.99,11.4,13509411.0,-1.5138772077375922,158195202.81,10.0,8.116388034045857,-46.8242068023256,,,,,,,,0.7061121674682143,,21.42,2026-09-08,,,,0.0,⚠️ ELENDİ (KULUÇKA ŞARTINA UYMUYOR),0.0,,,,,,,,,,,,,,,,,,,3.16,,,,,,,11.6,,3.03,,,14.0,11890000343.0,253.7764350453172,270.6,,14.0,29.28,19.6,11.9,20.0,55.0,24.7
KRDMB,102.6,102.9,104.4,95.7,1548185.0,-1.3461538461538516,158843781.0,25.606469002695416,1.0795655600909233,5.44820350665331,,,,,,,,0.7362259688750501,,36.41,2026-09-08,,,,0.0,🏢 MEGA DEV (3X POTANSİYELİ DÜŞÜK),0.0,,,,,,,,,,,,,,,,,,,21.4,,,,,,,49.7,,20.54,,,145.5,57360319375.0,281.12927191679046,379.4,,145.5,256.5,41.8,57.4,20.0,30.0,25.8
AKFIS,17.32,18.18,18.58,17.3,9211277.0,-4.730473047304727,159539317.64000002,44.06003561434749,1.7439267148025348,4.59804438160996,,,,,,,,0.4294890041648734,,7.12,2026-09-08,,,,0.0,🏢 MEGA DEV (3X POTANSİYELİ DÜŞÜK),0.0,,,,,,,,,,,,,,,,,,,3.34000668,,,,,,,5.0,,3.21,,,19.52,69399718880.0,356.58959648688784,418.6,,19.52,43.3,12.7,69.4,20.0,30.0,15.0
IZFAS,52.75,53.0,54.35,51.85,3068804.0,0.1899335232668593,161879411.0,10.0,21.2983300494202,-7.18972640166338,,,,,,,,0.4337333833569589,,12.16,2026-09-08,,,,0.0,⚠️ ELENDİ (KULUÇKA ŞARTINA UYMUYOR),0.0,,,,,,,,,,,,,,,,,,,33.30860099,,,,,,,5.0,,31.98,,,74.95,9328922145.0,1.5807096706410202,58.4,,74.95,131.88,42.1,9.3,20.0,55.0,16.1
KORDS,79.0,81.5,82.65,77.45,2049360.0,-3.067484662576687,161899440.0,10.0,0.8843988791195775,-2.58214137010517,,,,,,,,1.2928047269103307,,8.69,2026-09-08,,,,0.0,⚠️ ELENDİ (KULUÇKA ŞARTINA UYMUYOR),0.0,,,,,,,,,,,,,,,,,,,47.44,,,,,,,5.0,,45.54,,,98.9,15854120285.0,19.87860394537177,66.5,,98.9,197.5,25.2,15.9,20.0,55.0,45.2
EMPAE,65.9,66.95,67.4,65.6,4922006.0,-1.5683345780433116,324360195.40000004,10.0,5.90314013015573,15.0,,,,,,,,0.4649869372556064,,1.33,2026-09-08,,,,0.0,⚠️ ELENDİ (KULUÇKA ŞARTINA UYMUYOR),0.0,,,,,,,,,,,,,,,,,,,24.2,,,,,,,5.0,,23.23,,,172.0,11381500000.0,172.31404958677686,172.3,,172.0,164.75,161.0,11.4,20.0,55.0,16.3
ADEL,33.12,32.88,34.34,32.42,4904779.0,0.7299270072992544,162446280.48,10.0,6.264671000739579,-27.3799727854021,,,,,,,,0.7513235302002005,,12.42,2026-09-08,,,,0.0,⚠️ ELENDİ (KULUÇKA ŞARTINA UYMUYOR),0.0,,,,,,,,,,,,,,,,,,,28.4,,,,,,,5.0,,27.26,,,61.15,8544690278.0,-5.7484348321001795,16.6,,61.15,82.8,84.6,8.5,100.0,55.0,29.9
MEGMT,47.2,47.42,47.48,46.48,3444466.0,-0.25359256128486357,162578795.20000002,10.501257036064699,2.48153699671985,26.7210478100631,,,,,,,,0.44038402121412584,,32.32,2026-09-08,,,,0.0,⚠️ ELENDİ (KULUÇKA ŞARTINA UYMUYOR),0.0,,,,,,,,,,,,,,,,,,,29.0,,,,,,,39.3,,27.84,,,95.3,12539799919.0,42.59818731117825,62.8,,95.3,118.0,101.9,12.5,20.0,85.0,15.4
FENER,2.94,2.94,2.97,2.93,56438897.0,0.34129692832763775,165930357.18,10.0,2.7026281680041917,-152.902143571936,,,,,,,,0.36680578268815184,,6.0,2026-09-08,,,,0.0,⚠️ ELENDİ (KULUÇKA ŞARTINA UYMUYOR),0.0,,,,,,,,,,,,,,,,,,,2.54,,,,,,,5.0,,2.44,,,4.98543306,18312500417.0,-36.8461278459922,15.7,,4.99,7.35,69.7,18.3,100.0,55.0,14.5
ALVES,1.35,1.26,1.35,1.26,122917772.0,8.000000000000007,165938992.20000002,27.66393442622951,0.667791194060121,2.75376786750353,,,,,,,,1.0704599732137703,,48.0,2026-09-08,,,,0.0,⚠️ ELENDİ (KULUÇKA ŞARTINA UYMUYOR),0.0,,,,,,,,,,,,,,,,,,,1.18,,,,,,,79.2,,1.13,,,4.68,2000000000.0,-57.78611632270169,14.4,,4.68,3.38,246.7,2.0,100.0,30.0,77.5
MRGYO,1.62,1.58,1.64,1.55,103758298.0,3.184713375796181,168088442.76000002,2.336987882285055,0.27452043652138547,13.5243138138708,,,,,,,,0.5432609588402411,,35.56,2026-09-08,,,,0.0,⚠️ ELENDİ (KULUÇKA ŞARTINA UYMUYOR),0.0,,,,,,,,,,,,,,,,,,,1.25,,,,,,,47.6,,1.2,,,2.437988,3760524325.0,-28.366477103140333,29.6,,2.44,4.05,50.6,3.8,65.0,55.0,34.9
OTKAR,327.25,318.25,331.0,315.0,519867.0,3.152088258471237,170126475.75,10.0,7.128981963947938,-79.6834177193629,,,,,,,,1.5798100886348256,,34.87,2026-09-08,,,,0.0,⚠️ ELENDİ (KULUÇKA ŞARTINA UYMUYOR),0.0,,,,,,,,,,,,,,,,,,,270.0,,,,,,,45.8,,259.2,,,569.0,38070000000.0,-31.105263157894736,21.2,,569.0,818.12,73.9,38.1,100.0,55.0,71.1
LIDER,22.52,22.56,23.22,22.3,7591456.0,-0.3539823008849639,170959589.12,67.50599520383693,1.6513217907015623,2.85909372586912,,,,,,,,0.25287279180048783,,5.39,2026-09-08,,,,0.0,⚠️ ELENDİ (KULUÇKA ŞARTINA UYMUYOR),0.0,,,,,,,,,,,,,,,,,,,22.08,,,,,,,5.0,,21.2,,,154.1,18599800314.0,-60.56042031523643,2.0,,154.1,56.3,584.3,18.6,65.0,30.0,10.0
ISKPL,7.14,7.14,7.41,7.06,24628375.0,0.0,175846597.5,35.46944858420268,3.1294789023155514,10.5285592762629,,,,,,,,0.6601143780575176,,4.8,2026-09-08,,,,0.0,⚠️ ELENDİ (KULUÇKA ŞARTINA UYMUYOR),0.0,,,,,,,,,,,,,,,,,,,5.89,,,,,,,5.0,,5.65,,,23.8,10709339141.0,9.007633587786257,21.2,,23.8,17.85,233.3,10.7,100.0,30.0,23.1
BSOKE,21.34,23.66,23.66,21.32,8245526.0,-9.881756756756756,175959524.84,10.0,2.5379503256283034,-8.95758341656074,,,,,,,,0.4458125972060877,,7.52,2026-09-08,,,,0.0,⚠️ ELENDİ (KULUÇKA ŞARTINA UYMUYOR),0.0,,,,,,,,,,,,,,,,,,,14.31,,,,,,,5.0,,13.74,,,40.0,37883473769.0,49.12648497554157,49.1,,40.0,53.35,87.4,37.9,20.0,55.0,15.6
GRTHO,192.0,197.0,197.6,190.9,916537.0,-2.2900763358778624,175975104.0,13.363866055084184,2.4133867546547254,22.8715438210475,,,,,,,,0.5652559315710848,,1.19,2026-09-08,,,,0.0,NÖTR,0.0,,,,,,,,,,,,,,,,,,,186.0,,,,,,,5.0,,178.56,,,693.5,24562500000.0,-60.0,3.2,,693.5,480.0,261.2,24.6,65.0,75.0,19.8
ARDYZ,81.5,83.3,83.7,81.4,2187973.0,-2.628434886499406,178319799.5,20.294330038098558,3.824759380398366,24.268344789997,,,,,,,,0.46982287029756903,,5.57,2026-09-08,,,,0.0,⚠️ ELENDİ (KULUÇKA ŞARTINA UYMUYOR),0.0,,,,,,,,,,,,,,,,,,,24.42,,,,,,,5.0,,23.44,,,97.9,26974341930.0,207.77945619335347,233.7,,97.9,203.75,20.1,27.0,20.0,60.0,16.4
ATATR,13.1,13.0,13.29,12.96,13773552.0,1.5503875968992191,180433531.2,10.0,1.3866204883232793,15.0,,,,,,,,0.3928474913611456,,15.76,2026-09-08,,,,0.0,⚠️ ELENDİ (KULUÇKA ŞARTINA UYMUYOR),0.0,,,,,,,,,,,,,,,,,,,9.89,,,,,,,6.3,,9.49,,,20.2,10356712110.0,6.331168831168826,32.5,,20.2,32.75,54.2,10.4,65.0,55.0,21.5
PRKAB,33.66,30.86,33.66,30.86,4814885.0,9.999999999999984,162069029.1,10.0,9.767563332462784,-50.9029065006941,,,,,,,,7.985981820717973,,48.0,2026-09-08,,,,0.0,⚠️ ELENDİ (KULUÇKA ŞARTINA UYMUYOR),0.0,,,,,,,,,,,,,,,,,,,29.94,,,,,,,79.2,,28.74,,,70.95,6601450012.0,-3.8285714285714385,12.4,,70.95,84.15,110.8,6.6,100.0,55.0,100.0
HEKTS,3.01,2.81,3.06,2.78,1172190727.0,7.11743772241992,3528294088.27,10.0,1.540106732978239,-30.7051469723585,,,,,,,,3.4934904731965313,,38.0,2026-09-08,,,,0.0,⚠️ ELENDİ (KULUÇKA ŞARTINA UYMUYOR),0.0,,,,,,,,,,,,,,,,,,,2.57,,,,,,,53.8,,2.47,,,5.13,23688299518.0,-24.371859296482416,17.1,,5.13,7.52,70.4,23.7,100.0,55.0,100.0
KCAER,14.37,14.29,14.51,14.15,8093889.0,0.7007708479327236,116309184.92999999,41.8462434478742,1.8522385404824326,5.08161965165783,,,,,,,,0.6494415981393005,,26.22,2026-09-08,,,,0.0,⚠️ ELENDİ (KULUÇKA ŞARTINA UYMUYOR),0.0,,,,,,,,,,,,,,,,,,,9.99,,,,,,,23.8,,9.59,,,16.9,27327050877.0,4.130434782608685,43.8,,16.9,35.92,17.6,27.3,20.0,30.0,26.2
BRYAT,1699.0,1671.0,1727.0,1641.0,68987.0,1.8585131894484412,117208913.0,10.873112884542772,1.4249495549825508,14.3760330070077,,,,,,,,1.2936477427218602,,29.77,2026-09-08,,,,0.0,🏢 MEGA DEV (3X POTANSİYELİ DÜŞÜK),0.0,,,,,,,,,,,,,,,,,,,1623.0,,,,,,,32.8,,1558.08,,,2722.5,45796791481.0,-30.934959349593495,4.7,,2722.5,4247.5,60.2,45.8,100.0,55.0,54.6
DENGE,2.54,2.57,2.66,2.49,46147860.0,-0.7812500000000007,117215564.4,10.0,1.0015812365190715,-18.9634953177374,,,,,,,,1.6337636949069407,,8.47,2026-09-08,,,,0.0,⚠️ ELENDİ (KULUÇKA ŞARTINA UYMUYOR),0.0,,,,,,,,,,,,,,,,,,,2.1,,,,,,,5.0,,2.02,,,4.25,1535999966.0,-15.333333333333334,21.0,,4.25,6.35,67.3,1.5,100.0,55.0,57.2
MERCN,19.09,18.25,19.43,18.0,6186212.0,4.602739726027397,118094787.08,21.934964954613353,1.275181324238064,6.70906033580682,,,,,,,,1.7721402007629101,,34.69,2026-09-08,,,,0.0,⚠️ ELENDİ (KULUÇKA ŞARTINA UYMUYOR),0.0,,,,,,,,,,,,,,,,,,,15.22,,,,,,,45.3,,14.61,,,41.34,3474269955.0,-56.51480637813212,25.4,,41.34,47.73,116.6,3.5,100.0,30.0,85.0
BLCYT,2.24,2.3,2.3,2.16,53077951.0,-0.444444444444435,118894610.24000001,28.97800776196637,0.45991549052861547,1.8017541176258,,,,,,,,1.0899856875945548,,24.0,2026-09-08,,,,0.0,⚠️ ELENDİ (KULUÇKA ŞARTINA UYMUYOR),0.0,,,,,,,,,,,,,,,,,,,1.838,,,,,,,18.2,,1.76,,,6.19,2235825027.0,4.0892193308550215,21.9,,6.19,5.6,176.3,2.2,100.0,30.0,38.1
OBAMS,5.34,5.29,5.37,5.26,22284816.0,1.5209125475285186,119000917.44,10.0,1.1898475257187549,-14.3548373047789,,,,,,,,0.3953495720068263,,32.73,2026-09-08,,,,0.0,⚠️ ELENDİ (KULUÇKA ŞARTINA UYMUYOR),0.0,,,,,,,,,,,,,,,,,,,4.69,,,,,,,40.4,,4.5,,,9.53,15130551181.0,-31.858510930428242,13.9,,9.53,13.35,78.5,15.1,100.0,55.0,21.4
PRZMA,85.25,77.9,85.8,76.8,1408555.0,9.294871794871796,120079313.75,10.0,13.237228209814337,-25.8732914584295,,,,,,,,0.51591583058418,,44.58,2026-09-08,,,,0.0,⚠️ ELENDİ (KULUÇKA ŞARTINA UYMUYOR),0.0,,,,,,,,,,,,,,,,,,,10.75,,,,,,,70.5,,10.32,,,95.45,6016735474.0,461.96440342781807,693.0,,95.45,213.12,12.0,6.0,20.0,55.0,64.5
VESBE,5.71,5.78,5.87,5.64,21341866.0,-1.2110726643598664,121862054.86,10.0,0.22125599783936348,-14.1013672301764,,,,,,,,0.7079540201709383,,9.04,2026-09-08,,,,0.0,⚠️ ELENDİ (KULUÇKA ŞARTINA UYMUYOR),0.0,,,,,,,,,,,,,,,,,,,5.25,,,,,,,5.0,,5.04,,,12.05,9247999573.0,-52.057094878253565,8.8,,12.05,14.28,111.0,9.2,100.0,55.0,24.8
HLGYO,4.56,4.57,4.66,4.52,26827597.0,0.0,122333842.32,1.3601384000477241,0.26217594535701344,23.7397574584333,,,,,,,,0.7623505702378696,,8.0,2026-09-08,,,,0.0,NÖTR,0.0,,,,,,,,,,,,,,,,,,,3.36,,,,,,,5.0,,3.23,,,6.65,17112310449.0,20.768084381041913,35.7,,6.65,11.4,45.8,17.1,20.0,85.0,26.7
DOAS,166.5,163.5,166.7,163.0,745606.0,1.834862385321101,124143399.0,14.506264266671312,0.4927271548386354,3.74584386729599,,,,,,,,0.9970523273081421,,44.97,2026-09-08,,,,0.0,⚠️ ELENDİ (KULUÇKA ŞARTINA UYMUYOR),0.0,,,,,,,,,,,,,,,,,,,159.1,,,,,,,71.5,,152.74,,,247.0,32373000000.0,-3.7015615962984416,4.7,,247.0,416.25,48.3,32.4,90.0,45.0,44.1
EUREN,3.95,3.87,4.01,3.86,37361536.0,2.0671834625323013,147578067.20000002,117.55952380952382,0.6802053359095034,0.65583507094108,,,,,,,,1.2409689507054376,,25.6,2026-09-08,,,,0.0,⚠️ ELENDİ (KULUÇKA ŞARTINA UYMUYOR),0.0,,,,,,,,,,,,,,,,,,,3.73,,,,,,,22.2,,3.58,,,11.4,8126999760.0,-50.501253132832076,5.9,,11.4,9.88,188.6,8.1,100.0,30.0,53.8
ARCLK,94.35,93.0,94.4,92.5,1340265.0,1.0171306209849984,126454002.74999999,10.0,0.8200604072054062,-3.20926092758056,,,,,,,,0.7321231218199911,,46.53,2026-09-08,,,,0.0,🏢 MEGA DEV (3X POTANSİYELİ DÜŞÜK),0.0,,,,,,,,,,,,,,,,,,,88.8,,,,,,,75.5,,85.25,,,140.8,63113015887.0,-24.399038461538467,6.2,,140.8,235.88,49.2,63.1,90.0,55.0,30.7
ONCSM,175.5,178.0,184.6,171.9,753900.0,-1.1267605633802817,132309450.0,57.95522092332079,8.288279098235234,17.4003111895823,,,,,,,,0.6688759060855287,,7.87,2026-09-08,,,,0.0,⚠️ ELENDİ (KULUÇKA ŞARTINA UYMUYOR),0.0,,,,,,,,,,,,,,,,,,,106.9,,,,,,,5.0,,102.62,,,389.75,4233375068.0000005,42.68292682926829,64.2,,389.75,438.75,122.1,4.2,20.0,30.0,23.4
HKTM,13.14,12.78,13.44,12.62,10081314.0,2.9780564263322944,132468465.96000001,10.0,1.3321735110375745,-21.9504766782517,,,,,,,,0.5726228114984987,,27.51,2026-09-08,,,,0.0,⚠️ ELENDİ (KULUÇKA ŞARTINA UYMUYOR),0.0,,,,,,,,,,,,,,,,,,,10.25,,,,,,,27.1,,9.84,,,17.22,1339800024.0,4.7011952191235045,28.2,,17.22,32.85,31.1,1.3,65.0,55.0,34.9
TABGD,241.6,241.1,247.1,239.3,550257.0,0.2489626556016574,132942091.2,22.584293820166952,2.3616340044016715,12.2193886562881,,,,,,,,0.8117206695603533,,8.51,2026-09-08,,,,0.0,🏢 MEGA DEV (3X POTANSİYELİ DÜŞÜK),0.0,,,,,,,,,,,,,,,,,,,207.4,,,,,,,5.0,,199.1,,,295.0,62971370117.0,15.047619047619046,16.5,,295.0,604.0,22.1,63.0,90.0,30.0,29.7
ESEN,3.46,3.52,3.55,3.4,38585521.0,-2.25988700564972,133505902.66,29.879101899827287,0.3953838365716336,-4.23149320297435,,,,,,,,1.1188747984899918,,14.4,2026-09-08,,,,0.0,⚠️ ELENDİ (KULUÇKA ŞARTINA UYMUYOR),0.0,,,,,,,,,,,,,,,,,,,3.3,,,,,,,5.8,,3.17,,,16.77,6442799931.0,-67.04761904761905,4.8,,16.77,8.65,384.7,6.4,100.0,30.0,39.2
SKYMD,17.11,17.67,17.76,16.16,7925090.0,-0.11675423234091989,135598289.9,10.0,2.272654822119267,-19.0851182264863,,,,,,,,2.3584908889034844,,25.25,2026-09-08,,,,0.0,⚠️ ELENDİ (KULUÇKA ŞARTINA UYMUYOR),0.0,,,,,,,,,,,,,,,,,,,10.8,,,,,,,21.3,,10.37,,,18.54,2655149870.0,13.687707641196004,58.4,,18.54,42.77,8.4,2.7,20.0,55.0,82.5
EGEEN,5537.5,5085.0,5537.5,5037.5,24488.0,9.980139026812314,135602300.0,10.0,1.9112010601807619,-3.01656915105796,,,,,,,,2.1615705105571643,,48.0,2026-09-08,,,,0.0,⚠️ ELENDİ (KULUÇKA ŞARTINA UYMUYOR),0.0,,,,,,,,,,,,,,,,,,,4802.5,,,,,,,79.2,,4610.4,,,8877.5,15860250480.0,-29.029157321371354,15.3,,8877.5,13843.75,60.3,15.9,100.0,55.0,100.0
MOGAN,13.7,13.99,14.07,13.51,10031055.0,-1.8624641833811,137425453.5,10.0,0.3810473182891031,-11.8424300895078,,,,,,,,0.5245359208135507,,11.0,2026-09-08,,,,0.0,⚠️ ELENDİ (KULUÇKA ŞARTINA UYMUYOR),0.0,,,,,,,,,,,,,,,,,,,8.01,,,,,,,5.0,,7.69,,,21.86,34063906518.999996,38.38383838383837,71.0,,21.86,34.25,59.6,34.1,20.0,55.0,18.4
FORTE,114.9,111.9,116.7,111.8,1258914.0,3.141831238779174,144649218.6,2.959494336006924,2.4689034201080906,131.436854892705,,,,,,,,0.6513698638642292,,27.43,2026-09-08,,,,0.0,⚠️ ELENDİ (KULUÇKA ŞARTINA UYMUYOR),0.0,,,,,,,,,,,,,,,,,,,64.55,,,,,,,26.9,,61.97,,,146.1,7463800102.0,62.0592383638928,78.0,,146.1,287.25,27.2,7.5,20.0,100.0,38.5
TRENJ,108.6,105.0,108.6,105.0,1332440.0,3.428571428571423,144702984.0,17.000360044457665,1.7795848192566153,12.7553176698714,,,,,,,,0.845654905600049,,48.0,2026-09-08,,,,0.0,⚠️ ELENDİ (KULUÇKA ŞARTINA UYMUYOR),0.0,,,,,,,,,,,,,,,,,,,57.7,,,,,,,79.2,,55.39,,,122.8,27277483063.0,84.6938775510204,88.2,,122.8,271.5,13.1,27.3,20.0,45.0,46.7
KLRHO,63.0,62.2,64.8,61.9,2308557.0,1.2048192771084338,145439091.0,64.48311156601842,2.7014278976030184,4.88154513834307,,,,,,,,0.9775879365959373,,13.24,2026-09-08,,,,0.0,🏢 MEGA DEV (3X POTANSİYELİ DÜŞÜK),0.0,,,,,,,,,,,,,,,,,,,61.9,,,,,,,5.3,,59.42,,,689.5,101156250000.0,-4.40060698027315,1.8,,689.5,157.5,994.4,101.2,65.0,30.0,40.2
MPARK,426.75,426.5,429.0,420.5,341220.0,0.5892751915144373,145615635.0,13.326359179339848,1.8598905952861502,16.9199976935728,,,,,,,,0.6054158476939657,,33.18,2026-09-08,,,,0.0,🏢 MEGA DEV (3X POTANSİYELİ DÜŞÜK),0.0,,,,,,,,,,,,,,,,,,,304.0,,,,,,,41.5,,291.84,,,514.0,81036928833.0,21.235795454545453,40.4,,514.0,1066.88,20.4,81.0,20.0,45.0,24.1
EKIM,17.88,17.85,17.94,17.73,7059539.0,0.3930376193149932,126224557.32,10.0,2.0,15.0,,,,,,,,0.5319234632709047,,32.0,2026-09-08,,,,0.0,⚠️ ELENDİ (KULUÇKA ŞARTINA UYMUYOR),0.0,,,,,,,,,,,,,,,,,,,17.0,,,,,,,38.5,,16.32,,,30.32,10000000000.0,-37.30715287517532,5.2,,30.32,44.7,69.6,10.0,100.0,55.0,20.6
ORZAX,88.2,88.3,89.25,86.5,2823485.0,0.05672149744752939,249031377.0,10.0,2.0,15.0,,,,,,,,0.5510842598940058,,26.62,2026-09-08,,,,0.0,⚠️ ELENDİ (KULUÇKA ŞARTINA UYMUYOR),0.0,,,,,,,,,,,,,,,,,,,72.15,,,,,,,24.8,,69.26,,,122.3,10000000000.0,16.20553359683794,22.2,,122.3,220.5,38.7,10.0,90.0,55.0,19.6
RYGYO,47.2,44.7,49.18,44.3,5285479.0,5.5456171735241595,249474608.8,5.25068692779193,0.9108582407390612,21.6976044838379,,,,,,,,1.243468792726408,,25.28,2026-09-08,,,,0.0,🏢 MEGA DEV (3X POTANSİYELİ DÜŞÜK),0.0,,,,,,,,,,,,,,,,,,,18.14,,,,,,,21.4,,17.41,,,52.1,89283247701.0,145.067497403946,160.2,,52.1,118.0,10.4,89.3,20.0,70.0,71.2
YEOTK,32.88,32.6,33.28,32.5,7660284.0,-0.48426150121064343,251870137.92000002,12.25539528122554,4.95658465991317,58.2232370664055,,,,,,,,0.582109500449184,,19.28,2026-09-08,,,,0.0,⚠️ ELENDİ (KULUÇKA ŞARTINA UYMUYOR),0.0,,,,,,,,,,,,,,,,,,,13.8152267,,,,,,,7.7,,13.26,,,53.03678358,27423200760.0,114.49062496313447,138.0,,53.04,82.2,61.3,27.4,20.0,90.0,20.4
BRLSM,21.2,19.09,21.2,18.38,11927235.0,9.95850622406638,252857382.0,10.0,2.9407970392277356,-19.104292566848,,,,,,,,0.5152846144000998,,48.0,2026-09-08,,,,0.0,⚠️ ELENDİ (KULUÇKA ŞARTINA UYMUYOR),0.0,,,,,,,,,,,,,,,,,,,12.98,,,,,,,79.2,,12.46,,,27.2,4318720154.0,34.00758533501896,63.3,,27.2,53.0,28.3,4.3,20.0,55.0,67.8
MARTI,2.28,2.07,2.28,2.03,113545559.0,9.615384615384603,258883874.51999998,10.0,0.47743691760025125,-9.11037033586525,,,,,,,,0.5391674574812816,,48.0,2026-09-08,,,,0.0,⚠️ ELENDİ (KULUÇKA ŞARTINA UYMUYOR),0.0,,,,,,,,,,,,,,,,,,,1.29,,,,,,,79.2,,1.24,,,2.81167565,3113137815.0,-13.371682296435246,76.7,,2.81,5.7,23.2,3.1,20.0,55.0,66.9
ISVEA,89.2,78.35,89.9,76.0,2903313.0,7.729468599033823,258975519.6,10.0,2.0,15.0,,,,,,,,0.3743754612780706,,45.18,2026-09-08,,,,0.0,⚠️ ELENDİ (KULUÇKA ŞARTINA UYMUYOR),0.0,,,,,,,,,,,,,,,,,,,22.52,,,,,,,72.0,,21.62,,,95.05,23184000854.0,288.16362053959966,296.1,,95.05,223.0,6.6,23.2,20.0,55.0,51.8
PAHOL,1.32,1.31,1.33,1.29,197768468.0,0.7633587786259549,261054377.76000002,12.680115273775217,0.5758207627007739,15.0,,,,,,,,0.9676982048656544,,34.0,2026-09-08,,,,0.0,⚠️ ELENDİ (KULUÇKA ŞARTINA UYMUYOR),0.0,,,,,,,,,,,,,,,,,,,1.28,,,,,,,43.6,,1.23,,,1.99,26199998856.0,-19.999999999999993,3.1,,1.99,3.3,50.8,26.2,65.0,45.0,37.7
MIATK,37.12,37.12,37.12,37.12,7104426.0,9.952606635071088,263716293.11999997,10.0,3.04429981104346,-25.9314338186004,,,,,,,,0.43680247177008996,,20.0,2026-09-08,,,,0.0,⚠️ ELENDİ (KULUÇKA ŞARTINA UYMUYOR),0.0,,,,,,,,,,,,,,,,,,,26.76,,,,,,,8.0,,25.69,,,57.85,16677439171.000002,-12.986404125644631,38.7,,57.85,92.8,55.8,16.7,20.0,55.0,65.1
TRHOL,3587.5,3620.0,3635.0,3575.0,73520.0,-1.7123287671232876,263753000.0,23.079526096108616,22.75438771193294,196.206662435691,,,,,,,,0.21747702396063348,,3.67,2026-09-08,,,,0.0,🏢 MEGA DEV (3X POTANSİYELİ DÜŞÜK),0.0,,,,,,,,,,,,,,,,,,,191.9,,,,,,,5.0,,184.22,,,3662.5,109500000000.0,1252.497643732328,1769.5,,3662.5,8968.75,2.1,109.5,20.0,75.0,10.0
BINHO,9.58,9.18,9.65,9.08,27603466.0,4.357298474945537,264441204.28,10.0,0.8626263099223637,-28.3285437754834,,,,,,,,0.9403374942823336,,41.12,2026-09-08,,,,0.0,⚠️ ELENDİ (KULUÇKA ŞARTINA UYMUYOR),0.0,,,,,,,,,,,,,,,,,,,7.98,,,,,,,61.7,,7.66,,,12.48,11843577618.0,-25.039123630672922,20.1,,12.48,23.95,30.3,11.8,90.0,55.0,54.7
GEREL,40.06,40.8,41.38,39.76,6621632.0,-1.813725490196066,265262577.92000002,24.28173111892351,3.6287678132099472,25.9052982329303,,,,,,,,1.0926223661502796,,2.37,2026-09-08,,,,0.0,⚠️ ELENDİ (KULUÇKA ŞARTINA UYMUYOR),0.0,,,,,,,,,,,,,,,,,,,15.76,,,,,,,5.0,,15.13,,,47.24,15196996151.0,90.03795066413664,154.2,,47.24,100.15,17.9,15.2,20.0,60.0,38.2
KARTN,170.4,160.8,174.5,158.5,1077153.0,5.772811918063322,183546871.20000002,10.0,4.377251240349626,-18.3734765991418,,,,,,,,0.9437526229880229,,33.65,2026-09-08,,,,0.0,⚠️ ELENDİ (KULUÇKA ŞARTINA UYMUYOR),0.0,,,,,,,,,,,,,,,,,,,61.65,,,,,,,42.7,,59.18,,,238.3,12082500458.0,96.88041594454073,176.4,,238.3,426.0,39.8,12.1,20.0,55.0,61.9
BORLS,3.0,3.32,3.32,3.0,90902242.0,-9.909909909909912,272706726.0,10.0,2.0,-2642.0879968264,,,,,,,,3.479211690855025,,8.0,2026-09-08,,,,0.0,⚠️ ELENDİ (KULUÇKA ŞARTINA UYMUYOR),0.0,,,,,,,,,,,,,,,,,,,2.59,,,,,,,5.0,,2.49,,,33.16,2330999947.0,-87.5,15.8,,33.16,7.5,1005.3,2.3,100.0,55.0,100.0
CANTE,1.33,1.31,1.33,1.3,207456268.0,1.5267175572519098,275916836.44,10.0,0.4192092389933936,-8.69874510729253,,,,,,,,0.4106219376012029,,48.0,2026-09-08,,,,0.0,⚠️ ELENDİ (KULUÇKA ŞARTINA UYMUYOR),0.0,,,,,,,,,,,,,,,,,,,1.17,,,,,,,79.2,,1.12,,,2.41322535,13099995590.0,-33.259829489803714,13.7,,2.41,3.33,81.2,13.1,100.0,55.0,22.0
OYAKC,22.18,21.88,22.5,21.82,12717910.0,1.371115173674592,282083243.8,15.248178193317752,1.4137140460585231,11.0453304186396,,,,,,,,0.6338976100380733,,21.65,2026-09-08,,,,0.0,🏢 MEGA DEV (3X POTANSİYELİ DÜŞÜK),0.0,,,,,,,,,,,,,,,,,,,19.4,,,,,,,12.2,,18.62,,,28.56,106373023986.0,5.3181386514719895,14.3,,28.56,55.45,28.8,106.4,90.0,45.0,29.0
KBORU,18.72,17.9,19.17,17.5,15143933.0,5.050505050505043,283494425.76,39.42712721145745,1.9781536598484473,5.83779784694285,,,,,,,,0.6967359652721408,,32.91,2026-09-08,,,,0.0,⚠️ ELENDİ (KULUÇKA ŞARTINA UYMUYOR),0.0,,,,,,,,,,,,,,,,,,,13.02,,,,,,,40.8,,12.5,,,28.24,10691999817.0,24.799999999999994,43.8,,28.24,46.8,50.9,10.7,20.0,30.0,49.6
DAPGM,8.1,7.92,8.2,7.82,35759510.0,2.2727272727272694,289652031.0,27.090301003344482,1.2124659461724994,5.19977862396511,,,,,,,,0.3767141409083638,,33.26,2026-09-08,,,,0.0,⚠️ ELENDİ (KULUÇKA ŞARTINA UYMUYOR),0.0,,,,,,,,,,,,,,,,,,,7.3,,,,,,,41.7,,7.01,,,19.27,20988000202.0,-56.56836461126006,11.0,,19.27,20.25,137.9,21.0,100.0,30.0,24.5
CIMSA,45.76,44.94,45.76,44.7,6386987.0,1.8246550956831338,292268525.12,10.839748904417862,1.1569637791453233,12.0224419124516,,,,,,,,0.7301649771511747,,48.0,2026-09-08,,,,0.0,🏢 MEGA DEV (3X POTANSİYELİ DÜŞÜK),0.0,,,,,,,,,,,,,,,,,,,41.18,,,,,,,79.2,,39.53,,,60.0,42494863881.0,3.2957110609480833,11.1,,60.0,114.4,31.1,42.5,90.0,55.0,34.7
EKDMR,46.98,47.1,47.78,46.36,6329402.0,-0.042553191489368355,297355305.96,10.0,0.8826815180619034,15.0,,,,,,,,0.8248680044144643,,16.45,2026-09-08,,,,0.0,⚠️ ELENDİ (KULUÇKA ŞARTINA UYMUYOR),0.0,,,,,,,,,,,,,,,,,,,42.5,,,,,,,6.6,,40.8,,,72.35,15040000000.0,-5.090909090909097,10.5,,72.35,117.45,54.0,15.0,90.0,55.0,28.9
SDTTR,21.68,21.7,22.72,21.1,13997268.0,0.9310986964618215,303460770.24,117.3795343800758,4.811341272342332,4.75837685590879,,,,,,,,1.2351622561660307,,12.05,2026-09-08,,,,0.0,⚠️ ELENDİ (KULUÇKA ŞARTINA UYMUYOR),0.0,,,,,,,,,,,,,,,,,,,15.7545297,,,,,,,5.0,,15.12,,,27.2727,13704239708.0,23.821515306458203,37.6,,27.27,54.2,25.8,13.7,20.0,30.0,47.9
BAHKM,164.8,168.7,175.7,164.0,1877207.0,-2.311796087729684,309363713.6,10.0,6.449613179753225,-17.7412000058965,,,,,,,,0.8271294814558148,,4.17,2026-09-08,,,,0.0,⚠️ ELENDİ (KULUÇKA ŞARTINA UYMUYOR),0.0,,,,,,,,,,,,,,,,,,,46.74,,,,,,,5.0,,44.87,,,176.2,9278499832.0,192.19858156028369,252.6,,176.2,412.0,6.9,9.3,20.0,55.0,28.9
ALARK,114.4,113.9,114.6,112.6,2735416.0,0.4389815627743635,312931590.40000004,6.961559291916925,0.5214217274428358,8.48918625901478,,,,,,,,0.55975834558714,,42.4,2026-09-08,,,,0.0,🏢 MEGA DEV (3X POTANSİYELİ DÜŞÜK),0.0,,,,,,,,,,,,,,,,,,,75.3,,,,,,,65.0,,72.29,,,117.0,46647490490.0,44.35331230283912,51.9,,117.0,286.0,2.3,46.6,20.0,55.0,21.8
NETCD,120.0,119.3,122.4,119.0,2608222.0,0.8403361344537815,312986640.0,10.0,4.614676440038624,15.0,,,,,,,,0.7420234714365763,,8.47,2026-09-08,,,,0.0,⚠️ ELENDİ (KULUÇKA ŞARTINA UYMUYOR),0.0,,,,,,,,,,,,,,,,,,,50.6,,,,,,,5.0,,48.58,,,198.7,16303000000.0,137.15415019762847,137.2,,198.7,300.0,65.6,16.3,20.0,55.0,30.2
METEN,19.23,19.35,19.66,18.82,16626216.0,-0.620155038759695,319722133.68,10.0,2.0,15.0,,,,,,,,0.43106444742520744,,19.33,2026-09-08,,,,0.0,⚠️ ELENDİ (KULUÇKA ŞARTINA UYMUYOR),0.0,,,,,,,,,,,,,,,,,,,17.45,,,,,,,7.7,,16.75,,,30.86,12287250242.0,-12.590909090909088,10.2,,30.86,48.08,60.5,12.3,100.0,55.0,15.1
BESTE,33.2,34.26,34.48,33.0,8176491.0,-0.7770472205618589,271459501.20000005,10.0,1.2448350593546356,15.0,,,,,,,,1.1781861161755471,,0.43,2026-09-08,,,,0.0,⚠️ ELENDİ (KULUÇKA ŞARTINA UYMUYOR),0.0,,,,,,,,,,,,,,,,,,,16.17,,,,,,,5.0,,15.52,,,49.7,6297339300.0,105.31849103277673,105.3,,49.7,83.0,49.7,6.3,20.0,55.0,41.2
NETAS,94.65,99.7,104.5,94.25,1960988.0,-5.065195586760278,185607514.20000002,10.0,2.0,15.0,,,,,,,,0.6324115311805625,,5.81,2026-09-08,,,,0.0,⚠️ ELENDİ (KULUÇKA ŞARTINA UYMUYOR),0.0,,,,,,,,,,,,,,,,,,,52.45,,,,,,,5.0,,50.35,,,109.6,6467020312.0,22.92207792207793,80.5,,109.6,236.62,15.8,6.5,20.0,55.0,22.1
KONYA,4042.5,3857.5,4125.0,3840.0,46112.0,5.410691003911343,186407760.0,56.74313362464049,3.7275541076263132,7.75529251447524,,,,,,,,3.627866724361748,,31.79,2026-09-08,,,,0.0,⚠️ ELENDİ (KULUÇKA ŞARTINA UYMUYOR),0.0,,,,,,,,,,,,,,,,,,,3595.0,,,,,,,38.0,,3451.2,,,5410.0,18689641590.0,-18.41574167507568,12.4,,5410.0,10106.25,33.8,18.7,90.0,30.0,100.0
SMRTG,8.47,8.8,8.87,8.37,22738405.0,-4.293785310734452,192594290.35000002,85.12562814070353,2.8995231362775877,4.03965078967363,,,,,,,,0.8670845519287109,,3.2,2026-09-08,,,,0.0,⚠️ ELENDİ (KULUÇKA ŞARTINA UYMUYOR),0.0,,,,,,,,,,,,,,,,,,,6.27,,,,,,,5.0,,6.02,,,13.33,16081512650.0,-9.508456517003514,35.1,,13.33,21.18,57.4,16.1,20.0,30.0,30.3
KZGYO,26.28,23.4,26.28,23.18,7373181.0,9.95815899581591,193767196.68,10.0,0.3850887425870783,-4.45741308941323,,,,,,,,2.78425159017155,,48.0,2026-09-08,,,,0.0,⚠️ ELENDİ (KULUÇKA ŞARTINA UYMUYOR),0.0,,,,,,,,,,,,,,,,,,,19.13,,,,,,,79.2,,18.36,,,29.2,4779999924.0,6.224737267582873,37.4,,29.2,65.7,11.1,4.8,20.0,55.0,100.0
BORSK,6.9,6.82,7.13,6.78,28176970.0,1.4705882352941255,194421093.0,10.0,0.8486510752655111,-5.50180500365222,,,,,,,,2.545143097722552,,11.2,2026-09-08,,,,0.0,⚠️ ELENDİ (KULUÇKA ŞARTINA UYMUYOR),0.0,,,,,,,,,,,,,,,,,,,5.35,,,,,,,5.0,,5.14,,,8.06,6521845984.0,13.022113022113022,29.0,,8.06,17.25,16.8,6.5,65.0,55.0,96.4
ZGYO,23.58,21.3,23.64,21.3,8276808.0,9.674418604651155,195167132.64,10.0,1.219760744809292,15.0,,,,,,,,0.8313445270171193,,46.56,2026-09-08,,,,0.0,⚠️ ELENDİ (KULUÇKA ŞARTINA UYMUYOR),0.0,,,,,,,,,,,,,,,,,,,10.21,,,,,,,75.5,,9.8,,,45.44,4525582730.0,119.5530726256983,131.0,,45.44,58.95,92.7,4.5,20.0,55.0,77.5
GOLDA,12.5,12.15,12.6,12.04,15741230.0,1.2145748987854281,196765375.0,10.0,2.0,15.0,,,,,,,,0.5502658422300942,,38.0,2026-09-08,,,,0.0,⚠️ ELENDİ (KULUÇKA ŞARTINA UYMUYOR),0.0,,,,,,,,,,,,,,,,,,,10.12,,,,,,,53.8,,9.72,,,19.69,3087500095.0,23.51778656126483,23.5,,19.69,31.25,57.5,3.1,90.0,55.0,25.3
DMRGD,10.46,10.6,10.93,10.4,18923690.0,-1.3207547169811207,197941797.4,89.47818648417451,7.33582068617275,8.63924314081493,,,,,,,,0.5305225211831142,,1.66,2026-09-08,,,,0.0,⚠️ ELENDİ (KULUÇKA ŞARTINA UYMUYOR),0.0,,,,,,,,,,,,,,,,,,,2.7825,,,,,,,5.0,,2.67,,,14.03,15713440824.0,179.4923179692719,275.9,,14.03,26.15,34.1,15.7,20.0,30.0,18.6
BOBET,23.66,23.74,24.16,23.24,8426354.0,-0.5882352941176494,199367535.64000002,10.0,1.2522255318518332,-14.7450464929952,,,,,,,,1.1604283935451383,,17.57,2026-09-08,,,,0.0,⚠️ ELENDİ (KULUÇKA ŞARTINA UYMUYOR),0.0,,,,,,,,,,,,,,,,,,,17.6,,,,,,,7.0,,16.9,,,25.52,9043999710.0,17.36111111111111,34.4,,25.52,59.15,7.9,9.0,65.0,55.0,40.6
HUNER,3.79,3.9,3.97,3.76,53129957.0,-2.8205128205128176,201362537.03,10.0,0.7423483278554948,-6.91801127402945,,,,,,,,1.197651836779451,,0.0,2026-09-08,,,,0.0,⚠️ ELENDİ (KULUÇKA ŞARTINA UYMUYOR),0.0,,,,,,,,,,,,,,,,,,,2.93,,,,,,,5.0,,2.81,,,4.26,3900000095.0,-2.8205128205128176,29.4,,4.26,9.47,12.4,3.9,65.0,55.0,41.9
IEYHO,220.0,218.1,220.7,217.9,932323.0,1.3824884792626728,205111060.0,10.0,57.96383583587804,-36.4314001799013,,,,,,,,0.6838998627465983,,34.0,2026-09-08,,,,0.0,🏢 MEGA DEV (3X POTANSİYELİ DÜŞÜK),0.0,,,,,,,,,,,,,,,,,,,13.79,,,,,,,43.6,,13.24,,,220.7,106566866943.0,1594.915254237288,1495.4,,220.7,550.0,0.3,106.6,20.0,55.0,30.8
AGHOL,34.94,33.72,35.24,33.72,7084985.0,1.1580775911986063,247549375.89999998,19.102290744081788,0.6414000805513324,3.94764331491178,,,,,,,,1.2460520204692775,,36.95,2026-09-08,,,,0.0,🏢 MEGA DEV (3X POTANSİYELİ DÜŞÜK),0.0,,,,,,,,,,,,,,,,,,,23.9,,,,,,,51.1,,22.94,,,37.78,84116825950.0,29.311621021465573,46.2,,37.78,87.35,8.1,84.1,20.0,45.0,49.4
QUICK,62.5,61.15,63.5,60.3,3411876.0,1.6260162601626018,213242250.0,10.0,1.2029571574026134,15.0,,,,,,,,0.6178316049626574,,30.5,2026-09-08,,,,0.0,🏢 MEGA DEV (3X POTANSİYELİ DÜŞÜK),0.0,,,,,,,,,,,,,,,,,,,59.4,,,,,,,34.7,,57.02,,,84.25,48400500000.0,-18.40731070496083,5.2,,84.25,156.25,34.8,48.4,90.0,55.0,29.8
TCKRC,141.4,137.5,142.6,137.5,1531616.0,2.8363636363636404,216570502.4,12.675134684511058,3.3038865294891737,34.2345615681693,,,,,,,,0.6168950797935542,,34.82,2026-09-08,,,,0.0,⚠️ ELENDİ (KULUÇKA ŞARTINA UYMUYOR),0.0,,,,,,,,,,,,,,,,,,,41.0,,,,,,,45.7,,39.36,,,177.2,23201033211.0,194.58333333333334,244.9,,177.2,353.5,25.3,23.2,20.0,75.0,35.8
TATEN,7.85,7.5,7.89,7.41,28072794.0,4.666666666666662,220371432.89999998,10.0,1.6189873182764076,-3.49740028671485,,,,,,,,1.1560858706511659,,43.33,2026-09-08,,,,0.0,⚠️ ELENDİ (KULUÇKA ŞARTINA UYMUYOR),0.0,,,,,,,,,,,,,,,,,,,7.41,,,,,,,67.3,,7.11,,,23.8875,8407911986.999999,-43.16742081447964,5.9,,23.89,19.62,204.3,8.4,100.0,55.0,63.8
INFO,4.64,4.63,4.78,4.47,47746801.0,0.4329004329004236,221545156.64,10.0,1.0776012225200076,15.0,,,,,,,,0.7738487146086224,,22.71,2026-09-08,,,,0.0,⚠️ ELENDİ (KULUÇKA ŞARTINA UYMUYOR),0.0,,,,,,,,,,,,,,,,,,,3.01,,,,,,,14.9,,2.89,,,8.92,4436752203.0,22.105263157894733,54.2,,8.92,11.6,92.2,4.4,20.0,55.0,29.2
GENIL,11.61,11.37,11.72,11.25,19187194.0,2.200704225352113,222763322.34,42.32592052497266,3.990719257540603,11.203940499913,,,,,,,,0.5947018056841923,,34.89,2026-09-08,,,,0.0,🏢 MEGA DEV (3X POTANSİYELİ DÜŞÜK),0.0,,,,,,,,,,,,,,,,,,,7.12,,,,,,,45.9,,6.84,,,14.933184,51119998455.0,3.661750903223316,63.1,,14.93,29.02,28.6,51.1,20.0,30.0,31.8
CATES,61.7,66.0,66.1,59.7,3673001.0,-4.930662557781205,226624161.70000002,5.569949355889974,0.6894544203023655,15.0371644035297,,,,,,,,1.0580814542742287,,9.5,2026-09-08,,,,0.0,⚠️ ELENDİ (KULUÇKA ŞARTINA UYMUYOR),0.0,,,,,,,,,,,,,,,,,,,29.46,,,,,,,5.0,,28.28,,,73.0,10721480054.0,79.98833138856476,109.4,,73.0,154.25,18.3,10.7,20.0,55.0,37.0
TMPOL,343.5,345.25,354.25,343.25,678466.0,0.0,233053071.0,10.0,5.195860495002898,-12.1489498754263,,,,,,,,0.4003483825055807,,6.73,2026-09-08,,,,0.0,⚠️ ELENDİ (KULUÇKA ŞARTINA UYMUYOR),0.0,,,,,,,,,,,,,,,,,,,121.7,,,,,,,5.0,,116.83,,,703.0,4869112566.0,173.70517928286853,182.3,,703.0,858.75,104.7,4.9,20.0,55.0,14.0
HRKET,86.9,85.6,88.55,83.7,2693370.0,2.175191064079963,234053853.00000003,10.0,1.2510120385075616,-17.568598707439,,,,,,,,2.2355694229064005,,28.95,2026-09-08,,,,0.0,⚠️ ELENDİ (KULUÇKA ŞARTINA UYMUYOR),0.0,,,,,,,,,,,,,,,,,,,58.15,,,,,,,30.8,,55.82,,,142.9,9797760092.0,10.000000000000007,49.4,,142.9,217.25,64.4,9.8,20.0,55.0,89.1
GMTAS,48.7,47.06,50.8,46.94,4817039.0,3.4849128771780715,234589799.3,10.0,3.173740458413247,-2.3225938462331,,,,,,,,1.4517204541265476,,17.53,2026-09-08,,,,0.0,⚠️ ELENDİ (KULUÇKA ŞARTINA UYMUYOR),0.0,,,,,,,,,,,,,,,,,,,11.38892547,,,,,,,7.0,,10.93,,,54.9,14118000412.0,341.091529700516,327.6,,54.9,121.75,12.7,14.1,20.0,55.0,68.2
AKFYE,24.12,22.6,24.26,22.52,9815907.0,7.2953736654804295,236759676.84,11.327666369229323,0.4127832750895904,4.46642791828936,,,,,,,,1.697854311096351,,43.49,2026-09-08,,,,0.0,⚠️ ELENDİ (KULUÇKA ŞARTINA UYMUYOR),0.0,,,,,,,,,,,,,,,,,,,16.23,,,,,,,67.7,,15.58,,,29.34,26907717001.0,37.828571428571436,48.6,,29.34,60.3,21.6,26.9,20.0,55.0,95.9
SOKM,58.3,58.0,59.3,57.6,4194058.0,0.51724137931034,244513581.39999998,10.0,0.8637403007001481,-6.73875323563156,,,,,,,,0.9864909761668347,,15.06,2026-09-08,,,,0.0,⚠️ ELENDİ (KULUÇKA ŞARTINA UYMUYOR),0.0,,,,,,,,,,,,,,,,,,,34.36,,,,,,,6.0,,32.99,,,70.25,34410818726.0,56.63621708758732,69.7,,70.25,145.75,20.5,34.4,20.0,55.0,37.1
PSGYO,3.13,3.11,3.14,3.02,78701829.0,0.9677419354838646,246336724.76999998,6.693755346449957,0.5071412947495483,7.94952628156929,,,,,,,,0.630302838491171,,43.33,2026-09-08,,,,0.0,⚠️ ELENDİ (KULUÇKA ŞARTINA UYMUYOR),0.0,,,,,,,,,,,,,,,,,,,2.02,,,,,,,67.3,,1.94,,,4.27,21346127078.0,-11.830985915492956,55.0,,4.27,7.82,36.4,21.3,20.0,55.0,26.9
GOKNR,18.56,16.97,18.66,16.94,11093960.0,9.36947554507955,205903897.6,15.17952073280445,0.5967444631534408,4.49147321918011,,,,,,,,2.0712437996419317,,44.74,2026-09-08,,,,0.0,⚠️ ELENDİ (KULUÇKA ŞARTINA UYMUYOR),0.0,,,,,,,,,,,,,,,,,,,16.5,,,,,,,70.9,,15.84,,,28.92,5939499760.0,-18.881118881118883,12.5,,28.92,46.4,55.8,5.9,90.0,45.0,100.0
