ticker,year,period,net_income,equity,revenue,op_profit,paid_in,fin_debt
AGHOL,2023,12,71124845000.0,259277769000.0,542096480000.0,0.0,243535000.0,123363164000.0
AGHOL,2023,9,54113378000.0,92527886000.0,397822592000.0,0.0,243535000.0,76362685000.0
AGHOL,2023,6,26521504000.0,82190680000.0,258576425000.0,0.0,243535000.0,71926906000.0
AGHOL,2023,3,10018550000.0,61436425000.0,104458758000.0,0.0,243535000.0,59462188000.0
AGHOL,2022,12,37271068000.0,169431857000.0,319647531000.0,0.0,243535000.0,89576768000.0
AGHOL,2022,9,8309556000.0,64826882000.0,126611005000.0,0.0,243535000.0,54328321000.0
AGHOL,2022,6,3696596000.0,58504066000.0,71299894000.0,0.0,243535000.0,48980870000.0
AGHOL,2022,3,-63328000.0,40352593000.0,27737245000.0,0.0,243535000.0,45212158000.0
AGHOL,2021,12,3541929000.0,39322902000.0,81368494000.0,0.0,243535000.0,34862959000.0
AGHOL,2021,9,3330898000.0,29389025000.0,58376719000.0,0.0,243535000.0,26593728000.0
AGHOL,2021,6,2083889000.0,27572931000.0,35486336000.0,0.0,243535000.0,29956236000.0
AGHOL,2021,3,1086167000.0,26510148000.0,15137942000.0,0.0,243535000.0,25792719000.0
AGHOL,2020,12,542575000.0,24194688000.0,62081493000.0,0.0,243535000.0,25796891000.0
AGHOL,2020,9,573453000.0,24989512000.0,45774830000.0,0.0,243535000.0,26462028000.0
AGHOL,2020,6,-422833000.0,23639263000.0,27422492000.0,0.0,243535000.0,26162927000.0
AGHOL,2020,3,-801304000.0,21248013000.0,12350595000.0,0.0,243535000.0,26439256000.0
AGHOL,2019,12,1260856000.0,23971582000.0,44781682000.0,0.0,243535000.0,23955770000.0
AGHOL,2019,9,1548598000.0,21587927000.0,32279812000.0,0.0,243535000.0,23818155000.0
AGHOL,2019,6,581373000.0,21425460000.0,17599528000.0,0.0,243535000.0,25039283000.0
AGHOL,2019,3,-667533000.0,22428642000.0,5291753000.0,0.0,243535000.0,17552586000.0
AGHOL,2018,12,-1103479000.0,21653763000.0,23981255000.0,0.0,243535000.0,16322787000.0
AGHOL,2018,9,-1470740000.0,26032927000.0,18138295000.0,0.0,243535000.0,21315263000.0
AGHOL,2018,6,-637072000.0,22955689000.0,10436742000.0,0.0,243535000.0,17504341000.0
AGHOL,2018,3,-456906000.0,21666432000.0,3868865000.0,0.0,243535000.0,15530427000.0
AGHOL,2017,12,105637000.0,17265790000.0,17163686000.0,0.0,243535000.0,14112520000.0
AGHOL,2017,9,768878000.0,4726854000.0,13220174000.0,0.0,160000000.0,5054311000.0
AGHOL,2017,6,509670000.0,4765399000.0,8007503000.0,0.0,160000000.0,4852349000.0
AGHOL,2017,3,268500000.0,5037260000.0,3241394000.0,0.0,160000000.0,4066848000.0
AGHOL,2016,12,-411004000.0,4470532000.0,14149931000.0,0.0,160000000.0,3680676000.0
AGHOL,2016,9,-74260000.0,4381024000.0,2226678000.0,0.0,160000000.0,4493710000.0
AGHOL,2016,6,7313000.0,4391149000.0,1499649000.0,0.0,160000000.0,4027363000.0
AGHOL,2016,3,-16527000.0,4295728000.0,733756000.0,0.0,160000000.0,3835961000.0
AGHOL,2015,12,-280005000.0,4317210000.0,2592183000.0,0.0,160000000.0,3705042000.0
AGHOL,2015,9,-410146000.0,4350187000.0,1916362000.0,0.0,160000000.0,4157645000.0
AGHOL,2015,6,78171000.0,4740183000.0,1256071000.0,0.0,160000000.0,2357886000.0
AGHOL,2015,3,-1108000.0,4618005000.0,546058000.0,0.0,160000000.0,2025132000.0
AGHOL,2014,12,-26772000.0,4467876000.0,1989732000.0,0.0,160000000.0,1799365000.0
AGHOL,2014,9,218235000.0,5014285000.0,1416293000.0,0.0,160000000.0,1994676000.0
AGHOL,2014,6,134686000.0,4960390000.0,906223000.0,0.0,160000000.0,1710354000.0
AGHOL,2014,3,5525000.0,4867605000.0,391971000.0,0.0,160000000.0,1505300000.0
AGHOL,2013,12,1453980000.0,4938582000.0,1630694000.0,0.0,160000000.0,1179382000.0
AGHOL,2013,9,1482077000.0,4848363000.0,1203602000.0,0.0,160000000.0,1092188000.0
AGHOL,2013,6,878532000.0,4260087000.0,795121000.0,0.0,160000000.0,913541000.0
AGHOL,2013,3,809515000.0,4182140000.0,341058000.0,0.0,160000000.0,692679000.0
AGHOL,2012,12,1026475000.0,3475600000.0,1423523000.0,0.0,160000000.0,799845000.0
AGHOL,2012,9,1020808000.0,3426843000.0,1077809000.0,0.0,160000000.0,607985000.0
AGHOL,2012,6,910836000.0,3269354000.0,706237000.0,0.0,160000000.0,526109000.0
AGHOL,2012,3,769263000.0,3269857000.0,290482000.0,0.0,160000000.0,517317000.0
AGHOL,2011,12,172323000.0,2536802000.0,1127689000.0,0.0,160000000.0,319668000.0
AGHOL,2011,9,165434000.0,2526411000.0,823728000.0,0.0,160000000.0,454231000.0
AGHOL,2011,6,118280000.0,2450027000.0,536725000.0,0.0,160000000.0,371896000.0
AGHOL,2011,3,37966000.0,2371273000.0,237895000.0,0.0,160000000.0,308063000.0
AEFES,2023,12,48427296000.0,187516402000.0,230829114000.0,0.0,592105000.0,85282035000.0
AEFES,2023,9,36338059000.0,81201685000.0,179026728000.0,0.0,592105000.0,52404194000.0
AEFES,2023,6,15027594000.0,73822378000.0,108651986000.0,0.0,592105000.0,51017543000.0
AEFES,2023,3,5622563000.0,56254565000.0,44914937000.0,0.0,592105000.0,40187377000.0
AEFES,2022,12,23003578000.0,134725218000.0,155060052000.0,0.0,592105000.0,61908769000.0
AEFES,2022,9,5427065000.0,61376976000.0,68053082000.0,0.0,592105000.0,38414524000.0
AEFES,2022,6,2258929000.0,56268766000.0,38297916000.0,0.0,592105000.0,34695991000.0
AEFES,2022,3,-209790000.0,40220641000.0,13767417000.0,0.0,592105000.0,29718612000.0
AEFES,2021,12,2367266000.0,39332493000.0,39284384000.0,0.0,592105000.0,21246330000.0
AEFES,2021,9,2425557000.0,29333268000.0,28333587000.0,0.0,592105000.0,14565593000.0
AEFES,2021,6,1336207000.0,27704083000.0,16546562000.0,0.0,592105000.0,17571009000.0
AEFES,2021,3,416618000.0,27124148000.0,6159333000.0,0.0,592105000.0,13381665000.0
AEFES,2020,12,1452910000.0,25014728000.0,26742693000.0,0.0,592105000.0,12164614000.0
AEFES,2020,9,1269745000.0,25692897000.0,20323648000.0,0.0,592105000.0,12511613000.0
AEFES,2020,6,324675000.0,24780277000.0,11583735000.0,0.0,592105000.0,11477664000.0
AEFES,2020,3,-354288000.0,22161771000.0,4513520000.0,0.0,592105000.0,11607155000.0
AEFES,2019,12,1308595000.0,24380300000.0,23076564000.0,0.0,592105000.0,10550041000.0
AEFES,2019,9,1169882000.0,22821899000.0,18064482000.0,0.0,592105000.0,9971712000.0
AEFES,2019,6,280638000.0,22703567000.0,11026562000.0,0.0,592105000.0,10193356000.0
AEFES,2019,3,-336387000.0,22453053000.0,3913279000.0,0.0,592105000.0,10498434000.0
AEFES,2018,12,98886000.0,21322274000.0,18689686000.0,0.0,592105000.0,9544442000.0
AEFES,2018,9,-63516000.0,25990458000.0,14364132000.0,0.0,592105000.0,13857845000.0
AEFES,2018,6,-9141000.0,21695410000.0,8042943000.0,0.0,592105000.0,10768906000.0
AEFES,2018,3,-147642000.0,20369622000.0,2709332000.0,0.0,592105000.0,9593413000.0
AEFES,2017,12,305889000.0,15665595000.0,12732359000.0,0.0,592105000.0,8509490000.0
AEFES,2017,9,596526000.0,15381452000.0,10188584000.0,0.0,592105000.0,8146532000.0
AEFES,2017,6,190535000.0,14900898000.0,6182204000.0,0.0,592105000.0,6372082000.0
AEFES,2017,3,-147204000.0,15384530000.0,2425697000.0,0.0,592105000.0,6424785000.0
AEFES,2016,12,-40055000.0,14817022000.0,10420257000.0,0.0,592105000.0,6183273000.0
AEFES,2016,9,582233000.0,13564090000.0,8264994000.0,0.0,592105000.0,5417589000.0
AEFES,2016,6,351109000.0,12948981000.0,5021962000.0,0.0,592105000.0,5331594000.0
AEFES,2016,3,49508000.0,12518831000.0,1933242000.0,0.0,592105000.0,5270859000.0
AEFES,2015,12,-137154000.0,12573505000.0,10205146000.0,0.0,592105000.0,5383216000.0
AEFES,2015,9,-116753000.0,13231693000.0,8259956000.0,0.0,592105000.0,5838268000.0
AEFES,2015,6,-19616000.0,12705683000.0,5074678000.0,0.0,592105000.0,5299058000.0
AEFES,2015,3,-282757000.0,12378827000.0,1931029000.0,0.0,592105000.0,5046228000.0
AEFES,2014,12,-331554000.0,11823939000.0,10021383000.0,0.0,592105000.0,4506798000.0
AEFES,2014,9,444262000.0,13556418000.0,8170205000.0,0.0,592105000.0,4221260000.0
AEFES,2014,6,345837000.0,13461024000.0,5123518000.0,0.0,592105000.0,4247150000.0
AEFES,2014,3,-100847000.0,13137129000.0,2006437000.0,0.0,592105000.0,4743382000.0
AEFES,2013,12,2852990000.0,13461926000.0,9195773000.0,0.0,592105000.0,3838859000.0
AEFES,2013,9,3161482000.0,10970349000.0,7361081000.0,0.0,592105000.0,3787167000.0
AEFES,2013,6,2912600000.0,10363098000.0,4563472000.0,0.0,592105000.0,3939808000.0
AEFES,2013,3,2719133000.0,10248234000.0,1698106000.0,0.0,592105000.0,3648081000.0
AEFES,2012,12,630794000.0,6772394000.0,4319725000.0,0.0,592105000.0,2052063000.0
AEFES,2012,9,605253000.0,6685339000.0,3394373000.0,0.0,592105000.0,2467740000.0
AEFES,2012,6,349326000.0,6221537000.0,2239985000.0,0.0,592105000.0,2215241000.0
AEFES,2012,3,106092000.0,6557605000.0,772590000.0,0.0,592105000.0,2348088000.0
AEFES,2011,12,359472000.0,3206880000.0,4761266000.0,0.0,450000000.0,2099477000.0
AEFES,2011,9,341150000.0,3163256000.0,3730917000.0,0.0,450000000.0,2010890000.0
AEFES,2011,6,249839000.0,3004095000.0,2281899000.0,0.0,450000000.0,1829778000.0
AEFES,2011,3,58497000.0,2959691000.0,857925000.0,0.0,450000000.0,1852583000.0
AKCNS,2023,12,3423526000.0,19920816000.0,27034142000.0,0.0,191447000.0,2921220000.0
AKCNS,2023,9,2520504000.0,8437673833.0,19356302000.0,0.0,191447068.0,1618328263.0
AKCNS,2023,6,2039607000.0,5335864042.0,12559357000.0,0.0,191447068.0,1977705232.0
AKCNS,2023,3,758002153.0,4006868890.0,6209976815.0,0.0,191447068.0,2096949199.0
AKCNS,2022,12,1934964500.0,11340728172.0,16683577346.0,0.0,191447068.0,2869674059.0
AKCNS,2022,9,1159119625.0,2924421106.0,5870111361.0,0.0,191447068.0,1547979753.0
AKCNS,2022,6,333742779.0,1819471245.0,3284487979.0,0.0,191447068.0,1358752136.0
AKCNS,2022,3,103146999.0,1683996787.0,1240079292.0,0.0,191447068.0,1279041338.0
AKCNS,2021,12,303618933.0,1542590001.0,2871403785.0,0.0,191447068.0,790392724.0
AKCNS,2021,9,130344010.0,1344669911.0,1976889537.0,0.0,191447068.0,591304753.0
AKCNS,2021,6,93878039.0,1233989174.0,1225978550.0,0.0,191447068.0,602905156.0
AKCNS,2021,3,24814876.0,1155937266.0,527343754.0,0.0,191447068.0,611471024.0
AKCNS,2020,12,114838196.0,1207052257.0,1967108077.0,0.0,191447068.0,607483341.0
AKCNS,2020,9,73689716.0,1133093162.0,1377370309.0,0.0,191447068.0,599982188.0
AKCNS,2020,6,8601411.0,1012919984.0,840261993.0,0.0,191447068.0,671671737.0
AKCNS,2020,3,-24849508.0,937982550.0,384959156.0,0.0,191447068.0,666530230.0
AKCNS,2019,12,74968766.0,1041073988.0,1826105824.0,0.0,191447068.0,476454468.0
AKCNS,2019,9,53247758.0,1005432245.0,1378775446.0,0.0,191447068.0,539935613.0
AKCNS,2019,6,24975494.0,962985421.0,890367932.0,0.0,191447068.0,556003781.0
AKCNS,2019,3,19077265.0,962157767.0,407320043.0,0.0,191447068.0,627779721.0
AKCNS,2018,12,179757429.0,1107566050.0,1715570101.0,0.0,191447068.0,565161012.0
AKCNS,2018,9,171616872.0,1129183209.0,1319065826.0,0.0,191447068.0,561782132.0
AKCNS,2018,6,111630956.0,1091092954.0,850028124.0,0.0,191447068.0,474048519.0
AKCNS,2018,3,41681509.0,1051105990.0,387622256.0,0.0,191447068.0,429773211.0
AKCNS,2017,12,148813602.0,1108973040.0,1519000715.0,0.0,191447068.0,385419133.0
AKCNS,2017,9,102787131.0,1073718660.0,1091075325.0,0.0,191447068.0,486078697.0
AKCNS,2017,6,56385310.0,1038610389.0,689522297.0,0.0,191447068.0,496064910.0
AKCNS,2017,3,34383236.0,1020180765.0,298129958.0,0.0,191447068.0,431029654.0
AKCNS,2016,12,286979061.0,1227454015.0,1461055290.0,0.0,191447068.0,208517523.0
AKCNS,2016,9,233938965.0,1170752492.0,1088190554.0,0.0,191447068.0,259810900.0
AKCNS,2016,6,142030715.0,1081725250.0,735937594.0,0.0,191447068.0,295317608.0
AKCNS,2016,3,69058902.0,1014515453.0,329045905.0,0.0,191447068.0,251358244.0
AKCNS,2015,12,282979216.0,1200602433.0,1468533483.0,0.0,191447068.0,112944381.0
AKCNS,2015,9,218489863.0,1132980994.0,1070564525.0,0.0,191447068.0,282849982.0
AKCNS,2015,6,147386599.0,1065911142.0,710007398.0,0.0,191447068.0,276753231.0
AKCNS,2015,3,67276398.0,986377142.0,298952043.0,0.0,191447068.0,85547577.0
AKCNS,2014,12,250261649.0,1155907244.0,1410850235.0,0.0,191447068.0,98294805.0
AKCNS,2014,9,206061861.0,1098688483.0,1078708291.0,0.0,191447068.0,178296339.0
AKCNS,2014,6,138503084.0,1019605672.0,712024709.0,0.0,191447068.0,272539100.0
AKCNS,2014,3,68355784.0,920072091.0,324945269.0,0.0,191447068.0,312346655.0
AKCNS,2013,12,159412727.0,1000105548.0,1202224568.0,0.0,191447068.0,179303009.0
AKCNS,2013,9,120214820.0,976053693.0,875330296.0,0.0,191447068.0,291055301.0
AKCNS,2013,6,63877418.0,922597299.0,546703850.0,0.0,191447068.0,286619566.0
AKCNS,2013,3,22244057.0,857339672.0,234317785.0,0.0,191447068.0,327488687.0
AKCNS,2012,12,120826233.0,923191742.0,1055902407.0,0.0,191447068.0,224500927.0
AKCNS,2012,9,93790405.0,882603692.0,782363832.0,0.0,191447068.0,244635470.0
AKCNS,2012,6,60796835.0,855372138.0,505261576.0,0.0,191447068.0,225891996.0
AKCNS,2012,3,14756832.0,905424083.0,218912644.0,0.0,191447068.0,176522828.0
AKCNS,2011,12,100917547.0,874145966.0,1010032475.0,0.0,191447068.0,149648190.0
AKCNS,2011,9,73070106.0,846322057.0,741232493.0,0.0,191447068.0,244155433.0
AKCNS,2011,6,39126216.0,825457366.0,470851000.0,0.0,191447068.0,235116850.0
AKCNS,2011,3,9527951.0,813342906.0,209682699.0,0.0,191447068.0,259128377.0
AKSEN,2023,12,8815616916.0,50006938559.0,50781705280.0,0.0,1226338236.0,19404814667.0
AKSEN,2023,9,5207630256.0,26040146481.0,38578786548.0,0.0,1226338236.0,10554499062.0
AKSEN,2023,6,3716777076.0,24230651474.0,24957818168.0,0.0,1226338236.0,10576466117.0
AKSEN,2023,3,1852765859.0,20121803487.0,15533941385.0,0.0,1226338236.0,7977684888.0
AKSEN,2022,12,6276629186.0,32414209621.0,87101671476.0,0.0,1226338236.0,14184177326.0
AKSEN,2022,9,4266295815.0,15401507227.0,33729690967.0,0.0,1226338236.0,8208742532.0
AKSEN,2022,6,2652721537.0,14288465384.0,18568216309.0,0.0,1226338236.0,7171295887.0
AKSEN,2022,3,1270245971.0,11975171577.0,5892108791.0,0.0,1226338236.0,6521617308.0
AKSEN,2021,12,1835086655.0,10584208214.0,13887496594.0,0.0,1226338236.0,5662724518.0
AKSEN,2021,9,934651424.0,5946688753.0,8322920419.0,0.0,613169118.0,4285720105.0
AKSEN,2021,6,555157617.0,5545183499.0,4764330235.0,0.0,613169118.0,4308953811.0
AKSEN,2021,3,241903287.0,5119999715.0,2144181219.0,0.0,613169118.0,2739681180.0
AKSEN,2020,12,558004789.0,4625344183.0,7230546535.0,0.0,613169118.0,2935142456.0
AKSEN,2020,9,447639374.0,4774605145.0,5267896719.0,0.0,613169118.0,3142165930.0
AKSEN,2020,6,291101244.0,4290802488.0,3466912240.0,0.0,613169118.0,3448714229.0
AKSEN,2020,3,107205860.0,3973225056.0,1846833556.0,0.0,613169118.0,3333235213.0
AKSEN,2019,12,455343289.0,3818960965.0,5578594781.0,0.0,613169118.0,3175414103.0
AKSEN,2019,9,349583759.0,2328123211.0,3799886130.0,0.0,613169118.0,3564901162.0
AKSEN,2019,6,228629352.0,2265197236.0,2312965207.0,0.0,613169118.0,3653103701.0
AKSEN,2019,3,108039568.0,2087406928.0,1155422198.0,0.0,613169118.0,3545682140.0
AKSEN,2018,12,150478434.0,1817952136.0,4669249102.0,0.0,613169118.0,3485210541.0
AKSEN,2018,9,129992852.0,2102969373.0,3486504457.0,0.0,613169118.0,3740142531.0
AKSEN,2018,6,84701220.0,1869217660.0,2058289466.0,0.0,613169118.0,2990421797.0
AKSEN,2018,3,48309727.0,1762524416.0,1022120075.0,0.0,613169118.0,2533914420.0
AKSEN,2017,12,389574034.0,1660927088.0,3599311868.0,0.0,613169118.0,2440411487.0
AKSEN,2017,9,119126327.0,404969383.0,2565379499.0,0.0,613169118.0,2242244938.0
AKSEN,2017,6,-79081490.0,275049573.0,1612997324.0,0.0,613169118.0,2403289202.0
AKSEN,2017,3,-83716388.0,284948730.0,738396634.0,0.0,613169118.0,2472578548.0
AKSEN,2016,12,-362856409.0,387398706.0,3178201840.0,0.0,613169118.0,2421269654.0
AKSEN,2016,9,-82367199.0,655084638.0,2212136415.0,0.0,613169118.0,2425896266.0
AKSEN,2016,6,-10552454.0,715882735.0,1302144407.0,0.0,613169118.0,2312390444.0
AKSEN,2016,3,10674224.0,684679816.0,726008987.0,0.0,613169118.0,2410279947.0
AKSEN,2015,12,-216311242.0,770741389.0,2306686571.0,0.0,613169118.0,2549017460.0
AKSEN,2015,9,-239700361.0,778417374.0,1607580443.0,0.0,613169118.0,2722217022.0
AKSEN,2015,6,-46418243.0,962131357.0,856374146.0,0.0,613169118.0,2345770132.0
AKSEN,2015,3,-95198160.0,924726582.0,353440532.0,0.0,613169118.0,2098190940.0
AKSEN,2014,12,39437144.0,964144105.0,1957437904.0,0.0,613169118.0,1956552907.0
AKSEN,2014,9,57205714.0,1040972105.0,1509789395.0,0.0,613169118.0,1856299839.0
AKSEN,2014,6,36631464.0,1016964065.0,910353502.0,0.0,613169118.0,1765566752.0
AKSEN,2014,3,-9617334.0,973617823.0,472104983.0,0.0,613169118.0,1770042714.0
AKSEN,2013,12,-133292870.0,984092923.0,1785968095.0,0.0,613169118.0,1547337358.0
AKSEN,2013,9,-75949041.0,1041774316.0,1328571735.0,0.0,613169118.0,1414583479.0
AKSEN,2013,6,-57407095.0,1060412783.0,791874941.0,0.0,613169118.0,1378677322.0
AKSEN,2013,3,18103306.0,1134090053.0,391529899.0,0.0,613169118.0,1158387643.0
AKSEN,2012,12,230994527.0,1116026723.0,1840637761.0,0.0,613169118.0,1484104531.0
AKSEN,2012,9,175907607.0,874661652.0,1407259486.0,0.0,577500000.0,1477769664.0
AKSEN,2012,6,136049122.0,834832146.0,866768853.0,0.0,577500000.0,1500386699.0
AKSEN,2012,3,146427272.0,845016835.0,526664896.0,0.0,577500000.0,1509477852.0
AKSEN,2011,12,-125951416.0,698589563.0,1307427464.0,0.0,577500000.0,1610264315.0
AKSEN,2011,9,-163424040.0,660995234.0,767553180.0,0.0,577500000.0,1556807682.0
AKSEN,2011,6,-93851874.0,730567400.0,399913248.0,0.0,577500000.0,1394632373.0
AKSEN,2011,3,9250351.0,833145682.0,220525729.0,0.0,577500000.0,1325219302.0
AKBNK,2023,12,66478940000.0,211195427000.0,,77146484000.0,5200000000.0,
AKBNK,2023,9,51460469000.0,190023960000.0,,62341994000.0,5200000000.0,
AKBNK,2023,6,31012976000.0,169535727000.0,,34555103000.0,5200000000.0,
AKBNK,2023,3,10711300000.0,153735590000.0,,11321282000.0,5200000000.0,
AKBNK,2022,12,60024084000.0,153599884000.0,,76186667000.0,5200000000.0,
AKBNK,2022,9,38223316000.0,126198293000.0,,48403696000.0,5200000000.0,
AKBNK,2022,6,21156862000.0,102728932000.0,,26706795000.0,5200000000.0,
AKBNK,2022,3,8046809000.0,90664595000.0,,9734874000.0,5200000000.0,
AKBNK,2021,12,12125908000.0,75954951000.0,,14508623000.0,5200000000.0,
AKBNK,2021,9,7342714000.0,70251735000.0,,8524848000.0,5200000000.0,
AKBNK,2021,6,4132166000.0,67305061000.0,,4673412000.0,5200000000.0,
AKBNK,2021,3,2027296000.0,63033309000.0,,2105419000.0,5200000000.0,
AKBNK,2020,12,6267167000.0,62918993000.0,,6989086000.0,5200000000.0,
AKBNK,2020,9,4419094000.0,58972731000.0,,5032093000.0,5200000000.0,
AKBNK,2020,6,2896295000.0,57516686000.0,,3334144000.0,5200000000.0,
AKBNK,2020,3,1310047000.0,53901623000.0,,1538372000.0,5200000000.0,
AKBNK,2019,12,5417468000.0,54382427000.0,,6160964000.0,5200000000.0,
AKBNK,2019,9,4087953000.0,51541375000.0,,4635633000.0,5200000000.0,
AKBNK,2019,6,2690654000.0,49367811000.0,,3060105000.0,5200000000.0,
AKBNK,2019,3,1412532000.0,47563805000.0,,1645353000.0,5200000000.0,
AKBNK,2018,12,5689644000.0,43809089000.0,,6670897000.0,4000000000.0,
AKBNK,2018,9,4638843000.0,43188580000.0,,5517296000.0,4000000000.0,
AKBNK,2018,6,3311609000.0,41888286000.0,,3813403000.0,4000000000.0,
AKBNK,2018,3,1709214000.0,41141741000.0,,1996358000.0,4000000000.0,
AKBNK,2017,12,6039069000.0,40424506000.0,,7151494000.0,4000000000.0,
AKBNK,2017,9,4514847000.0,38972074000.0,,5307189000.0,4000000000.0,
AKBNK,2017,6,3016317000.0,37573040000.0,,3568925000.0,4000000000.0,
AKBNK,2017,3,1448636000.0,34030281000.0,,1697197000.0,4000000000.0,
AKBNK,2016,12,4820455000.0,32375658000.0,,5676787000.0,4000000000.0,
AKBNK,2016,9,3665843000.0,29935047000.0,,4310130000.0,4000000000.0,
AKBNK,2016,6,2479619000.0,29021000000.0,,2896794000.0,4000000000.0,
AKBNK,2016,3,1147411000.0,28835635000.0,,1242161000.0,4000000000.0,
AKBNK,2015,12,2994848000.0,26689177000.0,,3827671000.0,4000000000.0,
AKBNK,2015,9,2085530000.0,25138369000.0,,2662701000.0,4000000000.0,
AKBNK,2015,6,1413884000.0,25464367000.0,,1813336000.0,4000000000.0,
AKBNK,2015,3,731801000.0,24958540000.0,,945628000.0,4000000000.0,
AKBNK,2014,12,3159678000.0,25111826000.0,,4037966000.0,4000000000.0,
AKBNK,2014,9,2265345000.0,23896762000.0,,2897272000.0,4000000000.0,
AKBNK,2014,6,1544429000.0,23592932000.0,,1950838000.0,4000000000.0,
AKBNK,2014,3,651463000.0,21708202000.0,,823772000.0,4000000000.0,
AKBNK,2013,12,2942042000.0,21339178000.0,,3853607000.0,4000000000.0,
AKBNK,2013,9,2344786000.0,21033369000.0,,3091511000.0,4000000000.0,
AKBNK,2013,6,1782087000.0,20651225000.0,,2361205000.0,4000000000.0,
AKBNK,2013,3,868004000.0,21704988000.0,,1137731000.0,4000000000.0,
AKBNK,2012,12,2949862000.0,21912678000.0,,3803069000.0,4000000000.0,
AKBNK,2012,9,1869919000.0,20128171000.0,,2433266000.0,4000000000.0,
AKBNK,2012,6,1090716000.0,18872391000.0,,1429417000.0,4000000000.0,
AKBNK,2012,3,555613000.0,18204115000.0,,713200000.0,4000000000.0,
AKBNK,2011,12,2394527000.0,17554260000.0,,3001207000.0,4000000000.0,
AKBNK,2011,9,1844261000.0,17355472000.0,,2297251000.0,4000000000.0,
AKBNK,2011,6,1384407000.0,17258029000.0,,1712938000.0,4000000000.0,
AKBNK,2011,3,744060000.0,16780865000.0,,925396000.0,4000000000.0,
AKSA,2023,12,2385110000.0,24161099000.0,34553569000.0,0.0,323750000.0,5195639000.0
AKSA,2023,9,-25994000.0,6933382000.0,24335989000.0,0.0,323750000.0,3302454000.0
AKSA,2023,6,124552000.0,5922038000.0,16637557000.0,0.0,323750000.0,3409529000.0
AKSA,2023,3,395232306.0,6239412000.0,8872948755.0,0.0,323750000.0,2904045000.0
AKSA,2022,12,4563874000.0,16018937000.0,34464528000.0,0.0,323750000.0,3998593000.0
AKSA,2022,9,2038847000.0,4459117000.0,13144068000.0,0.0,323750000.0,3048378000.0
AKSA,2022,6,1055582000.0,3422727000.0,8278109000.0,0.0,323750000.0,2809347000.0
AKSA,2022,3,625367000.0,3432703000.0,3915077000.0,0.0,323750000.0,3511520000.0
AKSA,2021,12,1167208000.0,2834279000.0,8348157000.0,0.0,323750000.0,2974896000.0
AKSA,2021,9,768059000.0,2394924000.0,5300787000.0,0.0,323750000.0,2099211000.0
AKSA,2021,6,424221000.0,2039660000.0,3067718000.0,0.0,323750000.0,1659836000.0
AKSA,2021,3,133342000.0,2016612000.0,1316220000.0,0.0,323750000.0,1720541000.0
AKSA,2020,12,439953000.0,1866160000.0,4109857000.0,0.0,323750000.0,1900097000.0
AKSA,2020,9,182371000.0,1590786000.0,2706005000.0,0.0,323750000.0,2300441000.0
AKSA,2020,6,47355000.0,1430035000.0,1602600000.0,0.0,323750000.0,2366243000.0
AKSA,2020,3,65126000.0,1662870000.0,1062040000.0,0.0,323750000.0,1818664000.0
AKSA,2019,12,277682000.0,1535220000.0,3645900000.0,0.0,185000000.0,1594189000.0
AKSA,2019,9,221304000.0,1472397000.0,2742781000.0,0.0,185000000.0,1713122000.0
AKSA,2019,6,137050000.0,1382495000.0,1868813000.0,0.0,185000000.0,1701347000.0
AKSA,2019,3,64246000.0,1508645000.0,925425000.0,0.0,185000000.0,1780285000.0
AKSA,2018,12,224296000.0,1447482000.0,3537548000.0,0.0,185000000.0,1900858000.0
AKSA,2018,9,33795000.0,1300368000.0,2706059000.0,0.0,185000000.0,2429536000.0
AKSA,2018,6,100051000.0,1296889000.0,1691702000.0,0.0,185000000.0,1692067000.0
AKSA,2018,3,51880000.0,1440134000.0,788989000.0,0.0,185000000.0,1148013000.0
AKSA,2017,12,294971000.0,1376119000.0,2761713000.0,0.0,185000000.0,1150586000.0
AKSA,2017,9,224194000.0,1288820000.0,1956749000.0,0.0,185000000.0,1035184000.0
AKSA,2017,6,153946000.0,1215453000.0,1292129000.0,0.0,185000000.0,901432000.0
AKSA,2017,3,70394000.0,1328225000.0,624433000.0,0.0,185000000.0,874538000.0
AKSA,2016,12,125750000.0,1249705000.0,1954385000.0,0.0,185000000.0,834372000.0
AKSA,2016,9,136316000.0,1225854000.0,1420361000.0,0.0,185000000.0,669997000.0
AKSA,2016,6,83069000.0,1164597000.0,920751000.0,0.0,185000000.0,556450000.0
AKSA,2016,3,29473000.0,1268353000.0,442754000.0,0.0,185000000.0,556004000.0
AKSA,2015,12,199466000.0,1248596000.0,2030006000.0,0.0,185000000.0,621239000.0
AKSA,2015,9,134536000.0,1195496000.0,1557339000.0,0.0,185000000.0,685865000.0
AKSA,2015,6,104423000.0,1132757000.0,1043276000.0,0.0,185000000.0,566362000.0
AKSA,2015,3,49856000.0,1066517000.0,489225000.0,0.0,185000000.0,556959000.0
AKSA,2014,12,162856000.0,1113363000.0,2106203000.0,0.0,185000000.0,384228000.0
AKSA,2014,9,107826000.0,1058878000.0,1545659000.0,0.0,185000000.0,392915000.0
AKSA,2014,6,73707000.0,1007283000.0,1014175000.0,0.0,185000000.0,351302000.0
AKSA,2014,3,35817000.0,975472000.0,503649000.0,0.0,185000000.0,351767000.0
AKSA,2013,12,142550000.0,1047486000.0,1756402000.0,0.0,185000000.0,350477000.0
AKSA,2013,9,105523000.0,997214000.0,1259031000.0,0.0,185000000.0,357311000.0
AKSA,2013,6,65173000.0,962670000.0,799450000.0,0.0,185000000.0,338806000.0
AKSA,2013,3,33498000.0,917928000.0,388220000.0,0.0,185000000.0,260752000.0
AKSA,2012,12,171157000.0,970920000.0,1625463000.0,0.0,185000000.0,299523000.0
AKSA,2012,9,153975000.0,953434000.0,1233562000.0,0.0,185000000.0,298783000.0
AKSA,2012,6,115275000.0,921510000.0,837300000.0,0.0,185000000.0,303709000.0
AKSA,2012,3,38260000.0,878418000.0,410918000.0,0.0,185000000.0,437052000.0
AKSA,2011,12,99467000.0,850947000.0,1675470000.0,0.0,185000.0,493231000.0
AKSA,2011,9,90117000.0,841199000.0,1233709000.0,0.0,185000000.0,339058000.0
AKSA,2011,6,71742000.0,822373000.0,821275000.0,0.0,185000000.0,298755000.0
AKSA,2011,3,43260000.0,812200000.0,384483000.0,0.0,185000000.0,263012000.0
ALARK,2023,12,9972338000.0,63450636000.0,11977992000.0,0.0,435000000.0,8211953000.0
ALARK,2023,9,4303568265.0,25004145404.0,9518991672.0,0.0,435000000.0,3876221759.0
ALARK,2023,6,3822299035.0,20975539357.0,5568388708.0,0.0,435000000.0,2797254366.0
ALARK,2023,3,741183964.0,18041512035.0,2553238513.0,0.0,435000000.0,1808560442.0
ALARK,2022,12,16896369738.0,37688374059.0,12271876777.0,0.0,435000000.0,2792249428.0
ALARK,2022,9,7671259862.0,12270893677.0,5072173550.0,0.0,435000000.0,1512151787.0
ALARK,2022,6,3349821141.0,7901080831.0,2737393871.0,0.0,435000000.0,1124327140.0
ALARK,2022,3,1070171815.0,5610548796.0,980001565.0,0.0,435000000.0,551681740.0
ALARK,2021,12,1583676492.0,4558540881.0,2016553895.0,0.0,435000000.0,216920919.0
ALARK,2021,9,615124972.0,3420589124.0,1302299191.0,0.0,435000000.0,140432853.0
ALARK,2021,6,223168799.0,3014494731.0,676531991.0,0.0,435000000.0,153294185.0
ALARK,2021,3,94409222.0,3010139162.0,241148581.0,0.0,435000000.0,158640106.0
ALARK,2020,12,905982938.0,2885806673.0,1032136230.0,0.0,435000000.0,200361161.0
ALARK,2020,9,366968613.0,2380916066.0,796570697.0,0.0,435000000.0,249088924.0
ALARK,2020,6,163229279.0,2188534317.0,491581669.0,0.0,435000000.0,340788468.0
ALARK,2020,3,50100219.0,2047955436.0,231158720.0,0.0,435000000.0,316553701.0
ALARK,2019,12,455710264.0,2005015558.0,1385761969.0,0.0,435000000.0,343826137.0
ALARK,2019,9,380970666.0,1924568848.0,1103704617.0,0.0,435000000.0,326811997.0
ALARK,2019,6,120043172.0,1671346474.0,782868086.0,0.0,435000000.0,342429418.0
ALARK,2019,3,-58943964.0,1573334555.0,364837718.0,0.0,435000000.0,383531586.0
ALARK,2018,12,-87608675.0,1619622124.0,1137249772.0,0.0,435000000.0,374410754.0
ALARK,2018,9,-420367705.0,1364830659.0,834938500.0,0.0,435000000.0,420784774.0
ALARK,2018,6,-111682028.0,1593186461.0,422456006.0,0.0,223467000.0,349625959.0
ALARK,2018,3,-6302677.0,1495337296.0,159871970.0,0.0,223467000.0,348948815.0
ALARK,2017,12,296293484.0,1744482739.0,675351497.0,0.0,223467000.0,360359966.0
ALARK,2017,9,178080502.0,1448280504.0,539545144.0,0.0,223467000.0,355416527.0
ALARK,2017,6,79416878.0,1352188185.0,334265007.0,0.0,223467000.0,361023492.0
ALARK,2017,3,23069700.0,1371077942.0,140559055.0,0.0,223467000.0,398431369.0
ALARK,2016,12,148960760.0,1514299985.0,590905263.0,0.0,223467000.0,412273463.0
ALARK,2016,9,180875208.0,1355334446.0,405756924.0,0.0,223467000.0,360334021.0
ALARK,2016,6,118948253.0,1291720718.0,205860161.0,0.0,223467000.0,339330593.0
ALARK,2016,3,122343732.0,1353905032.0,84741851.0,0.0,223467000.0,346989447.0
ALARK,2015,12,-94388213.0,1234803145.0,505446501.0,0.0,223467000.0,351153130.0
ALARK,2015,9,-19454839.0,1304286709.0,446958307.0,0.0,223467000.0,368730525.0
ALARK,2015,6,18564007.0,1302009659.0,225862590.0,0.0,223467000.0,349890787.0
ALARK,2015,3,22749621.0,1320177267.0,87839363.0,0.0,223467000.0,332865561.0
ALARK,2014,12,45530541.0,1310872632.0,964050568.0,0.0,223467000.0,309590798.0
ALARK,2014,9,29358127.0,1317518378.0,739220080.0,0.0,223467000.0,316503473.0
ALARK,2014,6,19223859.0,1312503072.0,564668298.0,0.0,223467000.0,251281661.0
ALARK,2014,3,25323329.0,1335241183.0,270256030.0,0.0,223467000.0,281083989.0
ALARK,2013,12,208792432.0,1299476189.0,1261229039.0,0.0,223467000.0,265687135.0
ALARK,2013,9,173705690.0,1278304304.0,846279035.0,0.0,223467000.0,279409231.0
ALARK,2013,6,77686950.0,1176392566.0,437424706.0,0.0,223467000.0,207813007.0
ALARK,2013,3,16072225.0,1123918733.0,147203628.0,0.0,223467000.0,170666385.0
ALARK,2012,12,76198372.0,1108234575.0,535053967.0,0.0,223467000.0,137316990.0
ALARK,2012,9,72432570.0,1105240488.0,352795139.0,0.0,223467000.0,246832025.0
ALARK,2012,6,44282024.0,1076857526.0,180339119.0,0.0,223467000.0,237982215.0
ALARK,2012,3,8204921.0,1050648900.0,64756392.0,0.0,223467000.0,255559705.0
ALARK,2011,12,127446930.0,1044364545.0,1322686365.0,0.0,223467000.0,263278747.0
ALARK,2011,9,113814169.0,1028299951.0,934154869.0,0.0,223467000.0,295407820.0
ALARK,2011,6,63156352.0,971654779.0,540578763.0,0.0,223467000.0,275724020.0
ALARK,2011,3,13539791.0,924003550.0,241223208.0,0.0,223467000.0,283132341.0
ALFAS,2023,12,1500276413.0,3947548010.0,11164841259.0,0.0,368000000.0,416182244.0
ALFAS,2023,9,1203546960.0,1808453128.0,7873140209.0,0.0,368000000.0,341709979.0
ALFAS,2023,6,826836294.0,1302287785.0,4863777755.0,0.0,46000000.0,267368218.0
ALFAS,2023,3,304870341.0,1198859666.0,2420641957.0,0.0,46000000.0,148056938.0
ALFAS,2022,12,816015003.0,1665679928.0,4179599529.0,0.0,46000000.0,27826538.0
ALFAS,2022,9,274019615.0,352509718.0,1096341922.0,0.0,40000000.0,84711757.0
ALFAS,2022,6,138921670.0,217693125.0,698405617.0,0.0,40000000.0,112741276.0
ALFAS,2022,3,36645691.0,0.0,253352454.0,0.0,0.0,0.0
ALFAS,2021,12,48402562.0,108825772.0,438553686.0,0.0,40000000.0,18914924.0
ALFAS,2021,9,26808670.0,0.0,222073967.0,0.0,0.0,0.0
ALFAS,2021,6,5712785.0,0.0,145605548.0,0.0,0.0,0.0
ALFAS,2020,12,38823580.0,57914360.0,233434591.0,0.0,3250000.0,16796526.0
ALFAS,2019,12,9889718.0,19073203.0,138266723.0,0.0,3250000.0,13201414.0
ANSGR,2023,12,5909396707.0,14203844032.0,,,500000000.0,
ANSGR,2023,9,5423053452.0,14628731518.0,,,500000000.0,
ANSGR,2023,6,2909983775.0,8588746717.0,,,500000000.0,
ANSGR,2023,3,-117131836.0,5204390336.0,,,500000000.0,
ANSGR,2022,12,1133201306.0,6048456902.0,,,500000000.0,
ANSGR,2022,9,497888898.0,4071584473.0,,,500000000.0,
ANSGR,2022,6,375959350.0,4001595797.0,,,500000000.0,
ANSGR,2022,3,196686770.0,3946069987.0,,,500000000.0,
ANSGR,2021,12,521836991.0,3203552196.0,,,500000000.0,
ANSGR,2021,9,339762760.0,2963675123.0,,,500000000.0,
ANSGR,2021,6,311412439.0,2902672041.0,,,500000000.0,
ANSGR,2021,3,165636222.0,2787554170.0,,,500000000.0,
ANSGR,2020,12,460637712.0,2810378257.0,,,500000000.0,
ANSGR,2020,9,380117728.0,2480375604.0,,,500000000.0,
ANSGR,2020,6,278138955.0,2390055549.0,,,500000000.0,
ANSGR,2020,3,150317671.0,1963200804.0,,,500000000.0,
ANSGR,2019,9,309516887.0,1846372254.0,,,500000000.0,
ANSGR,2019,6,230072124.0,1694502318.0,,,500000000.0,
ANSGR,2019,3,124628827.0,1620441578.0,,,500000000.0,
ANSGR,2018,12,307574340.0,1646206054.0,,,500000000.0,
ANSGR,2018,9,232127770.0,1588991793.0,,,500000000.0,
ANSGR,2018,6,172076071.0,1735993230.0,,,500000000.0,
ANSGR,2018,3,109106767.0,1627541170.0,,,500000000.0,
ANSGR,2017,12,184196626.0,1639021420.0,,,500000000.0,
ANSGR,2017,9,98789642.0,1456207959.0,,,500000000.0,
ANSGR,2017,6,85984806.0,1331689053.0,,,500000000.0,
ANSGR,2017,3,61746914.0,1259582762.0,,,500000000.0,
ANSGR,2016,12,87867323.0,1223180319.0,,,500000000.0,
ANSGR,2016,9,60190658.0,1202525868.0,,,500000000.0,
ANSGR,2016,6,46574781.0,1192638132.0,,,500000000.0,
ANSGR,2016,3,2144041.0,1175270696.0,,,500000000.0,
ANSGR,2015,12,63806242.0,1201893042.0,,,500000000.0,
ANSGR,2015,9,43057884.0,1117528770.0,,,500000000.0,
ANSGR,2015,6,36120935.0,1092666458.0,,,500000000.0,
ANSGR,2015,3,23526972.0,1014314490.0,,,500000000.0,
ANSGR,2014,12,71699601.0,1051435139.0,,,500000000.0,
ANSGR,2014,9,52233970.0,947184520.0,,,500000000.0,
ANSGR,2014,6,34929897.0,950549513.0,,,500000000.0,
ANSGR,2014,3,20315549.0,893869613.0,,,500000000.0,
ANSGR,2013,12,67461924.0,913016000.0,,,500000000.0,
ANSGR,2013,9,53727023.0,858075127.0,,,500000000.0,
ANSGR,2013,6,33658622.0,820556997.0,,,500000000.0,
ANSGR,2013,3,3597511.0,875428950.0,,,500000000.0,
ANSGR,2012,12,-63981132.0,756360924.0,,,500000000.0,
ANSGR,2012,9,-49010762.0,781308100.0,,,500000000.0,
ANSGR,2012,6,-36906201.0,765411331.0,,,500000000.0,
ANSGR,2012,3,-7811031.0,777419205.0,,,500000000.0,
ANSGR,2011,12,4068758.0,705124142.0,,,500000000.0,
ANSGR,2011,9,5871492.0,728422080.0,,,500000000.0,
ANSGR,2011,6,12080006.0,806808313.0,,,500000000.0,
ANSGR,2011,3,4514627.0,827696357.0,,,500000000.0,
ALBRK,2023,12,3428558000.0,74650000.0,,5083632000.0,2500000000.0,
ALBRK,2023,9,2460503000.0,61569000.0,,3832329000.0,2500000000.0,
ALBRK,2023,6,1493193000.0,60324000.0,,2107632000.0,2500000000.0,
ALBRK,2023,3,516972000.0,42316000.0,,579147000.0,2500000000.0,
ALBRK,2022,12,1365496000.0,37912000.0,,2315241000.0,2500000000.0,
ALBRK,2022,9,906663000.0,32106000.0,,1395587000.0,2500000000.0,
ALBRK,2022,6,652405000.0,21850000.0,,1063704000.0,2500000000.0,
ALBRK,2022,3,194306000.0,21613000.0,,321333000.0,1350000000.0,
ALBRK,2021,12,104403000.0,19198000.0,,81442000.0,1350000000.0,
ALBRK,2021,9,51427000.0,13193000.0,,25466000.0,1350000000.0,
ALBRK,2021,6,13071000.0,13540000.0,,-20629000.0,1350000000.0,
ALBRK,2021,3,55354000.0,11626000.0,,72849000.0,1350000000.0,
ALBRK,2020,12,254737000.0,10774000.0,,323735000.0,1350000000.0,
ALBRK,2020,9,137716000.0,10359000.0,,178351000.0,1350000000.0,
ALBRK,2020,6,62900000.0,0.0,,86943000.0,1350000000.0,
ALBRK,2020,3,12050000.0,0.0,,15038000.0,1350000000.0,
ALBRK,2019,12,63429000.0,0.0,,87293000.0,900000000.0,
ALBRK,2019,9,11465000.0,0.0,,17023000.0,900000000.0,
ALBRK,2019,6,49716000.0,0.0,,64360000.0,900000000.0,
ALBRK,2019,3,27146000.0,0.0,,34451000.0,900000000.0,
ALBRK,2018,12,133968000.0,0.0,,168495000.0,900000000.0,
ALBRK,2018,9,371979000.0,0.0,,481268000.0,900000000.0,
ALBRK,2018,6,196181000.0,0.0,,243759000.0,900000000.0,
ALBRK,2018,3,97717000.0,0.0,,114937000.0,900000000.0,
ALBRK,2017,12,237093000.0,0.0,,288800000.0,900000000.0,
ALBRK,2017,9,141117000.0,0.0,,175234000.0,900000000.0,
ALBRK,2017,6,131297000.0,0.0,,162147000.0,900000000.0,
ALBRK,2017,3,35793000.0,0.0,,46220000.0,900000000.0,
ALBRK,2016,12,217609000.0,0.0,,263920000.0,900000000.0,
ALBRK,2016,9,178867000.0,0.0,,221651000.0,900000000.0,
ALBRK,2016,6,128550000.0,0.0,,161176000.0,900000000.0,
ALBRK,2016,3,63075000.0,0.0,,85488000.0,900000000.0,
ALBRK,2014,12,252631000.0,0.0,,325552000.0,900000000.0,
ALBRK,2014,9,183034000.0,0.0,,236289000.0,900000000.0,
ALBRK,2014,6,117869000.0,0.0,,152895000.0,900000000.0,
ALBRK,2014,3,61578000.0,0.0,,80531000.0,900000000.0,
ALBRK,2013,12,241409000.0,0.0,,299543000.0,900000000.0,
ALBRK,2013,9,151687000.0,0.0,,193096000.0,900000000.0,
ALBRK,2013,6,100090000.0,0.0,,127560000.0,900000000.0,
ALBRK,2013,3,53710000.0,0.0,,67937000.0,900000000.0,
ALBRK,2012,12,191835000.0,0.0,,241225000.0,900000000.0,
ALBRK,2012,9,149154000.0,0.0,,186795000.0,900000000.0,
ALBRK,2012,6,86009000.0,0.0,,107360000.0,900000000.0,
ALBRK,2012,3,39181000.0,0.0,,49798000.0,539000000.0,
ALBRK,2011,12,160155000.0,0.0,,202163000.0,539000000.0,
ALBRK,2011,9,109961000.0,0.0,,138683000.0,539000000.0,
ALBRK,2011,6,70924000.0,0.0,,88888000.0,539000000.0,
ALBRK,2011,3,41209000.0,0.0,,51054000.0,539000000.0,
ARCLK,2023,12,20556667000.0,85996829000.0,371203268000.0,0.0,675728000.0,147135765000.0
ARCLK,2023,9,5282546000.0,35907563000.0,264019394000.0,0.0,675728000.0,83807273000.0
ARCLK,2023,6,3809105000.0,34043772000.0,171370631000.0,0.0,675728000.0,69278460000.0
ARCLK,2023,3,1694339549.0,26127069000.0,81434421640.0,0.0,675728000.0,61876772000.0
ARCLK,2022,12,7008172000.0,58039410000.0,257172030000.0,0.0,675728000.0,84757777000.0
ARCLK,2022,9,2059310000.0,25168635000.0,94723628000.0,0.0,675728000.0,48541675000.0
ARCLK,2022,6,1564411000.0,24376331000.0,60469028000.0,0.0,675728000.0,44242774000.0
ARCLK,2022,3,1224362000.0,22520144000.0,28164395000.0,0.0,675728000.0,39251049000.0
ARCLK,2021,12,3251009000.0,21055215000.0,68184437000.0,0.0,675728000.0,32579499000.0
ARCLK,2021,9,2358165000.0,15848015000.0,45665908000.0,0.0,675728000.0,22313770000.0
ARCLK,2021,6,1641347000.0,15495848000.0,27518228000.0,0.0,675728000.0,24783759000.0
ARCLK,2021,3,1100192000.0,14489387000.0,12983814000.0,0.0,675728000.0,19287452000.0
ARCLK,2020,12,2878989000.0,14023846000.0,40872483000.0,0.0,675728000.0,17075225000.0
ARCLK,2020,9,1709215000.0,12905429000.0,27537812000.0,0.0,675728000.0,16907077000.0
ARCLK,2020,6,668008000.0,10880947000.0,15599657000.0,0.0,675728000.0,15893523000.0
ARCLK,2020,3,259445000.0,10002091000.0,7767528000.0,0.0,675728000.0,16095084000.0
ARCLK,2019,12,953026000.0,9815969000.0,31941773000.0,0.0,675728000.0,14955136000.0
ARCLK,2019,9,711121000.0,9152692000.0,23575708000.0,0.0,675728000.0,13852199000.0
ARCLK,2019,6,458089000.0,9165289000.0,15329757000.0,0.0,675728000.0,14078097000.0
ARCLK,2019,3,226094000.0,8796293000.0,6902157000.0,0.0,675728000.0,13867089000.0
ARCLK,2018,12,855841000.0,8219162000.0,26904384000.0,0.0,675728000.0,11948278000.0
ARCLK,2018,9,574934000.0,9001425000.0,19490122000.0,0.0,675728000.0,11522546000.0
ARCLK,2018,6,322177000.0,7216294000.0,11794111000.0,0.0,675728000.0,9441813000.0
ARCLK,2018,3,177587000.0,6779997000.0,5282218000.0,0.0,675728000.0,8251435000.0
ARCLK,2017,12,845303000.0,6915077000.0,20840613000.0,0.0,675728000.0,7376103000.0
ARCLK,2017,9,755225000.0,6545473000.0,15134941000.0,0.0,675728000.0,6982614000.0
ARCLK,2017,6,497686000.0,6222382000.0,9695331000.0,0.0,675728000.0,6796245000.0
ARCLK,2017,3,240739000.0,6051517000.0,4634254000.0,0.0,675728000.0,6750336000.0
ARCLK,2016,12,1304150000.0,6004577000.0,16096172000.0,0.0,675728000.0,5657655000.0
ARCLK,2016,9,1073787000.0,5286910000.0,11570243000.0,0.0,675728000.0,5212944000.0
ARCLK,2016,6,809660000.0,4882470000.0,7487005000.0,0.0,675728000.0,5155831000.0
ARCLK,2016,3,156605000.0,4596194000.0,3527449000.0,0.0,675728000.0,5591845000.0
ARCLK,2015,12,892993000.0,4675837000.0,14166100000.0,0.0,675728000.0,5453649000.0
ARCLK,2015,9,681219000.0,4748727000.0,10099139000.0,0.0,675728000.0,5810971000.0
ARCLK,2015,6,467618000.0,4337736000.0,6221853000.0,0.0,675728000.0,5059729000.0
ARCLK,2015,3,141267000.0,4293782000.0,2866760000.0,0.0,675728000.0,4925414000.0
ARCLK,2014,12,637978000.0,4398698000.0,12514033000.0,0.0,675728000.0,4767609000.0
ARCLK,2014,9,462262000.0,4281551000.0,9112298000.0,0.0,675728000.0,4828163000.0
ARCLK,2014,6,301842000.0,4185182000.0,5878231000.0,0.0,675728000.0,4430295000.0
ARCLK,2014,3,134505000.0,3968381000.0,2802266000.0,0.0,675728000.0,4572338000.0
ARCLK,2013,12,622695000.0,4138756000.0,11097711000.0,0.0,675728000.0,4254538000.0
ARCLK,2013,9,457513000.0,4042248000.0,7998107000.0,0.0,675728000.0,4647060000.0
ARCLK,2013,6,288568000.0,3856316000.0,5095631000.0,0.0,675728000.0,4310741000.0
ARCLK,2013,3,134121000.0,3671145000.0,2430171000.0,0.0,675728000.0,3926706000.0
ARCLK,2012,12,546638000.0,3927235000.0,10556861000.0,0.0,675728000.0,4003509000.0
ARCLK,2012,9,448273000.0,3694500000.0,7912481000.0,0.0,675728000.0,3646911000.0
ARCLK,2012,6,301367000.0,3591472000.0,5184788000.0,0.0,675728000.0,3651448000.0
ARCLK,2012,3,127015000.0,3457599000.0,2405985000.0,0.0,675728000.0,3428248000.0
ARCLK,2011,12,541087000.0,3651641000.0,8437239000.0,0.0,675728000.0,3157180000.0
ARCLK,2011,9,438329000.0,3621629000.0,6043017000.0,0.0,675728000.0,2502279000.0
ARCLK,2011,6,277992000.0,3451820000.0,3728447000.0,0.0,675728000.0,2098693000.0
ARCLK,2011,3,132836000.0,3329521000.0,1699386000.0,0.0,675728000.0,2115075000.0
ASELS,2023,12,10646874000.0,127602504000.0,106252343000.0,0.0,4560000000.0,28786115000.0
ASELS,2023,9,4357402000.0,49310472000.0,53063438000.0,0.0,4560000000.0,16465267000.0
ASELS,2023,6,1707348000.0,44844342000.0,35937660000.0,0.0,2280000000.0,15135701000.0
ASELS,2023,3,-1157392747.0,42137134000.0,17004018423.0,0.0,2280000000.0,10043185000.0
ASELS,2022,12,1189309000.0,80806003000.0,66860171000.0,0.0,2280000000.0,17850874000.0
ASELS,2022,9,5735234000.0,31068655000.0,17728397000.0,0.0,2280000000.0,8995027000.0
ASELS,2022,6,3796811000.0,29103809000.0,10841207000.0,0.0,2280000000.0,8444777000.0
ASELS,2022,3,1676941000.0,27541123000.0,4365256000.0,0.0,2280000000.0,7800191000.0
ASELS,2021,12,7127341000.0,25835210000.0,20138953000.0,0.0,2280000000.0,5402950000.0
ASELS,2021,9,3135492000.0,20888781000.0,10292348000.0,0.0,2280000000.0,3991009000.0
ASELS,2021,6,2534044000.0,20286881000.0,6974677000.0,0.0,2280000000.0,4491134000.0
ASELS,2021,3,1228827000.0,19337844000.0,3173135000.0,0.0,2280000000.0,4228507000.0
ASELS,2020,12,4461266000.0,18098103000.0,16104455000.0,0.0,2280000000.0,3890473000.0
ASELS,2020,9,2998525000.0,16291592000.0,8422668000.0,0.0,2280000000.0,3251591000.0
ASELS,2020,6,1847971000.0,15081234000.0,5230659000.0,0.0,2280000000.0,2604133000.0
ASELS,2020,3,920214000.0,14494489000.0,2595267000.0,0.0,1140000000.0,1775870000.0
ASELS,2019,12,3352673000.0,13568899000.0,13012551000.0,0.0,1140000000.0,2232617000.0
ASELS,2019,9,1978934000.0,11989820000.0,7647673000.0,0.0,1140000000.0,2176196000.0
ASELS,2019,6,1335324000.0,11352674000.0,4624415000.0,0.0,1140000000.0,1457185000.0
ASELS,2019,3,629561000.0,10810418000.0,1998099000.0,0.0,1140000000.0,1057195000.0
ASELS,2018,12,2319347000.0,10177021000.0,9008516000.0,0.0,1140000000.0,786037000.0
ASELS,2018,9,1735534000.0,9382161000.0,5213940000.0,0.0,1140000000.0,885480000.0
ASELS,2018,6,941806000.0,8575516000.0,3279776000.0,0.0,1140000000.0,545487000.0
ASELS,2018,3,351342000.0,5040003000.0,1365199000.0,0.0,1000000000.0,505600000.0
ASELS,2017,12,1375980000.0,4768123000.0,5412253000.0,0.0,1000000000.0,534143000.0
ASELS,2017,9,752326000.0,4443210000.0,3451174000.0,0.0,1000000000.0,442882000.0
ASELS,2017,6,544628000.0,4178884000.0,2211739000.0,0.0,1000000000.0,414552000.0
ASELS,2017,3,343698000.0,3940328000.0,1074069000.0,0.0,1000000000.0,411663000.0
ASELS,2016,12,795201000.0,3691467000.0,3768116000.0,0.0,1000000000.0,494323000.0
ASELS,2016,9,389135000.0,3190912000.0,2149754000.0,0.0,1000000000.0,448494000.0
ASELS,2016,6,235961000.0,3037103000.0,1414819000.0,0.0,1000000000.0,474821000.0
ASELS,2016,3,111779000.0,2908305591.0,633843000.0,0.0,500000000.0,502001936.0
ASELS,2015,12,213373000.0,2840736000.0,2780430000.0,0.0,500000000.0,603318000.0
ASELS,2015,9,145995000.0,2136330208.0,1847864000.0,0.0,500000000.0,604668612.0
ASELS,2015,6,78146000.0,2244534694.0,1311413000.0,0.0,500000000.0,562566087.0
ASELS,2015,3,-43923000.0,2150971813.0,767814000.0,0.0,500000000.0,552851991.0
ASELS,2014,12,392052201.0,2539146760.0,2534501073.0,0.0,500000000.0,479149506.0
ASELS,2014,9,245812268.0,1833373557.0,1781219311.0,0.0,500000000.0,413346554.0
ASELS,2014,6,198973746.0,1786535035.0,1121727040.0,0.0,500000000.0,441304514.0
ASELS,2014,3,57838843.0,1645324294.0,506404328.0,0.0,500000000.0,427029025.0
ASELS,2013,12,238546934.0,1612485451.0,2171425296.0,0.0,500000000.0,353286991.0
ASELS,2013,9,128213669.0,1324693068.0,1444160700.0,0.0,500000000.0,359717391.0
ASELS,2013,6,100020908.0,1293746967.0,981685487.0,0.0,500000000.0,354138584.0
ASELS,2013,3,72439271.0,1260034862.0,431004995.0,0.0,500000000.0,276809024.0
ASELS,2012,12,306916856.0,1266095591.0,1632896367.0,0.0,500000000.0,325464178.0
ASELS,2012,9,241522898.0,1213877549.0,1144193104.0,0.0,500000000.0,188734587.0
ASELS,2012,6,185993295.0,1158347946.0,795616198.0,0.0,500000000.0,197295585.0
ASELS,2012,3,88687876.0,1060428435.0,386677382.0,0.0,235224000.0,170339492.0
ASELS,2011,12,160403045.0,1018816390.0,1501878990.0,0.0,235224000.0,139717730.0
ASELS,2011,9,68214112.0,957354424.0,950986032.0,0.0,235224000.0,131509489.0
ASELS,2011,6,84627536.0,888017206.0,647046172.0,0.0,235224000.0,47225302.0
ASELS,2011,3,59430386.0,853275884.0,299722862.0,0.0,235224000.0,46757126.0
ASTOR,2023,12,6639007854.0,17670249461.0,24420785951.0,0.0,998000000.0,1656277698.0
ASTOR,2023,9,2361674768.0,7649441833.0,15887733946.0,0.0,998000000.0,618210430.0
ASTOR,2023,6,768518607.0,6177447612.0,9214501259.0,0.0,998000000.0,818081124.0
ASTOR,2023,3,145266224.0,5020386192.0,3840381274.0,0.0,998000000.0,1043254843.0
ASTOR,2022,12,2040490155.0,6685027406.0,13783507804.0,0.0,850000000.0,2118224938.0
ASTOR,2022,9,1100291968.0,2561255496.0,4626151679.0,0.0,850000000.0,1427738696.0
ASTOR,2022,6,643284569.0,0.0,2789234671.0,0.0,0.0,0.0
ASTOR,2022,3,237733324.0,0.0,1080911812.0,0.0,0.0,0.0
ASTOR,2021,12,517681157.0,1098575339.0,3154302309.0,0.0,850000000.0,1270383615.0
ASTOR,2021,9,263434625.0,0.0,2007139972.0,0.0,0.0,0.0
ASTOR,2020,12,225585436.0,558658853.0,1448766348.0,0.0,192622306.0,730693869.0
ASTOR,2019,12,127446975.0,330579117.0,1110723551.0,0.0,192622306.0,404319514.0
AYGAZ,2023,12,7999529000.0,52731993000.0,93607612000.0,0.0,219801000.0,3205609000.0
AYGAZ,2023,9,2207431000.0,12050482000.0,66478452000.0,0.0,219801000.0,2703085000.0
AYGAZ,2023,6,1036727000.0,9263233000.0,40352982000.0,0.0,219801000.0,2646541000.0
AYGAZ,2023,3,312664000.0,8094681000.0,23274782000.0,0.0,219801000.0,3092984000.0
AYGAZ,2022,12,6525671000.0,30860805000.0,71287651000.0,0.0,219801000.0,5930075000.0
AYGAZ,2022,9,2715730000.0,5381563000.0,26490998000.0,0.0,219801000.0,3691067000.0
AYGAZ,2022,6,1228180000.0,3912127000.0,15969423000.0,0.0,300000000.0,3718353000.0
AYGAZ,2022,3,179644000.0,2624374000.0,6412632000.0,0.0,300000000.0,3195531000.0
AYGAZ,2021,12,627166000.0,2719199000.0,15893254000.0,0.0,300000000.0,2552459000.0
AYGAZ,2021,9,505169000.0,2665578000.0,10170226000.0,0.0,300000000.0,1897596000.0
AYGAZ,2021,6,184346000.0,2220176000.0,5402214000.0,0.0,300000000.0,1800593000.0
AYGAZ,2021,3,-11359000.0,2034381000.0,2881392000.0,0.0,300000000.0,1750548000.0
AYGAZ,2020,12,-24889000.0,2317403000.0,10144743000.0,0.0,300000000.0,1564190000.0
AYGAZ,2020,9,-103050000.0,2059337000.0,7195333000.0,0.0,300000000.0,1672047000.0
AYGAZ,2020,6,-185595000.0,2020632000.0,4150354000.0,0.0,300000000.0,1657028000.0
AYGAZ,2020,3,-226160000.0,2095185000.0,2206112000.0,0.0,300000000.0,1476695000.0
AYGAZ,2019,12,273477000.0,2478083000.0,10211013000.0,0.0,300000000.0,1247763000.0
AYGAZ,2019,9,198683000.0,2363087000.0,7645016000.0,0.0,300000000.0,1444481000.0
AYGAZ,2019,6,130795000.0,2293650000.0,5096292000.0,0.0,300000000.0,1488164000.0
AYGAZ,2019,3,10072000.0,2118204000.0,2351390000.0,0.0,300000000.0,1452222000.0
AYGAZ,2018,12,228383000.0,2502410000.0,9554441000.0,0.0,300000000.0,1401015000.0
AYGAZ,2018,9,315134000.0,2596437000.0,7191134000.0,0.0,300000000.0,1406712000.0
AYGAZ,2018,6,203626000.0,2589827000.0,4285506000.0,0.0,300000000.0,1143657000.0
AYGAZ,2018,3,55373000.0,2504779000.0,2063168000.0,0.0,300000000.0,998817000.0
AYGAZ,2017,12,577019000.0,2923063000.0,8469276000.0,0.0,300000000.0,973270000.0
AYGAZ,2017,9,492251000.0,2864271000.0,6161871000.0,0.0,300000000.0,856785000.0
AYGAZ,2017,6,325965000.0,2696735000.0,3946278000.0,0.0,300000000.0,748123000.0
AYGAZ,2017,3,157469000.0,2438810000.0,2065358000.0,0.0,300000000.0,656324000.0
AYGAZ,2016,12,416092000.0,2741557000.0,6748761000.0,0.0,300000000.0,630510000.0
AYGAZ,2016,9,276811000.0,2673421000.0,4904788000.0,0.0,300000000.0,603536000.0
AYGAZ,2016,6,158265000.0,2564137000.0,3059971000.0,0.0,300000000.0,656860000.0
AYGAZ,2016,3,65477000.0,2685661000.0,1524720000.0,0.0,300000000.0,607373000.0
AYGAZ,2015,12,418462000.0,2610820000.0,6419610000.0,0.0,300000000.0,551354000.0
AYGAZ,2015,9,272809000.0,2485544000.0,4814074000.0,0.0,300000000.0,600308000.0
AYGAZ,2015,6,160128000.0,2368163000.0,2963555000.0,0.0,300000000.0,476160000.0
AYGAZ,2015,3,53309000.0,2292958000.0,1440370000.0,0.0,300000000.0,473394000.0
AYGAZ,2014,12,218023000.0,2359190000.0,7061276000.0,0.0,300000000.0,365290000.0
AYGAZ,2014,9,216317000.0,2333364000.0,5361156000.0,0.0,300000000.0,240734000.0
AYGAZ,2014,6,148300000.0,2264858000.0,3491559000.0,0.0,300000000.0,278745000.0
AYGAZ,2014,3,83796000.0,2153451000.0,1777095000.0,0.0,300000000.0,202514000.0
AYGAZ,2013,12,205335000.0,2243576000.0,6004984000.0,0.0,300000000.0,237807000.0
AYGAZ,2013,9,194520000.0,2283571000.0,4374336000.0,0.0,300000000.0,212884000.0
AYGAZ,2013,6,76191000.0,2164594000.0,2767531000.0,0.0,300000000.0,154336000.0
AYGAZ,2013,3,40167000.0,2421290000.0,1376749000.0,0.0,300000000.0,7133000.0
AYGAZ,2012,12,304965000.0,2380535000.0,5586059000.0,0.0,300000000.0,5810000.0
AYGAZ,2012,9,242463000.0,2255185000.0,4054905000.0,0.0,300000000.0,0.0
AYGAZ,2012,6,120885000.0,2134123000.0,2652790000.0,0.0,300000000.0,0.0
AYGAZ,2012,3,92405000.0,2248448000.0,1393572000.0,0.0,300000000.0,7214000.0
AYGAZ,2011,12,378156000.0,2154631000.0,5455670000.0,0.0,300000000.0,1764000.0
AYGAZ,2011,9,328314000.0,2188132000.0,3995376000.0,0.0,300000000.0,15049000.0
AYGAZ,2011,6,286843000.0,2147505000.0,2493661000.0,0.0,300000000.0,14453000.0
AYGAZ,2011,3,245204000.0,2132040000.0,1252766000.0,0.0,300000000.0,11537000.0
BAGFS,2023,12,-2176165459.0,6786012683.0,4160816410.0,0.0,135000000.0,4501981119.0
BAGFS,2023,9,-1721987443.0,1029534387.0,3709257885.0,0.0,135000000.0,2547760651.0
BAGFS,2023,6,-1632489437.0,1154105417.0,2656410215.0,0.0,135000000.0,1973297024.0
BAGFS,2023,3,-831096806.0,1589014799.0,1641946735.0,0.0,135000000.0,1773243358.0
BAGFS,2022,12,1661721310.0,6273073668.0,7476972127.0,0.0,135000000.0,2953496109.0
BAGFS,2022,9,509990906.0,1166018414.0,2915294140.0,0.0,135000000.0,1455237891.0
BAGFS,2022,6,219030577.0,872971324.0,1636035243.0,0.0,135000000.0,1311391852.0
BAGFS,2022,3,140691734.0,798331163.0,799675110.0,0.0,135000000.0,1614317121.0
BAGFS,2021,12,155402405.0,655077185.0,1740196907.0,0.0,135000000.0,1404149111.0
BAGFS,2021,9,58174744.0,456589469.0,1066593674.0,0.0,45000000.0,914727310.0
BAGFS,2021,6,8480563.0,410771553.0,680418586.0,0.0,45000000.0,936363311.0
BAGFS,2021,3,-9464719.0,393197881.0,312727605.0,0.0,45000000.0,981308760.0
BAGFS,2020,12,-41208260.0,398297090.0,1037186349.0,0.0,45000000.0,916567093.0
BAGFS,2020,9,-112480778.0,333035163.0,742489617.0,0.0,45000000.0,974234356.0
BAGFS,2020,6,-39366889.0,406001105.0,516386711.0,0.0,45000000.0,825669613.0
BAGFS,2020,3,-15046691.0,430298411.0,305388159.0,0.0,45000000.0,796117030.0
BAGFS,2019,12,81817872.0,444907701.0,872126597.0,0.0,45000000.0,730122676.0
BAGFS,2019,9,90265676.0,453136333.0,672004210.0,0.0,45000000.0,612916632.0
BAGFS,2019,6,29970324.0,392629588.0,431968026.0,0.0,45000000.0,633605365.0
BAGFS,2019,3,655666.0,363617555.0,235338790.0,0.0,45000000.0,634944813.0
BAGFS,2018,12,-107736113.0,363016146.0,356718389.0,0.0,45000000.0,606294331.0
BAGFS,2018,9,-218261430.0,254421702.0,286167890.0,0.0,45000000.0,688817974.0
BAGFS,2018,6,-81898969.0,391083500.0,229647680.0,0.0,45000000.0,537405415.0
BAGFS,2018,3,-22737517.0,450429613.0,160252645.0,0.0,45000000.0,532072466.0
BAGFS,2017,12,-10210831.0,473707112.0,519579071.0,0.0,45000000.0,498144608.0
BAGFS,2017,9,-16799797.0,467375128.0,381702422.0,0.0,45000000.0,476290358.0
BAGFS,2017,6,-7371804.0,477007406.0,270636375.0,0.0,45000000.0,456826444.0
BAGFS,2017,3,7490800.0,491740496.0,196492472.0,0.0,45000000.0,474337096.0
BAGFS,2016,12,-37585667.0,484938540.0,498836412.0,0.0,45000000.0,438878726.0
BAGFS,2016,9,1861516.0,523949209.0,426662697.0,0.0,45000000.0,425080498.0
BAGFS,2016,6,11563321.0,534047662.0,330292425.0,0.0,45000000.0,404708813.0
BAGFS,2016,3,14719599.0,537301651.0,255742918.0,0.0,45000000.0,426976016.0
BAGFS,2015,12,233941994.0,522854106.0,460686123.0,0.0,45000000.0,412616871.0
BAGFS,2015,9,3821552.0,292840103.0,354402114.0,0.0,45000000.0,432248364.0
BAGFS,2015,6,22284350.0,311526123.0,262180312.0,0.0,45000000.0,377771779.0
BAGFS,2015,3,16118636.0,293439886.0,148349897.0,0.0,45000000.0,340334061.0
BAGFS,2014,12,33637029.0,294404375.0,330333074.0,0.0,45000000.0,313916316.0
BAGFS,2014,9,23054799.0,277433651.0,280998558.0,0.0,45000000.0,322587229.0
BAGFS,2014,6,21733153.0,239392602.0,215153027.0,0.0,9000000.0,314787243.0
BAGFS,2014,3,15080847.0,238100336.0,135998900.0,0.0,9000000.0,271262494.0
BAGFS,2013,12,2075935.0,222951265.0,330373888.0,0.0,9000000.0,187626509.0
BAGFS,2013,9,375945.0,221393653.0,263678309.0,0.0,9000000.0,162629439.0
BAGFS,2013,6,59029.0,221122368.0,186054050.0,0.0,9000000.0,146167739.0
BAGFS,2013,3,1939335.0,222964332.0,113425088.0,0.0,9000000.0,128709212.0
BAGFS,2012,12,23902850.0,231323321.0,363872449.0,0.0,9000000.0,29314188.0
BAGFS,2012,9,21467576.0,221859246.0,315492353.0,0.0,3000000.0,841156.0
BAGFS,2012,6,18020556.0,218425220.0,224228937.0,0.0,3000000.0,2593782.0
BAGFS,2012,3,12664141.0,213059035.0,160943623.0,0.0,3000000.0,3441880.0
BAGFS,2011,12,73828982.0,237284732.0,325139670.0,0.0,3000000.0,3000000.0
BAGFS,2011,9,61394339.0,224734129.0,245345886.0,0.0,3000000.0,3402100.0
BAGFS,2011,6,38843021.0,202182812.0,181589926.0,0.0,3000000.0,3042155.0
BAGFS,2011,3,18382957.0,179919095.0,86968718.0,0.0,3000000.0,895439.0
BERA,2023,12,4796148267.0,24968945739.0,18557079447.0,0.0,683200000.0,1716735365.0
BERA,2023,9,676186633.0,10346751918.0,12820701588.0,0.0,683200000.0,1186250112.0
BERA,2023,6,794702166.0,10087974454.0,8575635596.0,0.0,683200000.0,1253604544.0
BERA,2023,3,823377815.0,9521561500.0,4832046429.0,0.0,683200000.0,1218699868.0
BERA,2022,12,-635742432.0,14784700262.0,15047030768.0,0.0,683200000.0,1605403201.0
BERA,2022,9,1628631325.0,6613352365.0,6195583763.0,0.0,341600000.0,918832538.0
BERA,2022,6,829797201.0,5880960776.0,3796630046.0,0.0,341600000.0,900526651.0
BERA,2022,3,351739106.0,4589759622.0,1681267855.0,0.0,341600000.0,889721813.0
BERA,2021,12,923293203.0,4133172928.0,4217184173.0,0.0,341600000.0,861303990.0
BERA,2021,9,322522520.0,2917551765.0,2832633862.0,0.0,341600000.0,747287518.0
BERA,2021,6,186850449.0,2849344068.0,1753984536.0,0.0,341600000.0,854648805.0
BERA,2021,3,73660345.0,2693228761.0,841488584.0,0.0,341600000.0,982819367.0
BERA,2020,12,412701251.0,2631051423.0,2823482889.0,0.0,341600000.0,1083537176.0
BERA,2020,9,224502115.0,2335038278.0,2207379727.0,0.0,341600000.0,1090787291.0
BERA,2020,6,147715935.0,2093722054.0,1405305002.0,0.0,341600000.0,1070460944.0
BERA,2020,3,23225160.0,1930724534.0,633414102.0,0.0,341600000.0,1031362799.0
BERA,2019,12,69886227.0,1886750123.0,2252637641.0,0.0,341600000.0,990650980.0
BERA,2019,9,92891123.0,1884222167.0,1673257127.0,0.0,341600000.0,897163341.0
BERA,2019,6,58582565.0,1881154881.0,1094387924.0,0.0,341600000.0,904721724.0
BERA,2019,3,-7663261.0,1818313835.0,502684977.0,0.0,341600000.0,914239592.0
BERA,2018,12,68971569.0,1815387329.0,2185403921.0,0.0,341600000.0,868640972.0
BERA,2018,9,38694227.0,1787609456.0,1608943317.0,0.0,341600000.0,927543085.0
BERA,2018,6,78727341.0,1712425201.0,903364973.0,0.0,341600000.0,851571832.0
BERA,2018,3,20873109.0,1454497996.0,437157308.0,0.0,341600000.0,793419433.0
BERA,2017,12,35919747.0,1408694756.0,1649242187.0,0.0,341600000.0,741276841.0
BERA,2017,9,54587635.0,1374283053.0,1203798148.0,0.0,170800000.0,730504352.0
BERA,2017,6,38237332.0,1354103798.0,783901776.0,0.0,170800000.0,741066715.0
BERA,2017,3,10939630.0,1322285290.0,365511554.0,0.0,170800000.0,745714223.0
BERA,2016,12,-2445052.0,1236541909.0,1312722377.0,0.0,170800000.0,690238447.0
BERA,2016,9,23056855.0,1251447646.0,894033922.0,0.0,170800000.0,635259284.0
BERA,2016,6,8234782.0,1231578445.0,587672430.0,0.0,170800000.0,602058050.0
BERA,2016,3,1277714.0,1231819665.0,271895079.0,0.0,170800000.0,528583370.0
BERA,2015,12,22668405.0,1227669799.0,1148544414.0,0.0,170800000.0,514520088.0
BERA,2015,9,14571586.0,1247145972.0,835798889.0,0.0,170800000.0,519704685.0
BERA,2015,6,6831719.0,1211867438.0,527253410.0,0.0,170800000.0,487937168.0
BERA,2015,3,85422.0,1200906718.0,235706273.0,0.0,170800000.0,430858737.0
BERA,2014,12,-7613905.0,1208071490.0,1188048324.0,0.0,170800000.0,409241844.0
BERA,2014,9,21638890.0,1269357815.0,792663088.0,0.0,170800000.0,395736096.0
BERA,2014,6,27830756.0,1284593230.0,526623887.0,0.0,170800000.0,328231612.0
BERA,2014,3,5302972.0,750493496.0,231843313.0,0.0,170800000.0,332261836.0
BERA,2013,12,23619551.0,745250100.0,1048663342.0,0.0,170800000.0,326561922.0
BERA,2013,9,22825589.0,749272660.0,714558374.0,0.0,170800000.0,300722650.0
BERA,2013,6,10081075.0,733160927.0,458086230.0,0.0,85400000.0,271492820.0
BERA,2013,3,1886730.0,715925783.0,217257082.0,0.0,85400000.0,227656103.0
BERA,2012,12,17885479.0,718203459.0,1011482378.0,0.0,85400000.0,210650722.0
BERA,2012,9,17496796.0,713317826.0,734672037.0,0.0,85400000.0,171285966.0
BERA,2012,6,24664055.0,552545800.0,416201840.0,0.0,29980000.0,116517314.0
BERA,2011,12,31415686.0,548409311.0,743915843.0,0.0,29980000.0,115574580.0
BERA,2011,9,0.0,0.0,0.0,0.0,0.0,0.0
BERA,2011,6,0.0,0.0,0.0,0.0,0.0,0.0
BRISA,2023,12,5735553194.0,19413427548.0,38257936373.0,-62492770.0,305116875.0,22540531613.0
BRISA,2023,9,2221505141.0,4319785572.0,26815638378.0,-31958005.0,305116875.0,12311595352.0
BRISA,2023,6,1535204291.0,3277234607.0,18152342678.0,-22987751.0,305116875.0,9214511936.0
BRISA,2023,3,608194140.0,2640739874.0,9520341273.0,4739043.0,305116875.0,9708111325.0
BRISA,2022,12,2509492968.0,11616664122.0,26863170153.0,-48418943.0,305116875.0,11253728811.0
BRISA,2022,9,1480414371.0,3112532106.0,9575043198.0,-17127416.0,305116875.0,7272401060.0
BRISA,2022,6,923232115.0,2531918641.0,5951960484.0,-19080116.0,305116875.0,6022419880.0
BRISA,2022,3,614181986.0,2220831670.0,2714236001.0,-8051823.0,305116875.0,5411006095.0
BRISA,2021,12,1004575346.0,2309092308.0,6634262406.0,104908.0,305116875.0,4790117733.0
BRISA,2021,9,669940416.0,1875492621.0,4504462155.0,-6245490.0,305116875.0,3807896092.0
BRISA,2021,6,499680704.0,1701072254.0,2972239948.0,-9718000.0,305116875.0,3717004391.0
BRISA,2021,3,281814767.0,1507896100.0,1472530765.0,-4578141.0,305116875.0,3502466166.0
BRISA,2020,12,539949789.0,1438386971.0,4236875447.0,12611617.0,305116875.0,3165536998.0
BRISA,2020,9,312697402.0,1252105155.0,2893937771.0,2120259.0,305116875.0,3442223725.0
BRISA,2020,6,96923227.0,994900392.0,1733921949.0,3243487.0,305116875.0,3613289635.0
BRISA,2020,3,76231655.0,994848315.0,1001125695.0,-14019853.0,305116875.0,3420759435.0
BRISA,2019,12,114013293.0,897041984.0,3654321859.0,635347.0,305116875.0,3177270737.0
BRISA,2019,9,74317611.0,894826666.0,2655628541.0,1491009.0,305116875.0,3148405205.0
BRISA,2019,6,16693608.0,929525970.0,1641882452.0,5067030.0,305116875.0,3278293296.0
BRISA,2019,3,-2653108.0,1013014566.0,775942292.0,151999.0,305116875.0,3351686229.0
BRISA,2018,12,95741377.0,920943253.0,2998775696.0,-52853548.0,305116875.0,2673515360.0
BRISA,2018,9,75089881.0,1120067533.0,2236847466.0,-39677229.0,305116875.0,3270659410.0
BRISA,2018,6,23282784.0,884146121.0,1414081685.0,-30485583.0,305116875.0,2288929203.0
BRISA,2018,3,11398507.0,748500059.0,694094917.0,-4502624.0,305116875.0,2076515655.0
BRISA,2017,12,95203492.0,683480020.0,2294135975.0,-65145971.0,305116875.0,2029994661.0
BRISA,2017,9,75670914.0,629851460.0,1620695542.0,-18808634.0,305116875.0,1985865488.0
BRISA,2017,6,26604334.0,573454597.0,1008022732.0,-11233543.0,305116875.0,1892217023.0
BRISA,2017,3,24680313.0,584110044.0,473091644.0,0.0,305116875.0,1869936282.0
BRISA,2016,12,80112628.0,570186060.0,1766472991.0,0.0,305116875.0,1783265603.0
BRISA,2016,9,53082177.0,501622405.0,1272391796.0,0.0,305116875.0,1548836808.0
BRISA,2016,6,59927694.0,497190667.0,864852511.0,0.0,305116875.0,1398224540.0
BRISA,2016,3,31638112.0,478489743.0,401967854.0,0.0,305116875.0,1310740400.0
BRISA,2015,12,197193165.0,657599820.0,1801875943.0,0.0,305116875.0,1101070929.0
BRISA,2015,9,115919326.0,587421754.0,1282441057.0,0.0,305116875.0,1236897442.0
BRISA,2015,6,62484463.0,530946992.0,822942171.0,0.0,305116875.0,1068000160.0
BRISA,2015,3,28091350.0,498758239.0,388986164.0,0.0,305116875.0,1000812384.0
BRISA,2014,12,186319625.0,604877619.0,1693497624.0,0.0,305116875.0,668797351.0
BRISA,2014,9,133194416.0,565440144.0,1212293763.0,0.0,305116875.0,605475770.0
BRISA,2014,6,80616660.0,493388700.0,786996894.0,0.0,305116875.0,628994624.0
BRISA,2014,3,49573892.0,486001602.0,388013421.0,0.0,305116875.0,676092288.0
BRISA,2013,12,144348171.0,568466501.0,1489491658.0,0.0,305116875.0,581749577.0
BRISA,2013,9,108867172.0,533422763.0,1095158650.0,0.0,305116875.0,545354554.0
BRISA,2013,6,54728712.0,479190758.0,675858254.0,0.0,305116875.0,574061950.0
BRISA,2013,3,25832510.0,442157299.0,318929716.0,0.0,305116875.0,583757894.0
BRISA,2012,12,95320182.0,490320730.0,1424003474.0,0.0,305116875.0,557635943.0
BRISA,2012,9,53117053.0,449977223.0,1024148058.0,0.0,305116875.0,549323676.0
BRISA,2012,6,28857273.0,426998628.0,659423775.0,0.0,7441875.0,537155400.0
BRISA,2012,3,12710479.0,480579547.0,321296152.0,0.0,7441875.0,441035052.0
BRISA,2011,12,71872921.0,471758874.0,1347777289.0,0.0,7441875.0,378842836.0
BRISA,2011,9,47478511.0,448553203.0,942438161.0,0.0,7441875.0,360801813.0
BRISA,2011,6,27240790.0,425588900.0,603815268.0,0.0,7441875.0,303232887.0
BRISA,2011,3,15914783.0,411823093.0,284459404.0,0.0,7441875.0,256524963.0
BRSAN,2023,12,4102826000.0,24952925000.0,42175476000.0,0.0,141750000.0,10266915000.0
BRSAN,2023,9,3093073000.0,21065311000.0,25734048000.0,0.0,141750000.0,10842041000.0
BRSAN,2023,6,2537457000.0,20041144000.0,15577981000.0,0.0,141750000.0,10736738000.0
BRSAN,2023,3,1347307000.0,13566362000.0,7427354000.0,0.0,141750000.0,9744736000.0
BRSAN,2022,12,1349894000.0,11859577000.0,22204754000.0,0.0,141750000.0,9354026000.0
BRSAN,2022,9,554255000.0,9805813000.0,14834350000.0,0.0,141750000.0,9734709000.0
BRSAN,2022,6,385299000.0,8644566000.0,8545305000.0,0.0,141750000.0,6919308000.0
BRSAN,2022,3,108646000.0,7424508000.0,3661507000.0,0.0,141750000.0,6195513000.0
BRSAN,2021,12,94425000.0,6651995000.0,7329974000.0,0.0,141750000.0,5089900000.0
BRSAN,2021,9,221220000.0,4524879851.0,4688972000.0,0.0,141750000.0,3674332192.0
BRSAN,2021,6,157201000.0,4386406309.0,2972677000.0,0.0,141750000.0,3288230920.0
BRSAN,2021,3,82622000.0,4113341547.0,1361316000.0,0.0,141750000.0,3412908018.0
BRSAN,2020,12,-10661000.0,3549202000.0,3728998000.0,0.0,141750000.0,2847310000.0
BRSAN,2020,9,-100699529.0,3672900907.0,2665308304.0,0.0,141750000.0,3425124450.0
BRSAN,2020,6,-21721545.0,3293668322.0,1830106704.0,0.0,141750000.0,2838298325.0
BRSAN,2020,3,16849884.0,3175770704.0,1149200835.0,0.0,141750000.0,2749566399.0
BRSAN,2019,12,65704657.0,2887550467.0,4574046063.0,0.0,141750000.0,2578211643.0
BRSAN,2019,9,48433136.0,2898125094.0,3352164666.0,0.0,141750000.0,2606325475.0
BRSAN,2019,6,83833098.0,2985628815.0,2331151532.0,0.0,141750000.0,2313081042.0
BRSAN,2019,3,14253848.0,2829767063.0,1203843451.0,0.0,141750000.0,2285050022.0
BRSAN,2018,12,283224164.0,2771652657.0,4864628668.0,0.0,141750000.0,2130100665.0
BRSAN,2018,9,165304748.0,2963243920.0,3121898772.0,0.0,141750000.0,2649333828.0
BRSAN,2018,6,74212377.0,2180349640.0,1673637560.0,0.0,141750000.0,1795908753.0
BRSAN,2018,3,12990510.0,1832344621.0,766460408.0,0.0,141750000.0,1469471478.0
BRSAN,2017,12,243579783.0,1830286819.0,2841607138.0,0.0,141750000.0,1417839125.0
BRSAN,2017,9,183949801.0,1693384693.0,2020628720.0,0.0,141750000.0,1356297713.0
BRSAN,2017,6,117862283.0,1602889621.0,1307282128.0,0.0,141750000.0,1261796303.0
BRSAN,2017,3,17489641.0,1556792956.0,542666007.0,0.0,141750000.0,1150924151.0
BRSAN,2016,12,102082224.0,1602758105.0,1966331044.0,0.0,141750000.0,835903064.0
BRSAN,2016,9,89374433.0,1354990716.0,1440368122.0,0.0,141750000.0,938079910.0
BRSAN,2016,6,67632968.0,1286975002.0,1013570535.0,0.0,141750000.0,887360175.0
BRSAN,2016,3,17176911.0,1210450646.0,502315552.0,0.0,141750000.0,797549566.0
BRSAN,2015,12,19126704.0,1247674395.0,1948925206.0,0.0,141750000.0,851274073.0
BRSAN,2015,9,36810949.0,1327196977.0,1408602496.0,0.0,141750000.0,1106346877.0
BRSAN,2015,6,10048543.0,1143331641.0,918338086.0,0.0,141750000.0,1081882311.0
BRSAN,2015,3,-10949411.0,1088297685.0,430741311.0,0.0,141750000.0,1062782391.0
BRSAN,2014,12,25018317.0,998350320.0,1638608965.0,0.0,141750000.0,875047448.0
BRSAN,2014,9,21520835.0,772545574.0,1101201730.0,0.0,141750000.0,821779068.0
BRSAN,2014,6,10609147.0,709181124.0,702842704.0,0.0,141750000.0,731770204.0
BRSAN,2014,3,-7773801.0,713779905.0,323590713.0,0.0,141750000.0,763776252.0
BRSAN,2013,12,36702931.0,721164801.0,1198199713.0,0.0,141750000.0,610311577.0
BRSAN,2013,9,36118812.0,685737248.0,880338857.0,0.0,28350000.0,456499053.0
BRSAN,2013,6,7054719.0,619564160.0,520920259.0,0.0,28350000.0,392088045.0
BRSAN,2013,3,3660843.0,598663230.0,266358513.0,0.0,28350000.0,323991974.0
BRSAN,2012,12,39474913.0,618938712.0,1426146486.0,0.0,28350000.0,268440925.0
BRSAN,2012,9,36809127.0,618081683.0,1061620558.0,0.0,28350000.0,288801547.0
BRSAN,2012,6,35439090.0,626903501.0,741006991.0,0.0,28350000.0,239249066.0
BRSAN,2012,3,20386248.0,599239005.0,371179342.0,0.0,28350000.0,250463936.0
BRSAN,2011,12,52620442.0,657482519.0,1331316883.0,0.0,28350000.0,155436273.0
BRSAN,2011,9,46995066.0,641463676.0,936635048.0,0.0,28350000.0,160544174.0
BRSAN,2011,6,39991613.0,551245552.0,616938187.0,0.0,28350000.0,121028046.0
BRSAN,2011,3,23025153.0,509448067.0,289806061.0,0.0,28350000.0,131631463.0
BIMAS,2023,12,22299719000.0,100692259000.0,474200415000.0,0.0,607200000.0,32251270000.0
BIMAS,2023,9,13291367000.0,30043083000.0,330890598000.0,0.0,607200000.0,19185790000.0
BIMAS,2023,6,5232614000.0,26151221000.0,197577993000.0,0.0,607200000.0,17090956000.0
BIMAS,2023,3,1250558000.0,26329979000.0,96077514000.0,0.0,607200000.0,14546093000.0
BIMAS,2022,12,16599432000.0,58307349000.0,279252910000.0,0.0,607200000.0,19625852000.0
BIMAS,2022,9,4805266000.0,10783488000.0,102620448000.0,0.0,607200000.0,10747439000.0
BIMAS,2022,6,3027652000.0,9005287000.0,61449339000.0,0.0,607200000.0,9843746000.0
BIMAS,2022,3,1344211000.0,9097227000.0,27313940000.0,0.0,607200000.0,8842232000.0
BIMAS,2021,12,2950710000.0,7809072000.0,70698507000.0,0.0,607200000.0,8142044000.0
BIMAS,2021,9,2308592000.0,6857175000.0,50122131000.0,0.0,607200000.0,7432530000.0
BIMAS,2021,6,1416243000.0,5687228000.0,32664892000.0,0.0,607200000.0,7142601000.0
BIMAS,2021,3,684567000.0,6693315000.0,15501646000.0,0.0,607200000.0,6581536000.0
BIMAS,2020,12,2606815000.0,7175687000.0,55495364000.0,0.0,607200000.0,6093306000.0
BIMAS,2020,9,1781596000.0,5375485000.0,40186226000.0,0.0,607200000.0,5704135000.0
BIMAS,2020,6,1127822000.0,5048715000.0,26626115000.0,0.0,607200000.0,4981321000.0
BIMAS,2020,3,430411000.0,4678679000.0,12597616000.0,0.0,607200000.0,4816654000.0
BIMAS,2019,12,1224877000.0,4237290000.0,40211942000.0,0.0,607200000.0,4311897000.0
BIMAS,2019,9,906215000.0,4047912000.0,29683016000.0,0.0,607200000.0,4191996000.0
BIMAS,2019,6,562296000.0,3370007000.0,19270728000.0,0.0,303600000.0,3852118000.0
BIMAS,2019,3,215384000.0,3740728000.0,9025282000.0,0.0,303600000.0,3654150000.0
BIMAS,2018,12,1250464000.0,3512016000.0,32322987000.0,0.0,303600000.0,37853000.0
BIMAS,2018,9,891309000.0,3167198000.0,23229103000.0,0.0,303600000.0,0.0
BIMAS,2018,6,527529000.0,2773424000.0,14768802000.0,0.0,303600000.0,0.0
BIMAS,2018,3,234270000.0,3200582000.0,6969936000.0,0.0,303600000.0,0.0
BIMAS,2017,12,863001000.0,2957880000.0,24779408000.0,0.0,303600000.0,0.0
BIMAS,2017,9,641308000.0,2097836000.0,18182295000.0,0.0,303600000.0,0.0
BIMAS,2017,6,414276000.0,1864718000.0,11919658000.0,0.0,303600000.0,27980000.0
BIMAS,2017,3,197857000.0,2104942000.0,5706635000.0,0.0,303600000.0,9994000.0
BIMAS,2016,12,670859000.0,1901177000.0,20071717000.0,0.0,303600000.0,0.0
BIMAS,2016,9,477698000.0,1783434000.0,14838044000.0,0.0,303600000.0,23372000.0
BIMAS,2016,6,305932000.0,1636871000.0,9781998000.0,0.0,303600000.0,22326000.0
BIMAS,2016,3,162037000.0,1815346000.0,4810756000.0,0.0,303600000.0,21519000.0
BIMAS,2015,12,583131000.0,1670359000.0,17428497000.0,0.0,303600000.0,20260000.0
BIMAS,2015,9,442002000.0,1434805000.0,12892881000.0,0.0,303600000.0,47904000.0
BIMAS,2015,6,273087000.0,1248690000.0,8445304000.0,0.0,303600000.0,20625000.0
BIMAS,2015,3,123486000.0,1252257000.0,4094212000.0,0.0,303600000.0,18732000.0
BIMAS,2014,12,395299000.0,1149531000.0,14463059000.0,0.0,303600000.0,17327000.0
BIMAS,2014,9,312868000.0,1165447000.0,10708824000.0,0.0,303600000.0,17888000.0
BIMAS,2014,6,197487000.0,1041358000.0,6956114000.0,0.0,303600000.0,55096000.0
BIMAS,2014,3,107772000.0,1086069000.0,3395069000.0,0.0,303600000.0,15587000.0
BIMAS,2013,12,412984000.0,999264000.0,11848841000.0,0.0,303600000.0,13147000.0
BIMAS,2013,9,307288000.0,888396000.0,8716644000.0,0.0,303600000.0,40713000.0
BIMAS,2013,6,189951000.0,768452000.0,5629087000.0,0.0,303600000.0,15000000.0
BIMAS,2013,3,97235000.0,892790000.0,2795492000.0,0.0,151800000.0,0.0
BIMAS,2012,12,331798000.0,796012000.0,9906367000.0,0.0,151800000.0,10448000.0
BIMAS,2012,9,246636000.0,666159000.0,7324669000.0,0.0,151800000.0,0.0
BIMAS,2012,6,160110000.0,581291000.0,4780849000.0,0.0,151800000.0,0.0
BIMAS,2012,3,90853000.0,710079000.0,2427968000.0,0.0,151800000.0,0.0
BIMAS,2011,12,298910000.0,616152000.0,8189135000.0,0.0,151800000.0,0.0
BIMAS,2011,9,219977000.0,536897000.0,5974203000.0,0.0,151800000.0,9204000.0
BIMAS,2011,6,141992000.0,459553000.0,3813807000.0,0.0,151800000.0,37900000.0
BIMAS,2011,3,79831000.0,579761000.0,1877948000.0,0.0,151800000.0,8132000.0
CCOLA,2023,12,30551384000.0,64905234000.0,145883975000.0,0.0,254371000.0,53477380000.0
CCOLA,2023,9,22788055000.0,37808826000.0,114529336000.0,0.0,254371000.0,32244498000.0
CCOLA,2023,6,8298488000.0,31433087000.0,67988296000.0,0.0,254371000.0,31903207000.0
CCOLA,2023,3,3519718000.0,23461046000.0,28673582000.0,0.0,254371000.0,22849785000.0
CCOLA,2022,12,14387234000.0,47150303000.0,93189575000.0,0.0,254371000.0,34345477000.0
CCOLA,2022,9,3993805000.0,22001690000.0,40771531000.0,0.0,254371000.0,20348462000.0
CCOLA,2022,6,2073653000.0,18803927000.0,23358948000.0,0.0,254371000.0,18620998000.0
CCOLA,2022,3,700911000.0,16382884000.0,8665426000.0,0.0,254371000.0,15327791000.0
CCOLA,2021,12,2420837000.0,14969842000.0,21929535000.0,0.0,254371000.0,9390933000.0
CCOLA,2021,9,2240416000.0,11277893000.0,16365081000.0,0.0,254371000.0,6372138000.0
CCOLA,2021,6,1248468000.0,10300038000.0,9570979000.0,0.0,254371000.0,6481212000.0
CCOLA,2021,3,422487000.0,9855456000.0,3747345000.0,0.0,254371000.0,6306123000.0
CCOLA,2020,12,1314206000.0,8736641000.0,14391013000.0,0.0,254371000.0,6160412000.0
CCOLA,2020,9,1402353000.0,9736126000.0,11206893000.0,0.0,254371000.0,6381787000.0
CCOLA,2020,6,487566000.0,8047701000.0,6234337000.0,0.0,254371000.0,5831617000.0
CCOLA,2020,3,95524000.0,7409274000.0,2621600000.0,0.0,254371000.0,5757004000.0
CCOLA,2019,12,942246000.0,7369349000.0,12007762000.0,0.0,254371000.0,5491442000.0
CCOLA,2019,9,953403000.0,7118387000.0,9858293000.0,0.0,254371000.0,5232647000.0
CCOLA,2019,6,348972000.0,6618037000.0,6010442000.0,0.0,254371000.0,5255006000.0
CCOLA,2019,3,-43244000.0,6746088000.0,2173596000.0,0.0,254371000.0,5450520000.0
CCOLA,2018,12,351432000.0,6424090000.0,10623385000.0,0.0,254371000.0,5104285000.0
CCOLA,2018,9,246568000.0,7766734000.0,8622011000.0,0.0,254371000.0,8526717000.0
CCOLA,2018,6,174226000.0,6211303000.0,4950442000.0,0.0,254371000.0,6728562000.0
CCOLA,2018,3,-67117000.0,5592222000.0,1833290000.0,0.0,254371000.0,6307977000.0
CCOLA,2017,12,281497000.0,5422448000.0,8392143000.0,0.0,254371000.0,6148444000.0
CCOLA,2017,9,450833000.0,5361764000.0,6864655000.0,0.0,254371000.0,5605067000.0
CCOLA,2017,6,176450000.0,5115963000.0,4115012000.0,0.0,254371000.0,3784794000.0
CCOLA,2017,3,-103765000.0,5119165000.0,1555668000.0,0.0,254371000.0,3901170000.0
CCOLA,2016,12,22391000.0,4996947000.0,7050245000.0,0.0,254371000.0,3770147000.0
CCOLA,2016,9,388969000.0,4621345000.0,5675094000.0,0.0,254371000.0,3238448000.0
CCOLA,2016,6,211190000.0,4303138000.0,3430337000.0,0.0,254371000.0,3174302000.0
CCOLA,2016,3,5144000.0,4045929000.0,1301322000.0,0.0,254371000.0,3261591000.0
CCOLA,2015,12,126653000.0,4141571000.0,6723866000.0,0.0,254371000.0,3373943000.0
CCOLA,2015,9,124385000.0,4293394000.0,5450459000.0,0.0,254371000.0,3555359000.0
CCOLA,2015,6,53013000.0,3812379000.0,3245683000.0,0.0,254371000.0,3125757000.0
CCOLA,2015,3,-114294000.0,3642018000.0,1203038000.0,0.0,254371000.0,2982341000.0
CCOLA,2014,12,347204000.0,3373032000.0,5985370000.0,0.0,254371000.0,2643683000.0
CCOLA,2014,9,389749000.0,3349645000.0,4902532000.0,0.0,254371000.0,2375437000.0
CCOLA,2014,6,246352000.0,3055551000.0,2977810000.0,0.0,254371000.0,2527553000.0
CCOLA,2014,3,12050000.0,2981360000.0,1147863000.0,0.0,254371000.0,2609862000.0
CCOLA,2013,12,502169000.0,2871339000.0,5186445000.0,0.0,254371000.0,3086231000.0
CCOLA,2013,9,557216000.0,2776130000.0,4183861000.0,0.0,254371000.0,1983520000.0
CCOLA,2013,6,398748000.0,2541041000.0,2490984000.0,0.0,254371000.0,2106681000.0
CCOLA,2013,3,265506000.0,2373060000.0,917290000.0,0.0,254371000.0,1874688000.0
CCOLA,2012,12,384934000.0,1910136000.0,3819302000.0,0.0,254371000.0,1534849000.0
CCOLA,2012,9,383749000.0,2011659000.0,3031490000.0,0.0,254371000.0,1644508000.0
CCOLA,2012,6,188167000.0,1752069000.0,1751719000.0,0.0,254371000.0,1644558000.0
CCOLA,2012,3,49719000.0,1659928000.0,631259000.0,0.0,254371000.0,1658870000.0
CCOLA,2011,12,141473000.0,1670096000.0,3408583000.0,0.0,254371000.0,1634011000.0
CCOLA,2011,9,146697000.0,1660304000.0,2738041000.0,0.0,254371000.0,1390990000.0
CCOLA,2011,6,81252000.0,1481071000.0,1554768000.0,0.0,254371000.0,1373440000.0
CCOLA,2011,3,13738000.0,1445496000.0,587308000.0,0.0,254371000.0,1347215000.0
BRYAT,2023,12,2269211251.0,25168216193.0,165945220.0,0.0,28125000.0,0.0
BRYAT,2023,9,1745144118.0,24080529146.0,154855936.0,0.0,28125000.0,0.0
BRYAT,2023,6,1141538300.0,17247827362.0,138612189.0,0.0,28125000.0,0.0
BRYAT,2023,3,596198047.0,11109890854.0,131589196.0,0.0,28125000.0,0.0
BRYAT,2022,12,1229544344.0,10598912650.0,264263503.0,0.0,28125000.0,0.0
BRYAT,2022,9,827673100.0,8765892658.0,167332264.0,0.0,28125000.0,7525611.0
BRYAT,2022,6,497619782.0,7572504834.0,156484937.0,0.0,28125000.0,29026008.0
BRYAT,2022,3,228216062.0,6582219865.0,146742889.0,0.0,28125000.0,36240050.0
BRYAT,2021,12,274644415.0,5683786983.0,47783263.0,0.0,28125000.0,31493162.0
BRYAT,2021,9,185090739.0,3834532866.0,43510275.0,0.0,28125000.0,32745290.0
BRYAT,2021,6,87044894.0,3691140281.0,42298669.0,0.0,28125000.0,31786246.0
BRYAT,2021,3,55553329.0,3496526905.0,39673791.0,0.0,28125000.0,42557874.0
BRYAT,2020,12,152571685.0,3156735471.0,34545856.0,0.0,28125000.0,42029875.0
BRYAT,2020,9,86180164.0,3007878139.0,33097136.0,0.0,28125000.0,25314793.0
BRYAT,2020,6,52383560.0,2569247777.0,31845445.0,0.0,28125000.0,20359192.0
BRYAT,2020,3,21082747.0,2414379606.0,12012605.0,0.0,28125000.0,23045808.0
BRYAT,2019,12,67584493.0,2239113171.0,49033084.0,0.0,28125000.0,23000000.0
BRYAT,2019,9,43686438.0,2136231443.0,48713478.0,0.0,28125000.0,23000000.0
BRYAT,2019,6,19647469.0,2136236692.0,48575912.0,0.0,28125000.0,0.0
BRYAT,2019,3,375878.0,2102443069.0,17836352.0,0.0,28125000.0,0.0
BRYAT,2018,12,24396980.0,1958300807.0,78840633.0,0.0,28125000.0,0.0
BRYAT,2018,9,-544048.0,1305521617.0,75150190.0,0.0,28125000.0,0.0
BRYAT,2018,6,44973646.0,1080296469.0,66700664.0,0.0,28125000.0,0.0
BRYAT,2018,3,11057728.0,998631294.0,17885075.0,0.0,28125000.0,0.0
BRYAT,2017,12,59438347.0,930593803.0,47127053.0,0.0,28125000.0,0.0
BRYAT,2017,9,59787420.0,872878357.0,46509204.0,0.0,28125000.0,0.0
BRYAT,2017,6,48748819.0,821053461.0,46509204.0,0.0,28125000.0,0.0
BRYAT,2017,3,29792170.0,838376295.0,39261436.0,0.0,28125000.0,0.0
BRYAT,2016,12,31237363.0,774728009.0,25077625.0,0.0,28125000.0,0.0
BRYAT,2016,9,31586446.0,698155465.0,24434350.0,0.0,28125000.0,0.0
BRYAT,2016,6,37344952.0,665131723.0,24434350.0,0.0,28125000.0,0.0
BRYAT,2016,3,27608696.0,649026384.0,22741186.0,0.0,28125000.0,0.0
BRYAT,2015,12,34495005.0,626208970.0,17871404.0,0.0,28125000.0,0.0
BRYAT,2015,9,24638943.0,648152288.0,17444390.0,0.0,28125000.0,0.0
BRYAT,2015,6,30636875.0,589275175.0,17444390.0,0.0,28125000.0,0.0
BRYAT,2015,3,21359075.0,594002224.0,15753521.0,0.0,28125000.0,0.0
BRYAT,2014,12,43808024.0,541050782.0,19444959.0,0.0,28125000.0,0.0
BRYAT,2014,9,34063056.0,495712198.0,19239124.0,0.0,28125000.0,0.0
BRYAT,2014,6,29981211.0,471169167.0,0.0,0.0,28125000.0,0.0
BRYAT,2014,3,18090575.0,477975043.0,0.0,0.0,28125000.0,0.0
BRYAT,2013,12,31695363.0,441617254.0,0.0,0.0,28125000.0,0.0
BRYAT,2013,9,27654649.0,440720187.0,0.0,0.0,28125000.0,0.0
BRYAT,2013,6,27774334.0,409697765.0,0.0,0.0,28125000.0,0.0
BRYAT,2013,3,23986946.0,423798383.0,0.0,0.0,28125000.0,0.0
BRYAT,2012,12,34094580.0,367103497.0,0.0,0.0,28125000.0,0.0
BRYAT,2012,9,29106670.0,361364311.0,0.0,0.0,28125000.0,0.0
BRYAT,2012,6,27817261.0,363556250.0,0.0,0.0,28125000.0,0.0
BRYAT,2012,3,22457535.0,355900182.0,0.0,0.0,28125000.0,0.0
BRYAT,2011,12,23001367.0,345549983.0,0.0,0.0,28125000.0,0.0
BRYAT,2011,9,22478569.0,341191270.0,0.0,0.0,28125000.0,0.0
BRYAT,2011,6,22234527.0,320384967.0,0.0,0.0,28125000.0,0.0
BRYAT,2011,3,20241174.0,282853497.0,0.0,0.0,28125000.0,0.0
BUCIM,2023,12,2698407159.0,14946783538.0,15066638064.0,0.0,1500000000.0,840502428.0
BUCIM,2023,9,-311514905.0,5846470290.0,10083517853.0,0.0,1500000000.0,414650266.0
BUCIM,2023,6,248309252.0,5250966938.0,6375433986.0,0.0,1500000000.0,629636211.0
BUCIM,2023,3,-279084290.0,4651753418.0,2961659916.0,0.0,1500000000.0,486787214.0
BUCIM,2022,12,617888295.0,8665435725.0,11546476821.0,0.0,1500000000.0,446677852.0
BUCIM,2022,9,1186010910.0,3988340821.0,4092977699.0,0.0,1500000000.0,341055793.0
BUCIM,2022,6,766659244.0,3578846627.0,2602174174.0,0.0,1500000000.0,361537093.0
BUCIM,2022,3,306722387.0,3112713601.0,1071592064.0,0.0,1500000000.0,179999414.0
BUCIM,2021,12,618081039.0,1843134936.0,2293763056.0,0.0,500000000.0,46057863.0
BUCIM,2021,9,279576078.0,1505907837.0,1542157087.0,0.0,500000000.0,52472338.0
BUCIM,2021,6,181906935.0,1409672350.0,914382221.0,0.0,500000000.0,60740249.0
BUCIM,2021,3,76231767.0,1302967883.0,407020461.0,0.0,500000000.0,68209854.0
BUCIM,2020,12,134192139.0,917703604.0,1224607667.0,0.0,180000000.0,84106551.0
BUCIM,2020,9,95832941.0,879631452.0,793948015.0,0.0,180000000.0,167829165.0
BUCIM,2020,6,32159243.0,815871556.0,469299414.0,0.0,180000000.0,143780607.0
BUCIM,2020,3,8574620.0,792776695.0,250594892.0,0.0,180000000.0,89235533.0
BUCIM,2019,12,33902349.0,719065942.0,1028223556.0,0.0,105815808.0,94883538.0
BUCIM,2019,9,26858206.0,713769325.0,769072630.0,0.0,105815808.0,69305113.0
BUCIM,2019,6,33546032.0,719445609.0,516384501.0,0.0,105815808.0,54564926.0
BUCIM,2019,3,16000120.0,704950093.0,229791770.0,0.0,105815808.0,66877478.0
BUCIM,2018,12,159073768.0,694125402.0,1189550086.0,0.0,105815808.0,74790586.0
BUCIM,2018,9,141134207.0,678523572.0,900674026.0,0.0,105815808.0,78227089.0
BUCIM,2018,6,72402520.0,609670569.0,571618118.0,0.0,105815808.0,123360012.0
BUCIM,2018,3,35485740.0,570002655.0,285558404.0,0.0,105815808.0,145024767.0
BUCIM,2017,12,91271422.0,558919112.0,922013254.0,0.0,105815808.0,135655135.0
BUCIM,2017,9,64482715.0,532215778.0,634880355.0,0.0,105815808.0,82028934.0
BUCIM,2017,6,41284244.0,502436150.0,398212133.0,0.0,105815808.0,93320889.0
BUCIM,2017,3,19023149.0,479804590.0,181971824.0,0.0,105815808.0,94174106.0
BUCIM,2016,12,85711305.0,481858493.0,694538817.0,0.0,105815808.0,96834711.0
BUCIM,2016,9,73474389.0,469829911.0,507848656.0,0.0,105815808.0,70397082.0
BUCIM,2016,6,55599534.0,452466199.0,345454533.0,0.0,105815808.0,79705762.0
BUCIM,2016,3,21238320.0,418726958.0,151020353.0,0.0,105815808.0,62779027.0
BUCIM,2015,12,52393527.0,415539423.0,608000335.0,0.0,105815808.0,76822073.0
BUCIM,2015,9,31553592.0,394693179.0,432440558.0,0.0,105815808.0,70666441.0
BUCIM,2015,6,18529242.0,382367014.0,263555106.0,0.0,105815808.0,85014912.0
BUCIM,2015,3,4954877.0,368039714.0,109345406.0,0.0,105815808.0,64177356.0
BUCIM,2014,12,65709229.0,385641656.0,612846723.0,0.0,105815808.0,57012252.0
BUCIM,2014,9,62395977.0,383964338.0,465598847.0,0.0,105815808.0,54754581.0
BUCIM,2014,6,50203574.0,371588065.0,333486214.0,0.0,105815808.0,71570808.0
BUCIM,2014,3,24152176.0,336466748.0,164379972.0,0.0,105815808.0,73225288.0
BUCIM,2013,12,36859875.0,338617085.0,534730286.0,0.0,105815808.0,79020691.0
BUCIM,2013,9,29786788.0,334049831.0,393619471.0,0.0,105815808.0,85244931.0
BUCIM,2013,6,15990232.0,319318859.0,250171356.0,0.0,105815808.0,85495887.0
BUCIM,2013,3,4960482.0,318744600.0,108960934.0,0.0,105815808.0,71733230.0
BUCIM,2012,12,16839280.0,314157073.0,460650632.0,0.0,105815808.0,74627160.0
BUCIM,2012,9,18857533.0,324272476.0,352324385.0,0.0,105815808.0,83007752.0
BUCIM,2012,6,9015457.0,313815646.0,243580380.0,0.0,105815808.0,88501083.0
BUCIM,2012,3,4876734.0,330141962.0,108872085.0,0.0,105815808.0,86837016.0
BUCIM,2011,12,55590605.0,325662538.0,536131109.0,0.0,105815808.0,46346745.0
BUCIM,2011,9,44745048.0,314824791.0,395306861.0,0.0,105815808.0,47564133.0
BUCIM,2011,6,28454913.0,298161208.0,256014501.0,0.0,105815808.0,54622653.0
BUCIM,2011,3,10481914.0,275377540.0,110404737.0,0.0,105815808.0,49211222.0
CANTE,2023,12,645027971.0,24296259548.0,8418613192.0,0.0,938116903.0,19589305.0
CANTE,2023,9,1164412357.0,7920943366.0,6194966366.0,0.0,800000000.0,140302553.0
CANTE,2023,6,567361965.0,4312745475.0,3966033296.0,0.0,800000000.0,3054675748.0
CANTE,2023,3,489519559.0,4711899311.0,2269629601.0,0.0,320000000.0,2353595506.0
CANTE,2022,12,2607990010.0,11823040640.0,11399575659.0,0.0,320000000.0,3668695088.0
CANTE,2022,9,1669264404.0,3962168594.0,3217285731.0,0.0,320000000.0,2342328595.0
CANTE,2022,6,915768394.0,3276261394.0,1988694905.0,0.0,320000000.0,2207666242.0
CANTE,2022,3,413747896.0,2895562182.0,907059213.0,0.0,320000000.0,2256417001.0
CANTE,2021,12,-180963007.0,2615633233.0,1192936521.0,0.0,320000000.0,2297138823.0
CANTE,2021,9,-122330423.0,923115092.0,826376117.0,0.0,320000000.0,1551926364.0
CANTE,2021,6,-176991036.0,869674494.0,500782637.0,0.0,320000000.0,1600922934.0
CANTE,2021,3,-160608127.0,631871655.0,237729655.0,0.0,252410000.0,1830751840.0
CANTE,2020,12,37352705.0,792456252.0,739549313.0,0.0,252410000.0,1622460111.0
CANTE,2020,9,-259614195.0,0.0,516129703.0,0.0,0.0,0.0
CANTE,2020,6,-159056856.0,0.0,366381237.0,0.0,0.0,0.0
CANTE,2019,12,-147888570.0,750765300.0,741955505.0,0.0,97410000.0,1345800603.0
CANTE,2018,12,-97636618.0,874683375.0,234157733.0,0.0,44815160.0,1065521895.0
CIMSA,2023,12,4444768000.0,33834138000.0,29604214000.0,0.0,945591000.0,12483959000.0
CIMSA,2023,9,1899530000.0,8870149000.0,20021830000.0,0.0,945591000.0,3502077000.0
CIMSA,2023,6,2008566000.0,7745374000.0,13693728000.0,0.0,135084000.0,3874946000.0
CIMSA,2023,3,403347941.0,5997304000.0,5665839443.0,0.0,135084000.0,3514109000.0
CIMSA,2022,12,4231624000.0,21227470000.0,20820386000.0,0.0,135084000.0,9901894000.0
CIMSA,2022,9,3055548000.0,5703720053.0,6026410000.0,0.0,135084442.0,2082795721.0
CIMSA,2022,6,1031740000.0,3603574976.0,3595190000.0,0.0,135084442.0,2295631758.0
CIMSA,2022,3,131092000.0,2740527797.0,1354855000.0,0.0,135084442.0,1799600799.0
CIMSA,2021,12,1050394723.0,2772854098.0,3745370304.0,0.0,135084442.0,1359469964.0
CIMSA,2021,9,665243668.0,2359816824.0,2532773081.0,0.0,135084442.0,1245888858.0
CIMSA,2021,6,608934820.0,2288310977.0,1641708428.0,0.0,135084442.0,1266773968.0
CIMSA,2021,3,174220872.0,1986361708.0,639268757.0,0.0,135084442.0,1469710677.0
CIMSA,2020,12,184430929.0,1838844337.0,2076298962.0,0.0,135084442.0,1560902499.0
CIMSA,2020,9,138706938.0,1766802473.0,1343884674.0,0.0,135084442.0,1794116040.0
CIMSA,2020,6,34234555.0,1675323141.0,854030804.0,0.0,135084442.0,1748003077.0
CIMSA,2020,3,-13758047.0,1465469945.0,327140117.0,0.0,135084442.0,2312535550.0
CIMSA,2019,12,-15189674.0,1485763239.0,1577651788.0,0.0,135084442.0,1701171857.0
CIMSA,2019,9,9973819.0,1505706659.0,1284712635.0,0.0,135084442.0,1705443670.0
CIMSA,2019,6,9647621.0,1482255864.0,812064117.0,0.0,135084442.0,1739436806.0
CIMSA,2019,3,11554137.0,1458313984.0,336189944.0,0.0,135084442.0,1621090249.0
CIMSA,2018,12,153856849.0,1451479380.0,1699958055.0,0.0,135084442.0,1480471752.0
CIMSA,2018,9,220385834.0,1472373884.0,1305193980.0,0.0,135084442.0,1633764372.0
CIMSA,2018,6,122366703.0,1434553356.0,853343771.0,0.0,135084442.0,1466583203.0
CIMSA,2018,3,34664425.0,1378307066.0,360735275.0,0.0,135084442.0,1397281851.0
CIMSA,2017,12,247284753.0,1422349811.0,1490579874.0,0.0,135084442.0,1376837391.0
CIMSA,2017,9,159466729.0,1333562221.0,1054457524.0,0.0,135084442.0,1330126300.0
CIMSA,2017,6,78717650.0,1255463440.0,630189043.0,0.0,135084442.0,1331000804.0
CIMSA,2017,3,29581259.0,1205466599.0,248492513.0,0.0,135084442.0,1251560265.0
CIMSA,2016,12,249060380.0,1358986598.0,1170309931.0,0.0,135084442.0,787017435.0
CIMSA,2016,9,211607717.0,1317887715.0,880878625.0,0.0,135084442.0,734824354.0
CIMSA,2016,6,138856787.0,1244403824.0,586136444.0,0.0,135084442.0,766030676.0
CIMSA,2016,3,50035601.0,1153015363.0,253664838.0,0.0,135084442.0,712933428.0
CIMSA,2015,12,247551712.0,1291102112.0,1171145661.0,0.0,135084442.0,377657527.0
CIMSA,2015,9,202751116.0,1254029877.0,865244646.0,15.0,135084442.0,423053584.0
CIMSA,2015,6,130711182.0,1137162431.0,564180269.0,0.0,135084442.0,446714302.0
CIMSA,2015,3,42558454.0,1035204406.0,234968311.0,0.0,135084442.0,242283274.0
CIMSA,2014,12,198540099.0,1169731631.0,1094321499.0,0.0,135084442.0,105675928.0
CIMSA,2014,9,164180023.0,1135629192.0,824224670.0,0.0,135084442.0,187039352.0
CIMSA,2014,6,101085448.0,1072786592.0,535190184.0,0.0,135084442.0,246793596.0
CIMSA,2014,3,35678636.0,1006720368.0,225464479.0,0.0,135084442.0,270116523.0
CIMSA,2013,12,302280410.0,1126519932.0,953724208.0,0.0,135084442.0,123010113.0
CIMSA,2013,9,268979132.0,1092890234.0,738512445.0,0.0,135084442.0,197051253.0
CIMSA,2013,6,217484587.0,1042967670.0,468896495.0,0.0,135084442.0,215511436.0
CIMSA,2013,3,23747744.0,978218892.0,189894374.0,0.0,135084442.0,365345314.0
CIMSA,2012,12,111272702.0,1033421011.0,857154445.0,0.0,135084442.0,366940247.0
CIMSA,2012,9,83851654.0,954612137.0,640588206.0,0.0,135084442.0,392465119.0
CIMSA,2012,6,47904010.0,910889414.0,396129527.0,0.0,135084442.0,432138529.0
CIMSA,2012,3,7220729.0,935265680.0,131923333.0,0.0,135084442.0,265962848.0
CIMSA,2011,12,123395490.0,861937357.0,800938697.0,0.0,135084442.0,236882512.0
CIMSA,2011,9,105001977.0,876807853.0,610077740.0,0.0,135084442.0,276099680.0
CIMSA,2011,6,57884831.0,838395465.0,383032328.0,0.0,135084442.0,263476022.0
CIMSA,2011,3,15251292.0,874269694.0,148855180.0,0.0,135084442.0,181092546.0
CEMTS,2023,12,119267926.0,5284730211.0,7211044357.0,0.0,500000000.0,223999397.0
CEMTS,2023,9,-57274639.0,2617630552.0,5179823007.0,0.0,500000000.0,86487.0
CEMTS,2023,6,83115625.0,2253391747.0,3392624953.0,0.0,500000000.0,154654763.0
CEMTS,2023,3,-97846475.0,1943645063.0,1747146585.0,0.0,100975680.0,204084286.0
CEMTS,2022,12,530953100.0,3668464557.0,6477458867.0,0.0,100975680.0,336140415.0
CEMTS,2022,9,765021704.0,1698900111.0,2511475287.0,0.0,100975680.0,299337816.0
CEMTS,2022,6,505600291.0,1448244385.0,1733565602.0,0.0,100975680.0,311360834.0
CEMTS,2022,3,235410037.0,1177361041.0,770622927.0,0.0,100975680.0,141028368.0
CEMTS,2020,12,138822110.0,592115198.0,788294209.0,0.0,100975680.0,8854769.0
CEMTS,2020,9,90184853.0,543493888.0,508426821.0,0.0,100975680.0,58073527.0
CEMTS,2020,6,40652818.0,493993164.0,319580313.0,0.0,100975680.0,17689903.0
CEMTS,2020,3,15514837.0,468903850.0,179684230.0,0.0,100975680.0,19003317.0
CEMTS,2019,12,56452848.0,472063822.0,693049118.0,0.0,100975680.0,29008974.0
CEMTS,2019,9,41934001.0,457513977.0,526936268.0,0.0,100975680.0,23086462.0
CEMTS,2019,6,44013225.0,460260729.0,363189766.0,0.0,100975680.0,20000915.0
CEMTS,2019,3,20188077.0,436628595.0,163412823.0,0.0,100975680.0,40000000.0
CEMTS,2018,12,146269830.0,427516859.0,764727419.0,0.0,100975680.0,50000775.0
CEMTS,2018,9,134457283.0,416075761.0,561102713.0,0.0,100975680.0,50111415.0
CEMTS,2018,6,55864231.0,337320941.0,339813998.0,0.0,100975680.0,93145729.0
CEMTS,2018,3,23617524.0,305678729.0,170819717.0,0.0,100975680.0,120118223.0
CEMTS,2017,12,90962085.0,288856956.0,456467809.0,0.0,100975680.0,106274457.0
CEMTS,2017,9,74437042.0,272328637.0,314232763.0,0.0,100975680.0,57239127.0
CEMTS,2017,6,25582822.0,230174872.0,205232761.0,0.0,100975680.0,59821888.0
CEMTS,2017,3,13796555.0,218448397.0,98965810.0,0.0,100975680.0,59711180.0
CEMTS,2016,12,28698151.0,208499731.0,296686624.0,0.0,100975680.0,48885484.0
CEMTS,2016,9,22507854.0,202273683.0,212530552.0,0.0,100975680.0,34157512.0
CEMTS,2016,6,16105371.0,196134215.0,144026347.0,0.0,100975680.0,36850252.0
CEMTS,2016,3,5929885.0,186015922.0,66018084.0,0.0,100975680.0,21570161.0
CEMTS,2015,12,7725942.0,184019172.0,256956874.0,0.0,100975680.0,27727327.0
CEMTS,2015,9,5646818.0,181851989.0,188393614.0,0.0,100975680.0,32289047.0
CEMTS,2015,6,1880165.0,178210614.0,114250538.0,0.0,100975680.0,32146177.0
CEMTS,2015,3,-200290.0,176317553.0,50768083.0,0.0,100975680.0,13029203.0
CEMTS,2014,12,15693913.0,182675828.0,257676372.0,0.0,100975680.0,5051062.0
CEMTS,2014,9,16662988.0,184088415.0,193547266.0,0.0,100975680.0,2074660.0
CEMTS,2014,6,14772791.0,182156447.0,144697293.0,0.0,100975680.0,16300983.0
CEMTS,2014,3,7604384.0,174954985.0,72640067.0,0.0,100975680.0,8973205.0
CEMTS,2013,12,13536294.0,170437556.0,221873065.0,0.0,100975680.0,7918628.0
CEMTS,2013,9,10290692.0,167745838.0,165138123.0,0.0,100975680.0,12387671.0
CEMTS,2013,6,5707190.0,162892698.0,104144666.0,0.0,100975680.0,14672386.0
CEMTS,2013,3,1728185.0,158831640.0,46632823.0,0.0,100975680.0,7564219.0
CEMTS,2012,12,9202771.0,157261010.0,196223794.0,0.0,100975680.0,8662785.0
CEMTS,2012,9,9452678.0,158302441.0,155674658.0,0.0,100975680.0,15770566.0
CEMTS,2012,6,3386459.0,152026607.0,116111052.0,0.0,100975680.0,21143946.0
CEMTS,2012,3,3016432.0,151706670.0,60200380.0,0.0,100975680.0,19673362.0
CEMTS,2011,12,23754411.0,153806316.0,229552826.0,0.0,100975680.0,14128216.0
CEMTS,2011,9,19622841.0,149674746.0,173216979.0,0.0,100975680.0,13708446.0
CEMTS,2011,6,12823088.0,142874993.0,112194739.0,0.0,100975680.0,23670108.0
CEMTS,2011,3,4490209.0,134542114.0,49868465.0,0.0,100975680.0,21381853.0
DEVA,2023,12,4887825625.0,21343640447.0,16358568181.0,0.0,200019288.0,7918480220.0
DEVA,2023,9,461352063.0,5793816623.0,11301126143.0,0.0,200019288.0,5296108043.0
DEVA,2023,6,951509590.0,5189742943.0,7082071862.0,0.0,200019288.0,4424180838.0
DEVA,2023,3,-1113762874.0,4408093465.0,3755375872.0,0.0,200019288.0,4062520318.0
DEVA,2022,12,851061391.0,11530176155.0,8712735438.0,0.0,200019288.0,5600349350.0
DEVA,2022,9,983950573.0,3553738351.0,3054735012.0,0.0,200019288.0,3045421773.0
DEVA,2022,6,659090324.0,3222776124.0,1903978095.0,0.0,200019288.0,2790791038.0
DEVA,2022,3,351107340.0,3086535684.0,884045184.0,0.0,200019288.0,2066211736.0
DEVA,2021,12,1170087476.0,2727776845.0,2330367791.0,0.0,200019288.0,1734181028.0
DEVA,2021,9,542484058.0,2081355532.0,1589434474.0,0.0,200019288.0,1408221464.0
DEVA,2021,6,402723220.0,1941284445.0,1062241044.0,0.0,200019288.0,1304166598.0
DEVA,2021,3,223210202.0,1860961530.0,548432155.0,0.0,200019288.0,1095062172.0
DEVA,2020,12,651448684.0,1634382554.0,1863328501.0,0.0,200019288.0,1093721488.0
DEVA,2020,9,482603404.0,1464267299.0,1322176613.0,0.0,200019288.0,949242210.0
DEVA,2020,6,285190578.0,1264461178.0,888608860.0,0.0,200019288.0,982310067.0
DEVA,2020,3,161796687.0,1192925667.0,484074542.0,0.0,200019288.0,908149273.0
DEVA,2019,12,286015741.0,1030842089.0,1373983541.0,0.0,200019288.0,799620600.0
DEVA,2019,9,199448353.0,944063181.0,1013372390.0,0.0,200019288.0,779629983.0
DEVA,2019,6,137405384.0,883129379.0,679892388.0,0.0,200019288.0,745654119.0
DEVA,2019,3,64971497.0,810385753.0,317971750.0,0.0,200019288.0,746949773.0
DEVA,2018,12,136361117.0,746407897.0,1040677048.0,0.0,200019288.0,727577535.0
DEVA,2018,9,90976159.0,695004297.0,734722239.0,0.0,200019288.0,699110729.0
DEVA,2018,6,63245651.0,668095132.0,504570932.0,0.0,200019288.0,690683283.0
DEVA,2018,3,34361093.0,639276313.0,254696414.0,0.0,200019288.0,497103585.0
DEVA,2017,12,92542675.0,605090102.0,800295112.0,0.0,200019288.0,488293424.0
DEVA,2017,9,59997068.0,572369892.0,597722030.0,0.0,200019288.0,423957739.0
DEVA,2017,6,40519152.0,552880129.0,419116748.0,0.0,200019288.0,395657825.0
DEVA,2017,3,20904304.0,533692693.0,219168126.0,0.0,200019288.0,432937569.0
DEVA,2016,12,60331101.0,512847513.0,688456364.0,0.0,200019288.0,378401828.0
DEVA,2016,9,52960848.0,505763593.0,515789429.0,0.0,200000000.0,376101252.0
DEVA,2016,6,41886319.0,494679465.0,370202352.0,0.0,200000000.0,405565121.0
DEVA,2016,3,19908336.0,472909414.0,190840693.0,0.0,200000000.0,439007837.0
DEVA,2015,12,47618965.0,453111541.0,576380100.0,0.0,200000000.0,425950480.0
DEVA,2015,9,43338739.0,455346447.0,425548525.0,0.0,200000000.0,394049404.0
DEVA,2015,6,28229911.0,440109953.0,293890955.0,0.0,200000000.0,392000687.0
DEVA,2015,3,16411980.0,428090654.0,144966299.0,0.0,200000000.0,394855028.0
DEVA,2014,12,8701659.0,411909172.0,467940004.0,0.0,200000000.0,395478131.0
DEVA,2014,9,6959073.0,410086226.0,344193691.0,0.0,200000000.0,387055244.0
DEVA,2014,6,4803391.0,407858951.0,232506349.0,0.0,200000000.0,349049040.0
DEVA,2014,3,1065395.0,403959892.0,112100428.0,0.0,200000000.0,397490870.0
DEVA,2013,12,24588674.0,403049979.0,418391085.0,0.0,200000000.0,348972723.0
DEVA,2013,9,12940935.0,391387255.0,308229404.0,0.0,200000000.0,319869849.0
DEVA,2013,6,16163510.0,394634285.0,223497094.0,0.0,200000000.0,289474204.0
DEVA,2013,3,10453021.0,389135284.0,114211154.0,0.0,200000000.0,266419681.0
DEVA,2012,12,34242520.0,378629723.0,419510418.0,0.0,200000000.0,268815761.0
DEVA,2012,9,26934619.0,371452893.0,309408591.0,0.0,200000000.0,243458581.0
DEVA,2012,6,17190050.0,361579095.0,212072291.0,0.0,200000000.0,231665307.0
DEVA,2012,3,7296059.0,351686032.0,99663622.0,0.0,200000000.0,222214098.0
DEVA,2011,12,-15633955.0,344441646.0,404973563.0,0.0,200000000.0,228937694.0
DEVA,2011,9,-4091185.0,355656047.0,325263535.0,0.0,200000000.0,226115248.0
DEVA,2011,6,7203767.0,367042812.0,226211561.0,0.0,180070656.0,209150566.0
DEVA,2011,3,14589314.0,354291376.0,115917621.0,0.0,180070656.0,204998308.0
DOAS,2023,12,28532354000.0,60416153000.0,215477926000.0,0.0,220000000.0,15564685000.0
DOAS,2023,9,22268717000.0,25590464000.0,150299880000.0,0.0,220000000.0,6786854000.0
DOAS,2023,6,12451194000.0,19013536000.0,84413894000.0,0.0,220000000.0,6575991000.0
DOAS,2023,3,6208856000.0,13653385000.0,36368095000.0,0.0,220000000.0,5662929000.0
DOAS,2022,12,15864754000.0,31621026000.0,88487132000.0,0.0,220000000.0,7177723000.0
DOAS,2022,9,5478783000.0,8685047000.0,30712276000.0,0.0,220000000.0,2650227000.0
DOAS,2022,6,2772713000.0,5995201000.0,18854381000.0,0.0,220000000.0,2876124000.0
DOAS,2022,3,1004744000.0,4109977000.0,7240156000.0,0.0,220000000.0,3227882000.0
DOAS,2021,12,2336056000.0,18254226000.0,24306203000.0,0.0,220000000.0,13325832000.0
DOAS,2021,9,1260154000.0,3016190000.0,18445946000.0,0.0,220000000.0,2999742000.0
DOAS,2021,6,888843000.0,2616959000.0,13599744000.0,0.0,220000000.0,2940762000.0
DOAS,2021,3,408021000.0,2105015000.0,6195463000.0,0.0,220000000.0,2576596000.0
DOAS,2020,12,1041870000.0,2295734000.0,18900148000.0,0.0,220000000.0,2386916000.0
DOAS,2020,9,744807000.0,1992454000.0,12069738000.0,0.0,220000000.0,2389127000.0
DOAS,2020,6,230403000.0,1479286000.0,5726649000.0,0.0,220000000.0,2398554000.0
DOAS,2020,3,124987000.0,1376748000.0,3181218000.0,0.0,220000000.0,2395085000.0
DOAS,2019,12,76759000.0,1252541000.0,9844133000.0,0.0,220000000.0,2438052000.0
DOAS,2019,9,-2225000.0,1325986000.0,6122254000.0,0.0,220000000.0,2785538000.0
DOAS,2019,6,-43636000.0,1270315000.0,3966464000.0,0.0,220000000.0,2678184000.0
DOAS,2019,3,-67979000.0,1239827000.0,1808534000.0,0.0,220000000.0,2766311000.0
DOAS,2018,12,134356000.0,1307872000.0,10688489000.0,0.0,220000000.0,2710665000.0
DOAS,2018,9,130411000.0,1324335000.0,7767988000.0,0.0,220000000.0,2257765000.0
DOAS,2018,6,137531000.0,1332368000.0,5769345000.0,0.0,220000000.0,2506178000.0
DOAS,2018,3,81288000.0,1264930000.0,2719275000.0,0.0,220000000.0,2400245000.0
DOAS,2017,12,183719000.0,1327445000.0,13220361000.0,0.0,220000000.0,2974838000.0
DOAS,2017,9,142304000.0,1253230000.0,8502717000.0,0.0,220000000.0,2565226000.0
DOAS,2017,6,69659000.0,1186811000.0,5215259000.0,0.0,220000000.0,2586714000.0
DOAS,2017,3,27918000.0,1139856000.0,2084885000.0,0.0,220000000.0,2470502000.0
DOAS,2016,12,237943000.0,1118713000.0,11925176000.0,0.0,220000000.0,2758435000.0
DOAS,2016,9,142559000.0,1081503000.0,7961137000.0,0.0,220000000.0,2709309000.0
DOAS,2016,6,113169000.0,1180227000.0,5359824000.0,0.0,220000000.0,2354738000.0
DOAS,2016,3,47212000.0,1131502000.0,2252445000.0,0.0,220000000.0,1924736000.0
DOAS,2015,12,302444000.0,1362883000.0,10889161000.0,0.0,220000000.0,1941124000.0
DOAS,2015,9,297336000.0,1338978000.0,7958385000.0,0.0,220000000.0,1655975000.0
DOAS,2015,6,215049000.0,1300981000.0,4969151000.0,0.0,220000000.0,1535416000.0
DOAS,2015,3,132525000.0,1218163000.0,2175042000.0,-9872000.0,220000000.0,1151731000.0
DOAS,2014,12,253078000.0,1236335000.0,7692702000.0,-59908000.0,220000000.0,1075943000.0
DOAS,2014,9,179327000.0,1120815000.0,5040484000.0,-38229000.0,220000000.0,1249907000.0
DOAS,2014,6,112334000.0,1060819000.0,3196751000.0,-18815000.0,220000000.0,1429126000.0
DOAS,2014,3,27356000.0,941588000.0,1354163000.0,-5388000.0,220000000.0,1243626000.0
DOAS,2013,12,224728000.0,1118064000.0,6602663000.0,-68323000.0,220000000.0,897254000.0
DOAS,2013,9,175949000.0,1077013000.0,4605068000.0,-51431000.0,220000000.0,872739000.0
DOAS,2013,6,130004000.0,1055075000.0,2906052000.0,-36621000.0,220000000.0,855437000.0
DOAS,2013,3,64359000.0,1033147000.0,1291949000.0,-17251000.0,220000000.0,627451000.0
DOAS,2012,12,258728000.0,1186893000.0,5132341000.0,-56600000.0,220000000.0,591762000.0
DOAS,2012,9,211479000.0,1047659000.0,3593613000.0,-40814000.0,220000000.0,581538000.0
DOAS,2012,6,153507000.0,973961000.0,2381566000.0,-25954000.0,220000000.0,626976000.0
DOAS,2012,3,72751000.0,890753000.0,980321000.0,-11264000.0,220000000.0,517952000.0
DOAS,2011,12,142231000.0,872473000.0,4808253000.0,-39498000.0,220000000.0,591029000.0
DOAS,2011,9,109103000.0,805141000.0,3475479000.0,-25925000.0,220000000.0,587306000.0
DOAS,2011,6,75817000.0,780469000.0,2431458000.0,-19205000.0,220000000.0,422234000.0
DOAS,2011,3,17397000.0,721752000.0,1136848000.0,-8612000.0,220000000.0,435379000.0
DOHOL,2023,12,-615131000.0,79836541000.0,60805935000.0,0.0,2616996000.0,30157964000.0
DOHOL,2023,9,122667000.0,34097425000.0,39548022000.0,0.0,2616996000.0,13529212000.0
DOHOL,2023,6,7828431000.0,32363295000.0,23221410000.0,0.0,2616938000.0,11887552000.0
DOHOL,2023,3,-1515336000.0,24184275000.0,9571048000.0,0.0,2616938000.0,10044614000.0
DOHOL,2022,12,1293654000.0,50709867000.0,25944510000.0,0.0,2616938000.0,19624344000.0
DOHOL,2022,9,4833434000.0,20790520000.0,8924974000.0,0.0,2616938000.0,11471273000.0
DOHOL,2022,6,2996104000.0,18650700000.0,5071350000.0,0.0,2616938000.0,10969731000.0
DOHOL,2022,3,1185760000.0,15756737000.0,2187563000.0,0.0,2616938000.0,7234497000.0
DOHOL,2021,12,3062489000.0,14319680000.0,16487522000.0,0.0,2616938000.0,4657300000.0
DOHOL,2021,9,829847000.0,10994001000.0,11020387000.0,0.0,2616938000.0,3394559000.0
DOHOL,2021,6,694711000.0,10883088000.0,6411082000.0,0.0,2616938000.0,3575054000.0
DOHOL,2021,3,416829000.0,9901988000.0,2772007000.0,0.0,2616938000.0,3420061000.0
DOHOL,2020,12,1444081000.0,9378237000.0,10624605000.0,0.0,2616938000.0,2898261000.0
DOHOL,2020,9,1412003000.0,9375728000.0,7589206000.0,0.0,2616938000.0,2944392000.0
DOHOL,2020,6,562331000.0,8238417000.0,4454290000.0,0.0,2616938000.0,2236790000.0
DOHOL,2020,3,307491000.0,7801370000.0,2400581000.0,0.0,2616938000.0,2355475000.0
DOHOL,2019,12,592933000.0,7631340000.0,13253580000.0,0.0,2616938000.0,2451472000.0
DOHOL,2019,9,427929000.0,7417493000.0,9750419000.0,0.0,2616938000.0,2843781000.0
DOHOL,2019,6,429103000.0,7409594000.0,6228710000.0,0.0,2616938000.0,2848842000.0
DOHOL,2019,3,214799000.0,7157672000.0,3056854000.0,0.0,2616938000.0,3098993000.0
DOHOL,2018,12,3567124000.0,7001891000.0,12146438000.0,0.0,2616938000.0,2488641000.0
DOHOL,2018,9,4136737000.0,7665646000.0,8839227000.0,0.0,2616938000.0,3369068000.0
DOHOL,2018,6,3500394000.0,6509631000.0,5199010000.0,0.0,2616938000.0,3183295000.0
DOHOL,2018,3,-113415000.0,2929419000.0,2084281000.0,0.0,2616938000.0,2506308000.0
DOHOL,2017,12,-376546000.0,3352869000.0,7738622000.0,0.0,2616938000.0,3364818000.0
DOHOL,2017,9,-267345000.0,2788357000.0,5398987000.0,0.0,2616938000.0,3040384000.0
DOHOL,2017,6,-187282000.0,2848888000.0,3261393000.0,0.0,2616938000.0,2554488000.0
DOHOL,2017,3,-132806000.0,2965736000.0,1371971000.0,0.0,2616938000.0,2334367000.0
DOHOL,2016,12,-233886000.0,3671441000.0,7754572000.0,0.0,2616938000.0,2289220000.0
DOHOL,2016,9,-114819000.0,2988936000.0,5502133000.0,0.0,2616938000.0,2011756000.0
DOHOL,2016,6,-45951000.0,3023037000.0,3522663000.0,0.0,2616938000.0,1880337000.0
DOHOL,2016,3,-38058000.0,3021228000.0,1588181000.0,0.0,2616938000.0,2023637000.0
DOHOL,2015,12,-172994000.0,3463093000.0,5951038000.0,0.0,2616938000.0,2121584000.0
DOHOL,2015,9,-235069000.0,2958816000.0,4151957000.0,0.0,2616938000.0,2124667000.0
DOHOL,2015,6,-97424000.0,3074256000.0,2546220000.0,0.0,2616938000.0,2024557000.0
DOHOL,2015,3,-47602000.0,3087052000.0,977800000.0,0.0,2616938000.0,2451800000.0
DOHOL,2014,12,-311638000.0,2909850000.0,3543263000.0,0.0,2616938000.0,2103185000.0
DOHOL,2014,9,-146098000.0,3743472000.0,2634847000.0,0.0,2616938000.0,2106398000.0
DOHOL,2014,6,-104819000.0,3879569000.0,1784504000.0,0.0,2450000000.0,2189767000.0
DOHOL,2014,3,-94688000.0,3888612000.0,835195000.0,0.0,2450000000.0,2193867000.0
DOHOL,2013,12,-166048000.0,4000435000.0,3301327000.0,0.0,2450000000.0,2098387000.0
DOHOL,2013,9,-123482000.0,3989343000.0,2428745000.0,0.0,2450000000.0,2362220000.0
DOHOL,2013,6,-49400000.0,4032977000.0,1708536000.0,0.0,2450000000.0,2230240000.0
DOHOL,2013,3,-26544000.0,4051634000.0,775753000.0,0.0,2450000000.0,2121286000.0
DOHOL,2012,12,256758000.0,4084483000.0,3066640000.0,0.0,2450000000.0,2133260000.0
DOHOL,2012,9,193316000.0,3993445000.0,2260251000.0,0.0,2450000000.0,3008169000.0
DOHOL,2012,6,131988000.0,3924501000.0,1539744000.0,0.0,2450000000.0,2664852000.0
DOHOL,2012,3,79590000.0,3946210000.0,723383000.0,0.0,2450000000.0,2330761000.0
DOHOL,2011,12,-962174000.0,3891872000.0,2860678000.0,0.0,2450000000.0,2558082000.0
DOHOL,2011,9,-961756000.0,4004444000.0,2073233000.0,0.0,2450000000.0,2477314000.0
DOHOL,2011,6,-898720000.0,4058100000.0,1399363000.0,0.0,2450000000.0,2034828000.0
DOHOL,2011,3,-359531000.0,4308411000.0,621403000.0,0.0,2450000000.0,2176799000.0
ECILC,2023,12,3955851000.0,50311611000.0,9355032000.0,0.0,685260000.0,4449539000.0
ECILC,2023,9,787618000.0,18563653000.0,6762969000.0,0.0,685260000.0,2815961000.0
ECILC,2023,6,708417000.0,18888814000.0,4881660000.0,0.0,685260000.0,2732908000.0
ECILC,2023,3,233932986.0,18905671000.0,2822476190.0,0.0,685260000.0,2127900000.0
ECILC,2022,12,2985370000.0,31241433000.0,3466080000.0,0.0,685260000.0,3224238000.0
ECILC,2022,9,505703000.0,7741275000.0,1134018000.0,0.0,685260000.0,220417000.0
ECILC,2022,6,334172000.0,7563671000.0,700388000.0,0.0,685260000.0,242404000.0
ECILC,2022,3,190654000.0,7586445000.0,373650000.0,0.0,685260000.0,216741000.0
ECILC,2021,12,1263594000.0,9032329000.0,1103515000.0,0.0,685260000.0,127582000.0
ECILC,2021,9,326838000.0,5459887000.0,801748000.0,0.0,685260000.0,165558000.0
ECILC,2021,6,276256000.0,5409307000.0,543758000.0,0.0,685260000.0,108556000.0
ECILC,2021,3,141226000.0,5423534000.0,280132000.0,0.0,685260000.0,143913000.0
ECILC,2020,12,322114000.0,5282308000.0,909132000.0,0.0,685260000.0,167469000.0
ECILC,2020,9,328939000.0,4516952000.0,667812000.0,0.0,685260000.0,184368000.0
ECILC,2020,6,187900000.0,4375913000.0,434998000.0,0.0,685260000.0,184460000.0
ECILC,2020,3,87212000.0,4364470000.0,268944000.0,0.0,685260000.0,160057000.0
ECILC,2019,12,162728000.0,4277258000.0,877076000.0,0.0,685260000.0,97814000.0
ECILC,2019,9,102385000.0,3895953000.0,610711000.0,0.0,685260000.0,104714000.0
ECILC,2019,6,101335000.0,3894903000.0,401743000.0,0.0,685260000.0,119971000.0
ECILC,2019,3,-8552000.0,3989351000.0,208272000.0,0.0,685260000.0,118178000.0
ECILC,2018,12,240089000.0,3997844000.0,692094000.0,0.0,685260000.0,83978000.0
ECILC,2018,9,291032000.0,3635588000.0,510386000.0,0.0,685260000.0,78807000.0
ECILC,2018,6,173673000.0,3518229000.0,359815000.0,0.0,685260000.0,80579000.0
ECILC,2018,3,51578000.0,3532280000.0,193088000.0,0.0,685260000.0,30887000.0
ECILC,2017,12,149531000.0,3480655000.0,597909000.0,0.0,685260000.0,18632000.0
ECILC,2017,9,168873000.0,3083591000.0,430104000.0,0.0,685260000.0,16109000.0
ECILC,2017,6,125012000.0,3031499000.0,290980000.0,0.0,685260000.0,28176000.0
ECILC,2017,3,33871000.0,3283169000.0,155132000.0,0.0,685260000.0,269245000.0
ECILC,2016,12,167557000.0,3244490000.0,530133000.0,0.0,685260000.0,239893000.0
ECILC,2016,9,139977000.0,2761072000.0,357288000.0,0.0,548208000.0,268341000.0
ECILC,2016,6,111776000.0,2733163000.0,251014000.0,0.0,548208000.0,249311000.0
ECILC,2016,3,33262000.0,2873439000.0,133993000.0,0.0,548208000.0,218013000.0
ECILC,2015,12,54979000.0,2740060000.0,1170563000.0,0.0,548208000.0,253042000.0
ECILC,2015,9,104916000.0,2834132000.0,872308000.0,0.0,548208000.0,193234000.0
ECILC,2015,6,48038000.0,2764933000.0,589689000.0,0.0,548208000.0,174642000.0
ECILC,2015,3,31301000.0,2792666000.0,303210000.0,0.0,548208000.0,145494000.0
ECILC,2014,12,-61244000.0,2761045000.0,1046781000.0,0.0,548208000.0,144360000.0
ECILC,2014,9,-22274000.0,2847266000.0,784082000.0,0.0,548208000.0,134520000.0
ECILC,2014,6,-2333000.0,2866342000.0,516272000.0,0.0,548208000.0,119828000.0
ECILC,2014,3,9058000.0,2929454000.0,256942000.0,0.0,548208000.0,93862000.0
ECILC,2013,12,58034000.0,2920177000.0,1126009000.0,0.0,548208000.0,65353000.0
ECILC,2013,9,51609000.0,2898804000.0,891862000.0,0.0,548208000.0,64540000.0
ECILC,2013,6,21055000.0,2868525000.0,584602000.0,0.0,548208000.0,63013000.0
ECILC,2013,3,1219000.0,2903832000.0,253140000.0,0.0,548208000.0,54954000.0
ECILC,2012,12,39189000.0,2905635000.0,887334000.0,0.0,548208000.0,31832000.0
ECILC,2012,9,2588000.0,2559910000.0,667396000.0,0.0,548208000.0,74496000.0
ECILC,2012,6,-11356000.0,2546134000.0,447348000.0,0.0,548208000.0,83170000.0
ECILC,2012,3,-7692000.0,2606907000.0,211940000.0,0.0,548208000.0,75919000.0
ECILC,2011,12,90381000.0,2617204000.0,973552000.0,0.0,548208000.0,64322000.0
ECILC,2011,9,101289000.0,2450756000.0,731434000.0,0.0,548208000.0,53003000.0
ECILC,2011,6,53675000.0,2399705000.0,498109000.0,0.0,548208000.0,51698000.0
ECILC,2011,3,21745000.0,2409967000.0,239824000.0,0.0,548208000.0,32824000.0
EKGYO,2023,12,-5505929000.0,84533176000.0,40283010000.0,0.0,3800000000.0,6353789000.0
EKGYO,2023,9,-5347329000.0,22512591000.0,28856009000.0,0.0,3800000000.0,4735973000.0
EKGYO,2023,6,-2932786000.0,19950054000.0,22620944000.0,0.0,3800000000.0,6093424000.0
EKGYO,2023,3,-3303029000.0,18429800000.0,9942602000.0,0.0,3800000000.0,7160988000.0
EKGYO,2022,12,1317404000.0,62602471000.0,20517939000.0,0.0,3800000000.0,9887951000.0
EKGYO,2022,9,2088465000.0,17589707000.0,5391880000.0,0.0,3800000000.0,4900964000.0
EKGYO,2022,6,1449209000.0,16950451000.0,4522808000.0,0.0,3800000000.0,5348931000.0
EKGYO,2022,3,771153000.0,16648392000.0,2172232000.0,0.0,3800000000.0,3883953000.0
EKGYO,2021,12,1434187000.0,15877239000.0,5735504000.0,0.0,3800000000.0,4617547000.0
EKGYO,2021,9,1117029000.0,15560081000.0,4742530000.0,0.0,3800000000.0,4701965000.0
EKGYO,2021,6,760223000.0,15203275000.0,2823588000.0,0.0,3800000000.0,3957684000.0
EKGYO,2021,3,241697000.0,14764193000.0,798184000.0,0.0,3800000000.0,4691632000.0
EKGYO,2020,12,859671000.0,14522496000.0,4527085000.0,0.0,3800000000.0,5009313000.0
EKGYO,2020,9,588936000.0,14251761000.0,3622126000.0,0.0,3800000000.0,5303657000.0
EKGYO,2020,6,257232000.0,13993903000.0,1354234000.0,0.0,3800000000.0,5790880000.0
EKGYO,2020,3,129824000.0,13866495000.0,686839000.0,0.0,3800000000.0,5394662000.0
EKGYO,2019,12,780506000.0,13748422000.0,5645593000.0,0.0,3800000000.0,4763197000.0
EKGYO,2019,9,202952000.0,13170868000.0,3562708000.0,0.0,3800000000.0,4568461000.0
EKGYO,2019,6,356259000.0,13324175000.0,3164914000.0,0.0,3800000000.0,4338742000.0
EKGYO,2019,3,47877000.0,13134619000.0,1235029000.0,0.0,3800000000.0,4049860000.0
EKGYO,2018,12,1269807000.0,13086742000.0,3917974000.0,0.0,3800000000.0,3463446000.0
EKGYO,2018,9,1099169000.0,12916104000.0,2657515000.0,0.0,3800000000.0,3294458000.0
EKGYO,2018,6,1130805000.0,12947740000.0,2304082000.0,0.0,3800000000.0,2893171000.0
EKGYO,2018,3,867259000.0,13332778000.0,1435382000.0,0.0,3800000000.0,2625949000.0
EKGYO,2017,12,1756094000.0,12465519000.0,3900566000.0,0.0,3800000000.0,2414672000.0
EKGYO,2017,9,1065535000.0,11795728000.0,2802489000.0,0.0,3800000000.0,1434596000.0
EKGYO,2017,6,625844000.0,11356037000.0,1367485000.0,0.0,3800000000.0,1486559000.0
EKGYO,2017,3,319696000.0,11049889000.0,834092000.0,0.0,3800000000.0,784073000.0
EKGYO,2016,12,1761276000.0,10730193000.0,3455892000.0,0.0,3800000000.0,219490000.0
EKGYO,2016,9,1524965000.0,10493927000.0,3061999000.0,0.0,3800000000.0,275079000.0
EKGYO,2016,6,630769000.0,9599732000.0,1268382000.0,0.0,3800000000.0,331471000.0
EKGYO,2016,3,176782000.0,9501815000.0,128566000.0,0.0,3800000000.0,388313000.0
EKGYO,2015,12,952605000.0,9325399000.0,1786788000.0,0.0,3800000000.0,444657000.0
EKGYO,2015,9,416803000.0,8789572000.0,669120000.0,0.0,3800000000.0,486735000.0
EKGYO,2015,6,281892000.0,8677074000.0,444378000.0,0.0,3800000000.0,526079000.0
EKGYO,2015,3,138257000.0,8889416000.0,191002000.0,0.0,3800000000.0,563957000.0
EKGYO,2014,12,954397000.0,8751284000.0,1804523000.0,0.0,3800000000.0,606272000.0
EKGYO,2014,9,734760000.0,8532008000.0,1399625000.0,0.0,3800000000.0,647672000.0
EKGYO,2014,6,557669000.0,8372173000.0,754076000.0,0.0,3800000000.0,686982000.0
EKGYO,2014,3,383754000.0,8653474000.0,421755000.0,0.0,3800000000.0,731746000.0
EKGYO,2013,12,1060537000.0,8353608000.0,2331138000.0,0.0,3800000000.0,594000000.0
EKGYO,2013,9,885970000.0,5078193000.0,1961460000.0,0.0,2500000000.0,811463000.0
EKGYO,2013,6,539442000.0,4731665000.0,1065400000.0,0.0,2500000000.0,846511000.0
EKGYO,2013,3,270787000.0,4478487000.0,374535000.0,0.0,2500000000.0,884938000.0
EKGYO,2012,12,523402000.0,4392325000.0,1004577000.0,0.0,2500000000.0,926199000.0
EKGYO,2012,9,277977000.0,3945950000.0,686020000.0,0.0,2500000000.0,969453000.0
EKGYO,2012,6,102735000.0,3787065000.0,335018000.0,0.0,2500000000.0,1014073000.0
EKGYO,2012,3,51170000.0,3842141000.0,25665000.0,0.0,2500000000.0,1055914000.0
EKGYO,2011,12,228322000.0,3802903000.0,716597000.0,0.0,2500000000.0,1099552000.0
EKGYO,2011,9,66501000.0,3532528000.0,429527000.0,0.0,2500000000.0,1133271000.0
EKGYO,2011,6,71672000.0,3542460000.0,362215000.0,0.0,2500000000.0,1177143000.0
EKGYO,2011,3,54228000.0,3513184000.0,171129000.0,0.0,2500000000.0,1217493000.0
EGEEN,2023,12,1005228000.0,5824995000.0,5643669000.0,0.0,3150000.0,2125176000.0
EGEEN,2023,9,699902070.0,2395512571.0,4191177369.0,0.0,3150000.0,1332465537.0
EGEEN,2023,6,689894970.0,2024152641.0,2540796017.0,0.0,3150000.0,1269804833.0
EGEEN,2023,3,148067352.0,1646836758.0,1214315311.0,0.0,3150000.0,946515715.0
EGEEN,2022,12,626017164.0,3710067911.0,4296698147.0,0.0,3150000.0,1510925375.0
EGEEN,2022,9,688578055.0,1535175119.0,1527885245.0,0.0,3150000.0,950450109.0
EGEEN,2022,6,466106829.0,1331539921.0,932562758.0,0.0,3150000.0,366978217.0
EGEEN,2022,3,221348215.0,1086553711.0,462849045.0,0.0,3150000.0,314494291.0
EGEEN,2021,12,603525201.0,1118394548.0,1049472767.0,0.0,3150000.0,56984923.0
EGEEN,2021,9,286642154.0,801373474.0,670540117.0,0.0,3150000.0,108962068.0
EGEEN,2021,6,189353976.0,704928804.0,402112857.0,0.0,3150000.0,120738669.0
EGEEN,2021,3,100811017.0,612464159.0,168957022.0,0.0,3150000.0,132232496.0
EGEEN,2020,12,263695872.0,710335967.0,509913739.0,0.0,3150000.0,115461797.0
EGEEN,2020,9,205210015.0,652384139.0,336262818.0,0.0,3150000.0,103923743.0
EGEEN,2020,6,99365779.0,547569332.0,195384925.0,0.0,3150000.0,98684710.0
EGEEN,2020,3,63101088.0,914850997.0,122491757.0,0.0,3150000.0,141726674.0
EGEEN,2019,12,257718088.0,649348666.0,684455154.0,0.0,3150000.0,23069374.0
EGEEN,2019,9,209941232.0,815995737.0,540369530.0,0.0,3150000.0,88548128.0
EGEEN,2019,6,163248314.0,773122112.0,378026782.0,0.0,3150000.0,113569993.0
EGEEN,2019,3,89851308.0,733310412.0,266816134.0,0.0,3150000.0,100189988.0
EGEEN,2018,12,347519858.0,544433260.0,586587767.0,0.0,3150000.0,32934347.0
EGEEN,2018,9,248186875.0,506217408.0,399470913.0,0.0,3150000.0,38922800.0
EGEEN,2018,6,113356159.0,372153981.0,236413503.0,0.0,3150000.0,35992471.0
EGEEN,2018,3,42289497.0,387240333.0,99780770.0,0.0,3150000.0,33825424.0
EGEEN,2017,12,132121115.0,345947146.0,345972148.0,0.0,3150000.0,36553673.0
EGEEN,2017,9,87047177.0,301058157.0,242881197.0,0.0,3150000.0,34625639.0
EGEEN,2017,6,55184644.0,269212430.0,156543726.0,0.0,3150000.0,37663856.0
EGEEN,2017,3,29637306.0,285969904.0,75082045.0,0.0,3150000.0,37390895.0
EGEEN,2016,12,98387599.0,255915129.0,253925335.0,0.0,3150000.0,39794226.0
EGEEN,2016,9,63138836.0,221467190.0,199767178.0,0.0,3150000.0,36568389.0
EGEEN,2016,6,41089490.0,199761144.0,144938849.0,0.0,3150000.0,38558866.0
EGEEN,2016,3,20702329.0,221492993.0,77259992.0,0.0,3150000.0,31989324.0
EGEEN,2015,12,102009445.0,200608886.0,313575112.0,0.0,3150000.0,35428872.0
EGEEN,2015,9,83399864.0,182818263.0,225761299.0,0.0,3150000.0,37880429.0
EGEEN,2015,6,49185874.0,148914273.0,148379610.0,0.0,3150000.0,33188.0
EGEEN,2015,3,24818655.0,157897016.0,85316121.0,0.0,3150000.0,66375.0
EGEEN,2014,12,56712610.0,133346493.0,229401810.0,0.0,3150000.0,99563.0
EGEEN,2014,9,44359223.0,120655229.0,168140916.0,0.0,3150000.0,132750.0
EGEEN,2014,6,28591765.0,104602316.0,112451124.0,0.0,3150000.0,5114863.0
EGEEN,2014,3,14070963.0,107295822.0,49587536.0,0.0,3150000.0,14245107.0
EGEEN,2013,12,29623879.0,93077893.0,174374389.0,0.0,3150000.0,17843963.0
EGEEN,2013,9,21193597.0,85141207.0,124584633.0,0.0,3150000.0,23795692.0
EGEEN,2013,6,10109731.0,74062984.0,74358205.0,0.0,3150000.0,18595021.0
EGEEN,2013,3,2832694.0,67837266.0,35117991.0,0.0,3150000.0,27628761.0
EGEEN,2012,12,19095735.0,74722042.0,155791375.0,0.0,3150000.0,29058370.0
EGEEN,2012,9,16149273.0,72049983.0,125932286.0,0.0,3150000.0,34808960.0
EGEEN,2012,6,10811767.0,66722278.0,88453983.0,0.0,3150000.0,45839206.0
EGEEN,2012,3,4817275.0,70911486.0,42184862.0,0.0,3150000.0,44921150.0
EGEEN,2011,12,27932391.0,66235227.0,168492930.0,0.0,3150000.0,54352679.0
EGEEN,2011,9,20305627.0,58608618.0,120964785.0,0.0,3150000.0,63750240.0
EGEEN,2011,6,11743220.0,50046211.0,73176319.0,0.0,3150000.0,49332799.0
EGEEN,2011,3,4415830.0,44356913.0,30147850.0,0.0,3150000.0,30306828.0
ENJSA,2023,12,6522060000.0,83414066000.0,243515934000.0,0.0,1181069000.0,48152040000.0
ENJSA,2023,9,7348361000.0,32046733000.0,180745953000.0,0.0,1181069000.0,29263839000.0
ENJSA,2023,6,-864965000.0,21774102000.0,105725162000.0,0.0,1181069000.0,17925894000.0
ENJSA,2023,3,-2679086000.0,19158127000.0,53718006000.0,0.0,1181069000.0,17579322000.0
ENJSA,2022,12,20634560000.0,58838086000.0,163312312000.0,0.0,1181069000.0,31463410000.0
ENJSA,2022,9,2376035000.0,9965481000.0,62747930000.0,0.0,1181069000.0,16414026000.0
ENJSA,2022,6,1175312000.0,9019449000.0,37050824000.0,0.0,1181069000.0,18903341000.0
ENJSA,2022,3,193026000.0,8066275000.0,17910428000.0,0.0,1181069000.0,14876636000.0
ENJSA,2021,12,2282368000.0,9351022000.0,32994330000.0,0.0,1181069000.0,10716220000.0
ENJSA,2021,9,1504056000.0,7633531000.0,20359659000.0,0.0,1181069000.0,10034753000.0
ENJSA,2021,6,969650000.0,7111849000.0,11964852000.0,0.0,1181069000.0,9423812000.0
ENJSA,2021,3,531984000.0,6719536000.0,5888865000.0,0.0,1181069000.0,9692461000.0
ENJSA,2020,12,1087683000.0,7153306000.0,21757203000.0,0.0,1181069000.0,9762300000.0
ENJSA,2020,9,1346888000.0,7601573000.0,16887317000.0,0.0,1181069000.0,10636697000.0
ENJSA,2020,6,708314000.0,6915245000.0,11104768000.0,0.0,1181069000.0,10974424000.0
ENJSA,2020,3,341068000.0,6559760000.0,5779079000.0,0.0,1181069000.0,10223297000.0
ENJSA,2019,12,1033622000.0,6834503000.0,19453085000.0,0.0,1181069000.0,9070478000.0
ENJSA,2019,9,789940000.0,6590139000.0,14566003000.0,0.0,1181069000.0,9787953000.0
ENJSA,2019,6,458841000.0,6334422000.0,9327279000.0,0.0,1181069000.0,11109627000.0
ENJSA,2019,3,297419000.0,6129912000.0,4483636000.0,0.0,1181069000.0,11043332000.0
ENJSA,2018,12,747697000.0,6298915000.0,18346787000.0,0.0,1181069000.0,9198856000.0
ENJSA,2018,9,764266000.0,6349384000.0,12471897000.0,0.0,1181069000.0,9402787000.0
ENJSA,2018,6,498972000.0,6050205000.0,7807517000.0,0.0,1181069000.0,8604841000.0
ENJSA,2018,3,242862000.0,5772512000.0,4060524000.0,0.0,1181069000.0,8035253000.0
ENJSA,2017,12,988009000.0,5880403000.0,12344818000.0,0.0,1181069000.0,7208020000.0
ENJSA,2017,9,453966000.0,5200794000.0,8591508000.0,0.0,1181069000.0,7176186000.0
ENJSA,2017,6,262789000.0,9380311000.0,5508337000.0,0.0,9590685000.0,14434475000.0
ENJSA,2017,3,78290000.0,0.0,2726192000.0,0.0,0.0,0.0
ENJSA,2016,12,377393000.0,4746828000.0,9103380000.0,0.0,3964528000.0,6297794000.0
ENJSA,2016,9,421813000.0,0.0,6919414000.0,0.0,0.0,0.0
ENJSA,2016,6,245625000.0,0.0,6200713000.0,0.0,0.0,0.0
ENJSA,2015,12,336302000.0,4365831000.0,9153614000.0,0.0,4389585000.0,4794064000.0
ENJSA,2014,12,-276714000.0,4040342000.0,8064421000.0,0.0,4389585000.0,2903371000.0
ENKAI,2023,12,17686528000.0,218533737000.0,76704889000.0,0.0,6021689000.0,3586735000.0
ENKAI,2023,9,10417546000.0,177953777000.0,55676473000.0,0.0,6021689000.0,3292350000.0
ENKAI,2023,6,6474633000.0,167066578000.0,32380376000.0,0.0,6021689000.0,3568636000.0
ENKAI,2023,3,3983863000.0,128043607000.0,17489259000.0,0.0,6021689000.0,3283195000.0
ENKAI,2022,12,2114596000.0,122407267000.0,61804006000.0,0.0,6021689000.0,3523572000.0
ENKAI,2022,9,-3046474000.0,116946760000.0,44243665000.0,0.0,6021689000.0,3492128000.0
ENKAI,2022,6,-4968893000.0,106604086000.0,24045792000.0,0.0,6021689000.0,3427751000.0
ENKAI,2022,3,-500182000.0,94643715000.0,11469542000.0,0.0,5621689000.0,2446755000.0
ENKAI,2021,12,5075956000.0,89858579000.0,25782036000.0,0.0,5621689000.0,2199016000.0
ENKAI,2021,9,4311031000.0,61243561000.0,16132439000.0,0.0,5621689000.0,1168474000.0
ENKAI,2021,6,3205264000.0,59364410000.0,8249715000.0,0.0,5621689000.0,1274178000.0
ENKAI,2021,3,1148331000.0,56538864000.0,3579477000.0,0.0,5621689000.0,1480711000.0
ENKAI,2020,12,4518160000.0,49696135000.0,11617008000.0,0.0,5621689000.0,1385892000.0
ENKAI,2020,9,2503020000.0,49720189000.0,8338156000.0,0.0,5621689000.0,1536482000.0
ENKAI,2020,6,1682338000.0,44326021000.0,5554485000.0,0.0,5621689000.0,1302875000.0
ENKAI,2020,3,-697431000.0,40352813000.0,2857120000.0,0.0,5021689000.0,1211993000.0
ENKAI,2019,12,3868713000.0,39425622000.0,10733112000.0,0.0,5021689000.0,1238664000.0
ENKAI,2019,9,2843494000.0,37227162000.0,8103650000.0,0.0,5021689000.0,1269951000.0
ENKAI,2019,6,1918431000.0,37176226000.0,5662413000.0,0.0,5021689000.0,1446752000.0
ENKAI,2019,3,834854000.0,35990540000.0,2964175000.0,0.0,5021689000.0,1400065000.0
ENKAI,2018,12,1613263000.0,32518771000.0,13917742000.0,0.0,5021689000.0,1324744000.0
ENKAI,2018,9,770594000.0,36640245000.0,9432625000.0,0.0,5021689000.0,1735153000.0
ENKAI,2018,6,491332000.0,27998972000.0,5078287000.0,0.0,5021689000.0,1359239000.0
ENKAI,2018,3,491809000.0,25368372000.0,2097209000.0,0.0,4621689000.0,1270641000.0
ENKAI,2017,12,2602132000.0,23701913000.0,10567421000.0,0.0,4621689000.0,1174986000.0
ENKAI,2017,9,2015297000.0,21954480000.0,7920498000.0,0.0,4621689000.0,1139687000.0
ENKAI,2017,6,1375796000.0,21075993000.0,4949353000.0,0.0,4621689000.0,1108659000.0
ENKAI,2017,3,636550000.0,21819643000.0,2445043000.0,0.0,4221689000.0,1243828000.0
ENKAI,2016,12,1809132000.0,20159745000.0,10581750000.0,0.0,4221689000.0,999487000.0
ENKAI,2016,9,1412485000.0,16824100000.0,7927792000.0,0.0,4221689000.0,714007000.0
ENKAI,2016,6,1067151000.0,16026403000.0,5375883000.0,0.0,4221689000.0,675532000.0
ENKAI,2016,3,548377000.0,15447105000.0,2659582000.0,0.0,4021689000.0,543535000.0
ENKAI,2015,12,1455501000.0,15053666000.0,12384383000.0,0.0,4021689000.0,422007000.0
ENKAI,2015,9,1144101000.0,15927924000.0,9380107000.0,0.0,4021689000.0,688265000.0
ENKAI,2015,6,853218000.0,14349208000.0,6310581000.0,0.0,4021689000.0,663185000.0
ENKAI,2015,3,428136000.0,13734045000.0,3146718000.0,0.0,3621689000.0,684353000.0
ENKAI,2014,12,1504728000.0,12092501000.0,12727939000.0,0.0,3621689000.0,625073000.0
ENKAI,2014,9,1158266000.0,12643046000.0,9443875000.0,0.0,3621689000.0,882125000.0
ENKAI,2014,6,813082000.0,12386699000.0,6341691000.0,0.0,3621689000.0,991742000.0
ENKAI,2014,3,383879000.0,12503572000.0,3231232000.0,0.0,3221689000.0,916020000.0
ENKAI,2013,12,1318923000.0,12082418000.0,12288032000.0,0.0,3221689000.0,816181000.0
ENKAI,2013,9,967851000.0,11099161000.0,9104707000.0,0.0,3221689000.0,515264000.0
ENKAI,2013,6,627606000.0,10102590000.0,5936636000.0,0.0,3221689000.0,505300000.0
ENKAI,2013,3,298722000.0,9709754000.0,2794854000.0,0.0,2821689000.0,678772000.0
ENKAI,2012,12,1180627000.0,9553846000.0,10297520000.0,0.0,2821689000.0,671243000.0
ENKAI,2012,9,874515000.0,9264957000.0,7075141000.0,0.0,2821689000.0,797612000.0
ENKAI,2012,6,553098000.0,8865328000.0,4433075000.0,0.0,2821689000.0,755597000.0
ENKAI,2012,3,335946000.0,9093460000.0,2008294000.0,0.0,2521689000.0,845051000.0
ENKAI,2011,12,880998000.0,9018763000.0,8415310000.0,0.0,2521689000.0,884395000.0
ENKAI,2011,9,599012000.0,8496513000.0,5885794000.0,0.0,2521689000.0,1026359000.0
ENKAI,2011,6,426783000.0,7714481000.0,3651530000.0,0.0,2521689000.0,796913000.0
ENKAI,2011,3,223941000.0,7253441000.0,1769386000.0,0.0,2221689000.0,936103000.0
EREGL,2023,12,4329064000.0,191528882000.0,147899792000.0,0.0,3500000000.0,67740702000.0
EREGL,2023,9,-3826973000.0,166083088000.0,101010326000.0,0.0,3500000000.0,59542740000.0
EREGL,2023,6,-3987498000.0,156692696000.0,63619932000.0,0.0,3500000000.0,49388605000.0
EREGL,2023,3,65919000.0,121507612000.0,26273984000.0,0.0,3500000000.0,36275713000.0
EREGL,2022,12,18653054000.0,118662187000.0,127782881000.0,0.0,3500000000.0,29580739000.0
EREGL,2022,9,15430273000.0,114357567000.0,100535316000.0,0.0,3500000000.0,27742620000.0
EREGL,2022,6,12750545000.0,101227907000.0,63812753000.0,0.0,3500000000.0,24704003000.0
EREGL,2022,3,5828625000.0,83018683000.0,29204128000.0,0.0,3500000000.0,22537117000.0
EREGL,2021,12,16078558000.0,84547604000.0,68227404000.0,0.0,3500000000.0,16676344000.0
EREGL,2021,9,11262795000.0,53822102000.0,43060307000.0,0.0,3500000000.0,11168764000.0
EREGL,2021,6,6050468000.0,47365310000.0,24797566000.0,0.0,3500000000.0,9348091000.0
EREGL,2021,3,2711762000.0,42312928000.0,10464203000.0,0.0,3500000000.0,7990441000.0
EREGL,2020,12,3509790000.0,41121576000.0,32048029000.0,0.0,3500000000.0,6598271000.0
EREGL,2020,9,1549222000.0,41498172000.0,21936023000.0,0.0,3500000000.0,9137734000.0
EREGL,2020,6,926858000.0,36744992000.0,13783158000.0,0.0,3500000000.0,9479111000.0
EREGL,2020,3,322778000.0,34526024000.0,6378927000.0,0.0,3500000000.0,8119334000.0
EREGL,2019,12,3494207000.0,31247475000.0,27465185000.0,0.0,3500000000.0,7700977000.0
EREGL,2019,9,3238808000.0,29616251000.0,21011261000.0,0.0,3500000000.0,7353138000.0
EREGL,2019,6,2413110000.0,29255194000.0,14594816000.0,0.0,3500000000.0,6602780000.0
EREGL,2019,3,1038729000.0,27324530000.0,7144139000.0,0.0,3500000000.0,5818002000.0
EREGL,2018,12,5844721000.0,29254625000.0,27015254000.0,0.0,3500000000.0,6120960000.0
EREGL,2018,9,4090924000.0,31242677000.0,19421650000.0,0.0,3500000000.0,7036717000.0
EREGL,2018,6,2687862000.0,22875048000.0,11629361000.0,0.0,3500000000.0,5147861000.0
EREGL,2018,3,1108586000.0,18303071000.0,5418802000.0,0.0,3500000000.0,4459027000.0
EREGL,2017,12,3897542000.0,19228157000.0,18736447000.0,0.0,3500000000.0,4490428000.0
EREGL,2017,9,2655848000.0,16962307000.0,13304650000.0,0.0,3500000000.0,3902195000.0
EREGL,2017,6,1830579000.0,15948349000.0,8919801000.0,0.0,3500000000.0,3509772000.0
EREGL,2017,3,930110000.0,15650827000.0,4214041000.0,0.0,3500000000.0,3748667000.0
EREGL,2016,12,1571702000.0,15660033000.0,11636504000.0,0.0,3500000000.0,3919488000.0
EREGL,2016,9,1013470000.0,12824215000.0,7946916000.0,0.0,3500000000.0,3329346000.0
EREGL,2016,6,499438000.0,11892499000.0,5245415000.0,0.0,3500000000.0,3590670000.0
EREGL,2016,3,168092000.0,11330726000.0,2576782000.0,0.0,3500000000.0,3108695000.0
EREGL,2015,12,1162309000.0,12538192000.0,11914581000.0,0.0,3500000000.0,2975903000.0
EREGL,2015,9,1118199000.0,13072578000.0,8915238000.0,0.0,3500000000.0,4152246000.0
EREGL,2015,6,799274000.0,11289205000.0,6066005000.0,0.0,3500000000.0,3958031000.0
EREGL,2015,3,346114000.0,10552126000.0,2895741000.0,0.0,3500000000.0,2575830000.0
EREGL,2014,12,1660791000.0,10310307000.0,11484137000.0,0.0,3500000000.0,3413734000.0
EREGL,2014,9,1260161000.0,9729896000.0,8594739000.0,0.0,3500000000.0,4217186000.0
EREGL,2014,6,807620000.0,8643416000.0,5644087000.0,0.0,3500000000.0,4011219000.0
EREGL,2014,3,450669000.0,8563141000.0,2934637000.0,0.0,3500000000.0,4054787000.0
EREGL,2013,12,960408000.0,8706820000.0,9780751000.0,0.0,3500000000.0,3500079000.0
EREGL,2013,9,796103000.0,8481189410.0,7199531000.0,0.0,3500000000.0,3954250098.0
EREGL,2013,6,565315000.0,7853239686.0,5047032000.0,0.0,3500000000.0,3928003123.0
EREGL,2013,3,240503000.0,7520840559.0,2428942000.0,0.0,3500000000.0,4105213454.0
EREGL,2012,12,483575552.0,7415912085.0,9570396709.0,0.0,3090000000.0,4418751937.0
EREGL,2012,9,397945594.0,7340019314.0,7135136547.0,0.0,3090000000.0,4710216703.0
EREGL,2012,6,237396532.0,7193657881.0,4784577538.0,0.0,3090000000.0,4824085575.0
EREGL,2012,3,136402267.0,7106280923.0,2435338933.0,0.0,2150000000.0,4519515345.0
EREGL,2011,12,1039128177.0,7287548072.0,8920544781.0,0.0,2150000000.0,4777797197.0
EREGL,2011,9,860231975.0,7085482995.0,6664784165.0,0.0,2150000000.0,5063736003.0
EREGL,2011,6,574487911.0,6824693626.0,4216821406.0,0.0,2150000000.0,4591210883.0
EREGL,2011,3,271288375.0,6512193579.0,2027880495.0,0.0,2150000000.0,4679254362.0
EUPWR,2023,12,1309844000.0,7658454000.0,9327358000.0,0.0,220000000.0,657192000.0
EUPWR,2023,9,622672000.0,3590709000.0,5530289000.0,0.0,220000000.0,457654000.0
EUPWR,2023,6,975151000.0,3320233000.0,2578126000.0,0.0,220000000.0,369701000.0
EUPWR,2023,3,70136000.0,954348051.0,1403612000.0,0.0,175000000.0,314071778.0
EUPWR,2022,12,515457000.0,1532206000.0,3778053000.0,0.0,175000000.0,376160000.0
EUPWR,2022,9,159615000.0,0.0,1173296000.0,0.0,0.0,0.0
EUPWR,2022,6,128509000.0,0.0,765226000.0,0.0,0.0,0.0
EUPWR,2022,3,67942000.0,0.0,352566000.0,0.0,0.0,0.0
EUPWR,2021,12,104421988.0,266242756.0,603548374.0,0.0,35000000.0,57827214.0
EUPWR,2020,12,49722367.0,104850779.0,326422684.0,0.0,35000000.0,61133341.0
FROTO,2023,12,70826085000.0,105407564000.0,594705176000.0,0.0,350910000.0,109374359000.0
FROTO,2023,9,41243011000.0,40506560000.0,412873683000.0,0.0,350910000.0,63215630000.0
FROTO,2023,6,19397035000.0,27291462000.0,253193541000.0,0.0,350910000.0,60748805000.0
FROTO,2023,3,8841456000.0,22062569000.0,123175661000.0,0.0,350910000.0,45663515000.0
FROTO,2022,12,27729927000.0,51141641000.0,322556451000.0,0.0,350910000.0,62479244000.0
FROTO,2022,9,10322171000.0,15639169000.0,110857477000.0,0.0,350910000.0,34291977000.0
FROTO,2022,6,6505981000.0,11668599000.0,60730086000.0,0.0,350910000.0,32334800000.0
FROTO,2022,3,2801779000.0,8295052000.0,27876425000.0,0.0,350910000.0,25066625000.0
FROTO,2021,12,8801005000.0,10148538000.0,71101258000.0,0.0,350910000.0,19056227000.0
FROTO,2021,9,4710761000.0,9004274000.0,45657489000.0,0.0,350910000.0,13212224000.0
FROTO,2021,6,2818577000.0,6975753000.0,26786744000.0,0.0,350910000.0,9015092000.0
FROTO,2021,3,1819374000.0,6048321000.0,16254142000.0,0.0,350910000.0,11071642000.0
FROTO,2020,12,4194913000.0,7043902000.0,49451407000.0,0.0,350910000.0,8080874000.0
FROTO,2020,9,2267706000.0,4773239000.0,28490189000.0,0.0,350910000.0,9984178000.0
FROTO,2020,6,909437000.0,4149833000.0,15093915000.0,0.0,350910000.0,9169324000.0
FROTO,2020,3,629429000.0,4017254000.0,9366609000.0,0.0,350910000.0,7707831000.0
FROTO,2019,12,1959484000.0,4664921000.0,39209019000.0,0.0,350910000.0,6208046000.0
FROTO,2019,9,1342707000.0,4617861000.0,27706725000.0,0.0,350910000.0,5498777000.0
FROTO,2019,6,888288000.0,3952926000.0,18409222000.0,0.0,350910000.0,5908050000.0
FROTO,2019,3,477960000.0,3491234000.0,9284052000.0,0.0,350910000.0,5340915000.0
FROTO,2018,12,1683196000.0,3893239000.0,33292030000.0,0.0,350910000.0,4482817000.0
FROTO,2018,9,1272358000.0,3420533000.0,23244383000.0,0.0,350910000.0,5347954000.0
FROTO,2018,6,918519000.0,3601150000.0,15472358000.0,0.0,350910000.0,4039279000.0
FROTO,2018,3,432265000.0,3227384000.0,7282010000.0,0.0,350910000.0,4067627000.0
FROTO,2017,12,1489983000.0,3695859000.0,25341290000.0,0.0,350910000.0,3604047000.0
FROTO,2017,9,979864000.0,3638319000.0,17138240000.0,0.0,350910000.0,3527354000.0
FROTO,2017,6,633918000.0,3331690720.0,11652608000.0,0.0,350910000.0,3575902397.0
FROTO,2017,3,272268000.0,2973525519.0,5394877000.0,0.0,350910000.0,3070139514.0
FROTO,2016,12,955308000.0,3163619000.0,18289107000.0,0.0,350910000.0,2852130000.0
FROTO,2016,9,638022000.0,3298036417.0,12639771000.0,0.0,350910000.0,2673711662.0
FROTO,2016,6,464103000.0,3186080092.0,8799837000.0,0.0,350910000.0,2873562475.0
FROTO,2016,3,203050497.0,2912622215.0,4185415884.0,0.0,350910000.0,2885231843.0
FROTO,2015,12,841910674.0,3059855348.0,16746396740.0,0.0,350910000.0,2560765946.0
FROTO,2015,9,557141975.0,2840969966.0,11730597549.0,0.0,350910000.0,2929640600.0
FROTO,2015,6,406504381.0,2888048342.0,7525623143.0,0.0,350910000.0,2721776186.0
FROTO,2015,3,232181474.0,2781173243.0,3563332457.0,0.0,350910000.0,2176741429.0
FROTO,2014,12,594856111.0,2754181696.0,11924836507.0,0.0,350910000.0,2349987527.0
FROTO,2014,9,475650733.0,2765903031.0,8103128225.0,0.0,350910000.0,2302102305.0
FROTO,2014,6,353434988.0,2635928928.0,5213991688.0,0.0,350910000.0,2071334592.0
FROTO,2014,3,202523664.0,2420416866.0,2045627684.0,0.0,350910000.0,2339707044.0
FROTO,2013,12,641471786.0,2236604334.0,11404912894.0,0.0,350910000.0,2291215803.0
FROTO,2013,9,516197800.0,2132911328.0,8077477753.0,0.0,350910000.0,1966448591.0
FROTO,2013,6,435569380.0,2092755113.0,5482434619.0,0.0,350910000.0,1517600775.0
FROTO,2013,3,176070116.0,1873414922.0,2570527106.0,0.0,350910000.0,1263671919.0
FROTO,2012,12,684903595.0,1995664835.0,9767937257.0,0.0,350910000.0,1259553564.0
FROTO,2012,9,480872359.0,2024008349.0,6948443905.0,0.0,350910000.0,1034873449.0
FROTO,2012,6,333435669.0,1878573463.0,4965150581.0,0.0,350910000.0,713576791.0
FROTO,2012,3,164908130.0,1713950089.0,2409285038.0,0.0,350910000.0,872776782.0
FROTO,2011,12,662088726.0,1898218483.0,10445022950.0,0.0,350910000.0,876889936.0
FROTO,2011,9,506274041.0,1961498940.0,7375108252.0,0.0,350910000.0,747427789.0
FROTO,2011,6,331587503.0,1787106254.0,4995056576.0,0.0,350910000.0,709488562.0
FROTO,2011,3,142785528.0,1596778075.0,2229628783.0,0.0,350910000.0,538506403.0
GUBRF,2023,12,-1136075607.0,24024563017.0,50841814148.0,0.0,334000000.0,9244975527.0
GUBRF,2023,9,-2742648356.0,9241371452.0,35820940789.0,0.0,334000000.0,7207813993.0
GUBRF,2023,6,-2270750371.0,8144151580.0,21762838574.0,0.0,334000000.0,8387100019.0
GUBRF,2023,3,-210436691.0,7032787766.0,13119965546.0,0.0,334000000.0,7631332445.0
GUBRF,2022,12,316936251.0,14207202068.0,48304277005.0,0.0,334000000.0,9162682386.0
GUBRF,2022,9,1419175709.0,7319572111.0,19898030743.0,0.0,334000000.0,4453793141.0
GUBRF,2022,6,815804909.0,6309893795.0,13405645540.0,0.0,334000000.0,4518611490.0
GUBRF,2022,3,690342563.0,5234888516.0,7923039262.0,0.0,334000000.0,2986990439.0
GUBRF,2021,12,469789398.0,4028258379.0,10764791265.0,0.0,334000000.0,2567853020.0
GUBRF,2021,9,289679265.0,2931181795.0,6216824037.0,0.0,334000000.0,1622855128.0
GUBRF,2021,6,215320986.0,2736168158.0,3849705906.0,0.0,334000000.0,1219685902.0
GUBRF,2021,3,94661179.0,2145470945.0,2344638252.0,0.0,334000000.0,1199229026.0
GUBRF,2020,12,416068128.0,1762254885.0,5413712258.0,0.0,334000000.0,1638795741.0
GUBRF,2020,9,290381061.0,801017897.0,3851071077.0,0.0,334000000.0,1761896681.0
GUBRF,2020,6,220674480.0,816547561.0,2683735693.0,0.0,334000000.0,1508554610.0
GUBRF,2020,3,126576176.0,797230628.0,1732035641.0,0.0,334000000.0,1603855693.0
GUBRF,2019,12,-98641006.0,840908821.0,4344496369.0,0.0,334000000.0,1639319679.0
GUBRF,2019,9,1475956.0,952555848.0,3388266544.0,0.0,334000000.0,1369059767.0
GUBRF,2019,6,2666426.0,945860710.0,2567176790.0,0.0,334000000.0,1288214667.0
GUBRF,2019,3,1610261.0,1143109762.0,1460342074.0,0.0,334000000.0,1709103257.0
GUBRF,2018,12,135659667.0,1237556446.0,4559086668.0,0.0,334000000.0,1610303546.0
GUBRF,2018,9,-10132991.0,1135597306.0,3213707790.0,0.0,334000000.0,1316688829.0
GUBRF,2018,6,36421970.0,1347235055.0,2269852199.0,0.0,334000000.0,978968026.0
GUBRF,2018,3,15132482.0,1266586827.0,1257606490.0,0.0,334000000.0,904520069.0
GUBRF,2017,12,25822668.0,1207511087.0,3487261450.0,0.0,334000000.0,1039526984.0
GUBRF,2017,9,2779241.0,1186299256.0,2547999866.0,0.0,334000000.0,646638590.0
GUBRF,2017,6,27165377.0,1229259237.0,2066047871.0,0.0,334000000.0,884099892.0
GUBRF,2017,3,12316954.0,1238591729.0,1115545565.0,0.0,334000000.0,824056788.0
GUBRF,2016,12,-43964404.0,1201618065.0,2834839791.0,0.0,334000000.0,940181066.0
GUBRF,2016,9,14726759.0,1177413970.0,2131497340.0,0.0,334000000.0,725118865.0
GUBRF,2016,6,47469627.0,1208311815.0,1590987830.0,0.0,334000000.0,758622649.0
GUBRF,2016,3,33678608.0,1268951717.0,985811635.0,0.0,334000000.0,822888180.0
GUBRF,2015,12,250689150.0,1605624220.0,2930899065.0,0.0,334000000.0,1075912948.0
GUBRF,2015,9,202840037.0,1561481953.0,2268181808.0,0.0,334000000.0,922409452.0
GUBRF,2015,6,136281456.0,1398164279.0,1522918843.0,0.0,334000000.0,936165832.0
GUBRF,2015,3,115036951.0,1451248886.0,911985491.0,0.0,334000000.0,679502798.0
GUBRF,2014,12,440864330.0,1278412357.0,2848230035.0,0.0,334000000.0,809506169.0
GUBRF,2014,9,229237718.0,972986318.0,2016303627.0,0.0,334000000.0,765152336.0
GUBRF,2014,6,150091703.0,874044342.0,1453108638.0,0.0,334000000.0,743341796.0
GUBRF,2014,3,63796687.0,898255251.0,860919094.0,0.0,334000000.0,604951360.0
GUBRF,2013,12,280751618.0,1126006378.0,2265437409.0,0.0,334000000.0,882154679.0
GUBRF,2013,9,171361796.0,1091130083.0,1615146614.0,0.0,83500000.0,865928057.0
GUBRF,2013,6,152093159.0,1025253007.0,1109362298.0,0.0,83500000.0,601369759.0
GUBRF,2013,3,91254453.0,928570514.0,666257835.0,0.0,83500000.0,555890198.0
GUBRF,2012,12,430033168.0,833094452.0,2226819536.0,0.0,83500000.0,634115108.0
GUBRF,2012,9,326460435.0,1124139990.0,1700839539.0,0.0,83500000.0,652593141.0
GUBRF,2012,6,166410779.0,982754874.0,1136364444.0,0.0,83500000.0,525703415.0
GUBRF,2012,3,141085910.0,939430349.0,655706535.0,0.0,83500000.0,582931250.0
GUBRF,2011,12,374967607.0,1201614909.0,2276393199.0,0.0,83500000.0,569666330.0
GUBRF,2011,9,196891738.0,1031966717.0,1521138206.0,0.0,83500000.0,471902232.0
GUBRF,2011,6,105005065.0,822644036.0,955076561.0,0.0,83500000.0,392348873.0
GUBRF,2011,3,44170079.0,730271175.0,523334306.0,0.0,83500000.0,369920411.0
GESAN,2023,12,1550406000.0,12329710000.0,15088558000.0,0.0,460000000.0,1687259000.0
GESAN,2023,9,1188943000.0,5750976000.0,8829634000.0,0.0,460000000.0,1074539000.0
GESAN,2023,6,1183957000.0,5166100000.0,4094136000.0,0.0,460000000.0,1013608000.0
GESAN,2023,3,292867000.0,2777837000.0,1248420000.0,0.0,115000000.0,935959000.0
GESAN,2022,12,805087000.0,4317003000.0,7515157000.0,0.0,115000000.0,1363617000.0
GESAN,2022,9,369533000.0,1362713332.0,2517760000.0,0.0,115000000.0,771978010.0
GESAN,2022,6,249031000.0,1244367014.0,1496391000.0,0.0,115000000.0,640750543.0
GESAN,2022,3,87209000.0,1081337325.0,740379000.0,0.0,115000000.0,582628818.0
GESAN,2021,12,253419000.0,994094000.0,1231647000.0,0.0,115000000.0,421171000.0
GESAN,2021,9,21250562.0,618505465.0,302068631.0,0.0,115000000.0,399228954.0
GESAN,2021,6,7847799.0,350751449.0,152786825.0,0.0,100000000.0,368386044.0
GESAN,2021,3,4110178.0,347891745.0,82202846.0,0.0,100000000.0,337335875.0
GESAN,2020,12,217699817.0,340886461.0,880230625.0,0.0,100000000.0,324709046.0
GESAN,2020,9,107142518.0,0.0,625587317.0,0.0,0.0,0.0
GESAN,2020,6,87565095.0,0.0,440577771.0,0.0,0.0,0.0
GESAN,2020,3,54573608.0,0.0,257305706.0,0.0,0.0,0.0
GESAN,2019,12,23475898.0,151593945.0,491688536.0,0.0,25000000.0,177768188.0
GESAN,2018,12,-6505816.0,89732213.0,361910770.0,0.0,25000000.0,263882821.0
GARAN,2023,12,87331720000.0,244797041000.0,,89089085000.0,4200000000.0,
GARAN,2023,9,57577269000.0,214265132000.0,,60879775000.0,4200000000.0,
GARAN,2023,6,34204988000.0,187623550000.0,,34223512000.0,4200000000.0,
GARAN,2023,3,15735075000.0,173817258000.0,,14971970000.0,4200000000.0,
GARAN,2022,12,58509158000.0,152685493000.0,,70284888000.0,4200000000.0,
GARAN,2022,9,38606900000.0,131298288000.0,,45811730000.0,4200000000.0,
GARAN,2022,6,21095942000.0,111726947000.0,,24211621000.0,4200000000.0,
GARAN,2022,3,8209673000.0,96711129000.0,,9885837000.0,4200000000.0,
GARAN,2021,12,13601139000.0,79981259000.0,,15371014000.0,4200000000.0,
GARAN,2021,9,9541487000.0,70861444000.0,,10195910000.0,4200000000.0,
GARAN,2021,6,5736694000.0,67305060000.0,,5474894000.0,4200000000.0,
GARAN,2021,3,2681925000.0,63736857000.0,,2519770000.0,4200000000.0,
GARAN,2020,12,6238003000.0,62081723000.0,,7316382000.0,4200000000.0,
GARAN,2020,9,5127245000.0,60441454000.0,,5930704000.0,4200000000.0,
GARAN,2020,6,3231375000.0,58096746000.0,,3667055000.0,4200000000.0,
GARAN,2020,3,1631366000.0,54873658000.0,,1725721000.0,4200000000.0,
GARAN,2019,12,6158841000.0,53765666000.0,,6922338000.0,4200000000.0,
GARAN,2019,9,4936429000.0,51513096000.0,,5346666000.0,4200000000.0,
GARAN,2019,6,3632920000.0,50320972000.0,,3968938000.0,4200000000.0,
GARAN,2019,3,1721963000.0,48192317000.0,,1878381000.0,4200000000.0,
GARAN,2018,12,6638236000.0,46687853000.0,,7693570000.0,4200000000.0,
GARAN,2018,9,5576335000.0,46473281000.0,,6427829000.0,4200000000.0,
GARAN,2018,6,3903566000.0,44245881000.0,,4410563000.0,4200000000.0,
GARAN,2018,3,1996251000.0,42385007000.0,,2268141000.0,4200000000.0,
GARAN,2017,12,6343920000.0,41331210000.0,,7543371000.0,4200000000.0,
GARAN,2017,9,4644851000.0,39549624000.0,,5389657000.0,4200000000.0,
GARAN,2017,6,3079565000.0,38008040000.0,,3516033000.0,4200000000.0,
GARAN,2017,3,1525549000.0,36368717000.0,,1736127000.0,4200000000.0,
GARAN,2016,12,5070549000.0,35539080000.0,,5895166000.0,4200000000.0,
GARAN,2016,9,3910880000.0,34466208000.0,,4460599000.0,4200000000.0,
GARAN,2016,6,2580262000.0,33059654000.0,,2927582000.0,4200000000.0,
GARAN,2016,3,1040538000.0,31639502000.0,,1139905000.0,4200000000.0,
GARAN,2015,12,3406507000.0,30981055000.0,,3908562000.0,4200000000.0,
GARAN,2015,9,2468938000.0,28266502000.0,,2856567000.0,4200000000.0,
GARAN,2015,6,1938686000.0,27815935347.0,,2222148000.0,4200000000.0,
GARAN,2015,3,862448000.0,27459015039.0,,953802000.0,4200000000.0,
GARAN,2014,12,3674111000.0,26613138000.0,,4197357000.0,4200000000.0,
GARAN,2014,9,2877927000.0,25105657000.0,,3171356000.0,4200000000.0,
GARAN,2014,6,1884154000.0,24999624815.0,,2075736000.0,4200000000.0,
GARAN,2014,3,760330000.0,23409911000.0,,1003716000.0,4200000000.0,
GARAN,2013,12,3322344000.0,22584984000.0,,3664087000.0,4200000000.0,
GARAN,2013,9,2520593000.0,22088852000.0,,3294383000.0,4200000000.0,
GARAN,2013,6,1890647000.0,21515380000.0,,2476766000.0,4200000000.0,
GARAN,2013,3,1004082000.0,22134474000.0,,1316792000.0,4200000000.0,
GARAN,2012,12,3076841000.0,21309251000.0,,3929055000.0,4200000000.0,
GARAN,2012,9,2319567000.0,20115702000.0,,2955878000.0,4200000000.0,
GARAN,2012,6,1580214000.0,18832365000.0,,1992971000.0,4200000000.0,
GARAN,2012,3,861714000.0,18702775000.0,,1078486000.0,4200000000.0,
GARAN,2011,12,3070575000.0,17576819000.0,,3908149000.0,4200000000.0,
GARAN,2011,9,2280048000.0,17246821000.0,,2898782000.0,4200000000.0,
GARAN,2011,6,1798402000.0,16958934000.0,,2267374000.0,4200000000.0,
GARAN,2011,3,855223000.0,16149822000.0,,1114931000.0,4200000000.0,
GOZDE,2023,12,-12713786443.0,32221349867.0,130828688.0,0.0,385000000.0,360946929.0
GOZDE,2023,9,-9105950355.0,18294601584.0,123109720.0,0.0,385000000.0,0.0
GOZDE,2023,6,-11310140675.0,14684143623.0,10329567.0,0.0,385000000.0,0.0
GOZDE,2023,3,-13617708909.0,13110548278.0,10329567.0,0.0,385000000.0,0.0
GOZDE,2022,12,218064587.0,31123090928.0,1081202.0,0.0,385000000.0,2826067032.0
GOZDE,2022,9,1044908197.0,12462806092.0,465726.0,0.0,385000000.0,0.0
GOZDE,2022,6,-239918629.0,11177979267.0,465726.0,0.0,385000000.0,161474555.0
GOZDE,2022,3,-510956057.0,10901245622.0,465726.0,0.0,385000000.0,150999390.0
GOZDE,2021,12,7454091011.0,11417897895.0,1695682802.0,0.0,385000000.0,134075760.0
GOZDE,2021,9,2630197462.0,6594004346.0,1695682802.0,0.0,385000000.0,90066650.0
GOZDE,2021,6,259234095.0,4223040979.0,1642345196.0,0.0,385000000.0,157141475.0
GOZDE,2021,3,-202562935.0,3761243949.0,1080998578.0,0.0,385000000.0,146203721.0
GOZDE,2020,12,1714299903.0,3963806884.0,74616212.0,0.0,385000000.0,132689828.0
GOZDE,2020,9,-109884307.0,2139622674.0,74616212.0,0.0,385000000.0,132366695.0
GOZDE,2020,6,179531306.0,2429038287.0,36703912.0,0.0,385000000.0,163700474.0
GOZDE,2020,3,-310351437.0,1939155544.0,9598724.0,0.0,385000000.0,150866100.0
GOZDE,2019,12,-8905917.0,2249506981.0,34728516.0,0.0,385000000.0,136922407.0
GOZDE,2019,9,-202299161.0,2056113737.0,26203515.0,0.0,385000000.0,125325479.0
GOZDE,2019,6,-363816880.0,1894596018.0,2273078.0,0.0,385000000.0,138106561.0
GOZDE,2019,3,-340224339.0,1918188559.0,648868.0,0.0,385000000.0,251602811.0
GOZDE,2018,12,-682911538.0,2258412898.0,20134271.0,0.0,385000000.0,419475420.0
GOZDE,2018,9,-1538546914.0,1402777522.0,10130324.0,0.0,385000000.0,435497307.0
GOZDE,2018,6,-1409473118.0,1531851318.0,8259175.0,0.0,385000000.0,403081671.0
GOZDE,2018,3,-76614759.0,2864709677.0,7379296.0,0.0,385000000.0,693575129.0
GOZDE,2017,12,1990071873.0,2941324436.0,15661744.0,0.0,385000000.0,779174806.0
GOZDE,2017,9,-71737707.0,879514856.0,9552217.0,0.0,385000000.0,646172212.0
GOZDE,2017,6,-40085594.0,911166969.0,0.0,0.0,385000000.0,541491952.0
GOZDE,2017,3,-29754447.0,921498116.0,0.0,0.0,385000000.0,803672485.0
GOZDE,2016,12,116824041.0,951252563.0,71319545.0,0.0,385000000.0,757179461.0
GOZDE,2016,9,-31779771.0,802648751.0,70728748.0,0.0,385000000.0,808908687.0
GOZDE,2016,6,-10776188.0,823652334.0,70728748.0,0.0,385000000.0,811756734.0
GOZDE,2016,3,378386.0,834806908.0,51001.0,0.0,385000000.0,780526795.0
GOZDE,2015,12,80378735.0,834428522.0,28467508.0,0.0,385000000.0,796912007.0
GOZDE,2015,9,-130925728.0,623124059.0,28353186.0,0.0,385000000.0,863719310.0
GOZDE,2015,6,-81633438.0,672416349.0,21500000.0,0.0,385000000.0,816950571.0
GOZDE,2015,3,-42270062.0,711779725.0,21500000.0,0.0,385000000.0,826313755.0
GOZDE,2014,12,60171733.0,754049787.0,51315.0,0.0,385000000.0,837918456.0
GOZDE,2014,9,-38339582.0,655538472.0,51315.0,0.0,385000000.0,470303756.0
GOZDE,2014,6,578719.0,694456773.0,51000.0,0.0,385000000.0,518203643.0
GOZDE,2014,3,-17120188.0,426175434.0,0.0,0.0,134473492.0,492362972.0
GOZDE,2013,12,1230017.0,443295622.0,0.0,0.0,134473492.0,512791007.0
GOZDE,2013,9,-37644154.0,373571360.0,0.0,0.0,134473492.0,976549190.0
GOZDE,2013,6,-23299597.0,388941834.0,0.0,0.0,134473492.0,893914611.0
GOZDE,2013,3,-4280045.0,411825744.0,0.0,0.0,134473492.0,757742519.0
GOZDE,2012,12,70098712.0,442065605.0,2405763.0,0.0,134473492.0,125237157.0
GOZDE,2012,9,7668734.0,322383993.0,205697015.0,0.0,134473492.0,674076867.0
GOZDE,2012,6,-2906138.0,346099269.0,112310677.0,0.0,134473492.0,567343920.0
GOZDE,2012,3,4976003.0,356320659.0,60565882.0,0.0,134473492.0,180589893.0
GOZDE,2011,12,-27415416.0,350567983.0,348337.0,0.0,134473492.0,174797566.0
GOZDE,2011,9,-17848315.0,356912054.0,76729219.0,0.0,134473492.0,117932232.0
GOZDE,2011,6,-6726182.0,63208540.0,37765410.0,0.0,35529030.0,91393288.0
GOZDE,2011,3,29878.0,350567983.0,300000.0,0.0,134473492.0,174797566.0
GLYHO,2023,12,3680451490.0,15284496535.0,16809244016.0,0.0,650000000.0,40511567018.0
GLYHO,2023,9,1451118666.0,5881670304.0,11900709746.0,0.0,650000000.0,25815921800.0
GLYHO,2023,6,696546912.0,5186174436.0,7194086949.0,0.0,650000000.0,22601298238.0
GLYHO,2023,3,206044677.0,4954380831.0,3569457217.0,0.0,650000000.0,16738635549.0
GLYHO,2022,12,2010564887.0,9195158827.0,15319298883.0,0.0,650000000.0,24861721307.0
GLYHO,2022,9,432823090.0,3239212035.0,5434468013.0,0.0,650000000.0,14248759589.0
GLYHO,2022,6,73247590.0,3075225472.0,2719048316.0,0.0,650000000.0,12930618348.0
GLYHO,2022,3,2445951.0,2604042005.0,997863196.0,0.0,650000000.0,11719751505.0
GLYHO,2021,12,-385931117.0,2473945884.0,2357260922.0,0.0,650000000.0,10321124126.0
GLYHO,2021,9,-660057223.0,1694416331.0,1403072946.0,0.0,650000000.0,6843729678.0
GLYHO,2021,6,-625573132.0,1298015643.0,728345018.0,0.0,325888410.0,6910436792.0
GLYHO,2021,3,-274744868.0,1721002505.0,338516138.0,0.0,325888410.0,6806227195.0
GLYHO,2020,12,-497453242.0,1549182570.0,1527806842.0,0.0,325888410.0,6135737511.0
GLYHO,2020,9,-469127167.0,1646847281.0,1159157141.0,0.0,325888410.0,6661128880.0
GLYHO,2020,6,-343728210.0,1433875768.0,699771085.0,0.0,325888410.0,5744826801.0
GLYHO,2020,3,-174253951.0,1459435918.0,303976461.0,0.0,325888410.0,4924883119.0
GLYHO,2019,12,-157676444.0,1517956700.0,1387448668.0,0.0,325888410.0,4308526774.0
GLYHO,2019,9,-113347756.0,1517515464.0,1046542226.0,0.0,325888410.0,3661782881.0
GLYHO,2019,6,-137208677.0,1647340522.0,611554300.0,0.0,325888410.0,3675957544.0
GLYHO,2019,3,-120697243.0,1656820043.0,246661444.0,0.0,325888410.0,3515713492.0
GLYHO,2018,12,-63962259.0,1675882249.0,1080038879.0,0.0,325888410.0,2898007012.0
GLYHO,2018,9,-89813128.0,1876914717.0,784304977.0,0.0,325888410.0,3308587434.0
GLYHO,2018,6,-58018210.0,1655376839.0,435921647.0,0.0,325888410.0,2403055193.0
GLYHO,2018,3,-75904627.0,1595980455.0,146967811.0,0.0,325888410.0,1963325402.0
GLYHO,2017,12,-386395233.0,1594795491.0,764513639.0,0.0,325888410.0,1987975034.0
GLYHO,2017,9,-165146955.0,1722050423.0,560019321.0,0.0,325888410.0,2065522524.0
GLYHO,2017,6,-160207542.0,1703030205.0,319024865.0,0.0,325888410.0,2157401184.0
GLYHO,2017,3,-65975971.0,899420618.0,130290110.0,0.0,193500000.0,2416929198.0
GLYHO,2016,12,-135610641.0,912607796.0,599453940.0,0.0,193500000.0,2259248835.0
GLYHO,2016,9,-53806925.0,937091317.0,455439308.0,0.0,193500000.0,1979972138.0
GLYHO,2016,6,-45374862.0,921527076.0,264022618.0,0.0,193500000.0,1880007439.0
GLYHO,2016,3,-42723261.0,941120316.0,99989596.0,0.0,193500000.0,1782822949.0
GLYHO,2015,12,-48529453.0,974606938.0,519156894.0,0.0,193500000.0,1820016539.0
GLYHO,2015,9,-59012737.0,781189601.0,390936054.0,0.0,204211922.0,1758712779.0
GLYHO,2015,6,-52295468.0,718562395.0,220420439.0,0.0,204211922.0,1543232958.0
GLYHO,2015,3,-34344627.0,700269493.0,77730487.0,0.0,204211922.0,1394775214.0
GLYHO,2014,12,-78713838.0,743217936.0,336970472.0,0.0,204211922.0,1333466924.0
GLYHO,2014,9,-911621.0,811725610.0,242879306.0,0.0,204211922.0,1179053603.0
GLYHO,2014,6,-34185661.0,688939617.0,148628558.0,0.0,225003687.0,948888045.0
GLYHO,2014,3,-28706603.0,707919726.0,61558832.0,0.0,225003687.0,887342478.0
GLYHO,2013,12,35549181.0,734952440.0,224216840.0,0.0,225003687.0,855980474.0
GLYHO,2013,9,-17191425.0,621934265.0,163314473.0,0.0,225003687.0,733695563.0
GLYHO,2013,6,1772083.0,627079223.0,93236546.0,0.0,225003687.0,658333000.0
GLYHO,2013,3,-20587996.0,585714839.0,36050052.0,0.0,225003687.0,645945636.0
GLYHO,2012,12,116976134.0,737331460.0,143156841.0,0.0,225003687.0,282848625.0
GLYHO,2012,9,137282156.0,779225937.0,106762593.0,0.0,225003687.0,301461236.0
GLYHO,2012,6,-13748616.0,643137145.0,55469515.0,0.0,225003687.0,356302198.0
GLYHO,2012,3,417796.0,648518637.0,19403890.0,0.0,225003687.0,423674870.0
GLYHO,2011,12,-85105228.0,674986527.0,334525630.0,0.0,225003687.0,445581773.0
GLYHO,2011,9,-66298519.0,698962441.0,205816548.0,0.0,225003687.0,444681525.0
GLYHO,2011,6,-39041423.0,618293537.0,147852660.0,0.0,225003687.0,413962939.0
GLYHO,2011,3,-21523006.0,587684190.0,86935715.0,0.0,225003687.0,391582830.0
HALKB,2023,12,10111965000.0,128406019000.0,,6652737000.0,7184778000.0,
HALKB,2023,9,8050203000.0,122791744000.0,,8222020000.0,7184778000.0,
HALKB,2023,6,4954537000.0,116755691000.0,,7146018000.0,7184778000.0,
HALKB,2023,3,4255722000.0,119935810000.0,,4685054000.0,7184778000.0,
HALKB,2022,12,15265639000.0,90652090000.0,,20655997000.0,4969121000.0,
HALKB,2022,9,8904706000.0,75121879000.0,,12386131000.0,4969121000.0,
HALKB,2022,6,4600289000.0,67125498000.0,,6631286000.0,4969121000.0,
HALKB,2022,3,2025221000.0,63369782000.0,,3815084000.0,4969121000.0,
HALKB,2021,12,1507729000.0,43500355000.0,,1406093000.0,2473776000.0,
HALKB,2021,9,215142000.0,42226836000.0,,-19405000.0,2473776000.0,
HALKB,2021,6,122977000.0,42076532000.0,,-129188000.0,2473776000.0,
HALKB,2021,3,59035000.0,42058613000.0,,38117000.0,2473776000.0,
HALKB,2020,12,2600045000.0,42930504000.0,,3229900000.0,2473776000.0,
HALKB,2020,9,2090167000.0,41673871000.0,,2554819000.0,2473776000.0,
HALKB,2020,6,1775161000.0,41793994000.0,,2314636000.0,2473776000.0,
HALKB,2020,3,825085000.0,32910455000.0,,989328000.0,1250000000.0,
HALKB,2019,12,1720309000.0,32196826000.0,,1968257000.0,1250000000.0,
HALKB,2019,9,923750000.0,30202573000.0,,855160000.0,1250000000.0,
HALKB,2019,6,615437000.0,29574573000.0,,384091000.0,1250000000.0,
HALKB,2019,3,305188000.0,29167796000.0,,115564000.0,1250000000.0,
HALKB,2018,12,2521795000.0,29020735000.0,,2717818000.0,1250000000.0,
HALKB,2018,9,2205248000.0,28294502000.0,,2626040000.0,1250000000.0,
HALKB,2018,6,1902704000.0,28257693000.0,,2281774000.0,1250000000.0,
HALKB,2018,3,790192000.0,26397847000.0,,991836000.0,1250000000.0,
HALKB,2017,12,3725462000.0,25376739000.0,,4709582000.0,1250000000.0,
HALKB,2017,9,3010103000.0,24282538000.0,,3745860000.0,1250000000.0,
HALKB,2017,6,2227939000.0,23821400000.0,,2811039000.0,1250000000.0,
HALKB,2017,3,1219168000.0,22799851000.0,,1546494000.0,1250000000.0,
HALKB,2016,12,2558265000.0,21316946000.0,,3351550000.0,1250000000.0,
HALKB,2016,9,2195436000.0,21372291000.0,,2803696000.0,1250000000.0,
HALKB,2016,6,1565680000.0,20980969000.0,,1917779000.0,1250000000.0,
HALKB,2016,3,680083000.0,20395742000.0,,838139000.0,1250000000.0,
HALKB,2015,12,2315313000.0,19424343000.0,,2855643000.0,1250000000.0,
HALKB,2015,9,1667362000.0,18191768000.0,,2056663000.0,1250000000.0,
HALKB,2015,6,1229390000.0,18005186000.0,,1503510000.0,1250000000.0,
HALKB,2015,3,583594000.0,17044586000.0,,750174000.0,1250000000.0,
HALKB,2014,12,2205768000.0,16535922000.0,,2727255000.0,1250000000.0,
HALKB,2014,9,1764081000.0,15648241000.0,,2157572000.0,1250000000.0,
HALKB,2014,6,1162627000.0,15274525000.0,,1432063000.0,1250000000.0,
HALKB,2014,3,530381000.0,14527415000.0,,643571000.0,1250000000.0,
HALKB,2013,12,2750843000.0,14145773000.0,,3364892000.0,1250000000.0,
HALKB,2013,9,2010301000.0,13162058000.0,,2487215000.0,1250000000.0,
HALKB,2013,6,1428483000.0,12649980000.0,,1764898000.0,1250000000.0,
HALKB,2013,3,713395000.0,12967605000.0,,916443000.0,1250000000.0,
HALKB,2012,12,2595211000.0,12322955000.0,,3329139000.0,1250000000.0,
HALKB,2012,9,1853053000.0,11091132000.0,,2351750000.0,1250000000.0,
HALKB,2012,6,1253185000.0,10306651000.0,,1583123000.0,1250000000.0,
HALKB,2012,3,544174000.0,9876126000.0,,694981000.0,1250000000.0,
HALKB,2011,12,2045134000.0,8639996000.0,,2636696000.0,1250000000.0,
HALKB,2011,9,1540839000.0,8298754000.0,,1939781000.0,1250000000.0,
HALKB,2011,6,1037075000.0,7825769000.0,,1292232000.0,1250000000.0,
HALKB,2011,3,524714000.0,7804882000.0,,653201000.0,1250000000.0,
INDES,2023,12,594990527.0,4930614440.0,71083904135.0,0.0,750000000.0,2475781860.0
INDES,2023,9,73691785.0,1960793145.0,48188298528.0,0.0,224000000.0,1696362556.0
INDES,2023,6,93492650.0,1686705069.0,29743856602.0,0.0,224000000.0,1352219075.0
INDES,2023,3,-55415172.0,1673637745.0,15642539267.0,0.0,224000000.0,772978546.0
INDES,2022,12,62797285.0,3274146505.0,45706575698.0,0.0,224000000.0,1280499254.0
INDES,2022,9,433856206.0,1355590338.0,16886060872.0,0.0,224000000.0,1469262324.0
INDES,2022,6,259226996.0,1172475901.0,10128551901.0,0.0,224000000.0,1334224042.0
INDES,2022,3,110105639.0,1144589628.0,5168474374.0,0.0,224000000.0,1206782379.0
INDES,2021,12,437018783.0,1092952485.0,13091576863.0,0.0,224000000.0,1127697444.0
INDES,2021,9,150393150.0,775063098.0,9069333224.0,0.0,224000000.0,761997542.0
INDES,2021,6,99024519.0,725601640.0,5766839763.0,0.0,224000000.0,794666955.0
INDES,2021,3,59526227.0,733977988.0,2871093244.0,0.0,56000000.0,465869686.0
INDES,2020,12,166502505.0,666930195.0,10255020022.0,0.0,56000000.0,864597553.0
INDES,2020,9,126773904.0,630283670.0,7049600439.0,0.0,56000000.0,989375037.0
INDES,2020,6,69893417.0,566133554.0,4023164188.0,0.0,56000000.0,843168067.0
INDES,2020,3,35628980.0,554159402.0,1978961675.0,0.0,56000000.0,782973681.0
INDES,2019,12,114595087.0,568307841.0,5302709607.0,0.0,56000000.0,488784948.0
INDES,2019,9,67622295.0,448951824.0,3255312216.0,0.0,56000000.0,389900204.0
INDES,2019,6,47406932.0,429520230.0,2163204572.0,0.0,56000000.0,352901747.0
INDES,2019,3,23787790.0,438135717.0,1040014619.0,0.0,56000000.0,252368122.0
INDES,2018,12,128965881.0,495031892.0,3903402780.0,0.0,56000000.0,302693386.0
INDES,2018,9,51465084.0,340298723.0,3069986354.0,0.0,56000000.0,295255398.0
INDES,2018,6,34082608.0,322501069.0,2271111474.0,0.0,56000000.0,325360927.0
INDES,2018,3,18225340.0,375804650.0,1239010795.0,0.0,56000000.0,365511939.0
INDES,2017,12,168187257.0,356465622.0,4719624736.0,0.0,56000000.0,156945159.0
INDES,2017,9,49004112.0,236610284.0,3023637028.0,0.0,56000000.0,147399220.0
INDES,2017,6,34276190.0,221733847.0,1996584931.0,0.0,56000000.0,113843881.0
INDES,2017,3,21279478.0,245215205.0,978765520.0,0.0,56000000.0,164654795.0
INDES,2016,12,59381606.0,223447664.0,3793602651.0,0.0,56000000.0,196696440.0
INDES,2016,9,35196712.0,199039773.0,2524293870.0,0.0,56000000.0,156051853.0
INDES,2016,6,25032884.0,195503544.0,1760448001.0,0.0,56000000.0,212140606.0
INDES,2016,3,14039811.0,221563671.0,938594856.0,0.0,56000000.0,241932414.0
INDES,2015,12,55149413.0,207839425.0,3384690880.0,0.0,56000000.0,322422080.0
INDES,2015,9,35132490.0,188276317.0,2287258532.0,0.0,56000000.0,403121562.0
INDES,2015,6,22440504.0,174595600.0,1521263551.0,0.0,56000000.0,396106510.0
INDES,2015,3,12710823.0,185775776.0,747732454.0,0.0,56000000.0,346108300.0
INDES,2014,12,29751447.0,171923298.0,2206019328.0,0.0,56000000.0,133406402.0
INDES,2014,9,15827889.0,158071320.0,1353096858.0,0.0,56000000.0,85498253.0
INDES,2014,6,10958273.0,152191751.0,883565986.0,0.0,56000000.0,107507041.0
INDES,2014,3,5829478.0,152149302.0,495369516.0,0.0,56000000.0,75763715.0
INDES,2013,12,3987958.0,145128161.0,1615274371.0,0.0,56000000.0,41183121.0
INDES,2013,9,-9863.0,137531259.0,1113839809.0,0.0,56000000.0,99794786.0
INDES,2013,6,197234.0,134393432.0,750106232.0,0.0,56000000.0,145415245.0
INDES,2013,3,3939469.0,145706068.0,392680408.0,0.0,56000000.0,55664527.0
INDES,2012,12,17614567.0,139518615.0,1336222725.0,0.0,56000000.0,20343061.0
INDES,2012,9,15214244.0,139145725.0,926973486.0,0.0,56000000.0,20699158.0
INDES,2012,6,10778263.0,136981751.0,619146436.0,0.0,56000000.0,25913582.0
INDES,2012,3,8303930.0,139319727.0,318098832.0,0.0,56000000.0,30914640.0
INDES,2011,12,21115004.0,138445685.0,1513546064.0,0.0,56000000.0,46323157.0
INDES,2011,9,15139206.0,132964961.0,1063756517.0,0.0,56000000.0,67753103.0
INDES,2011,6,6335888.0,123718188.0,692348375.0,0.0,56000000.0,105441866.0
INDES,2011,3,3644104.0,123599980.0,358270292.0,0.0,56000000.0,19703090.0
HEKTS,2023,12,-1291407227.0,10885835437.0,8719027378.0,0.0,2530000000.0,20842610077.0
HEKTS,2023,9,127862181.0,3615178694.0,7767189755.0,0.0,2530000000.0,12829319926.0
HEKTS,2023,6,-566309966.0,3361993228.0,5451312943.0,0.0,2530000000.0,10252305061.0
HEKTS,2023,3,155258487.0,3541318522.0,2676729168.0,0.0,2530000000.0,8649727294.0
HEKTS,2022,12,1144705464.0,8330870818.0,10001274789.0,0.0,2530000000.0,12021059726.0
HEKTS,2022,9,606445182.0,2015057198.0,4060633576.0,0.0,860000000.0,6921184558.0
HEKTS,2022,6,419427076.0,1834217678.0,2530419764.0,0.0,860000000.0,5440392251.0
HEKTS,2022,3,209574126.0,1630183415.0,1078278754.0,0.0,860000000.0,3708835028.0
HEKTS,2021,12,313274515.0,5077639057.0,2020718336.0,0.0,860000000.0,6147701513.0
HEKTS,2021,9,180171245.0,1262765396.0,1423742255.0,0.0,860000000.0,1771933711.0
HEKTS,2021,6,98462168.0,1198602389.0,897721406.0,0.0,860000000.0,1582550065.0
HEKTS,2021,3,72142104.0,775468755.0,436559395.0,0.0,227571100.0,1436227569.0
HEKTS,2020,12,180498608.0,803551540.0,1013719129.0,0.0,227571100.0,1051907446.0
HEKTS,2020,9,122290402.0,627374078.0,709478554.0,0.0,227571100.0,963346731.0
HEKTS,2020,6,80442821.0,580168526.0,474009819.0,0.0,227571100.0,816514601.0
HEKTS,2020,3,67573534.0,570012259.0,269906354.0,0.0,227571100.0,575895319.0
HEKTS,2019,12,145571250.0,507370501.0,732677504.0,0.0,227571100.0,594124264.0
HEKTS,2019,9,110814251.0,318909126.0,608684115.0,0.0,75857033.0,587370129.0
HEKTS,2019,6,93105493.0,301200368.0,457258052.0,0.0,75857033.0,486707647.0
HEKTS,2019,3,67749746.0,276195837.0,258948671.0,0.0,75857033.0,417019287.0
HEKTS,2018,12,106192653.0,249533435.0,497071893.0,0.0,75857033.0,350562508.0
HEKTS,2018,9,90615001.0,233607138.0,418366291.0,0.0,75857033.0,347488407.0
HEKTS,2018,6,74342230.0,217334366.0,299374971.0,0.0,75857033.0,212270840.0
HEKTS,2018,3,44897062.0,187769016.0,160308790.0,0.0,75857033.0,171855182.0
HEKTS,2017,12,49239871.0,142871954.0,252213516.0,0.0,75857033.0,71797865.0
HEKTS,2017,9,47257556.0,141026007.0,211003291.0,0.0,75857033.0,76588715.0
HEKTS,2017,6,43054092.0,136822543.0,169400416.0,0.0,75857033.0,49596541.0
HEKTS,2017,3,27343107.0,121251396.0,97916240.0,0.0,75857033.0,41597017.0
HEKTS,2016,12,29341908.0,123470877.0,176777933.0,0.0,75857033.0,27253820.0
HEKTS,2016,9,35316126.0,129205479.0,161139543.0,0.0,75857033.0,43223173.0
HEKTS,2016,6,33559688.0,127453916.0,132292281.0,0.0,75857033.0,38794942.0
HEKTS,2016,3,20575732.0,114716718.0,80049927.0,0.0,75857033.0,24331023.0
HEKTS,2015,12,24249577.0,115358415.0,161299568.0,0.0,75857033.0,17452454.0
HEKTS,2015,9,25365397.0,116260875.0,146545739.0,0.0,75857033.0,38573927.0
HEKTS,2015,6,24320817.0,115216295.0,118630510.0,0.0,75857033.0,35784910.0
HEKTS,2015,3,12861039.0,103800134.0,69115737.0,0.0,75857033.0,38239873.0
HEKTS,2014,12,22221726.0,109671465.0,138747248.0,0.0,75857033.0,25627677.0
HEKTS,2014,9,24780704.0,112546900.0,127591442.0,0.0,75857033.0,23738422.0
HEKTS,2014,6,22897431.0,110663627.0,104124918.0,0.0,75857033.0,24677738.0
HEKTS,2014,3,13758247.0,101864058.0,59404259.0,0.0,75857033.0,23033914.0
HEKTS,2013,12,18033761.0,102971921.0,113002194.0,0.0,75857033.0,10979739.0
HEKTS,2013,9,18649771.0,103540730.0,100671051.0,0.0,75857033.0,21416788.0
HEKTS,2013,6,16534427.0,101613390.0,80342655.0,0.0,75857033.0,26816587.0
HEKTS,2013,3,8840974.0,93959211.0,44327866.0,0.0,75857033.0,11809415.0
HEKTS,2012,12,19955388.0,101944607.0,117445535.0,0.0,75857033.0,5342160.0
HEKTS,2012,9,21349183.0,103856428.0,103940494.0,0.0,75857033.0,27014615.0
HEKTS,2012,6,19767256.0,102463580.0,85136046.0,0.0,75857033.0,48294711.0
HEKTS,2012,3,11427034.0,93917373.0,50314008.0,0.0,75857033.0,41360777.0
HEKTS,2011,12,12881924.0,93900759.0,102062877.0,0.0,75857033.0,35022332.0
HEKTS,2011,9,15841766.0,96863108.0,92953929.0,0.0,75857033.0,33970853.0
HEKTS,2011,6,14997568.0,96016403.0,71633939.0,0.0,75857033.0,13578258.0
HEKTS,2011,3,10088358.0,91107193.0,44356468.0,0.0,75857033.0,12850599.0
ISCTR,2023,12,72264711282.0,267797162643.0,,43086422296.0,9999988000.0,
ISCTR,2023,9,52045487545.0,221707337951.0,,37991888410.0,9999988000.0,
ISCTR,2023,6,31497686203.0,208451146858.0,,23360898967.0,9999988000.0,
ISCTR,2023,3,12902646517.0,196882303741.0,,12982842421.0,9999988000.0,
ISCTR,2022,12,61537806155.0,191375845349.0,,52158311410.0,9999988000.0,
ISCTR,2022,9,38009526971.0,146666631999.0,,34055680833.0,9999970000.0,
ISCTR,2022,6,22971775084.0,124766117701.0,,20302558092.0,9999970000.0,
ISCTR,2022,3,8431860704.0,108379340861.0,,8995804013.0,9999970000.0,
ISCTR,2021,12,13467878839.0,86839186793.0,,7472527033.0,4499994600.0,
ISCTR,2021,9,7048550854.0,74771685684.0,,3418718744.0,4499986500.0,
ISCTR,2021,6,4049142853.0,70566892299.0,,1201840394.0,4499986500.0,
ISCTR,2021,3,1853694439.0,66606119181.0,,747472758.0,4499986500.0,
ISCTR,2020,12,6810896567.0,67781248656.0,,5449064653.0,4499986500.0,
ISCTR,2020,9,5184100182.0,64746457181.0,,3999779050.0,4499966304.0,
ISCTR,2020,6,3035112273.0,63265501270.0,,2501866266.0,4499966304.0,
ISCTR,2020,3,1456110097.0,58530613725.0,,1086728863.0,4499966304.0,
ISCTR,2019,12,6067568797.0,58873288380.0,,4068242795.0,4499986500.0,
ISCTR,2019,9,3757599863.0,54623464981.0,,2143252951.0,4499966304.0,
ISCTR,2019,6,2409261960.0,52455502215.0,,1233255765.0,4499966304.0,
ISCTR,2019,3,1457951083.0,50412466513.0,,1072422970.0,4499966304.0,
ISCTR,2018,12,6769034314.0,49720251696.0,,4921092151.0,4499966304.0,
ISCTR,2018,9,4573269756.0,46590711130.0,,3141921473.0,4499966304.0,
ISCTR,2018,6,3334987028.0,45074271485.0,,2836657759.0,4499966304.0,
ISCTR,2018,3,1806759471.0,44762371821.0,,1696603296.0,4499966304.0,
ISCTR,2017,12,6201232565.0,42983945138.0,,5831569333.0,4499966304.0,
ISCTR,2017,9,4557167876.0,40941847429.0,,4344047472.0,4499966304.0,
ISCTR,2017,6,3055485121.0,39934374973.0,,2909090217.0,4499966304.0,
ISCTR,2017,3,1642534701.0,37393085002.0,,2013166925.0,4499966304.0,
ISCTR,2016,12,4701170798.0,35960711727.0,,5753738916.0,4499966304.0,
ISCTR,2016,9,3336542016.0,35020402768.0,,4037493767.0,4499966304.0,
ISCTR,2016,6,2287400872.0,34567779158.0,,2681274923.0,4499966304.0,
ISCTR,2016,3,968998744.0,33386973999.0,,1112280671.0,4499966304.0,
ISCTR,2015,12,3082667917.0,32034750125.0,,3783668668.0,4499966304.0,
ISCTR,2015,9,2198556537.0,29514614995.0,,2713927678.0,4499966304.0,
ISCTR,2015,6,1819987372.0,28828061136.0,,2192926579.0,4499966304.0,
ISCTR,2015,3,912144170.0,28510967511.0,,1120315611.0,4499966304.0,
ISCTR,2014,12,3382416673.0,29310847521.0,,4231036318.0,4499966304.0,
ISCTR,2014,9,2562939809.0,26535915300.0,,3214023933.0,4499966304.0,
ISCTR,2014,6,1644807684.0,25901524050.0,,2036326752.0,4499966304.0,
ISCTR,2014,3,815383894.0,23310521452.0,,1040731207.0,4499966304.0,
ISCTR,2013,12,3163341313.0,23578940442.0,,3856670121.0,4499966304.0,
ISCTR,2013,9,2533439030.0,23124853842.0,,3105363747.0,4499966304.0,
ISCTR,2013,6,1901096765.0,22555040109.0,,2310048702.0,4499966304.0,
ISCTR,2013,3,1023646335.0,23490008108.0,,1209992940.0,4499966304.0,
ISCTR,2012,12,3310282213.0,22718874882.0,,4120922143.0,4499966304.0,
ISCTR,2012,9,2345381438.0,20925190313.0,,2890160359.0,4499966304.0,
ISCTR,2012,6,1661037562.0,19760591033.0,,2026265827.0,4499966304.0,
ISCTR,2012,3,708242697.0,19037434448.0,,890795330.0,4499966304.0,
ISCTR,2011,12,2667469217.0,17921244524.0,,3298258011.0,4499970000.0,
ISCTR,2011,9,1803293978.0,17882283784.0,,2199359338.0,4499970000.0,
ISCTR,2011,6,1475916160.0,18017058885.0,,1764200239.0,4499970000.0,
ISCTR,2011,3,667252552.0,17162092585.0,,834685435.0,4499970000.0,
ISGYO,2023,12,4520884552.0,39030144782.0,1650691738.0,0.0,958750000.0,7077665096.0
ISGYO,2023,9,3714587374.0,18824074454.0,1032632413.0,0.0,958750000.0,4054672722.0
ISGYO,2023,6,4422229716.0,18777344543.0,703138804.0,0.0,958750000.0,3933443070.0
ISGYO,2023,3,691087637.0,13933330841.0,374114474.0,0.0,958750000.0,3609869278.0
ISGYO,2022,12,8600904852.0,23881871955.0,1452555820.0,0.0,958750000.0,5599787007.0
ISGYO,2022,9,177936075.0,5653598954.0,523538020.0,0.0,958750000.0,2045712962.0
ISGYO,2022,6,133182628.0,5608845507.0,311235233.0,0.0,958750000.0,1546380938.0
ISGYO,2022,3,66107616.0,5541770495.0,139481365.0,0.0,958750000.0,1387622971.0
ISGYO,2021,12,1329919890.0,5475662879.0,488577001.0,0.0,958750000.0,1043235341.0
ISGYO,2021,9,10751932.0,4141705738.0,286534519.0,0.0,958750000.0,1071778150.0
ISGYO,2021,6,-4614283.0,4126339523.0,165916171.0,0.0,958750000.0,1059751061.0
ISGYO,2021,3,3598363.0,4134552169.0,72031960.0,0.0,958750000.0,1057409517.0
ISGYO,2020,12,266502003.0,4130953806.0,552678714.0,0.0,958750000.0,1012978906.0
ISGYO,2020,9,-9065069.0,3851162009.0,444892579.0,0.0,958750000.0,1072400438.0
ISGYO,2020,6,-11907689.0,3848319389.0,219934545.0,0.0,958750000.0,1118267535.0
ISGYO,2020,3,-20738131.0,3839488947.0,70862599.0,0.0,958750000.0,1218378532.0
ISGYO,2019,12,297389779.0,3860227078.0,1206509521.0,0.0,958750000.0,1438508447.0
ISGYO,2019,9,-31545455.0,3525393900.0,388687696.0,0.0,958750000.0,1351798647.0
ISGYO,2019,6,-18540386.0,3538398969.0,248537440.0,0.0,958750000.0,1343822752.0
ISGYO,2019,3,-6277889.0,3550661466.0,76579090.0,0.0,958750000.0,1321871986.0
ISGYO,2018,12,341610873.0,3556939355.0,1098332491.0,0.0,958750000.0,1314848120.0
ISGYO,2018,9,91934380.0,3303980117.0,986631970.0,0.0,958750000.0,1358114823.0
ISGYO,2018,6,95105256.0,3307150993.0,749665222.0,0.0,958750000.0,1347815610.0
ISGYO,2018,3,15905271.0,3227951008.0,60606022.0,0.0,913750000.0,1342146373.0
ISGYO,2017,12,179956837.0,3280576987.0,439658518.0,0.0,913750000.0,1185482549.0
ISGYO,2017,9,93027012.0,3190622668.0,369515971.0,0.0,913750000.0,1218306038.0
ISGYO,2017,6,52140083.0,3149735739.0,124848525.0,0.0,913750000.0,1216037726.0
ISGYO,2017,3,20625423.0,3118221079.0,61526055.0,0.0,850000000.0,1176417128.0
ISGYO,2016,12,420511402.0,3161345656.0,404532858.0,0.0,850000000.0,1054660588.0
ISGYO,2016,9,128695406.0,2867110257.0,308962444.0,0.0,850000000.0,989171013.0
ISGYO,2016,6,107017416.0,2845432267.0,248634981.0,0.0,850000000.0,985814387.0
ISGYO,2016,3,50332216.0,2788747067.0,51905267.0,0.0,746000000.0,918106660.0
ISGYO,2015,12,555932867.0,2790634851.0,222012099.0,0.0,746000000.0,710590133.0
ISGYO,2015,9,197291624.0,2516239681.0,179942209.0,0.0,746000000.0,778509324.0
ISGYO,2015,6,28388591.0,1185021209.0,73111672.0,0.0,746000000.0,718954462.0
ISGYO,2015,3,9348339.0,1169652502.0,34905666.0,0.0,680400000.0,565764196.0
ISGYO,2014,12,328433093.0,2260566664.0,234078530.0,0.0,680400000.0,477526885.0
ISGYO,2014,9,68762421.0,1184149858.0,197202008.0,0.0,680400000.0,462406620.0
ISGYO,2014,6,41459160.0,1166044309.0,68337176.0,0.0,680400000.0,491062982.0
ISGYO,2014,3,18302027.0,1142887576.0,31289581.0,0.0,630000000.0,375710982.0
ISGYO,2013,12,116156720.0,1156085876.0,371164150.0,0.0,630000000.0,350572921.0
ISGYO,2013,9,91848179.0,1131733295.0,322639981.0,0.0,630000000.0,155901357.0
ISGYO,2013,6,27102653.0,1066986266.0,59811536.0,0.0,630000000.0,145347044.0
ISGYO,2013,3,16682522.0,1056565115.0,30284234.0,0.0,600000000.0,136120507.0
ISGYO,2012,12,65408398.0,1069882624.0,117716838.0,0.0,600000000.0,135573330.0
ISGYO,2012,9,49613626.0,1054086429.0,87518239.0,0.0,600000000.0,140179777.0
ISGYO,2012,6,33950331.0,1038422005.0,58494924.0,0.0,600000000.0,49634415.0
ISGYO,2012,3,15958362.0,1020430487.0,26667419.0,0.0,600000000.0,52310925.0
ISGYO,2011,12,66953531.0,1034472352.0,123492212.0,0.0,600000000.0,53335935.0
ISGYO,2011,9,30250212.0,997771185.0,83617231.0,0.0,600000000.0,61822193.0
ISGYO,2011,6,19436224.0,986957197.0,54364279.0,0.0,600000000.0,56968100.0
ISGYO,2011,3,9787515.0,977308488.0,26836080.0,0.0,450000000.0,52903800.0
ISMEN,2023,12,8346965000.0,24906560000.0,644905785000.0,0.0,1500000000.0,8713466000.0
ISMEN,2023,9,6178340000.0,14098540000.0,445373332000.0,0.0,1500000000.0,12698822000.0
ISMEN,2023,6,5221410000.0,10887906000.0,264003985000.0,0.0,1500000000.0,6939915000.0
ISMEN,2023,3,1006015000.0,7872197000.0,160360246000.0,0.0,355000000.0,5822430000.0
ISMEN,2022,12,4687227000.0,12553225000.0,426400148000.0,0.0,355000000.0,17163800000.0
ISMEN,2022,9,2186925000.0,4863278058.0,148545224000.0,0.0,355000000.0,7944993714.0
ISMEN,2022,6,1331985000.0,4116973400.0,93916010000.0,0.0,355000000.0,5659381464.0
ISMEN,2022,3,581163000.0,3331823068.0,44160738000.0,0.0,355000000.0,7480560747.0
ISMEN,2021,12,1233476504.0,3072115536.0,142406182348.0,0.0,355000000.0,4681438554.0
ISMEN,2021,9,925075771.0,2740660031.0,86609873418.0,0.0,355000000.0,499987077.0
ISMEN,2021,6,650091107.0,2466412309.0,61968053961.0,0.0,355000000.0,1244302073.0
ISMEN,2021,3,382779525.0,2189525852.0,32428159592.0,0.0,355000000.0,1640927072.0
ISMEN,2020,12,977305184.0,2184415135.0,109583692115.0,0.0,355000000.0,1040578818.0
ISMEN,2020,9,630171641.0,1829705364.0,81556773753.0,0.0,355000000.0,584183991.0
ISMEN,2020,6,369120733.0,1581254489.0,60946303109.0,0.0,355000000.0,807195890.0
ISMEN,2020,3,131711704.0,1337063140.0,37716846983.0,0.0,355000000.0,2331940794.0
ISMEN,2019,12,420975439.0,1393135413.0,246543051433.0,0.0,355000000.0,2055697018.0
ISMEN,2019,9,324357348.0,1289729108.0,123441293355.0,0.0,355000000.0,2334129742.0
ISMEN,2019,6,223396089.0,1191917935.0,101900331096.0,0.0,355000000.0,2265023515.0
ISMEN,2019,3,104207876.0,1075902203.0,19931910189.0,0.0,355000000.0,4342018071.0
ISMEN,2018,12,234285279.0,1085092413.0,45139711945.0,0.0,355000000.0,3493768152.0
ISMEN,2018,9,166226946.0,1002870685.0,35778318555.0,0.0,355000000.0,3075431772.0
ISMEN,2018,6,111610241.0,958214487.0,24975270670.0,0.0,355000000.0,4449343602.0
ISMEN,2018,3,63134740.0,913132948.0,13021750855.0,0.0,355000000.0,4221214568.0
ISMEN,2017,12,154852191.0,975791703.0,49200993260.0,0.0,355000000.0,4313359345.0
ISMEN,2017,9,116267333.0,940603006.0,36225378111.0,0.0,355000000.0,4389759348.0
ISMEN,2017,6,66670444.0,886144162.0,27018721740.0,0.0,355000000.0,4124426101.0
ISMEN,2017,3,22933691.0,840987106.0,13366043882.0,0.0,355000000.0,4062543566.0
ISMEN,2016,12,33724050.0,880326106.0,47791765467.0,0.0,355000000.0,4014138134.0
ISMEN,2016,9,29380418.0,879653495.0,37138197568.0,0.0,355000000.0,3927091874.0
ISMEN,2016,6,15768769.0,867434521.0,25377219381.0,0.0,355000000.0,3428150112.0
ISMEN,2016,3,10899492.0,863767309.0,11996808092.0,0.0,355000000.0,3362727105.0
ISMEN,2015,12,22408370.0,908207649.0,57757439716.0,0.0,355000000.0,3404326792.0
ISMEN,2015,9,15828921.0,897097829.0,44165720663.0,0.0,355000000.0,3340025249.0
ISMEN,2015,6,21628462.0,905567844.0,34908607916.0,0.0,355000000.0,3228297610.0
ISMEN,2015,3,13138302.0,895546691.0,18609264158.0,0.0,332000000.0,3673176558.0
ISMEN,2014,12,92570210.0,957976852.0,63527725679.0,0.0,332000000.0,3339205532.0
ISMEN,2014,9,57832459.0,916137651.0,46041487767.0,0.0,332000000.0,2976115212.0
ISMEN,2014,6,49301670.0,907502377.0,29744173271.0,0.0,332000000.0,3123047031.0
ISMEN,2014,3,3334480.0,851877514.0,15191803184.0,0.0,310500000.0,3143225746.0
ISMEN,2013,12,125312303.0,917422962.0,68512582790.0,0.0,310500000.0,2878508961.0
ISMEN,2013,9,115627886.0,926712644.0,52991530902.0,0.0,310500000.0,2904807373.0
ISMEN,2013,6,34475769.0,844987872.0,33211627058.0,0.0,310500000.0,2457168014.0
ISMEN,2013,3,20655064.0,856121639.0,16752743147.0,0.0,286000000.0,2364285682.0
ISMEN,2012,9,100558733.0,801773140.0,22905078362.0,0.0,286000000.0,2092519244.0
ISMEN,2012,6,79836174.0,741384642.0,14293793188.0,0.0,286000000.0,1942649247.0
ISMEN,2012,3,45695385.0,744559319.0,7621037863.0,0.0,260000000.0,1957692244.0
ISMEN,2011,12,84893329.0,687521240.0,46099142355.0,0.0,260000000.0,1816175087.0
ISMEN,2011,9,70888583.0,678365618.0,36390683105.0,0.0,260000000.0,1866151110.0
ISMEN,2011,6,22117284.0,631789826.0,26017120241.0,0.0,260000000.0,1828216144.0
ISMEN,2011,3,6658890.0,641846938.0,14991945559.0,0.0,200000000.0,1825559397.0
KARSN,2023,12,532002000.0,5231026000.0,10717162000.0,0.0,900000000.0,5495566000.0
KARSN,2023,9,991924000.0,2348772000.0,6557796000.0,0.0,900000000.0,3565111000.0
KARSN,2023,6,-238216000.0,1837008000.0,4361578000.0,0.0,900000000.0,3495676000.0
KARSN,2023,3,25175000.0,1836937000.0,2193355000.0,0.0,900000000.0,3121716000.0
KARSN,2022,12,-167110000.0,4294448000.0,5264421000.0,0.0,900000000.0,6419980000.0
KARSN,2022,9,36208000.0,1775714000.0,1733836000.0,0.0,900000000.0,2792307000.0
KARSN,2022,6,30892000.0,1001274000.0,1069650000.0,0.0,900000000.0,2858854000.0
KARSN,2022,3,-60499000.0,939343000.0,271092000.0,0.0,900000000.0,2355139000.0
KARSN,2021,12,108278000.0,993893000.0,2069462000.0,0.0,900000000.0,2002950000.0
KARSN,2021,9,-13938000.0,718572000.0,1093341000.0,0.0,900000000.0,1649226000.0
KARSN,2021,6,-48309000.0,679341000.0,583739000.0,0.0,900000000.0,1828492000.0
KARSN,2021,3,-18227000.0,711049000.0,187721000.0,0.0,900000000.0,1650149000.0
KARSN,2020,12,20720000.0,728166000.0,1560367000.0,0.0,900000000.0,1533164000.0
KARSN,2020,9,1845000.0,658838000.0,990566000.0,0.0,900000000.0,1760690000.0
KARSN,2020,6,-7480000.0,653027000.0,540701000.0,0.0,900000000.0,1571795000.0
KARSN,2020,3,-10646000.0,654458000.0,267849000.0,0.0,900000000.0,1551846000.0
KARSN,2019,12,20305000.0,620743000.0,1704291000.0,0.0,900000000.0,1497896000.0
KARSN,2019,9,20418000.0,551779372.0,1171079000.0,0.0,600000000.0,1618730997.0
KARSN,2019,6,8322000.0,349196589.0,758667000.0,0.0,600000000.0,1736605953.0
KARSN,2019,3,-31833000.0,308468069.0,363421000.0,0.0,600000000.0,1681740567.0
KARSN,2018,12,-23387670.0,327563871.0,1441587850.0,0.0,600000000.0,1607482776.0
KARSN,2018,9,-20110804.0,290511593.0,985459465.0,0.0,600000000.0,1771784175.0
KARSN,2018,6,-19906481.0,307338801.0,616740341.0,0.0,600000000.0,1417228422.0
KARSN,2018,3,-12914418.0,333207370.0,261969873.0,0.0,600000000.0,1270638025.0
KARSN,2017,12,2082943.0,355004434.0,953186497.0,0.0,600000000.0,1173048215.0
KARSN,2017,9,-8912297.0,353489276.0,615460321.0,0.0,600000000.0,1202570205.0
KARSN,2017,6,-14589372.0,308619947.0,323775923.0,0.0,600000000.0,1100330696.0
KARSN,2017,3,-18520423.0,301433530.0,64058850.0,0.0,600000000.0,1026647431.0
KARSN,2016,12,-95782823.0,323639434.0,796989049.0,0.0,600000000.0,969974884.0
KARSN,2016,9,-113761865.0,272359981.0,498871440.0,0.0,460000000.0,1194023982.0
KARSN,2016,6,-77454568.0,266139537.0,326419283.0,0.0,460000000.0,1168373398.0
KARSN,2016,3,-28492063.0,214782578.0,153092019.0,0.0,460000000.0,1187106808.0
KARSN,2015,12,-70148980.0,241868691.0,1026071041.0,0.0,460000000.0,1091975060.0
KARSN,2015,9,-37029492.0,273243060.0,573149589.0,0.0,460000000.0,1172309457.0
KARSN,2015,6,-30119647.0,281183133.0,323486612.0,0.0,460000000.0,949695723.0
KARSN,2015,3,-18020614.0,214572746.0,98990271.0,0.0,460000000.0,819893306.0
KARSN,2014,12,-100018618.0,232844327.0,358284009.0,0.0,460000000.0,758692662.0
KARSN,2014,9,-42913613.0,290756898.0,250856227.0,0.0,460000000.0,708882016.0
KARSN,2014,6,-18322381.0,314631175.0,166199058.0,0.0,460000000.0,671659832.0
KARSN,2014,3,-9701746.0,322000049.0,95021619.0,0.0,460000000.0,564753277.0
KARSN,2013,12,4409910.0,333465280.0,912548887.0,0.0,460000000.0,503683757.0
KARSN,2013,9,3197377.0,327584874.0,782417990.0,0.0,260000000.0,442487440.0
KARSN,2013,6,-9423481.0,242498404.0,555546179.0,0.0,260000000.0,417258902.0
KARSN,2013,3,-12106865.0,240744228.0,239811600.0,0.0,260000000.0,369029381.0
KARSN,2012,12,-63598800.0,252851093.0,582738165.0,0.0,260000000.0,243528901.0
KARSN,2012,9,-23495128.0,155636013.0,448934456.0,0.0,260000000.0,288887240.0
KARSN,2012,6,-12382437.0,142122029.0,302343569.0,0.0,260000000.0,247778025.0
KARSN,2012,3,-3624841.0,150879625.0,155360876.0,0.0,260000000.0,181656852.0
KARSN,2011,12,-33241163.0,154504466.0,798305569.0,0.0,260000000.0,141326281.0
KARSN,2011,9,-17173031.0,169629901.0,618701319.0,0.0,195552567.0,130635781.0
KARSN,2011,6,-8968657.0,116515777.0,417741574.0,0.0,195552567.0,151111726.0
KARSN,2011,3,-7130621.0,103708851.0,186995064.0,0.0,195552567.0,158223524.0
KARTN,2023,12,-896397980.0,3443942125.0,3581180417.0,0.0,75000000.0,11045402.0
KARTN,2023,9,-1075308490.0,1161175867.0,2325335014.0,0.0,75000000.0,8396347.0
KARTN,2023,6,-591187468.0,1214420938.0,1263203362.0,0.0,75000000.0,8828230.0
KARTN,2023,3,-473020426.0,1362669733.0,616846019.0,0.0,75000000.0,9291472.0
KARTN,2022,12,537699840.0,3303395009.0,6554995815.0,0.0,75000000.0,8304348.0
KARTN,2022,9,666898984.0,1376823999.0,2556999405.0,0.0,75000000.0,5139528.0
KARTN,2022,6,530191778.0,1244301777.0,1771013028.0,0.0,75000000.0,5414147.0
KARTN,2022,3,290415006.0,1178675323.0,842552478.0,0.0,75000000.0,5677732.0
KARTN,2021,12,379380737.0,888136561.0,1588647216.0,0.0,75000000.0,6273563.0
KARTN,2021,9,181102869.0,693756866.0,1016948578.0,0.0,75000000.0,6534938.0
KARTN,2021,6,105539035.0,618276788.0,639879791.0,0.0,75000000.0,6737672.0
KARTN,2021,3,51247601.0,624849639.0,298353776.0,0.0,75000000.0,6201692.0
KARTN,2020,12,137352733.0,573810790.0,898903315.0,0.0,75000000.0,5761047.0
KARTN,2020,9,96522215.0,533556764.0,630038946.0,0.0,2837014.0,3030632.0
KARTN,2020,6,50150065.0,487286454.0,408523717.0,0.0,2837014.0,3365808.0
KARTN,2020,3,20503524.0,476667844.0,198999748.0,0.0,2837014.0,3301378.0
KARTN,2019,12,81399680.0,456168315.0,737165985.0,0.0,2837014.0,4421286.0
KARTN,2019,9,59441028.0,434445799.0,566079873.0,0.0,2837014.0,4519116.0
KARTN,2019,6,47129127.0,422994689.0,388185992.0,0.0,2837014.0,3777491.0
KARTN,2019,3,25381338.0,432493554.0,187463438.0,0.0,2837014.0,2867970.0
KARTN,2018,12,113551736.0,407721998.0,637093284.0,0.0,2837014.0,713512.0
KARTN,2018,9,82860189.0,376650449.0,453387571.0,0.0,2837014.0,0.0
KARTN,2018,6,41768298.0,335322261.0,300377704.0,0.0,2837014.0,1500.0
KARTN,2018,3,16662980.0,329535457.0,141054987.0,0.0,2837014.0,3750.0
KARTN,2017,12,38463313.0,312963081.0,479476905.0,0.0,2837014.0,101947.0
KARTN,2017,9,23679044.0,297384623.0,354050469.0,0.0,2837014.0,193477.0
KARTN,2017,6,10729325.0,284496754.0,236336578.0,0.0,2837014.0,2339558.0
KARTN,2017,3,1680101.0,283990606.0,111445295.0,0.0,2837014.0,5463527.0
KARTN,2016,12,2914248.0,283849975.0,320454576.0,0.0,2837014.0,24996879.0
KARTN,2016,9,1163697.0,282409648.0,230108455.0,0.0,2837014.0,25875943.0
KARTN,2016,6,4903241.0,286157088.0,163061817.0,0.0,2837014.0,39407599.0
KARTN,2016,3,5119288.0,284796027.0,79204754.0,0.0,2837014.0,41981065.0
KARTN,2015,12,21711018.0,281482796.0,269535442.0,0.0,2837014.0,43965205.0
KARTN,2015,9,15727132.0,275720683.0,188978895.0,0.0,2837014.0,48232921.0
KARTN,2015,6,16085874.0,276321093.0,119347307.0,0.0,2837014.0,44667181.0
KARTN,2015,3,-7472399.0,252712679.0,57473786.0,0.0,2837014.0,35286110.0
KARTN,2014,12,19440539.0,260187647.0,199846452.0,0.0,2837014.0,20362275.0
KARTN,2014,9,8323595.0,249354816.0,151379555.0,0.0,2837014.0,480181.0
KARTN,2014,6,11871706.0,252891758.0,116705528.0,0.0,2837014.0,1192302.0
KARTN,2014,3,10274322.0,251357095.0,63526400.0,0.0,2837014.0,411608.0
KARTN,2013,12,35805409.0,249940554.0,224216211.0,0.0,2837014.0,382630.0
KARTN,2013,9,24340647.0,238736081.0,162683721.0,0.0,2837014.0,569639.0
KARTN,2013,6,12644406.0,227039840.0,108606150.0,0.0,2837014.0,0.0
KARTN,2013,3,3821132.0,225095963.0,49670591.0,0.0,2837014.0,0.0
KARTN,2012,12,27067700.0,221274831.0,207177784.0,0.0,2837014.0,327409.0
KARTN,2012,9,21814578.0,216021709.0,157513533.0,0.0,2837014.0,57249.0
KARTN,2012,6,15395825.0,209602956.0,112224341.0,0.0,2837014.0,86119.0
KARTN,2012,3,7965727.0,211326561.0,58142507.0,0.0,2837014.0,55224.0
KARTN,2011,12,36961714.0,203360834.0,211305096.0,0.0,2837014.0,62557.0
KARTN,2011,9,29764571.0,196163691.0,155958059.0,0.0,2837014.0,342225.0
KARTN,2011,6,20576201.0,186975321.0,105173867.0,0.0,2837014.0,348543.0
KARTN,2011,3,10423732.0,176822852.0,52349805.0,0.0,2837014.0,320492.0
KCAER,2023,12,1705049800.0,9557348053.0,22219241593.0,0.0,657570000.0,4408219907.0
KCAER,2023,9,530357435.0,4142026338.0,15554341056.0,0.0,657570000.0,3171992696.0
KCAER,2023,6,634111747.0,3614966936.0,9775999487.0,0.0,657570000.0,2902338305.0
KCAER,2023,3,112162676.0,3463992190.0,4735790030.0,0.0,657570000.0,2275292538.0
KCAER,2022,12,970005121.0,5585720583.0,17588426966.0,0.0,657570000.0,3249890250.0
KCAER,2022,9,453655422.0,2172525857.0,6747358164.0,0.0,233500000.0,1731640211.0
KCAER,2022,6,322923621.0,2048299235.0,4322077646.0,0.0,233500000.0,2364266282.0
KCAER,2022,3,83312246.0,1268147329.0,1877840534.0,0.0,212000000.0,1742553599.0
KCAER,2021,12,135368253.0,933378060.0,4216306544.0,0.0,212000000.0,1759193600.0
KCAER,2021,9,104043974.0,0.0,2492802610.0,0.0,0.0,0.0
KCAER,2021,6,107808959.0,0.0,1710894749.0,0.0,0.0,0.0
KCAER,2021,3,-33133890.0,0.0,552040431.0,0.0,0.0,0.0
KCAER,2020,12,81629157.0,259006868.0,1965991003.0,0.0,90000000.0,863006776.0
KCAER,2019,12,-23442894.0,131676447.0,1781563409.0,0.0,90000000.0,812368280.0
KCHOL,2023,12,178415000000.0,973506000000.0,1760013000000.0,0.0,2536000000.0,879013000000.0
KCHOL,2023,9,77216000000.0,349227000000.0,1218533000000.0,0.0,2536000000.0,523613000000.0
KCHOL,2023,6,55255000000.0,289432000000.0,733617000000.0,0.0,2536000000.0,428975000000.0
KCHOL,2023,3,16006000000.0,255249000000.0,325598000000.0,0.0,2536000000.0,360714000000.0
KCHOL,2022,12,129576000000.0,609933000000.0,1399472000000.0,0.0,2536000000.0,623748000000.0
KCHOL,2022,9,72022000000.0,204052422000.0,535749000000.0,0.0,2535898000.0,374233184000.0
KCHOL,2022,6,38919000000.0,164018189000.0,322355000000.0,0.0,2535898000.0,344287852000.0
KCHOL,2022,3,12325000000.0,138974750000.0,124772000000.0,0.0,2535898000.0,312352605000.0
KCHOL,2021,12,26185000000.0,121105000000.0,273653000000.0,0.0,2536000000.0,286289000000.0
KCHOL,2021,9,16534295000.0,104188444000.0,176268491000.0,0.0,2535898000.0,208453136000.0
KCHOL,2021,6,9255787000.0,96922693000.0,102517619000.0,0.0,2535898000.0,214507495000.0
KCHOL,2021,3,3278619000.0,92746570000.0,43301601000.0,0.0,2535898000.0,200556411000.0
KCHOL,2020,12,12633297000.0,88071052000.0,142535886000.0,0.0,2535898000.0,181807244000.0
KCHOL,2020,9,8480709000.0,83580067000.0,96786163000.0,0.0,2535898000.0,188871707000.0
KCHOL,2020,6,4595049000.0,78037377000.0,56559388000.0,0.0,2535898000.0,175183437000.0
KCHOL,2020,3,2872521000.0,75752702000.0,32195533000.0,0.0,2535898000.0,172456613000.0
KCHOL,2019,12,5921284000.0,49652035000.0,152906954000.0,0.0,2535898000.0,60296091000.0
KCHOL,2019,9,4374850000.0,47475627000.0,113646562000.0,0.0,2535898000.0,57718391000.0
KCHOL,2019,6,3012309000.0,46624362000.0,74749511000.0,0.0,2535898000.0,60635770000.0
KCHOL,2019,3,717431000.0,44030069000.0,34095399000.0,0.0,2535898000.0,61988685000.0
KCHOL,2018,12,8425093000.0,46958410000.0,142469768000.0,0.0,2535898000.0,49813677000.0
KCHOL,2018,9,5509217000.0,45166086000.0,102848342000.0,0.0,2535898000.0,54057293000.0
KCHOL,2018,6,3669404000.0,42637260000.0,57498401000.0,0.0,2535898000.0,43410903000.0
KCHOL,2018,3,1536338000.0,40301894000.0,24414442000.0,0.0,2535898000.0,41087212000.0
KCHOL,2017,12,7897427000.0,42931018000.0,98272831000.0,0.0,2535898000.0,36380869000.0
KCHOL,2017,9,6373431000.0,41210832000.0,70919262000.0,0.0,2535898000.0,32612410000.0
KCHOL,2017,6,4268304000.0,39207565000.0,45194958000.0,0.0,2535898000.0,31057641000.0
KCHOL,2017,3,1846488000.0,36727619000.0,22135672000.0,0.0,2535898000.0,32760876000.0
KCHOL,2016,12,5276386000.0,36865898000.0,70432243000.0,0.0,2535898000.0,30190704000.0
KCHOL,2016,9,3581685000.0,35256066000.0,49400404000.0,0.0,2535898000.0,30163946000.0
KCHOL,2016,6,2050983000.0,33758743000.0,30892174000.0,0.0,2535898000.0,28587977000.0
KCHOL,2016,3,722007000.0,34236780000.0,13942821000.0,0.0,2535898000.0,27985309000.0
KCHOL,2015,12,5829351000.0,33675598000.0,69110098000.0,0.0,2535898000.0,24539387000.0
KCHOL,2015,9,3773918000.0,31299777000.0,51003675000.0,0.0,2535898000.0,26104645000.0
KCHOL,2015,6,2245317000.0,30120620000.0,31955343000.0,0.0,2535898000.0,23378064000.0
KCHOL,2015,3,705975000.0,28895109000.0,13677276000.0,0.0,2535898000.0,22556362000.0
KCHOL,2014,12,4214282000.0,29301469000.0,68336365000.0,0.0,2535898000.0,19820890000.0
KCHOL,2014,9,3361537000.0,28562336000.0,51110138000.0,0.0,2535898000.0,19193894000.0
KCHOL,2014,6,2211321000.0,27469660000.0,32059413000.0,0.0,2535898000.0,17699620000.0
KCHOL,2014,3,950510000.0,26609020000.0,15621311000.0,0.0,2535898000.0,19019450000.0
KCHOL,2013,12,4000309000.0,26190593000.0,65942213000.0,0.0,2535898000.0,17080683000.0
KCHOL,2013,9,3382236000.0,25743546000.0,47993378000.0,0.0,2535898000.0,17854871000.0
KCHOL,2013,6,1482060000.0,23905984000.0,29443622000.0,0.0,2535898000.0,16160788000.0
KCHOL,2013,3,659080000.0,24492703000.0,13504933000.0,0.0,2535898000.0,13454871000.0
KCHOL,2012,12,3743823000.0,24261257000.0,65449383000.0,0.0,2535898000.0,12389652000.0
KCHOL,2012,9,2771413000.0,25084992000.0,48213090000.0,0.0,2535898000.0,24344672000.0
KCHOL,2012,6,1592186000.0,23797322000.0,30779730000.0,0.0,2535898000.0,24256762000.0
KCHOL,2012,3,851689000.0,24003283000.0,14325943000.0,0.0,2415141000.0,23287940000.0
KCHOL,2011,12,3850353000.0,23270824000.0,68969387000.0,0.0,2415141000.0,21663974000.0
KCHOL,2011,9,3043925000.0,22495769000.0,50076229000.0,0.0,2415141000.0,19282079000.0
KCHOL,2011,6,2102577000.0,21746107000.0,30967284000.0,0.0,2415141000.0,17183451000.0
KCHOL,2011,3,1123733000.0,21735495000.0,13812539000.0,0.0,2415141000.0,17135089000.0
KONTR,2023,12,621604164.0,5325351635.0,5725836069.0,0.0,200000000.0,5176285708.0
KONTR,2023,9,1035073061.0,2055814303.0,3227079497.0,0.0,200000000.0,2366452670.0
KONTR,2023,6,486801134.0,1484909823.0,1659297628.0,0.0,200000000.0,1793222458.0
KONTR,2023,3,217991361.0,1369741469.0,1035752157.0,0.0,200000000.0,1425872235.0
KONTR,2022,12,676273827.0,2250980749.0,3279440049.0,0.0,200000000.0,1944154342.0
KONTR,2022,9,195245250.0,474400997.0,855407683.0,0.0,200000000.0,926696680.0
KONTR,2022,6,119530591.0,395528494.0,513664784.0,0.0,38062500.0,687939796.0
KONTR,2022,3,43231708.0,330076358.0,213197320.0,0.0,38062500.0,618366363.0
KONTR,2021,12,130554106.0,286399809.0,611807669.0,0.0,38062500.0,289514789.0
KONTR,2021,9,70632943.0,197360618.0,350362998.0,0.0,38062500.0,157067255.0
KONTR,2021,6,42351338.0,176035372.0,194023994.0,0.0,38062500.0,113190758.0
KONTR,2021,3,17774125.0,151439211.0,103488738.0,0.0,38062500.0,63016539.0
KONTR,2020,12,23987205.0,133727125.0,201141518.0,0.0,38062500.0,56061026.0
KONTR,2020,9,13390609.0,55699474.0,121764296.0,0.0,30000000.0,67944666.0
KONTR,2020,6,8594404.0,50955648.0,70364321.0,0.0,30000000.0,58709673.0
KONTR,2020,3,3947958.0,0.0,32572331.0,0.0,0.0,0.0
KONTR,2019,12,27565179.0,42410317.0,186625739.0,0.0,10000000.0,29859766.0
KONTR,2019,9,6478446.0,0.0,97293063.0,0.0,0.0,0.0
KONTR,2019,6,2750104.0,0.0,43789806.0,0.0,0.0,0.0
KONTR,2018,12,1405562.0,12453283.0,59266831.0,0.0,7569565.0,15270494.0
KONTR,2017,12,545942.0,10492556.0,34699051.0,0.0,7000000.0,14111474.0
KONYA,2023,12,986846934.0,3602238953.0,6389361650.0,0.0,4873440.0,226944692.0
KONYA,2023,9,418825795.0,783560312.0,4505806143.0,0.0,4873440.0,264618204.0
KONYA,2023,6,160279822.0,623525824.0,2563282815.0,0.0,4873440.0,406205112.0
KONYA,2023,3,-90178959.0,476638760.0,1045306767.0,0.0,4873440.0,469021232.0
KONYA,2022,12,27167634.0,1826361922.0,3530337172.0,0.0,4873440.0,874026182.0
KONYA,2022,9,118674727.0,512736661.0,1227560782.0,0.0,4873440.0,577213159.0
KONYA,2022,6,30930152.0,425959293.0,632780363.0,0.0,4873440.0,471307738.0
KONYA,2022,3,-14441724.0,373073937.0,141875765.0,0.0,4873440.0,243349920.0
KONYA,2021,12,21307151.0,403246925.0,618750153.0,0.0,4873440.0,167229041.0
KONYA,2021,9,9836027.0,377400803.0,439122084.0,0.0,4873440.0,33557910.0
KONYA,2021,6,-3532766.0,364032011.0,260919797.0,0.0,4873440.0,16303623.0
KONYA,2021,3,-2263597.0,365301180.0,96410982.0,0.0,4873440.0,17553419.0
KONYA,2020,12,18270525.0,367570436.0,380243006.0,0.0,4873440.0,18607579.0
KONYA,2020,9,16290523.0,365903376.0,258511231.0,0.0,4873440.0,18868003.0
KONYA,2020,6,-6847540.0,342765308.0,144649354.0,0.0,4873440.0,13461764.0
KONYA,2020,3,-7291529.0,342321320.0,47874106.0,0.0,4873440.0,13581790.0
KONYA,2019,12,618479.0,349626882.0,315504566.0,0.0,4873440.0,13124245.0
KONYA,2019,9,-1744666.0,348126082.0,235610277.0,0.0,4873440.0,12807412.0
KONYA,2019,6,-6098207.0,343772538.0,138978458.0,0.0,4873440.0,17844154.0
KONYA,2019,3,-4320822.0,343294284.0,54907812.0,0.0,4873440.0,13825335.0
KONYA,2018,12,35011806.0,350320818.0,372728488.0,0.0,4873440.0,0.0
KONYA,2018,9,35737548.0,351547244.0,288942871.0,0.0,4873440.0,0.0
KONYA,2018,6,16654762.0,332464457.0,185121327.0,0.0,4873440.0,0.0
KONYA,2018,3,5437546.0,320709706.0,75576297.0,0.0,4873440.0,0.0
KONYA,2017,12,41937098.0,347536863.0,337829071.0,0.0,4873440.0,0.0
KONYA,2017,9,21740613.0,327676833.0,233395420.0,0.0,4873440.0,36285000.0
KONYA,2017,6,3100245.0,309036463.0,130331948.0,0.0,4873440.0,51909667.0
KONYA,2017,3,-3873719.0,301506506.0,39339378.0,0.0,4873440.0,0.0
KONYA,2016,12,41382930.0,334720865.0,273859688.0,0.0,4873440.0,0.0
KONYA,2016,9,28101965.0,321883770.0,204802219.0,0.0,4873440.0,0.0
KONYA,2016,6,15509262.0,309291067.0,133357529.0,0.0,4873440.0,0.0
KONYA,2016,3,3266524.0,296079865.0,52356056.0,0.0,4873440.0,0.0
KONYA,2015,12,46434430.0,367965315.0,335336293.0,0.0,4873440.0,0.0
KONYA,2015,9,31729293.0,353113220.0,248766987.0,0.0,4873440.0,3230951.0
KONYA,2015,6,17523245.0,338907172.0,154945929.0,0.0,4873440.0,341692.0
KONYA,2015,3,3479230.0,324188124.0,54463564.0,0.0,4873440.0,0.0
KONYA,2014,12,60272018.0,359798475.0,329681904.0,0.0,4873440.0,0.0
KONYA,2014,9,49926944.0,347942632.0,255767775.0,0.0,4873440.0,305903.0
KONYA,2014,6,29942454.0,327958142.0,167989300.0,0.0,4873440.0,4894175.0
KONYA,2014,3,8684596.0,308437703.0,69957340.0,0.0,4873440.0,295252.0
KONYA,2013,12,35260782.0,311884573.0,284390086.0,0.0,4873440.0,0.0
KONYA,2013,9,23067234.0,299071677.0,211544036.0,0.0,4873440.0,2050611.0
KONYA,2013,6,11955880.0,287960323.0,131771350.0,0.0,4873440.0,142008.0
KONYA,2013,3,993787.0,276385151.0,49406213.0,0.0,4873440.0,0.0
KONYA,2012,12,37397857.0,354900223.0,235758598.0,0.0,4873440.0,0.0
KONYA,2012,9,29317008.0,347491374.0,176448880.0,0.0,4873440.0,65491.0
KONYA,2012,6,16029829.0,334203695.0,112396887.0,0.0,4873440.0,172024.0
KONYA,2012,3,2316484.0,319439942.0,34020136.0,0.0,4873440.0,649711.0
KONYA,2011,12,30427200.0,387807454.0,226547009.0,0.0,4873440.0,855592.0
KONYA,2011,9,19544465.0,376906897.0,168591652.0,0.0,4873440.0,1904927.0
KONYA,2011,6,4502182.0,361864612.0,108058997.0,0.0,4873440.0,1961376.0
KONYA,2011,3,-6935989.0,350793921.0,41784446.0,0.0,4873440.0,885954.0
KORDS,2023,12,394467067.0,16060675241.0,23503080721.0,0.0,194529076.0,12616277121.0
KORDS,2023,9,157460438.0,14514782591.0,18770389144.0,0.0,194529076.0,10852828916.0
KORDS,2023,6,50124433.0,13632940514.0,10206459272.0,0.0,194529076.0,12158020501.0
KORDS,2023,3,90389685.0,10335228090.0,5194084877.0,0.0,194529076.0,8986886015.0
KORDS,2022,12,1509147612.0,10026315404.0,18439743907.0,0.0,194529076.0,8444582416.0
KORDS,2022,9,1278873342.0,9650849704.0,13761170283.0,0.0,194529076.0,7579534421.0
KORDS,2022,6,891924459.0,8839075011.0,8799011569.0,0.0,194529076.0,6658994600.0
KORDS,2022,3,484226490.0,7583351576.0,4160330627.0,0.0,194529076.0,5140557454.0
KORDS,2021,12,855717662.0,6483576896.0,7891054563.0,0.0,194529076.0,4434124302.0
KORDS,2021,9,558299423.0,4302690343.0,5189552654.0,0.0,194529076.0,3177084712.0
KORDS,2021,6,392582640.0,4141252641.0,3202896924.0,0.0,194529076.0,3124852016.0
KORDS,2021,3,144454384.0,3775759657.0,1514222901.0,0.0,194529076.0,3126457227.0
KORDS,2020,12,150393991.0,3278122367.0,4536336439.0,0.0,194529076.0,2979259584.0
KORDS,2020,9,94108647.0,3378239876.0,3085568388.0,0.0,194529076.0,3407301913.0
KORDS,2020,6,75028430.0,2984843276.0,2006534475.0,0.0,194529076.0,3390649429.0
KORDS,2020,3,61796129.0,2865147556.0,1198970140.0,0.0,194529076.0,2994249598.0
KORDS,2019,12,378487928.0,2819558607.0,5137361394.0,0.0,194529076.0,3114109574.0
KORDS,2019,9,300642135.0,2670664207.0,3871452535.0,0.0,194529076.0,2609927087.0
KORDS,2019,6,218968696.0,2640844114.0,2585979670.0,0.0,194529076.0,1986065492.0
KORDS,2019,3,110754218.0,2510570363.0,1265140511.0,0.0,194529076.0,1730094710.0
KORDS,2018,12,338544645.0,2338913968.0,3946724188.0,0.0,194529076.0,1519280334.0
KORDS,2018,9,290119963.0,2349515822.0,2775784979.0,0.0,194529076.0,1772945762.0
KORDS,2018,6,155366400.0,1955380413.0,1538299973.0,0.0,194529076.0,937870020.0
KORDS,2018,3,71270146.0,1733792110.0,712913706.0,0.0,194529076.0,775355857.0
KORDS,2017,12,212223019.0,1647971876.0,2485165623.0,0.0,194529076.0,632304026.0
KORDS,2017,9,159733557.0,1545478086.0,1837994521.0,0.0,194529076.0,693560467.0
KORDS,2017,6,111773598.0,1486837263.0,1239157072.0,0.0,194529076.0,674484409.0
KORDS,2017,3,74316027.0,1527409658.0,631243832.0,0.0,194529076.0,573289606.0
KORDS,2016,12,178112871.0,1471677899.0,1908345131.0,0.0,194529076.0,535007412.0
KORDS,2016,9,127974829.0,1295609682.0,1403015819.0,0.0,194529076.0,552409570.0
KORDS,2016,6,100836822.0,1247697230.0,960446638.0,0.0,194529076.0,550766670.0
KORDS,2016,3,56614848.0,1186887155.0,487711841.0,0.0,194529076.0,511346968.0
KORDS,2015,12,116354117.0,1216018654.0,1734757837.0,0.0,194529076.0,554295568.0
KORDS,2015,9,74813551.0,1206007492.0,1285245385.0,0.0,194529076.0,645329689.0
KORDS,2015,6,47773545.0,1140742162.0,828150886.0,0.0,194529076.0,640252438.0
KORDS,2015,3,13525852.0,1105779597.0,385986672.0,0.0,194529076.0,599435742.0
KORDS,2014,12,94573047.0,1086820553.0,1568584236.0,0.0,194529076.0,557179367.0
KORDS,2014,9,71585294.0,1078611635.0,1294034849.0,0.0,194529076.0,570143189.0
KORDS,2014,6,55039958.0,1112182660.0,868040379.0,0.0,194529076.0,492457683.0
KORDS,2014,3,35902615.0,1107381255.0,439023992.0,0.0,194529076.0,490944043.0
KORDS,2013,12,38639511.0,1048697606.0,1532949639.0,0.0,194529076.0,413506782.0
KORDS,2013,9,16451768.0,1015621608.0,1129720378.0,0.0,194529076.0,463028388.0
KORDS,2013,6,1696250.0,975418153.0,735420266.0,0.0,194529076.0,425933312.0
KORDS,2013,3,379843.0,971184961.0,357363310.0,0.0,194529076.0,373714126.0
KORDS,2012,12,65434677.0,990194578.0,1491915645.0,0.0,194529076.0,350769106.0
KORDS,2012,9,70033117.0,1000701083.0,1152927625.0,0.0,194529076.0,450015723.0
KORDS,2012,6,54109178.0,991860091.0,785616413.0,0.0,194529076.0,425038367.0
KORDS,2012,3,29323197.0,1061007566.0,395746183.0,0.0,194529076.0,323785854.0
KORDS,2011,12,97304454.0,1055673153.0,1627181679.0,0.0,194529076.0,360387148.0
KORDS,2011,9,85798560.0,1031694909.0,1198524554.0,0.0,194529076.0,315716598.0
KORDS,2011,6,64119109.0,969735031.0,772346221.0,0.0,194529076.0,276966688.0
KORDS,2011,3,34674800.0,948119599.0,382064594.0,0.0,194529076.0,219735170.0
KRDMD,2023,12,1569090230.0,36406956320.0,51008554669.0,0.0,780226002.0,2177216956.0
KRDMD,2023,9,-2186133106.0,8005895349.0,35670449127.0,0.0,780226002.0,2395215213.0
KRDMD,2023,6,-1086271195.0,7302337852.0,21483628822.0,0.0,780226002.0,1668178615.0
KRDMD,2023,3,-1290209182.0,8303135271.0,11860730513.0,0.0,780226002.0,1597192884.0
KRDMD,2022,12,758328680.0,25053557394.0,37073391196.0,0.0,780226002.0,2802803146.0
KRDMD,2022,9,1637358091.0,7409612319.0,13470392244.0,0.0,780226002.0,1429876279.0
KRDMD,2022,6,1567112186.0,7429699068.0,8797383799.0,0.0,780226002.0,1531162930.0
KRDMD,2022,3,801201047.0,7479260795.0,4123953758.0,0.0,780226002.0,1758025665.0
KRDMD,2021,12,2636826622.0,6817784994.0,10105152597.0,0.0,780226002.0,1787263426.0
KRDMD,2021,9,1462235107.0,4045807800.0,6879194368.0,0.0,780226002.0,1292662181.0
KRDMD,2021,6,972277174.0,3565528382.0,4361116205.0,0.0,780226002.0,1380642425.0
KRDMD,2021,3,343069963.0,3014457229.0,1869569724.0,0.0,780226002.0,1484959243.0
KRDMD,2020,12,41510604.0,2671311695.0,5146439427.0,0.0,780226002.0,1539266816.0
KRDMD,2020,9,-271366982.0,2369851981.0,3539210443.0,0.0,780226002.0,1808151604.0
KRDMD,2020,6,-183271484.0,2457964918.0,2227701122.0,0.0,780226002.0,1668490227.0
KRDMD,2020,3,-110646029.0,2545410193.0,1036596689.0,0.0,780226002.0,1426613135.0
KRDMD,2019,12,55194193.0,2656110179.0,4158711343.0,0.0,780226002.0,1338980475.0
KRDMD,2019,9,143231389.0,2840769686.0,3138522070.0,0.0,780226002.0,1298845195.0
KRDMD,2019,6,116458741.0,2813997038.0,2241682130.0,0.0,780226002.0,1310530049.0
KRDMD,2019,3,46252805.0,2843455524.0,1119731743.0,0.0,780226002.0,1309951524.0
KRDMD,2018,12,557286112.0,2797257905.0,3820917701.0,0.0,780226002.0,1360326979.0
KRDMD,2018,9,332883091.0,2008431825.0,2704893484.0,0.0,780226002.0,1599262446.0
KRDMD,2018,6,300404616.0,1975953351.0,1744347150.0,0.0,780226002.0,1363079214.0
KRDMD,2018,3,160872559.0,1835891233.0,881865268.0,0.0,780226002.0,1247306703.0
KRDMD,2017,12,172131788.0,1675018674.0,2718900072.0,0.0,780226002.0,1307940980.0
KRDMD,2017,9,123529417.0,1648789654.0,1928931918.0,0.0,780226002.0,1328777746.0
KRDMD,2017,6,71507155.0,1596767392.0,1276175313.0,0.0,780226002.0,1362958601.0
KRDMD,2017,3,-3837831.0,1526971026.0,593311689.0,0.0,780226002.0,1394787043.0
KRDMD,2016,12,-84782583.0,1531286650.0,1599283370.0,0.0,780226002.0,1437682261.0
KRDMD,2016,9,7642478.0,1612408390.0,1076651440.0,0.0,780226002.0,1261341167.0
KRDMD,2016,6,21387033.0,1628766672.0,708158370.0,0.0,780226002.0,1253109725.0
KRDMD,2016,3,170998.0,1606342042.0,344087340.0,0.0,780226002.0,1235930429.0
KRDMD,2015,12,-14671302.0,1607655004.0,1526842169.0,0.0,780226002.0,1182331942.0
KRDMD,2015,9,-92541519.0,868659912.0,1122523866.0,0.0,780226002.0,1145317282.0
KRDMD,2015,6,-47391918.0,947230894.0,760716692.0,0.0,780226002.0,1036545719.0
KRDMD,2015,3,-49099108.0,954107979.0,325835678.0,0.0,780226002.0,988910949.0
KRDMD,2014,12,253065344.0,1070892790.0,1498151922.0,0.0,780226002.0,802854017.0
KRDMD,2014,9,160803702.0,1014928908.0,1125780684.0,0.0,780226002.0,700292605.0
KRDMD,2014,6,137504391.0,987687135.0,739408772.0,0.0,722051256.0,592293812.0
KRDMD,2014,3,70084552.0,919747661.0,376135680.0,0.0,722051256.0,572521557.0
KRDMD,2013,12,68508381.0,851102271.0,1240302608.0,0.0,722051256.0,577642453.0
KRDMD,2013,9,30121331.0,812728109.0,888008852.0,0.0,722051256.0,497507375.0
KRDMD,2013,6,8367645.0,791342970.0,571205621.0,0.0,722051256.0,415120237.0
KRDMD,2013,3,32616599.0,815360208.0,254191010.0,0.0,601427962.0,376233986.0
KRDMD,2012,12,132947219.0,782727561.0,1154369195.0,0.0,601427962.0,373475567.0
KRDMD,2012,9,127375220.0,777155547.0,888621778.0,0.0,601427962.0,404904764.0
KRDMD,2012,6,95278617.0,745058958.0,594724918.0,0.0,601427962.0,324789812.0
KRDMD,2012,3,51419302.0,732152764.0,283992515.0,0.0,601427962.0,242859695.0
KRDMD,2011,12,126749326.0,680733462.0,1088791374.0,0.0,601427962.0,220821215.0
KRDMD,2011,9,123475240.0,677647872.0,794492362.0,0.0,601427962.0,182957753.0
KRDMD,2011,6,67027725.0,621715339.0,492500069.0,0.0,601427962.0,160526952.0
KRDMD,2011,3,31875259.0,586562871.0,202315747.0,0.0,601427962.0,172615806.0
LOGO,2023,12,187766000.0,3324674000.0,3135800000.0,0.0,100000000.0,504596000.0
LOGO,2023,9,168675000.0,1614385000.0,3063027000.0,0.0,100000000.0,351959000.0
LOGO,2023,6,290543000.0,1505738000.0,1918058000.0,0.0,100000000.0,378981000.0
LOGO,2023,3,-96012000.0,1283698000.0,878158000.0,0.0,100000000.0,271215000.0
LOGO,2022,12,332669000.0,2445865000.0,2887365000.0,0.0,100000000.0,417943000.0
LOGO,2022,9,357501000.0,1095361927.0,1019620000.0,0.0,100000000.0,257144563.0
LOGO,2022,6,242593000.0,984762732.0,636856000.0,0.0,100000000.0,271950734.0
LOGO,2022,3,93809000.0,934407681.0,269131000.0,0.0,100000000.0,272269938.0
LOGO,2021,12,277339000.0,833506000.0,766766000.0,0.0,100000000.0,266423000.0
LOGO,2021,9,164738175.0,689778816.0,486195920.0,0.0,100000000.0,190458096.0
LOGO,2021,6,116547348.0,653494720.0,317169445.0,0.0,100000000.0,185162455.0
LOGO,2021,3,52667250.0,604288908.0,139381599.0,0.0,25000000.0,179165818.0
LOGO,2020,12,113807963.0,537750060.0,545023892.0,0.0,25000000.0,152300797.0
LOGO,2020,9,82531760.0,516352282.0,338702815.0,0.0,25000000.0,160985176.0
LOGO,2020,6,51128813.0,454880804.0,218746691.0,0.0,25000000.0,138819259.0
LOGO,2020,3,20080449.0,415953367.0,101725971.0,0.0,25000000.0,151872090.0
LOGO,2019,12,86285124.0,394601006.0,422133386.0,0.0,25000000.0,136213140.0
LOGO,2019,9,56081162.0,368117115.0,268483333.0,0.0,25000000.0,120578172.0
LOGO,2019,6,36702460.0,357397105.0,176242856.0,0.0,25000000.0,138137680.0
LOGO,2019,3,14670242.0,330478404.0,81359489.0,0.0,25000000.0,125990526.0
LOGO,2018,12,67104854.0,318573563.0,321092099.0,0.0,25000000.0,99475628.0
LOGO,2018,9,52444901.0,291683228.0,217206072.0,0.0,25000000.0,97488793.0
LOGO,2018,6,34914915.0,255077225.0,139825194.0,0.0,25000000.0,74795305.0
LOGO,2018,3,17804239.0,231853811.0,67378673.0,0.0,25000000.0,70514494.0
LOGO,2017,12,49755266.0,209275467.0,256168914.0,0.0,25000000.0,65458667.0
LOGO,2017,9,37566891.0,197395405.0,173563425.0,0.0,25000000.0,68582451.0
LOGO,2017,6,23139233.0,180232460.0,116937032.0,0.0,25000000.0,76725300.0
LOGO,2017,3,10320557.0,166467328.0,53616690.0,0.0,25000000.0,79458467.0
LOGO,2016,12,46940152.0,164157865.0,190374106.0,0.0,25000000.0,66702772.0
LOGO,2016,9,46168617.0,156564545.0,110408304.0,0.0,25000000.0,61072603.0
LOGO,2016,6,31330278.0,141393112.0,72908286.0,0.0,25000000.0,1869187.0
LOGO,2016,3,15644231.0,126184671.0,36248872.0,0.0,25000000.0,2565301.0
LOGO,2015,12,40217402.0,110299864.0,128777388.0,0.0,25000000.0,2398725.0
LOGO,2015,9,39626895.0,109504490.0,89022979.0,0.0,25000000.0,3385085.0
LOGO,2015,6,21160254.0,89620518.0,54319381.0,0.0,25000000.0,7604656.0
LOGO,2015,3,10330269.0,94173613.0,26440162.0,0.0,25000000.0,3220953.0
LOGO,2014,12,27735806.0,87574455.0,104030635.0,0.0,25000000.0,23199821.0
LOGO,2014,9,21623996.0,80330039.0,68851381.0,0.0,25000000.0,24694709.0
LOGO,2014,6,16324903.0,75292028.0,47976890.0,0.0,25000000.0,26307624.0
LOGO,2014,3,6440319.0,67502689.0,22408723.0,0.0,25000000.0,30736442.0
LOGO,2013,12,19434936.0,59125528.0,70731277.0,0.0,25000000.0,24120053.0
LOGO,2013,9,10936706.0,46437449.0,38196436.0,0.0,25000000.0,25102189.0
LOGO,2013,6,7209319.0,44695774.0,23984674.0,0.0,25000000.0,4576730.0
LOGO,2013,3,3841786.0,46363398.0,11926345.0,0.0,25000000.0,4779868.0
LOGO,2012,12,11002156.0,42465743.0,46162637.0,0.0,25000000.0,5235185.0
LOGO,2012,9,7687537.0,39363418.0,30148407.0,0.0,25000000.0,4416035.0
LOGO,2012,6,6194225.0,38234111.0,21624365.0,0.0,25000000.0,4441387.0
LOGO,2012,3,2591659.0,38177894.0,10650648.0,0.0,25000000.0,4439633.0
LOGO,2011,12,3124998.0,34223952.0,31024756.0,0.0,25000000.0,4544396.0
LOGO,2011,9,-2307952.0,29067804.0,18138921.0,0.0,25000000.0,276395.0
LOGO,2011,6,-2641494.0,28734262.0,12295196.0,0.0,25000000.0,255582.0
LOGO,2011,3,673843.0,32049599.0,5954051.0,0.0,25000000.0,270886.0
MAVI,2023,12,2496718000.0,9476513000.0,37367501000.0,0.0,198628000.0,3313614000.0
MAVI,2023,9,2291238000.0,4974503000.0,25924639000.0,0.0,198628000.0,2924037000.0
MAVI,2023,6,1167155000.0,4025432000.0,15462006000.0,0.0,198628000.0,2068294000.0
MAVI,2023,3,462834000.0,2892970000.0,7502427000.0,0.0,99314000.0,2161602000.0
MAVI,2022,12,1927210000.0,5419082000.0,21037941000.0,0.0,99314000.0,3594832000.0
MAVI,2022,9,1157811000.0,2402625000.0,7325058000.0,0.0,99314000.0,1743127000.0
MAVI,2022,6,704391000.0,2008851000.0,4123520000.0,0.0,99314000.0,1672315000.0
MAVI,2022,3,301891000.0,1432539000.0,1887250000.0,0.0,49657000.0,1506283000.0
MAVI,2021,12,423018000.0,1193357000.0,4619319000.0,0.0,49657000.0,1396533000.0
MAVI,2021,9,300681000.0,893225000.0,3190961000.0,0.0,49657000.0,1071105000.0
MAVI,2021,6,138205000.0,690588000.0,1836508000.0,0.0,49657000.0,1180542000.0
MAVI,2021,3,36478000.0,617750000.0,758756000.0,0.0,49657000.0,1340751000.0
MAVI,2020,12,8043000.0,534009000.0,2401808000.0,0.0,49657000.0,1405159000.0
MAVI,2020,9,25500000.0,594030000.0,1751910000.0,0.0,49657000.0,1408142000.0
MAVI,2020,6,-58344000.0,460587000.0,924926000.0,0.0,49657000.0,1280850000.0
MAVI,2020,3,-51641000.0,474293000.0,387122000.0,0.0,49657000.0,1430015000.0
MAVI,2019,12,107887000.0,477664000.0,2862882000.0,0.0,49657000.0,758515000.0
MAVI,2019,9,94969000.0,455984000.0,2148254000.0,0.0,49657000.0,812070000.0
MAVI,2019,6,31593000.0,377716000.0,1340120000.0,0.0,49657000.0,943468000.0
MAVI,2019,3,10082000.0,382538000.0,648353000.0,0.0,49657000.0,957677000.0
MAVI,2018,12,100774000.0,337168000.0,2352850000.0,0.0,49657000.0,376044000.0
MAVI,2018,9,101247000.0,335877000.0,1777714000.0,0.0,49657000.0,377005000.0
MAVI,2018,6,52782000.0,287648000.0,1062476000.0,0.0,49657000.0,332340000.0
MAVI,2018,3,25060000.0,280778000.0,535838000.0,0.0,49657000.0,312831000.0
MAVI,2017,12,90002000.0,247181000.0,1781656000.0,0.0,49657000.0,377835000.0
MAVI,2017,9,84127000.0,238920000.0,1350425000.0,0.0,49657000.0,298373000.0
MAVI,2017,6,35697000.0,180615000.0,828792000.0,0.0,49657000.0,347773000.0
MAVI,2017,3,17495000.0,155357000.0,428158000.0,0.0,49657000.0,354907000.0
MAVI,2016,12,51813000.0,140470000.0,1307934000.0,0.0,49657000.0,336023000.0
MAVI,2016,9,52705000.0,0.0,972671000.0,0.0,0.0,0.0
MAVI,2016,6,18297000.0,0.0,585144000.0,0.0,0.0,0.0
MAVI,2016,3,10236000.0,0.0,310308000.0,0.0,0.0,0.0
MAVI,2015,12,33452943.0,95624956.0,1052807320.0,0.0,49657000.0,189396274.0
MAVI,2014,12,18884548.0,61649223.0,895070863.0,0.0,49657000.0,191157438.0
MGROS,2023,12,12857520000.0,52343361000.0,262132403000.0,0.0,181054000.0,14827691000.0
MGROS,2023,9,10952977000.0,8206806000.0,184998227000.0,0.0,181054000.0,9698853000.0
MGROS,2023,6,5409927000.0,5963420000.0,109039840000.0,0.0,181054000.0,9017368000.0
MGROS,2023,3,2612046000.0,4741933000.0,50924225000.0,0.0,181054000.0,8043965000.0
MGROS,2022,12,9155534000.0,27507351000.0,140480068000.0,0.0,181054000.0,12284305000.0
MGROS,2022,9,1414801000.0,2032026000.0,50053890000.0,0.0,181054000.0,7083579000.0
MGROS,2022,6,602807000.0,1222596000.0,28234765000.0,0.0,181054000.0,6570620000.0
MGROS,2022,3,158587000.0,660307000.0,12271397000.0,0.0,181054000.0,6803955000.0
MGROS,2021,12,358881000.0,536064000.0,36272243000.0,0.0,181054000.0,6079764000.0
MGROS,2021,9,367231000.0,170529000.0,25920827000.0,0.0,181054000.0,5940122000.0
MGROS,2021,6,211269000.0,15015000.0,16104112000.0,0.0,181054000.0,5791154000.0
MGROS,2021,3,209510000.0,34064000.0,7689091000.0,0.0,181054000.0,5939255000.0
MGROS,2020,12,-402949000.0,33461000.0,28790190000.0,0.0,181054000.0,6772281000.0
MGROS,2020,9,-278138000.0,98398000.0,20863156000.0,0.0,181054000.0,6888216000.0
MGROS,2020,6,-276304000.0,52532000.0,13253610000.0,0.0,181054000.0,7315344000.0
MGROS,2020,3,-131867000.0,161867000.0,6347597000.0,0.0,181054000.0,7517826000.0
MGROS,2019,12,-460670000.0,354168000.0,22864760000.0,0.0,181054000.0,6837419000.0
MGROS,2019,9,-202398000.0,455215000.0,17194551000.0,0.0,181054000.0,7515163000.0
MGROS,2019,6,-381286000.0,265437000.0,10730815000.0,0.0,181054000.0,7931704000.0
MGROS,2019,3,-230816000.0,411315000.0,4922670000.0,0.0,181054000.0,7608732000.0
MGROS,2018,12,-835437000.0,635090000.0,18717358000.0,0.0,181054000.0,4570097000.0
MGROS,2018,9,-1206522000.0,258134000.0,13793931000.0,0.0,181054000.0,5177627000.0
MGROS,2018,6,-539559000.0,1016748000.0,8463382000.0,0.0,178030000.0,4078036000.0
MGROS,2018,3,-245886000.0,1288521000.0,3940136000.0,0.0,178030000.0,3935373000.0
MGROS,2017,12,509036000.0,1527148000.0,15344047000.0,0.0,178030000.0,3912474000.0
MGROS,2017,9,715021000.0,965739000.0,11321825000.0,0.0,178030000.0,3830656000.0
MGROS,2017,6,786612000.0,1048665000.0,7036942000.0,0.0,178030000.0,3598847000.0
MGROS,2017,3,906033000.0,1165979000.0,3113635000.0,0.0,178030000.0,3650589000.0
MGROS,2016,12,-300106000.0,192613000.0,11059224000.0,0.0,178030000.0,2963536000.0
MGROS,2016,9,-63415000.0,464166000.0,8158504000.0,0.0,178030000.0,2696418000.0
MGROS,2016,6,-62029000.0,463262000.0,5079045000.0,0.0,178030000.0,2545636000.0
MGROS,2016,3,-25743000.0,486343000.0,2411097000.0,0.0,178030000.0,2654653000.0
MGROS,2015,12,-370453000.0,474632000.0,9389829000.0,0.0,178030000.0,2593146000.0
MGROS,2015,9,-455512000.0,451117000.0,7011536000.0,0.0,178030000.0,2825209000.0
MGROS,2015,6,-113853000.0,818999000.0,4369230000.0,0.0,178030000.0,2463696000.0
MGROS,2015,3,5422000.0,936433000.0,2074016000.0,0.0,178030000.0,2386783000.0
MGROS,2014,12,96191000.0,908839000.0,8122667000.0,0.0,178030000.0,2352789000.0
MGROS,2014,9,73009000.0,894178000.0,6032264000.0,0.0,178030000.0,2680451000.0
MGROS,2014,6,42043000.0,853719000.0,3737696000.0,0.0,178030000.0,2650132000.0
MGROS,2014,3,-61224000.0,755171000.0,1772501000.0,0.0,178030000.0,3036736000.0
MGROS,2013,12,-463133000.0,822212000.0,7126925000.0,0.0,178030000.0,2932541000.0
MGROS,2013,9,-306541000.0,975474000.0,5311932000.0,0.0,178030000.0,2776469000.0
MGROS,2013,6,-125911000.0,1148093000.0,3311195000.0,0.0,178030000.0,2510879000.0
MGROS,2013,3,34890000.0,1296940000.0,1590678000.0,0.0,178030000.0,2342687000.0
MGROS,2012,12,88136000.0,1262076000.0,6482402000.0,0.0,178030000.0,2486371000.0
MGROS,2012,9,117096000.0,1304707000.0,4832651000.0,0.0,178030000.0,2473930000.0
MGROS,2012,6,134477000.0,1322560000.0,3007220000.0,0.0,178030000.0,2405694000.0
MGROS,2012,3,61549000.0,1250839000.0,1454768000.0,0.0,178030000.0,2542663000.0
MGROS,2011,12,-163170000.0,1195707000.0,5753112000.0,0.0,178030000.0,2587550000.0
MGROS,2011,9,-235758000.0,1127907000.0,4253203000.0,0.0,178030000.0,2703935000.0
MGROS,2011,6,-326983000.0,1022900000.0,2639868000.0,0.0,178030000.0,2723807000.0
MGROS,2011,3,-128381000.0,1215302000.0,1270993000.0,0.0,178030000.0,2576796000.0
MIATK,2023,12,728230091.0,2540944065.0,2022762660.0,0.0,494000000.0,351894465.0
MIATK,2023,9,365101422.0,1065371438.0,1431786266.0,0.0,38000000.0,181933220.0
MIATK,2023,6,194950422.0,758358084.0,810080792.0,0.0,38000000.0,95594744.0
MIATK,2023,3,85185438.0,665277779.0,360322396.0,0.0,38000000.0,99322453.0
MIATK,2022,12,424545649.0,1136657273.0,1100194037.0,0.0,38000000.0,124160949.0
MIATK,2022,9,189862476.0,435105837.0,356867407.0,0.0,38000000.0,64517142.0
MIATK,2022,6,107021929.0,352233507.0,186302725.0,0.0,38000000.0,30338392.0
MIATK,2022,3,25653970.0,271459665.0,61421457.0,0.0,38000000.0,17363582.0
MIATK,2021,12,54155781.0,245494581.0,164195110.0,0.0,38000000.0,6774917.0
MIATK,2021,9,34382520.0,101958853.0,104428880.0,0.0,30000000.0,16371048.0
MIATK,2021,6,17337467.0,84941695.0,65114735.0,0.0,30000000.0,14335670.0
MIATK,2021,3,10287433.0,0.0,21573168.0,0.0,0.0,0.0
MIATK,2020,12,22189563.0,67286795.0,86477819.0,0.0,30000000.0,10400800.0
MIATK,2020,9,10455930.0,0.0,27472232.0,0.0,0.0,0.0
MIATK,2020,6,10937822.0,0.0,18054705.0,0.0,0.0,0.0
MIATK,2019,12,13471916.0,45396020.0,79452227.0,0.0,20000000.0,2873092.0
MIATK,2018,12,3700639.0,32074498.0,24341132.0,0.0,10000000.0,5157805.0
NETAS,2023,12,100450587.0,222763097.0,6958287619.0,0.0,64864800.0,1582474703.0
NETAS,2023,9,-13409900.0,120740.0,4630663953.0,0.0,64864800.0,1800325818.0
NETAS,2023,6,1521591.0,14003888.0,2702716156.0,0.0,64864800.0,1515171598.0
NETAS,2023,3,-87101666.0,-70817269.0,1077902614.0,0.0,64864800.0,1463045515.0
NETAS,2022,12,-24762494.0,17691759.0,4011553628.0,0.0,64864800.0,1354232401.0
NETAS,2022,9,-50487823.0,3293598.0,2630065236.0,0.0,64864800.0,1287026148.0
NETAS,2022,6,-19692598.0,31430664.0,1579467897.0,0.0,64864800.0,1378131153.0
NETAS,2022,3,-49424124.0,-15222271.0,686767013.0,0.0,64864800.0,1331560612.0
NETAS,2021,12,-670422682.0,35408276.0,2296349584.0,0.0,64864800.0,1257740992.0
NETAS,2021,9,-135424007.0,545415775.0,1463839313.0,0.0,64864800.0,881805744.0
NETAS,2021,6,-89555996.0,583413265.0,979462027.0,0.0,64864800.0,899171026.0
NETAS,2021,3,-5447827.0,663976348.0,491776619.0,0.0,64864800.0,737664499.0
NETAS,2020,12,-70933003.0,585771045.0,1733166950.0,0.0,64864800.0,585908414.0
NETAS,2020,9,-9748341.0,688464229.0,1119131956.0,0.0,64864800.0,663293579.0
NETAS,2020,6,16680952.0,595569411.0,727237275.0,0.0,64864800.0,604380466.0
NETAS,2020,3,-3069918.0,547296298.0,304329367.0,0.0,64864800.0,550818381.0
NETAS,2019,12,-148779765.0,536209419.0,1327640194.0,0.0,64864800.0,660270184.0
NETAS,2019,9,-111856987.0,772205030.0,833021971.0,0.0,64864800.0,735307856.0
NETAS,2019,6,-98709481.0,803497003.0,565521166.0,0.0,64864800.0,790044235.0
NETAS,2019,3,-32460415.0,854098833.0,219414265.0,0.0,64864800.0,734318939.0
NETAS,2018,12,-84208942.0,617655605.0,1024463920.0,0.0,64864800.0,487836269.0
NETAS,2018,9,-46014824.0,865205031.0,601180083.0,0.0,64864800.0,432609731.0
NETAS,2018,6,-23019436.0,700207803.0,407900763.0,0.0,64864800.0,636895775.0
NETAS,2018,3,-2710693.0,628647302.0,189208782.0,0.0,64864800.0,406110132.0
NETAS,2017,12,53518202.0,644606624.0,1122265684.0,0.0,64864800.0,326117840.0
NETAS,2017,9,3260239.0,558988092.0,688303593.0,0.0,64864800.0,333285627.0
NETAS,2017,6,7391231.0,556056719.0,493302768.0,0.0,64864800.0,311135539.0
NETAS,2017,3,777878.0,569737202.0,167878237.0,0.0,64864800.0,381228040.0
NETAS,2016,12,18670011.0,549695877.0,969843424.0,0.0,64864800.0,354859452.0
NETAS,2016,9,-2153775.0,449105443.0,654755191.0,0.0,64864800.0,342216378.0
NETAS,2016,6,3662225.0,439097125.0,453053613.0,0.0,64864800.0,344800989.0
NETAS,2016,3,-1767771.0,424449676.0,204465478.0,0.0,64864800.0,333773513.0
NETAS,2015,12,34305075.0,437200897.0,1008993097.0,0.0,64864800.0,333068285.0
NETAS,2015,9,22920173.0,447024943.0,554547726.0,0.0,64864800.0,336806183.0
NETAS,2015,6,3101020.0,377141739.0,336328700.0,0.0,64864800.0,299847225.0
NETAS,2015,3,4311004.0,368578198.0,158894613.0,0.0,64864800.0,266019144.0
NETAS,2014,12,11845089.0,322898016.0,740959124.0,0.0,64864800.0,215874487.0
NETAS,2014,9,-2144407.0,304412683.0,475520243.0,0.0,64864800.0,206403318.0
NETAS,2014,6,-3415975.0,281987057.0,339949598.0,0.0,64864800.0,190045359.0
NETAS,2014,3,-6384532.0,287916945.0,159928133.0,0.0,64864800.0,177143103.0
NETAS,2013,12,2196864.0,289063077.0,631485722.0,0.0,64864800.0,184323845.0
NETAS,2013,9,-4221041.0,261167300.0,337907368.0,0.0,64864800.0,70696876.0
NETAS,2013,6,-9720084.0,240865715.0,198850019.0,0.0,64864800.0,21847604.0
NETAS,2013,3,-4765343.0,299391273.0,80795981.0,0.0,64864800.0,16073341.0
NETAS,2012,12,24351906.0,308805426.0,550164740.0,0.0,64864800.0,26987793.0
NETAS,2012,9,2775380.0,291731224.0,277802766.0,0.0,64864800.0,14739737.0
NETAS,2012,6,-2539344.0,289978083.0,190903283.0,0.0,6486480.0,25443574.0
NETAS,2012,3,-34458869.0,319759163.0,87538244.0,0.0,6486480.0,11142036.0
NETAS,2011,12,17976660.0,343961118.0,336826885.0,0.0,6486480.0,10879789.0
NETAS,2011,9,8041524.0,340801199.0,145907574.0,0.0,6486480.0,1177289.0
NETAS,2011,6,9446202.0,302807254.0,100696175.0,0.0,0.0,1027096.0
NETAS,2011,3,3206034.0,298778957.0,48084026.0,0.0,6486480.0,1030379.0
NTHOL,2023,12,3927390000.0,51423877000.0,13706683000.0,0.0,563876000.0,7989271000.0
NTHOL,2023,9,-61163000.0,17669251000.0,9399962000.0,0.0,563876000.0,3956847000.0
NTHOL,2023,6,-1931632000.0,17045525000.0,5535758000.0,0.0,563876000.0,4238461000.0
NTHOL,2023,3,532338000.0,17315953000.0,2029446000.0,0.0,563876000.0,3496719000.0
NTHOL,2022,12,2199914000.0,29881365000.0,6371512000.0,0.0,563876000.0,5536325000.0
NTHOL,2022,9,-249280000.0,10531676279.0,2243075000.0,0.0,563875937.0,3275826950.0
NTHOL,2022,6,-196681000.0,10547932516.0,1276552000.0,0.0,563875937.0,3450579813.0
NTHOL,2022,3,-87569000.0,10574678143.0,539815000.0,0.0,563875937.0,3390039563.0
NTHOL,2021,12,1014987000.0,10636690000.0,1011508000.0,0.0,563876000.0,3413474000.0
NTHOL,2021,9,-256996444.0,3886708559.0,559742686.0,0.0,563875937.0,2664127571.0
NTHOL,2021,6,-295956126.0,3866934762.0,179723713.0,0.0,563875937.0,2704575279.0
NTHOL,2021,3,-206473991.0,3990255143.0,46265619.0,0.0,563875937.0,2288383528.0
NTHOL,2020,12,-484256955.0,4142132367.0,421536314.0,0.0,563875937.0,2075885890.0
NTHOL,2020,9,-494434408.0,4170936630.0,307637587.0,0.0,563875937.0,1982599165.0
NTHOL,2020,6,-235600064.0,4353590268.0,195674823.0,0.0,563875937.0,1750378792.0
NTHOL,2020,3,-120150391.0,4458731784.0,175508728.0,0.0,563875937.0,1550819901.0
NTHOL,2019,12,87560964.0,4559073321.0,922766393.0,0.0,563875937.0,1489480283.0
NTHOL,2019,9,-34315230.0,3943175250.0,615508659.0,0.0,563875937.0,1523729021.0
NTHOL,2019,6,-75874856.0,3931158032.0,396931732.0,0.0,563875937.0,1378188523.0
NTHOL,2019,3,-87532888.0,3922628022.0,145332389.0,0.0,563875937.0,1436607135.0
NTHOL,2018,12,271572659.0,3995146635.0,767144410.0,0.0,563875937.0,1098834191.0
NTHOL,2018,9,-277850409.0,2688355955.0,545387502.0,0.0,563875937.0,1534134512.0
NTHOL,2018,6,-124455421.0,2788845752.0,311449721.0,0.0,563875937.0,923182732.0
NTHOL,2018,3,-80832123.0,2817618741.0,109120215.0,0.0,563875937.0,815398054.0
NTHOL,2017,12,314604959.0,2884103919.0,651869660.0,0.0,563875937.0,774629556.0
NTHOL,2017,9,-2296700.0,2071406463.0,428232922.0,0.0,563875937.0,566799233.0
NTHOL,2017,6,-19891409.0,2096237374.0,242767825.0,0.0,338600000.0,587665111.0
NTHOL,2017,3,-36976665.0,2080724591.0,90420275.0,0.0,365750000.0,493905678.0
NTHOL,2016,12,-4269843.0,2110097452.0,471949688.0,0.0,365750000.0,558097531.0
NTHOL,2016,9,-6442014.0,2041002664.0,305589090.0,0.0,365750000.0,455496366.0
NTHOL,2016,6,-10417948.0,2053917528.0,184391882.0,0.0,365750000.0,460758197.0
NTHOL,2016,3,-19985097.0,2017038047.0,73282090.0,0.0,365750000.0,452932550.0
NTHOL,2015,12,97379304.0,2039391038.0,403136468.0,0.0,365750000.0,455057500.0
NTHOL,2015,9,-20195063.0,1484551971.0,288048021.0,0.0,365750000.0,572450688.0
NTHOL,2015,6,-35267419.0,1434541756.0,169523657.0,0.0,365750000.0,584668097.0
NTHOL,2015,3,-41717696.0,1429965051.0,73302034.0,-81382.0,365750000.0,749378506.0
NTHOL,2014,12,23293482.0,1273090999.0,308438741.0,0.0,365750000.0,725506482.0
NTHOL,2014,9,10550334.0,1090016620.0,206945518.0,0.0,365750000.0,389621909.0
NTHOL,2014,6,1305521.0,949415443.0,114091993.0,0.0,365750000.0,390030431.0
NTHOL,2014,3,-6493300.0,944728838.0,47738309.0,0.0,365750000.0,405400029.0
NTHOL,2013,12,181046914.0,868213636.0,194717297.0,0.0,365750000.0,452315738.0
NTHOL,2013,9,72215431.0,378331090.0,136962486.0,0.0,365750000.0,330922286.0
NTHOL,2013,6,73888746.0,379056456.0,78620629.0,0.0,365750000.0,315938696.0
NTHOL,2013,3,74074045.0,398694099.0,36381698.0,0.0,365750000.0,324159690.0
NTHOL,2012,12,65949503.0,334432232.0,106814508.0,0.0,365750000.0,122843754.0
NTHOL,2012,9,80075099.0,363081437.0,80681872.0,0.0,365750000.0,127055844.0
NTHOL,2012,6,74277010.0,359244428.0,41229320.0,0.0,365750000.0,129219990.0
NTHOL,2012,3,73318276.0,357453653.0,18167865.0,0.0,365750000.0,97348444.0
NTHOL,2011,12,2909671.0,321589890.0,102322030.0,0.0,365750000.0,106020022.0
NTHOL,2011,9,12308102.0,342540623.0,75447480.0,0.0,365750000.0,90074156.0
NTHOL,2011,6,-2170366.0,351827686.0,44245182.0,0.0,365750000.0,67197856.0
NTHOL,2011,3,-5055122.0,326319383.0,18272447.0,0.0,209000000.0,55773999.0
OTKAR,2023,12,2841321000.0,11987984000.0,39327185000.0,0.0,120000000.0,23291910000.0
OTKAR,2023,9,-134760000.0,2481169000.0,23000826000.0,0.0,120000000.0,12057180000.0
OTKAR,2023,6,-200529000.0,1806875000.0,12564350000.0,0.0,120000000.0,11189439000.0
OTKAR,2023,3,-801676636.0,1532443000.0,5171618116.0,0.0,24000000.0,10249869000.0
OTKAR,2022,12,2018080000.0,6527187000.0,17818972000.0,0.0,24000000.0,12436111000.0
OTKAR,2022,9,600543000.0,1626415000.0,5122463000.0,0.0,24000000.0,5266224000.0
OTKAR,2022,6,542789000.0,1560441000.0,3651120000.0,0.0,24000000.0,3535831000.0
OTKAR,2022,3,200532000.0,1195739000.0,1293998000.0,0.0,24000000.0,2458640000.0
OTKAR,2021,12,1041524000.0,1496535000.0,4508874000.0,0.0,24000000.0,2378457000.0
OTKAR,2021,9,516431000.0,1089358000.0,2674680000.0,0.0,24000000.0,1852926000.0
OTKAR,2021,6,396504000.0,960557000.0,1859889000.0,0.0,24000000.0,1924206000.0
OTKAR,2021,3,107444000.0,683614000.0,877242000.0,0.0,24000000.0,1900454000.0
OTKAR,2020,12,618268000.0,1007343000.0,2908711000.0,0.0,24000000.0,1854064000.0
OTKAR,2020,9,320039000.0,726858000.0,1749399000.0,0.0,24000000.0,1681619000.0
OTKAR,2020,6,172317000.0,594805000.0,1136248000.0,0.0,24000000.0,1663462000.0
OTKAR,2020,3,22307000.0,459172000.0,458789000.0,0.0,24000000.0,1485082000.0
OTKAR,2019,12,351592000.0,637646000.0,2430643000.0,0.0,24000000.0,801849000.0
OTKAR,2019,9,297386000.0,590952000.0,1877343000.0,0.0,24000000.0,1021430000.0
OTKAR,2019,6,195330000.0,486227000.0,1283896000.0,0.0,24000000.0,1127753000.0
OTKAR,2019,3,-10952000.0,298151000.0,419070000.0,0.0,24000000.0,968387000.0
OTKAR,2018,12,164336000.0,389586000.0,1678661000.0,0.0,24000000.0,707547000.0
OTKAR,2018,9,-85906000.0,130621000.0,808636000.0,0.0,24000000.0,950494000.0
OTKAR,2018,6,-78719000.0,134787000.0,488159000.0,0.0,24000000.0,780705000.0
OTKAR,2018,3,-27725000.0,185048000.0,252385000.0,0.0,24000000.0,620515000.0
OTKAR,2017,12,99423000.0,283554000.0,1785272000.0,0.0,24000000.0,703658000.0
OTKAR,2017,9,50769000.0,233033000.0,1369519000.0,0.0,24000000.0,963264000.0
OTKAR,2017,6,28080000.0,209446000.0,961228000.0,0.0,24000000.0,866916000.0
OTKAR,2017,3,37148000.0,218810000.0,566419000.0,0.0,24000000.0,788665000.0
OTKAR,2016,12,69725000.0,242958000.0,1634515000.0,0.0,24000000.0,430119000.0
OTKAR,2016,9,33084000.0,206428227.0,1118838000.0,0.0,24000000.0,840874964.0
OTKAR,2016,6,15740000.0,188564192.0,693670000.0,0.0,24000000.0,744019042.0
OTKAR,2016,3,8165000.0,181649212.0,358832000.0,0.0,24000000.0,597907196.0
OTKAR,2015,12,79506151.0,245239099.0,1433967887.0,0.0,24000000.0,615277836.0
OTKAR,2015,9,16522180.0,180294120.0,888934594.0,0.0,24000000.0,574677218.0
OTKAR,2015,6,3839.0,163756757.0,543821939.0,0.0,24000000.0,459707954.0
OTKAR,2015,3,-2220865.0,161357856.0,248757898.0,0.0,24000000.0,311894663.0
OTKAR,2014,12,72771198.0,244327376.0,1231633772.0,0.0,24000000.0,349514348.0
OTKAR,2014,9,47771856.0,219575675.0,875088533.0,0.0,24000000.0,523678500.0
OTKAR,2014,6,46448482.0,218237377.0,641430304.0,0.0,24000000.0,520936866.0
OTKAR,2014,3,9145689.0,180916663.0,283246306.0,0.0,24000000.0,403225103.0
OTKAR,2013,12,96561743.0,273269580.0,1401552934.0,0.0,24000000.0,473011272.0
OTKAR,2013,9,67340183.0,243888994.0,1007821301.0,0.0,24000000.0,415768108.0
OTKAR,2013,6,54882674.0,231446400.0,709054889.0,0.0,24000000.0,399041718.0
OTKAR,2013,3,26122105.0,203036365.0,334377832.0,0.0,24000000.0,363801337.0
OTKAR,2012,12,78276597.0,241732860.0,1004492232.0,0.0,24000000.0,286193001.0
OTKAR,2012,9,55265863.0,218749131.0,670684179.0,0.0,24000000.0,271751839.0
OTKAR,2012,6,38717772.0,202281187.0,435201084.0,0.0,24000000.0,256355200.0
OTKAR,2012,3,8033546.0,171677647.0,171776803.0,0.0,24000000.0,234405042.0
OTKAR,2011,12,54846604.0,213347882.0,890525189.0,0.0,24000000.0,179339871.0
OTKAR,2011,9,31761082.0,190262360.0,578901181.0,0.0,24000000.0,212847980.0
OTKAR,2011,6,27781542.0,186282820.0,389723373.0,0.0,24000000.0,158862809.0
OTKAR,2011,3,9194311.0,167695589.0,147609734.0,0.0,24000000.0,144034932.0
PARSN,2023,12,442086788.0,8051210552.0,3861926409.0,0.0,77112000.0,3347793908.0
PARSN,2023,9,201654256.0,5844048291.0,2854745559.0,0.0,77112000.0,3422553265.0
PARSN,2023,6,55599196.0,5525276932.0,1782980685.0,0.0,77112000.0,2790930767.0
PARSN,2023,3,101759052.0,4444294894.0,906748855.0,0.0,77112000.0,2042081988.0
PARSN,2022,12,810087249.0,4082285472.0,2465518032.0,0.0,77112000.0,1964358094.0
PARSN,2022,9,554754956.0,2299321818.0,1770300893.0,0.0,77112000.0,1766627236.0
PARSN,2022,6,267213455.0,1962280623.0,1097265012.0,0.0,77112000.0,1873435322.0
PARSN,2022,3,150838936.0,1783011443.0,514297021.0,0.0,77112000.0,1834329589.0
PARSN,2021,12,184966109.0,1552109344.0,1140655072.0,0.0,77112000.0,1770247715.0
PARSN,2021,9,223221792.0,1336444434.0,800388148.0,0.0,77112000.0,1216343930.0
PARSN,2021,6,113682862.0,1251302598.0,530130829.0,0.0,77112000.0,1267220396.0
PARSN,2021,3,48859501.0,1167739800.0,249098655.0,0.0,77112000.0,1259809103.0
PARSN,2020,12,133148283.0,988732992.0,589901620.0,0.0,77112000.0,1182211569.0
PARSN,2020,9,44952353.0,1031575735.0,379382893.0,0.0,77112000.0,1263384319.0
PARSN,2020,6,3837804.0,864034769.0,220917664.0,0.0,77112000.0,1061348972.0
PARSN,2020,3,14808328.0,894838582.0,140968199.0,0.0,77112000.0,991237234.0
PARSN,2019,12,9612018.0,761705094.0,520703719.0,0.0,77112000.0,903343610.0
PARSN,2019,9,27377131.0,592527367.0,404642989.0,0.0,77112000.0,864912457.0
PARSN,2019,6,34512821.0,625324043.0,282930016.0,0.0,77112000.0,836929446.0
PARSN,2019,3,23969594.0,588556050.0,144384030.0,-65790.0,77112000.0,841107492.0
PARSN,2018,12,-36664399.0,555452427.0,495656452.0,-187159.0,77112000.0,791326902.0
PARSN,2018,9,-151267254.0,441783151.0,358215999.0,-1233983.0,77112000.0,932759183.0
PARSN,2018,6,-25221418.0,567460389.0,226108079.0,-622554.0,77112000.0,708681382.0
PARSN,2018,3,-13519308.0,578267061.0,106541639.0,-272788.0,77112000.0,647630411.0
PARSN,2017,12,19575518.0,594502888.0,311941641.0,0.0,77112000.0,567364606.0
PARSN,2017,9,18790170.0,539126953.0,223600032.0,0.0,77112000.0,509669941.0
PARSN,2017,6,13471434.0,534035262.0,149121534.0,0.0,77112000.0,492534450.0
PARSN,2017,3,-4075227.0,516877973.0,74889004.0,0.0,77112000.0,457026007.0
PARSN,2016,12,-795226.0,521886888.0,227616195.0,0.0,77112000.0,405123707.0
PARSN,2016,9,-3476465.0,520741425.0,169752993.0,0.0,77112000.0,368398840.0
PARSN,2016,6,6465400.0,531225025.0,116414962.0,0.0,77112000.0,333422800.0
PARSN,2016,3,-1425013.0,523928233.0,57588054.0,0.0,77112000.0,301282579.0
PARSN,2015,12,24096232.0,525738255.0,217253973.0,0.0,77112000.0,279802895.0
PARSN,2015,9,7246306.0,410494894.0,159476576.0,0.0,77112000.0,265364241.0
PARSN,2015,6,8323987.0,411598214.0,109446234.0,0.0,77112000.0,178778972.0
PARSN,2015,3,1637294.0,404911521.0,52985516.0,0.0,77112000.0,125461665.0
PARSN,2014,12,27113753.0,403552848.0,194399804.0,0.0,77112000.0,87775105.0
PARSN,2014,9,21919414.0,398654584.0,146113337.0,0.0,77112000.0,85090074.0
PARSN,2014,6,15435623.0,392250112.0,98283879.0,0.0,77112000.0,74112196.0
PARSN,2014,3,8446788.0,387315061.0,49045362.0,0.0,77112000.0,50952680.0
PARSN,2013,12,11706337.0,377092649.0,154122472.0,0.0,77112000.0,51697597.0
PARSN,2013,9,7087656.0,277263815.0,112069432.0,0.0,77112000.0,48910960.0
PARSN,2013,6,2497802.0,272911588.0,74293676.0,0.0,77112000.0,36618907.0
PARSN,2013,3,979110.0,271162308.0,34584325.0,0.0,77112000.0,29520775.0
PARSN,2012,12,12023924.0,270475513.0,155068906.0,0.0,77112000.0,33433924.0
PARSN,2012,9,13337082.0,272682193.0,123542147.0,0.0,77112000.0,40051456.0
PARSN,2012,6,14921138.0,274285808.0,92139338.0,0.0,77112000.0,31474082.0
PARSN,2012,3,9917741.0,269885411.0,47825233.0,0.0,77112000.0,18252538.0
PARSN,2011,12,34206880.0,259951670.0,167078295.0,0.0,77112000.0,17780314.0
PARSN,2011,9,25820231.0,251871985.0,122137893.0,0.0,77112000.0,18015964.0
PARSN,2011,6,15916993.0,241972746.0,80697051.0,0.0,77112000.0,20388494.0
PARSN,2011,3,8386541.0,235415375.0,36202869.0,0.0,77112000.0,20994990.0
PETKM,2023,12,10703730000.0,74193657000.0,87264493000.0,0.0,2534400000.0,44024914000.0
PETKM,2023,9,-9555832000.0,21589548000.0,61883660000.0,0.0,2534400000.0,29810393000.0
PETKM,2023,6,-6298094000.0,19267207000.0,40064986000.0,0.0,2534400000.0,30698860000.0
PETKM,2023,3,-3630508000.0,19162249000.0,17723373000.0,0.0,2534400000.0,22379916000.0
PETKM,2022,12,-1342089000.0,44537947000.0,97857274000.0,0.0,2534400000.0,47328763000.0
PETKM,2022,9,5780441000.0,18476903000.0,39990292000.0,0.0,2534400000.0,24014854000.0
PETKM,2022,6,4272667000.0,16974287000.0,25789517000.0,0.0,2534400000.0,20159802000.0
PETKM,2022,3,1752526000.0,14535647000.0,11420952000.0,0.0,2534400000.0,16724402000.0
PETKM,2021,12,5516603000.0,12719030000.0,28715657000.0,0.0,2534400000.0,12100584000.0
PETKM,2021,9,3908721000.0,11382062000.0,19165166000.0,0.0,2534400000.0,9870402000.0
PETKM,2021,6,2216259000.0,9715253000.0,12430451000.0,0.0,2534400000.0,11156825000.0
PETKM,2021,3,891757000.0,8413642000.0,5033898000.0,0.0,2534400000.0,11007050000.0
PETKM,2020,12,1071196000.0,7558625000.0,12134076000.0,0.0,2534400000.0,10150812000.0
PETKM,2020,9,446423000.0,5178149000.0,8045830000.0,0.0,2112000000.0,10783542000.0
PETKM,2020,6,135416000.0,4904343000.0,5007961000.0,0.0,2112000000.0,9553075000.0
PETKM,2020,3,-9781000.0,4773193000.0,2766353000.0,0.0,2112000000.0,9060980000.0
PETKM,2019,12,935685000.0,6562216000.0,11672220000.0,0.0,2112000000.0,8524244000.0
PETKM,2019,9,668742000.0,4781085000.0,8877436000.0,0.0,2112000000.0,7707147000.0
PETKM,2019,6,439243000.0,4551230000.0,5940555000.0,0.0,2112000000.0,7553751000.0
PETKM,2019,3,143823000.0,4276679000.0,2832087000.0,0.0,1650000000.0,7574125000.0
PETKM,2018,12,836262000.0,5676823000.0,9314717000.0,0.0,1650000000.0,7325281000.0
PETKM,2018,9,873228000.0,4176522000.0,7282601000.0,0.0,1650000000.0,8453503000.0
PETKM,2018,6,482077000.0,3801898000.0,4231847000.0,0.0,1650000000.0,6306994000.0
PETKM,2018,3,125810000.0,3440975000.0,1878948000.0,0.0,1500000000.0,5232540000.0
PETKM,2017,12,1389444000.0,3854078000.0,7363824000.0,0.0,1500000000.0,2952065000.0
PETKM,2017,9,1027104000.0,3492719249.0,5401903000.0,0.0,1500000000.0,2333004433.0
PETKM,2017,6,655063000.0,3113353778.0,3626420000.0,0.0,1500000000.0,2344114410.0
PETKM,2017,3,350890000.0,2839655552.0,1790230000.0,0.0,1500000000.0,2968479894.0
PETKM,2016,12,731687346.0,3069440026.0,4532590622.0,0.0,1500000000.0,2392163274.0
PETKM,2016,9,515405056.0,2841098257.0,3253455041.0,0.0,1500000000.0,1338479450.0
PETKM,2016,6,377280194.0,2698060979.0,2284625494.0,0.0,1500000000.0,1209224274.0
PETKM,2016,3,148863138.0,2489956952.0,1109083633.0,0.0,1500000000.0,1337603230.0
PETKM,2015,12,639208658.0,2805383497.0,4532635969.0,0.0,1500000000.0,2113608700.0
PETKM,2015,9,503216175.0,2670041919.0,3375129510.0,0.0,1000000000.0,1455285638.0
PETKM,2015,6,232318979.0,2412947965.0,2083560066.0,0.0,1000000000.0,1281086739.0
PETKM,2015,3,44412376.0,2228883476.0,937510057.0,0.0,1000000000.0,758800798.0
PETKM,2014,12,8678766.0,2183260867.0,4132846077.0,0.0,1000000000.0,720590195.0
PETKM,2014,9,2565096.0,1663070074.0,3305997577.0,0.0,1000000000.0,528694470.0
PETKM,2014,6,55584030.0,1716089008.0,2443381196.0,0.0,1000000000.0,336400434.0
PETKM,2014,3,27117934.0,1697814708.0,1190171150.0,0.0,1000000000.0,354462579.0
PETKM,2013,12,48896680.0,1707504978.0,4158730152.0,0.0,1000000000.0,355297822.0
PETKM,2013,9,48597371.0,1711004806.0,2967033832.0,0.0,1000000000.0,199980120.0
PETKM,2013,6,5480628.0,1666073652.0,1920351766.0,0.0,1000000000.0,183249710.0
PETKM,2013,3,3133806.0,1668030862.0,990029741.0,0.0,1000000000.0,121061628.0
PETKM,2012,12,24604925.0,1664317394.0,4348910031.0,0.0,1000000000.0,289137739.0
PETKM,2012,9,-26605649.0,1617532451.0,3411180687.0,0.0,1000000000.0,277066366.0
PETKM,2012,6,-40635843.0,1602246799.0,2345162962.0,0.0,1000000000.0,336180529.0
PETKM,2012,3,-8451030.0,1694792873.0,1206220843.0,0.0,1000000000.0,405062625.0
PETKM,2011,12,102341325.0,1702688776.0,3891322098.0,0.0,1000000000.0,299619269.0
PETKM,2011,9,142681711.0,1743029158.0,2917428952.0,0.0,1000000000.0,204159056.0
PETKM,2011,6,108030149.0,1708377600.0,1934411556.0,0.0,1000000000.0,252844682.0
PETKM,2011,3,77201292.0,1677548743.0,944850726.0,0.0,1000000000.0,112731644.0
ODAS,2023,12,6196221280.0,25663800940.0,10743366289.0,0.0,1400000000.0,309010588.0
ODAS,2023,9,7191621885.0,9553514724.0,8021907181.0,0.0,1400000000.0,289317658.0
ODAS,2023,6,2545605419.0,5140970836.0,5265045842.0,0.0,1400000000.0,3200228499.0
ODAS,2023,3,300716555.0,5579339237.0,3007638194.0,0.0,1400000000.0,2501780419.0
ODAS,2022,12,1806448450.0,15156864340.0,15804775578.0,0.0,1400000000.0,3918496582.0
ODAS,2022,9,2656562062.0,6281019425.0,4813499952.0,0.0,1400000000.0,2542909566.0
ODAS,2022,6,1161561645.0,4784720129.0,2646685194.0,0.0,1400000000.0,2484896130.0
ODAS,2022,3,480317197.0,3994966092.0,1070976680.0,0.0,1400000000.0,2473857283.0
ODAS,2021,12,-2240396.0,3665632853.0,1445601491.0,0.0,1400000000.0,2497511320.0
ODAS,2021,9,-161896567.0,1692153648.0,1011882178.0,0.0,1400000000.0,1810944177.0
ODAS,2021,6,-221170031.0,953895875.0,598696880.0,0.0,600000000.0,2005083438.0
ODAS,2021,3,-195484823.0,592564171.0,277158560.0,0.0,600000000.0,2224321359.0
ODAS,2020,12,-249114897.0,788185391.0,975140238.0,0.0,600000000.0,2016362885.0
ODAS,2020,9,-514414522.0,538144218.0,705392508.0,0.0,600000000.0,2049727258.0
ODAS,2020,6,-226877104.0,829123688.0,478611774.0,0.0,600000000.0,1966683712.0
ODAS,2020,3,-158098560.0,898198435.0,195170253.0,0.0,600000000.0,1809527498.0
ODAS,2019,12,-215150086.0,792249388.0,938450745.0,0.0,294742950.0,1781410350.0
ODAS,2019,9,-78638455.0,939138204.0,732276683.0,0.0,294742950.0,1644201068.0
ODAS,2019,6,-123430609.0,894366532.0,471413445.0,0.0,294742950.0,1706572965.0
ODAS,2019,3,-122632195.0,895149003.0,145196250.0,0.0,294742950.0,1692579309.0
ODAS,2018,12,-263103120.0,843864125.0,886644695.0,0.0,135750000.0,1557703818.0
ODAS,2018,9,-281606331.0,773328994.0,675179834.0,0.0,135750000.0,1664971428.0
ODAS,2018,6,-145907049.0,136088498.0,426888090.0,0.0,135750000.0,1304264441.0
ODAS,2018,3,-56321633.0,225607315.0,194491303.0,0.0,135750000.0,1162299071.0
ODAS,2017,12,124122013.0,281953495.0,614529929.0,0.0,135750000.0,1049751619.0
ODAS,2017,9,-19675297.0,138175333.0,422924690.0,0.0,135750000.0,953887815.0
ODAS,2017,6,-6332213.0,151516194.0,288723383.0,0.0,135750000.0,932316245.0
ODAS,2017,3,-14030558.0,143843655.0,145704526.0,0.0,135750000.0,732867206.0
ODAS,2016,12,-10722339.0,157857510.0,517421052.0,0.0,47600180.0,628520999.0
ODAS,2016,9,6413224.0,175197838.0,374310872.0,0.0,47600180.0,522519800.0
ODAS,2016,6,8721311.0,177531302.0,242894771.0,0.0,47600180.0,502236915.0
ODAS,2016,3,10904447.0,187868575.0,127634954.0,0.0,47600180.0,480083456.0
ODAS,2015,12,-1374934.0,168641661.0,484914175.0,0.0,47600180.0,366319054.0
ODAS,2015,9,-29613110.0,112838329.0,352882511.0,0.0,47600180.0,382354211.0
ODAS,2015,6,718415.0,141856384.0,217341805.0,0.0,47600180.0,339673436.0
ODAS,2015,3,44994.0,97545634.0,98405452.0,0.0,42000000.0,283257792.0
ODAS,2014,12,27124389.0,96110409.0,621537517.0,0.0,42000000.0,240503543.0
ODAS,2014,9,25623464.0,320504402.0,472386696.0,0.0,42000000.0,239515068.0
ODAS,2014,6,-2863475.0,291856479.0,268350267.0,0.0,42000000.0,225688513.0
ODAS,2014,3,-8753814.0,286120564.0,136580126.0,0.0,42000000.0,203070200.0
ODAS,2013,12,-7146913.0,68647471.0,599703615.0,0.0,42000000.0,169897636.0
ODAS,2013,9,2428172.0,107391749.0,439666164.0,0.0,42000000.0,164163718.0
ODAS,2013,6,-6590777.0,98402985.0,252868361.0,0.0,42000000.0,150684003.0
ODAS,2013,3,5190645.0,50067434.0,104551180.0,0.0,30000000.0,154270731.0
ODAS,2012,12,15503466.0,18058678.0,174565999.0,0.0,30000000.0,158762251.0
ODAS,2012,9,14560126.0,0.0,74072101.0,0.0,0.0,0.0
ODAS,2012,6,3346074.0,0.0,27019580.0,0.0,0.0,0.0
ODAS,2011,12,-1027950.0,-975761.0,7956515.0,0.0,100000.0,76308159.0
OYAKC,2023,12,11734975327.0,38500315834.0,44323987453.0,0.0,1246578406.0,2437419496.0
OYAKC,2023,9,8142061018.0,12827954279.0,30677248289.0,0.0,1159793441.0,1051565070.0
OYAKC,2023,6,7290646666.0,10188174712.0,17965346249.0,0.0,1159793441.0,1561529534.0
OYAKC,2023,3,450047134.0,8381367792.0,8406905617.0,0.0,1159793441.0,1127330484.0
OYAKC,2022,12,8822949317.0,18597447850.0,26312734932.0,0.0,1159793441.0,2986918418.0
OYAKC,2022,9,1571579737.0,4510898101.0,8185945315.0,0.0,1159793441.0,1081601725.0
OYAKC,2022,6,882639216.0,3822708376.0,4709396823.0,0.0,1159793441.0,1221567050.0
OYAKC,2022,3,222405305.0,3198768436.0,1657750275.0,0.0,1159793441.0,693761368.0
OYAKC,2021,12,725165282.0,10065836388.0,4680981940.0,0.0,1159793441.0,2783887900.0
OYAKC,2021,9,442982621.0,2714297646.0,3150609420.0,0.0,1159793441.0,735952771.0
OYAKC,2021,6,290263365.0,2561463810.0,1985896284.0,0.0,1159793441.0,766896696.0
OYAKC,2021,3,132285649.0,2413824742.0,848278311.0,0.0,1159793441.0,792756812.0
OYAKC,2020,12,358453306.0,2282151205.0,2932234571.0,0.0,1159793441.0,829329692.0
OYAKC,2020,9,159584694.0,2078531668.0,1961907527.0,0.0,1159793441.0,519546690.0
OYAKC,2020,6,1364717.0,1919929824.0,1094127212.0,0.0,1159793441.0,603310714.0
OYAKC,2020,3,-19598942.0,218910741.0,495203875.0,0.0,109524000.0,50475997.0
OYAKC,2019,12,113616825.0,2010380209.0,2184761224.0,0.0,785527741.0,778868855.0
OYAKC,2019,9,35439553.0,211320607.0,1568858431.0,0.0,109524000.0,1137253.0
OYAKC,2019,6,36766189.0,203521631.0,1008395351.0,0.0,109524000.0,0.0
OYAKC,2019,3,6316815.0,203959242.0,26063604.0,0.0,109524000.0,50430577.0
OYAKC,2018,12,30411067.0,2302925439.0,199400054.0,0.0,785527741.0,1104818928.0
OYAKC,2018,9,26462326.0,253507115.0,155365739.0,0.0,109524000.0,48463799.0
OYAKC,2018,6,19901727.0,244535472.0,96640422.0,0.0,109524000.0,40239792.0
OYAKC,2018,3,10939774.0,234812115.0,48053976.0,0.0,109524000.0,2601456.0
OYAKC,2017,12,52719071.0,271773015.0,205739877.0,0.0,109524000.0,8184591.0
OYAKC,2017,9,36307024.0,239363676.0,137063394.0,0.0,109524000.0,6621326.0
OYAKC,2017,6,21879340.0,224653840.0,82126335.0,0.0,109524000.0,7041342.0
OYAKC,2017,3,10251354.0,213154864.0,35316303.0,0.0,109524000.0,15387927.0
OYAKC,2016,12,38016840.0,237548751.0,139453445.0,0.0,109524000.0,9037862.0
OYAKC,2016,9,23367970.0,221560724.0,98360227.0,0.0,109524000.0,41749541.0
OYAKC,2016,6,14518634.0,212712985.0,61544526.0,0.0,109524000.0,45729749.0
OYAKC,2016,3,6320720.0,205199129.0,25283344.0,0.0,109524000.0,15590324.0
OYAKC,2015,12,44097908.0,239498780.0,154221628.0,0.0,109524000.0,20360959.0
OYAKC,2015,9,31724583.0,226434552.0,113900599.0,0.0,109524000.0,22280372.0
OYAKC,2015,6,17909467.0,212623422.0,76125843.0,0.0,109524000.0,21908344.0
OYAKC,2015,3,4446275.0,198830905.0,27173569.0,0.0,109524000.0,22652490.0
OYAKC,2014,12,60234987.0,250664416.0,196016432.0,0.0,109524000.0,21793775.0
OYAKC,2014,9,47000190.0,238466180.0,156865714.0,0.0,109524000.0,18438687.0
OYAKC,2014,6,34473220.0,225890489.0,114635677.0,0.0,109524000.0,20845323.0
OYAKC,2014,3,13113551.0,205516567.0,51639352.0,0.0,109524000.0,16930546.0
OYAKC,2013,12,52285586.0,242531578.0,198474410.0,0.0,109524000.0,30115738.0
OYAKC,2013,9,36262486.0,227424164.0,145427561.0,0.0,109524000.0,57217255.0
OYAKC,2013,6,18177098.0,209096921.0,95837392.0,0.0,109524000.0,87475473.0
OYAKC,2013,3,3549156.0,194491107.0,37626474.0,0.0,109524000.0,46655144.0
OYAKC,2012,12,37441502.0,224821113.0,201836368.0,0.0,109524000.0,53602611.0
OYAKC,2012,9,27684903.0,215964473.0,150103631.0,0.0,109524000.0,60473843.0
OYAKC,2012,6,20154842.0,208438605.0,99133991.0,0.0,109524000.0,73427238.0
OYAKC,2012,3,6698176.0,194572194.0,32779333.0,0.0,109524000.0,16911129.0
OYAKC,2011,12,84197912.0,263429936.0,250459777.0,0.0,109524000.0,30850303.0
OYAKC,2011,9,58431340.0,237771493.0,186210166.0,0.0,109524000.0,39034347.0
OYAKC,2011,6,38968605.0,218172497.0,124662450.0,0.0,109524000.0,50693254.0
OYAKC,2011,3,16834427.0,195934234.0,53276783.0,0.0,109524000.0,21494868.0
PGSUS,2023,12,20907501797.0,54669186221.0,70531531601.0,0.0,102299707.0,119518239089.0
PGSUS,2023,9,9046139766.0,35480133002.0,51974988971.0,0.0,102299707.0,97071932057.0
PGSUS,2023,6,1326900310.0,26823285597.0,23902449110.0,0.0,102299707.0,91012484222.0
PGSUS,2023,3,-598119583.0,18025748224.0,8793440699.0,0.0,102299707.0,66615984885.0
PGSUS,2022,12,7100145148.0,18044743319.0,42732213696.0,0.0,102299707.0,60999940527.0
PGSUS,2022,9,2947671889.0,11662758161.0,30255091277.0,0.0,102299707.0,54432891655.0
PGSUS,2022,6,-1890121274.0,7153741674.0,12415000029.0,0.0,102299707.0,48824840943.0
PGSUS,2022,3,-1099618375.0,7386036232.0,4063999678.0,0.0,102299707.0,41205476363.0
PGSUS,2021,12,-1972478349.0,6869846081.0,10664406707.0,0.0,102299707.0,36665966532.0
PGSUS,2021,9,-1002777028.0,5253470959.0,7172112568.0,0.0,102299707.0,25814241089.0
PGSUS,2021,6,-1595692698.0,4686859802.0,2634454661.0,0.0,102299707.0,26096151944.0
PGSUS,2021,3,-933239330.0,4991530531.0,1089931621.0,0.0,102299707.0,21853669433.0
PGSUS,2020,12,-1965097057.0,5386417638.0,4803559909.0,0.0,102299707.0,19012093071.0
PGSUS,2020,9,-1225183204.0,5864992283.0,3519440625.0,0.0,102299707.0,17244613214.0
PGSUS,2020,6,-1328596135.0,4730960362.0,2029616662.0,0.0,102299707.0,15525680385.0
PGSUS,2020,3,-401505032.0,4945633308.0,1878316894.0,0.0,102299707.0,12194326602.0
PGSUS,2019,12,1334567915.0,5342169207.0,11025224523.0,0.0,102299707.0,10755675348.0
PGSUS,2019,9,1311746414.0,4761864000.0,8513496028.0,0.0,102299707.0,10194172131.0
PGSUS,2019,6,109130445.0,3951934432.0,4396346375.0,0.0,102299707.0,9703964067.0
PGSUS,2019,3,-214513684.0,3470173926.0,1765904482.0,0.0,102299707.0,8832141226.0
PGSUS,2018,12,502117015.0,3715447648.0,8276743365.0,0.0,102299707.0,6522084382.0
PGSUS,2018,9,643394553.0,4528828868.0,6243781039.0,0.0,102272000.0,7316815412.0
PGSUS,2018,6,-99734811.0,2706183073.0,2892399732.0,0.0,102272000.0,5088151129.0
PGSUS,2018,3,-114727818.0,2519250835.0,1194745297.0,0.0,102272000.0,4209907583.0
PGSUS,2017,12,501063098.0,2484638206.0,5348573409.0,0.0,102272000.0,3608480424.0
PGSUS,2017,9,492162067.0,2299298503.0,4162118008.0,0.0,102272000.0,3025832742.0
PGSUS,2017,6,-46309477.0,1641960571.0,2109264522.0,0.0,102272000.0,2797252504.0
PGSUS,2017,3,-206415676.0,1442147872.0,885822496.0,0.0,102272000.0,2598373348.0
PGSUS,2016,12,-136182998.0,1569321345.0,3707471135.0,0.0,102272000.0,2676565590.0
PGSUS,2016,9,43278777.0,1608439721.0,2860023301.0,0.0,102272000.0,1817618307.0
PGSUS,2016,6,-202957812.0,1296243419.0,1488781057.0,0.0,102272000.0,1295313533.0
PGSUS,2016,3,-190563934.0,1279037973.0,691100801.0,0.0,102272000.0,1371946222.0
PGSUS,2015,12,111863873.0,1452731629.0,3488271223.0,0.0,102272000.0,1415436782.0
PGSUS,2015,9,197850878.0,1669560460.0,2737023153.0,0.0,102272000.0,1586169101.0
PGSUS,2015,6,-42151297.0,1213690455.0,1417042133.0,0.0,102272000.0,1419333328.0
PGSUS,2015,3,-80645511.0,1111104616.0,583146329.0,0.0,102272000.0,1347841581.0
PGSUS,2014,12,143306590.0,1161160216.0,3081727739.0,0.0,102272000.0,1354261740.0
PGSUS,2014,9,234137498.0,1339997622.0,2410126354.0,0.0,102272000.0,1319970697.0
PGSUS,2014,6,-17922243.0,1116638953.0,1305376003.0,0.0,102272000.0,1519523016.0
PGSUS,2014,3,-104524595.0,1070273455.0,510823297.0,0.0,102272000.0,1615645330.0
PGSUS,2013,12,88312006.0,1146227085.0,2393583737.0,0.0,102272000.0,1445187455.0
PGSUS,2013,9,159420411.0,1129451426.0,1824288693.0,0.0,102272000.0,1495526121.0
PGSUS,2013,6,44141270.0,898896368.0,989158509.0,0.0,102272000.0,1454403626.0
PGSUS,2013,3,-6333226.0,316523034.0,386043713.0,0.0,75000000.0,1380630923.0
PGSUS,2012,12,126303516.0,327352148.0,1919446126.0,0.0,75000000.0,1426874045.0
PGSUS,2012,9,88151750.0,0.0,1469380589.0,0.0,0.0,0.0
PGSUS,2012,6,-70143901.0,0.0,799254993.0,0.0,0.0,0.0
PGSUS,2012,3,-105712175.0,0.0,278905791.0,0.0,0.0,0.0
PGSUS,2011,12,-14085900.0,188697075.0,1484079753.0,0.0,75000000.0,1322076927.0
SAHOL,2023,12,28654876000.0,556083366000.0,197812451000.0,0.0,2040404000.0,313861849000.0
SAHOL,2023,9,-3567913000.0,264777346000.0,139059780000.0,0.0,2040404000.0,188842883000.0
SAHOL,2023,6,20658592000.0,229795168000.0,83498200000.0,0.0,2040404000.0,169865010000.0
SAHOL,2023,3,-5654947000.0,201543602000.0,40440182000.0,0.0,2040404000.0,142996555000.0
SAHOL,2022,12,61268368000.0,400606109000.0,123593119000.0,0.0,2040404000.0,231467976000.0
SAHOL,2022,9,52400918000.0,164786304000.0,46517068000.0,0.0,2040404000.0,156170042000.0
SAHOL,2022,6,30072205000.0,138980868000.0,28050392000.0,0.0,2040404000.0,140810878000.0
SAHOL,2022,3,13418566000.0,122946727000.0,12462874000.0,0.0,2040404000.0,120837708000.0
SAHOL,2021,12,20571168000.0,103604182000.0,30570352000.0,0.0,2040404000.0,119995358000.0
SAHOL,2021,9,11678582000.0,91878690000.0,20864465000.0,0.0,2040404000.0,83309443000.0
SAHOL,2021,6,6213227000.0,83450715000.0,13009450000.0,0.0,2040404000.0,84699027000.0
SAHOL,2021,3,3091858000.0,77736877000.0,6203134000.0,0.0,2040404000.0,79023445000.0
SAHOL,2020,12,8899253000.0,76782894000.0,21529210000.0,0.0,2040404000.0,74195404000.0
SAHOL,2020,9,6809143000.0,73007252000.0,15026408000.0,0.0,2040404000.0,81483903000.0
SAHOL,2020,6,4047577000.0,70065932000.0,8951048000.0,0.0,2040404000.0,70438022000.0
SAHOL,2020,3,2080225000.0,65922752000.0,4552636000.0,0.0,2040404000.0,60820586000.0
SAHOL,2019,12,6964968000.0,66477443000.0,18782988000.0,0.0,2040404000.0,60069616000.0
SAHOL,2019,9,5304700000.0,63311314000.0,13795004000.0,0.0,2040404000.0,59228206000.0
SAHOL,2019,6,3541212000.0,60793054000.0,9101548000.0,0.0,2040404000.0,65738308000.0
SAHOL,2019,3,1927943000.0,58730789000.0,4288335000.0,0.0,2040404000.0,72029736000.0
SAHOL,2018,12,7242451000.0,56395796000.0,16260337000.0,0.0,2040404000.0,65764148000.0
SAHOL,2018,9,6336901000.0,55702618000.0,11755194000.0,0.0,2040404000.0,77672511000.0
SAHOL,2018,6,4264069000.0,53788635000.0,7344526000.0,0.0,2040404000.0,67962260000.0
SAHOL,2018,3,2091099000.0,52532880000.0,3407160000.0,0.0,2040404000.0,56411437000.0
SAHOL,2017,12,7437898000.0,51997939000.0,13839851000.0,0.0,2040404000.0,55257767000.0
SAHOL,2017,9,5180040000.0,49688811000.0,10000847000.0,0.0,2040404000.0,52171502000.0
SAHOL,2017,6,3336509000.0,47941526000.0,6361439000.0,0.0,2040404000.0,52085607000.0
SAHOL,2017,3,1572710000.0,45962364000.0,2951759000.0,0.0,2040404000.0,53203145000.0
SAHOL,2016,12,5547146000.0,44807343000.0,12362180000.0,0.0,2040404000.0,48918074000.0
SAHOL,2016,9,4021454000.0,43520380000.0,9373841000.0,0.0,2040404000.0,44495636000.0
SAHOL,2016,6,2839654000.0,42456077000.0,6310833000.0,0.0,2040404000.0,45307628000.0
SAHOL,2016,3,1284322000.0,40631503000.0,2996566000.0,0.0,2040404000.0,42415844000.0
SAHOL,2015,12,4421082000.0,39971438000.0,11657193000.0,0.0,2040404000.0,40678713000.0
SAHOL,2015,9,3256791000.0,38252288000.0,8281765000.0,0.0,2040404000.0,42812511000.0
SAHOL,2015,6,2302609000.0,38139696000.0,5213622000.0,0.0,2040404000.0,40260812000.0
SAHOL,2015,3,1233283000.0,37091099000.0,2449775000.0,0.0,2040404000.0,38820088000.0
SAHOL,2014,12,4350859000.0,36857880000.0,10384249000.0,0.0,2040404000.0,33718100000.0
SAHOL,2014,9,3047157000.0,35234479000.0,7771814000.0,0.0,2040404000.0,33084668000.0
SAHOL,2014,6,2044467000.0,34659728000.0,5125528000.0,0.0,2040404000.0,32083325000.0
SAHOL,2014,3,876517000.0,32512812000.0,2540395000.0,0.0,2040404000.0,31110579000.0
SAHOL,2013,12,3844652000.0,32014657000.0,8457484000.0,0.0,2040404000.0,30231602000.0
SAHOL,2013,9,3244398000.0,31765700000.0,5902390000.0,0.0,2040404000.0,28294386000.0
SAHOL,2013,6,2343042000.0,30457627000.0,3351852000.0,0.0,2040404000.0,26108257000.0
SAHOL,2013,3,1093300000.0,30558483000.0,1558604000.0,0.0,2040404000.0,25229031000.0
SAHOL,2012,12,3765465000.0,30513044000.0,21067268000.0,0.0,2040404000.0,24005335000.0
SAHOL,2012,9,2428443000.0,28516871000.0,15362494000.0,0.0,2040404000.0,23800239000.0
SAHOL,2012,6,1440141000.0,27060004000.0,3468974000.0,0.0,2040404000.0,23753167000.0
SAHOL,2012,3,633486000.0,26339896000.0,1631069000.0,0.0,2040404000.0,24332958000.0
SAHOL,2011,12,3531123000.0,25473142000.0,10595650000.0,0.0,2040404000.0,25830882000.0
SAHOL,2011,9,2835893000.0,25134784000.0,7731097000.0,0.0,2040404000.0,23952924000.0
SAHOL,2011,6,2009343000.0,24650754000.0,5087196000.0,0.0,2040404000.0,20190242000.0
SAHOL,2011,3,863279000.0,24035890000.0,2486133000.0,0.0,2040404000.0,18226850000.0
QUAGR,2023,12,605513606.0,11212524780.0,11232573730.0,0.0,2640000000.0,7112656453.0
QUAGR,2023,9,48898688.0,4369053223.0,8073726675.0,0.0,2640000000.0,3736233355.0
QUAGR,2023,6,207457923.0,4339937912.0,5183445755.0,0.0,240000000.0,4104037837.0
QUAGR,2023,3,34578697.0,3937189954.0,2364088026.0,0.0,240000000.0,3130788267.0
QUAGR,2022,12,2610903885.0,7358111088.0,7635758071.0,0.0,240000000.0,4419009404.0
QUAGR,2022,9,1092430796.0,2191880801.0,2888026487.0,0.0,240000000.0,2224067972.0
QUAGR,2022,6,584371260.0,1684478560.0,1793961815.0,0.0,240000000.0,1811794256.0
QUAGR,2022,3,245536030.0,1346858855.0,650255554.0,0.0,240000000.0,1284563805.0
QUAGR,2021,12,565581777.0,1101503446.0,1150450817.0,0.0,240000000.0,866560384.0
QUAGR,2021,9,207117204.0,751083615.0,731876918.0,0.0,240000000.0,561813968.0
QUAGR,2021,6,138555363.0,723205704.0,489073819.0,0.0,240000000.0,257456291.0
QUAGR,2021,3,45579944.0,385064682.0,202380671.0,0.0,105000000.0,282281324.0
QUAGR,2020,12,144455696.0,339536039.0,702771654.0,0.0,105000000.0,205019199.0
QUAGR,2020,9,91903649.0,0.0,491142574.0,0.0,0.0,0.0
QUAGR,2020,6,47245244.0,0.0,313401799.0,0.0,0.0,0.0
QUAGR,2020,3,6666118.0,0.0,123133491.0,0.0,0.0,0.0
QUAGR,2019,12,13206108.0,171302825.0,403815957.0,0.0,99600000.0,160763663.0
QUAGR,2018,12,19544622.0,158340198.0,331464705.0,0.0,70000000.0,136481704.0
PRKME,2023,12,487960698.0,3974472946.0,573872450.0,0.0,148867243.0,0.0
PRKME,2023,9,131233719.0,1715618683.0,387500167.0,0.0,148867243.0,0.0
PRKME,2023,6,412052674.0,1711865216.0,193785087.0,0.0,148867243.0,0.0
PRKME,2023,3,-125224255.0,1422780656.0,81110050.0,0.0,148867243.0,0.0
PRKME,2022,12,-225541199.0,2652869588.0,387699031.0,0.0,148867243.0,0.0
PRKME,2022,9,334033923.0,1289743272.0,143855424.0,0.0,148867243.0,0.0
PRKME,2022,6,259646356.0,1215400645.0,81095502.0,0.0,148867243.0,0.0
PRKME,2022,3,52196526.0,1010312825.0,29744874.0,0.0,148867243.0,0.0
PRKME,2021,12,255169083.0,959116297.0,79251636.0,0.0,148867243.0,0.0
PRKME,2021,9,77351108.0,781298322.0,53172987.0,0.0,148867243.0,0.0
PRKME,2021,6,65948450.0,769919015.0,31860224.0,0.0,148867243.0,0.0
PRKME,2021,3,47524722.0,751495287.0,13285031.0,0.0,148867243.0,0.0
PRKME,2020,12,59475456.0,704400161.0,46612527.0,0.0,148867243.0,0.0
PRKME,2020,9,71420460.0,715218860.0,30087919.0,0.0,148867243.0,0.0
PRKME,2020,6,29789966.0,675172654.0,20652364.0,0.0,148867243.0,0.0
PRKME,2020,3,18642961.0,508030976.0,10640076.0,0.0,148867243.0,646.0
PRKME,2019,12,4055475.0,489388015.0,10447779.0,0.0,148867243.0,588.0
PRKME,2019,9,7131303.0,490211600.0,3053908.0,0.0,148867243.0,105546.0
PRKME,2019,6,8169596.0,491249893.0,733036.0,0.0,148867243.0,424704.0
PRKME,2019,3,4239408.0,487319705.0,63744.0,0.0,148867243.0,721078.0
PRKME,2018,12,39111839.0,483080297.0,439589.0,0.0,148867243.0,955790.0
PRKME,2018,9,85589517.0,534989744.0,403047.0,0.0,148867243.0,1404451.0
PRKME,2018,6,30834218.0,480234445.0,260606.0,0.0,148867243.0,1306343.0
PRKME,2018,3,7426449.0,456781924.0,92711.0,0.0,148867243.0,1333348.0
PRKME,2017,12,487366953.0,442586525.0,89335.0,0.0,148867243.0,1464394.0
PRKME,2017,9,470189386.0,429493929.0,0.0,0.0,148867243.0,1555981.0
PRKME,2017,6,473668480.0,432701048.0,0.0,0.0,148867243.0,3857594.0
PRKME,2017,3,491357648.0,936136105.0,0.0,0.0,148867243.0,4549022.0
PRKME,2016,12,-21665111.0,497662833.0,11957.0,0.0,148867243.0,5000063.0
PRKME,2016,9,-11944025.0,369418441.0,0.0,0.0,148867243.0,5089616.0
PRKME,2016,6,-7227435.0,374040539.0,0.0,0.0,148867243.0,3791060.0
PRKME,2016,3,-1215541.0,380198114.0,0.0,0.0,148867243.0,5011856.0
PRKME,2015,12,29234883.0,490705120.0,164847504.0,0.0,148867243.0,6284532.0
PRKME,2015,9,22976861.0,430188554.0,132681618.0,0.0,148867243.0,3931089.0
PRKME,2015,6,20315537.0,427527230.0,96275552.0,0.0,148867243.0,3538528.0
PRKME,2015,3,4328665.0,501915404.0,43236970.0,0.0,148867243.0,4225616.0
PRKME,2014,12,20459924.0,498676380.0,222672159.0,0.0,148867243.0,4952714.0
PRKME,2014,9,18671453.0,473960518.0,169426777.0,0.0,148867243.0,5823607.0
PRKME,2014,6,13421624.0,469101545.0,122005526.0,0.0,148867243.0,6566232.0
PRKME,2014,3,16787377.0,536993347.0,56764373.0,0.0,148867243.0,7581636.0
PRKME,2013,12,69252863.0,520205970.0,261013293.0,0.0,148867243.0,7377695.0
PRKME,2013,9,57888082.0,508859965.0,201795861.0,0.0,148867243.0,6127183.0
PRKME,2013,6,36107450.0,487079333.0,123644553.0,0.0,148867243.0,0.0
PRKME,2013,3,14170267.0,464640424.0,54206345.0,0.0,148867243.0,533760.0
PRKME,2012,12,107315083.0,450470157.0,264887648.0,0.0,148867243.0,671482.0
PRKME,2012,9,87690289.0,431146841.0,199284102.0,0.0,148867243.0,785127.0
PRKME,2012,6,66659501.0,410116053.0,144682771.0,0.0,148867243.0,896233.0
PRKME,2012,3,21673203.0,465129755.0,66679043.0,0.0,148867243.0,1058297.0
PRKME,2011,12,100895711.0,443456552.0,172521194.0,0.0,148867243.0,2532540.0
PRKME,2011,9,83697473.0,426258314.0,138140402.0,0.0,148867243.0,0.0
PRKME,2011,6,43423673.0,385984514.0,77619704.0,0.0,148867243.0,0.0
PRKME,2011,3,23780024.0,366340865.0,43877825.0,0.0,148867243.0,0.0
SASA,2023,12,26265621000.0,94032627000.0,66871472000.0,0.0,5321654000.0,94329618000.0
SASA,2023,9,8788972000.0,29054563000.0,49209454000.0,0.0,5298542000.0,55248966000.0
SASA,2023,6,117606000.0,17052799000.0,28891559000.0,0.0,5295960000.0,48848965000.0
SASA,2023,3,5034237000.0,20275132000.0,15592759000.0,0.0,2302591000.0,34080310000.0
SASA,2022,12,22753905000.0,40525810000.0,61835185000.0,0.0,2263633000.0,43090565000.0
SASA,2022,9,8008417000.0,13092940000.0,24037130000.0,0.0,2240000000.0,22578822000.0
SASA,2022,6,5579656000.0,9458091000.0,15629053000.0,0.0,2240000000.0,19375906000.0
SASA,2022,3,2332518000.0,6455900000.0,7108139000.0,0.0,1120000000.0,15047752000.0
SASA,2021,12,697435000.0,4162627000.0,14644953000.0,0.0,1120000000.0,11998872000.0
SASA,2021,9,1406943000.0,4035799000.0,8907291000.0,0.0,1120000000.0,8337018000.0
SASA,2021,6,641776000.0,3533710000.0,5258100000.0,0.0,1120000000.0,7131246000.0
SASA,2021,3,109742000.0,2996092000.0,2532501000.0,0.0,830000000.0,5987499000.0
SASA,2020,12,312188000.0,2886350000.0,5040948000.0,0.0,830000000.0,5905972000.0
SASA,2020,9,-54405000.0,2519757000.0,3088411000.0,0.0,830000000.0,6127684000.0
SASA,2020,6,198984000.0,2773146000.0,1863186000.0,0.0,830000000.0,5119946000.0
SASA,2020,3,70082000.0,2644244000.0,1004689000.0,0.0,830000000.0,4897631000.0
SASA,2019,12,1064180000.0,2585101000.0,2763745000.0,0.0,830000000.0,4329643000.0
SASA,2019,9,964245000.0,2491880000.0,1956225000.0,0.0,830000000.0,3613645000.0
SASA,2019,6,498647000.0,2019568000.0,1260775000.0,0.0,830000000.0,3050330000.0
SASA,2019,3,216243000.0,1951473000.0,626302000.0,0.0,605000000.0,2318856000.0
SASA,2018,12,597406000.0,1735230000.0,2178954000.0,0.0,605000000.0,2041429000.0
SASA,2018,9,412338000.0,1546159000.0,1604288000.0,0.0,605000000.0,2281926000.0
SASA,2018,6,268454000.0,1406278000.0,953761000.0,0.0,605000000.0,1563620000.0
SASA,2018,3,43655000.0,1182949000.0,419737000.0,0.0,412500000.0,1140106000.0
SASA,2017,12,203566000.0,1137824000.0,1655205000.0,0.0,412500000.0,920803000.0
SASA,2017,9,150117000.0,1125420000.0,1232704000.0,0.0,412500000.0,604015000.0
SASA,2017,6,110115000.0,1085418000.0,815978000.0,0.0,412500000.0,581849000.0
SASA,2017,3,78012000.0,512251000.0,409254000.0,0.0,366300000.0,446209000.0
SASA,2016,12,137048000.0,528115000.0,1182909000.0,0.0,366300000.0,342709000.0
SASA,2016,9,66012000.0,457079000.0,850234000.0,0.0,266300000.0,279651000.0
SASA,2016,6,39764000.0,430831000.0,581042000.0,0.0,216300000.0,288303000.0
SASA,2016,3,9065000.0,400132000.0,283983000.0,0.0,216300000.0,274613000.0
SASA,2015,12,70731000.0,391067000.0,1111408000.0,0.0,216300000.0,151952000.0
SASA,2015,9,62301000.0,382637000.0,822487000.0,0.0,216300000.0,134218000.0
SASA,2015,6,40412000.0,360748000.0,559495000.0,0.0,216300000.0,190061000.0
SASA,2015,3,13555000.0,333891000.0,262419000.0,0.0,216300000.0,199929000.0
SASA,2014,12,71380000.0,320336000.0,1209788000.0,0.0,216300000.0,203842000.0
SASA,2014,9,61314000.0,311229000.0,927586000.0,0.0,216300000.0,182680000.0
SASA,2014,6,31881000.0,281796000.0,624126000.0,0.0,216300000.0,185653000.0
SASA,2014,3,17709000.0,267624000.0,323068000.0,0.0,216300000.0,187384000.0
SASA,2013,12,6241000.0,249915000.0,1090265000.0,0.0,216300000.0,142493000.0
SASA,2013,9,7661000.0,247765000.0,828991000.0,0.0,216300000.0,247584000.0
SASA,2013,6,777000.0,241811000.0,534587000.0,0.0,216300000.0,231439000.0
SASA,2013,3,243000.0,243917000.0,269073000.0,0.0,216300000.0,236222000.0
SASA,2012,12,-29695000.0,243674000.0,999978000.0,0.0,216300000.0,281605000.0
SASA,2012,9,-14947000.0,259536000.0,770751000.0,0.0,216300000.0,242815000.0
SASA,2012,6,-7331000.0,267152000.0,511406000.0,0.0,216300000.0,212517000.0
SASA,2012,3,-3415000.0,271068000.0,255312000.0,0.0,216300000.0,190049000.0
SASA,2011,12,42110000.0,274483000.0,904582000.0,0.0,216300000.0,129423000.0
SASA,2011,9,41602000.0,273975000.0,698797000.0,0.0,216300000.0,140400000.0
SASA,2011,6,27613000.0,259986000.0,464289000.0,0.0,216300000.0,152962000.0
SASA,2011,3,10750000.0,243123000.0,229998000.0,0.0,216300000.0,133002000.0
SELEC,2023,12,322287635.0,21746281406.0,141085577426.0,0.0,621000000.0,3487906513.0
SELEC,2023,9,-387079042.0,8628041731.0,101733174721.0,0.0,621000000.0,2255659584.0
SELEC,2023,6,220300700.0,7581280123.0,65323103094.0,0.0,621000000.0,2313319535.0
SELEC,2023,3,687975617.0,7367624526.0,34362793208.0,0.0,621000000.0,2262808848.0
SELEC,2022,12,635706672.0,15199262140.0,85196585566.0,0.0,621000000.0,478930962.0
SELEC,2022,9,1661580546.0,5678324590.0,30207869880.0,0.0,621000000.0,253695765.0
SELEC,2022,6,919342223.0,4952851044.0,18643707213.0,0.0,621000000.0,495537656.0
SELEC,2022,3,548697767.0,4901957809.0,8568051125.0,0.0,621000000.0,177763059.0
SELEC,2021,12,922717606.0,4366573655.0,26214644330.0,0.0,621000000.0,108154235.0
SELEC,2021,9,719680004.0,4166103258.0,18200850235.0,0.0,621000000.0,118907097.0
SELEC,2021,6,547582106.0,4000944716.0,11608992213.0,0.0,621000000.0,111093740.0
SELEC,2021,3,283517474.0,3845694212.0,5789513494.0,0.0,621000000.0,145850555.0
SELEC,2020,12,586798396.0,3567525883.0,21027099075.0,0.0,621000000.0,87204178.0
SELEC,2020,9,483615753.0,3464631008.0,15428919648.0,0.0,621000000.0,91627256.0
SELEC,2020,6,383389761.0,3365687605.0,10230184736.0,0.0,621000000.0,999503786.0
SELEC,2020,3,246846276.0,3334191950.0,5516116254.0,0.0,621000000.0,1098060297.0
SELEC,2019,12,694899587.0,3090750651.0,17808667101.0,0.0,621000000.0,286802472.0
SELEC,2019,9,581931874.0,2982601790.0,12907614915.0,0.0,621000000.0,156896842.0
SELEC,2019,6,454672777.0,2858186934.0,8458073060.0,0.0,621000000.0,96728111.0
SELEC,2019,3,253324533.0,2720430028.0,4163079176.0,0.0,621000000.0,30601444.0
SELEC,2018,12,391269928.0,2469808378.0,13467345526.0,0.0,621000000.0,106845616.0
SELEC,2018,9,292740798.0,2373563908.0,9892621300.0,0.0,621000000.0,617944740.0
SELEC,2018,6,230596553.0,2313414953.0,6546282952.0,0.0,621000000.0,662859175.0
SELEC,2018,3,152045982.0,2298161576.0,3284102180.0,0.0,621000000.0,39679034.0
SELEC,2017,12,301100132.0,2149927929.0,10686329979.0,0.0,621000000.0,48024867.0
SELEC,2017,9,244128061.0,2090393968.0,7852908268.0,0.0,621000000.0,35595146.0
SELEC,2017,6,193671807.0,2042702123.0,5240009236.0,0.0,621000000.0,405229179.0
SELEC,2017,3,105787572.0,2007882176.0,2675287016.0,0.0,621000000.0,73233159.0
SELEC,2016,12,243617158.0,1904946637.0,8643408122.0,0.0,621000000.0,43347023.0
SELEC,2016,9,207436809.0,1868480389.0,6343447150.0,0.0,621000000.0,59710144.0
SELEC,2016,6,147859402.0,1811819213.0,4300589455.0,0.0,621000000.0,81415905.0
SELEC,2016,3,87429308.0,1794901917.0,2153225103.0,0.0,621000000.0,37470370.0
SELEC,2015,12,190698092.0,1710958922.0,7480344550.0,0.0,621000000.0,89107147.0
SELEC,2015,9,145570725.0,1665662034.0,5432652993.0,0.0,621000000.0,46250014.0
SELEC,2015,6,95429406.0,1617747162.0,3674501524.0,0.0,621000000.0,38386335.0
SELEC,2015,3,46694658.0,1608099775.0,1814602358.0,0.0,621000000.0,46087132.0
SELEC,2014,12,165393334.0,1563300385.0,6386429899.0,0.0,621000000.0,35029639.0
SELEC,2014,9,128187876.0,1527820162.0,4700263832.0,0.0,621000000.0,71257699.0
SELEC,2014,6,93814999.0,1495346289.0,3126358891.0,0.0,621000000.0,57348402.0
SELEC,2014,3,49253841.0,1486231938.0,1582532940.0,0.0,621000000.0,88737440.0
SELEC,2013,12,152325975.0,1439571349.0,5238018212.0,0.0,621000000.0,332129942.0
SELEC,2013,9,118040688.0,1411712372.0,3875648849.0,0.0,621000000.0,125338060.0
SELEC,2013,6,75327385.0,1367657544.0,2586564689.0,0.0,621000000.0,918968077.0
SELEC,2013,3,37101464.0,1361747682.0,1284465448.0,0.0,621000000.0,1110942299.0
SELEC,2012,12,148192837.0,1326019284.0,4902072823.0,0.0,621000000.0,895525878.0
SELEC,2012,9,116383341.0,1297463068.0,3670719159.0,0.0,621000000.0,30315238.0
SELEC,2012,6,84255003.0,1266025853.0,2491961264.0,0.0,621000000.0,6740287.0
SELEC,2012,3,42246288.0,1254859959.0,1253199554.0,0.0,621000000.0,20145351.0
SELEC,2011,12,138563741.0,1213384850.0,5074497922.0,0.0,621000000.0,7000169.0
SELEC,2011,9,109281237.0,1184102346.0,3850423661.0,0.0,621000000.0,24587798.0
SELEC,2011,6,72019796.0,1146840905.0,2594909821.0,0.0,621000000.0,775656168.0
SELEC,2011,3,39251977.0,1151333086.0,1317096818.0,0.0,621000000.0,1234146820.0
SARKY,2023,12,2098007912.0,9463622128.0,65406579707.0,0.0,500000000.0,8748012913.0
SARKY,2023,9,1129614270.0,4136802853.0,50724713492.0,0.0,500000000.0,5921949129.0
SARKY,2023,6,921055760.0,3392231935.0,31704916187.0,0.0,500000000.0,5554214665.0
SARKY,2023,3,419054300.0,2995327462.0,16621885206.0,0.0,400000000.0,4226762486.0
SARKY,2022,12,924068829.0,5377146314.0,53253039961.0,0.0,400000000.0,6213832360.0
SARKY,2022,9,832886516.0,2286398835.0,20211517723.0,0.0,400000000.0,3065752359.0
SARKY,2022,6,638989459.0,2041633465.0,13440564340.0,0.0,400000000.0,3227699622.0
SARKY,2022,3,370365269.0,1845630501.0,6558065330.0,0.0,300000000.0,2985737432.0
SARKY,2021,12,553592185.0,1441229757.0,13863404122.0,0.0,300000000.0,2716331128.0
SARKY,2021,9,333951101.0,1119007904.0,9384388333.0,0.0,300000000.0,1892833939.0
SARKY,2021,6,272788857.0,1053372766.0,6054269761.0,0.0,300000000.0,2023695989.0
SARKY,2021,3,107913833.0,966341869.0,2684241280.0,0.0,300000000.0,1733876719.0
SARKY,2020,12,248112687.0,838458052.0,6742787513.0,0.0,300000000.0,1470933739.0
SARKY,2020,9,144125151.0,739052348.0,4523507064.0,0.0,300000000.0,1453084097.0
SARKY,2020,6,38137077.0,614807337.0,2679652075.0,0.0,300000000.0,1170832832.0
SARKY,2020,3,18617792.0,613966994.0,1529834844.0,0.0,200000000.0,1137336349.0
SARKY,2019,12,88937246.0,586965442.0,5780611154.0,0.0,200000000.0,1146199926.0
SARKY,2019,9,85364808.0,585362280.0,4339034198.0,0.0,200000000.0,1022175332.0
SARKY,2019,6,73171181.0,574214263.0,2958604196.0,0.0,200000000.0,1076501794.0
SARKY,2019,3,39548129.0,594100670.0,1480061489.0,0.0,200000000.0,940420687.0
SARKY,2018,12,91217033.0,551068648.0,5645635715.0,0.0,200000000.0,1033807769.0
SARKY,2018,9,102368630.0,555218164.0,4174979132.0,0.0,200000000.0,1096618940.0
SARKY,2018,6,56024086.0,487644127.0,2813723451.0,0.0,200000000.0,1012445067.0
SARKY,2018,3,21559015.0,476647666.0,1386591539.0,0.0,200000000.0,898373466.0
SARKY,2017,12,88201962.0,453018844.0,4349760480.0,0.0,200000000.0,866357646.0
SARKY,2017,9,48371589.0,410001882.0,3119704757.0,0.0,200000000.0,808753964.0
SARKY,2017,6,26980595.0,387460052.0,2092895991.0,0.0,200000000.0,759430364.0
SARKY,2017,3,14058568.0,394502295.0,1035298262.0,0.0,125000000.0,748853992.0
SARKY,2016,12,30285273.0,378034715.0,2890595687.0,0.0,125000000.0,573475735.0
SARKY,2016,9,16314040.0,359052012.0,2093843178.0,0.0,125000000.0,520140736.0
SARKY,2016,6,15618943.0,356883897.0,1385296464.0,0.0,125000000.0,518491854.0
SARKY,2016,3,4982885.0,367476553.0,686138770.0,0.0,125000000.0,484790473.0
SARKY,2015,12,35650829.0,363594712.0,2726637507.0,0.0,125000000.0,497731452.0
SARKY,2015,9,32660989.0,357133844.0,2051138535.0,0.0,125000000.0,510968420.0
SARKY,2015,6,20180662.0,340454999.0,1407699233.0,0.0,125000000.0,506100412.0
SARKY,2015,3,10680455.0,345153995.0,670901781.0,0.0,100000000.0,422343458.0
SARKY,2014,12,24275556.0,330991916.0,2539888389.0,0.0,100000000.0,455338110.0
SARKY,2014,9,16934698.0,325329039.0,1914936911.0,0.0,100000000.0,421467375.0
SARKY,2014,6,9715562.0,316492773.0,1280103382.0,0.0,100000000.0,422448978.0
SARKY,2014,3,9076707.0,317233550.0,668854932.0,0.0,100000000.0,461248688.0
SARKY,2013,12,25363605.0,324576001.0,2411857861.0,0.0,100000000.0,458250543.0
SARKY,2013,9,17589524.0,319793734.0,1828130596.0,0.0,100000000.0,437866686.0
SARKY,2013,6,9926224.0,308735818.0,1256929505.0,0.0,100000000.0,492551430.0
SARKY,2013,3,5133735.0,322425398.0,667956638.0,0.0,100000000.0,554634656.0
SARKY,2012,12,33346480.0,319144244.0,2366690290.0,0.0,100000000.0,460383137.0
SARKY,2012,9,26840484.0,312193726.0,1786231776.0,0.0,100000000.0,458542254.0
SARKY,2012,6,14483723.0,299800559.0,1274892598.0,0.0,100000000.0,404221317.0
SARKY,2012,3,9038556.0,298962265.0,613026682.0,0.0,50000000.0,381554159.0
SARKY,2011,12,30310460.0,289979142.0,2202640009.0,0.0,50000000.0,369704813.0
SARKY,2011,9,38372029.0,285544642.0,1650574332.0,0.0,50000000.0,339361150.0
SARKY,2011,6,32337834.0,292188734.0,1076544989.0,0.0,50000000.0,321636103.0
SARKY,2011,3,4705700.0,271246636.0,525736259.0,0.0,50000000.0,324843467.0
SNGYO,2023,12,6916042500.0,36731423231.0,2456346351.0,3997175188.0,1500000000.0,5097864584.0
SNGYO,2023,9,1436855726.0,7795872168.0,1891736092.0,0.0,1500000000.0,3968330503.0
SNGYO,2023,6,-491193116.0,7575846319.0,441233934.0,0.0,1500000000.0,3983004195.0
SNGYO,2023,3,-482636614.0,7512089075.0,191723835.0,0.0,1500000000.0,4713624376.0
SNGYO,2022,12,3526196906.0,20650269161.0,2351772117.0,3470189359.0,1500000000.0,7595161133.0
SNGYO,2022,9,-990569443.0,3277779586.0,883246492.0,0.0,1500000000.0,4982803439.0
SNGYO,2022,6,204154703.0,4474296346.0,449583895.0,0.0,1500000000.0,4563816948.0
SNGYO,2022,3,190919160.0,4461247715.0,165006085.0,0.0,873193432.0,4773524499.0
SNGYO,2021,12,3481065296.0,4269825379.0,2123440868.0,3768573293.0,873193432.0,4585089802.0
SNGYO,2021,9,1584755270.0,2335594663.0,933812892.0,1539602575.0,873193432.0,3247740403.0
SNGYO,2021,6,997731976.0,1710794848.0,643577732.0,1539602575.0,873193432.0,4105135347.0
SNGYO,2021,3,1098912659.0,1811872991.0,350142422.0,1539602575.0,873193432.0,4195319171.0
SNGYO,2020,12,148240228.0,712474089.0,1988371425.0,280635474.0,873193432.0,4087107688.0
SNGYO,2020,9,-479466885.0,83150248.0,1151722776.0,0.0,873193432.0,4505551116.0
SNGYO,2020,6,-456841932.0,105494263.0,507211158.0,0.0,873193432.0,4113232673.0
SNGYO,2020,3,-110510922.0,452224712.0,415118263.0,0.0,873193432.0,3920409383.0
SNGYO,2019,12,216349683.0,562667786.0,1697294898.0,167015259.0,873193432.0,3698506092.0
SNGYO,2019,9,47813433.0,394912724.0,767978692.0,0.0,873193432.0,3511320199.0
SNGYO,2019,6,-33499161.0,315969205.0,582360311.0,0.0,873193432.0,3588532899.0
SNGYO,2019,3,-7797891.0,341907174.0,455995321.0,0.0,873193432.0,3539925750.0
SNGYO,2018,12,-196167747.0,349740422.0,398573820.0,640403259.0,873193432.0,3253914561.0
SNGYO,2018,9,-533597621.0,15901097.0,213318504.0,189337772.0,873193432.0,3689427265.0
SNGYO,2018,6,-142353754.0,451448129.0,72861386.0,162158944.0,873193432.0,2807257826.0
SNGYO,2018,3,72473010.0,1673939795.0,46343147.0,147270668.0,873193432.0,2623155793.0
SNGYO,2017,12,-242615040.0,846382669.0,904279440.0,0.0,600000000.0,2103650875.0
SNGYO,2017,9,-42539600.0,968587288.0,713486544.0,0.0,600000000.0,906660196.0
SNGYO,2017,6,-61922857.0,949245995.0,291336180.0,0.0,600000000.0,887848657.0
SNGYO,2017,3,-34725772.0,955769421.0,131921724.0,0.0,600000000.0,890360019.0
SNGYO,2016,12,-81529324.0,995452513.0,303522495.0,8498960.0,600000000.0,848675123.0
SNGYO,2016,9,-29971322.0,1020335383.0,116708391.0,0.0,600000000.0,726886859.0
SNGYO,2016,6,-17132604.0,1036324815.0,49551681.0,0.0,600000000.0,633431809.0
SNGYO,2016,3,-120828.0,1048394117.0,21815079.0,0.0,600000000.0,570435705.0
SNGYO,2015,12,-52220536.0,1048572827.0,257445983.0,20445666.0,600000000.0,628293723.0
SNGYO,2015,9,-43653795.0,1075179169.0,217747369.0,0.0,600000000.0,683198029.0
SNGYO,2015,6,-10458743.0,1108119631.0,175216093.0,0.0,600000000.0,628653242.0
SNGYO,2015,3,-1232127.0,1155455345.0,38449661.0,0.0,600000000.0,645741584.0
SNGYO,2014,12,89466839.0,1153527810.0,704374929.0,0.0,600000000.0,629385452.0
SNGYO,2014,9,40645998.0,1099674467.0,374973046.0,0.0,600000000.0,647540398.0
SNGYO,2014,6,24347541.0,1099348977.0,205517361.0,0.0,600000000.0,617689173.0
SNGYO,2014,3,5029332.0,1071471261.0,91762902.0,0.0,600000000.0,596551674.0
SNGYO,2013,12,18545007.0,1071357248.0,523593296.0,0.0,600000000.0,443917670.0
SNGYO,2013,9,21159545.0,1056768167.0,337182106.0,0.0,600000000.0,573543590.0
SNGYO,2013,6,28030128.0,1063638750.0,269453714.0,0.0,600000000.0,492805982.0
SNGYO,2013,3,-3522356.0,1072531321.0,74719020.0,0.0,600000000.0,457369209.0
SNGYO,2012,12,75786232.0,1074824847.0,603909733.0,0.0,600000000.0,409971861.0
SNGYO,2012,9,66268973.0,1064718044.0,452017926.0,0.0,600000000.0,342308734.0
SNGYO,2012,6,41490177.0,1039939248.0,338588316.0,0.0,600000000.0,351442218.0
SNGYO,2012,3,22192161.0,1075192959.0,126236534.0,0.0,600000000.0,333128853.0
SNGYO,2011,12,140010918.0,1050543138.0,655372231.0,0.0,600000000.0,282318600.0
SNGYO,2011,9,148757356.0,1056098631.0,551213188.0,0.0,600000000.0,172340101.0
SNGYO,2011,6,119175499.0,1026516774.0,395214570.0,0.0,500000000.0,150012634.0
SNGYO,2011,3,11757823.0,949099098.0,73532281.0,0.0,500000000.0,40348131.0
SISE,2023,12,27469073000.0,240724968000.0,219447449000.0,0.0,3063214000.0,123119731000.0
SISE,2023,9,13021022000.0,117053012000.0,158992421000.0,0.0,3063214000.0,77027490000.0
SISE,2023,6,12397597000.0,111740229000.0,103568225000.0,0.0,3063214000.0,62868032000.0
SISE,2023,3,6450898000.0,95040944000.0,52636775000.0,0.0,3063214000.0,48184580000.0
SISE,2022,12,24033133000.0,173450368000.0,170655164000.0,0.0,3063214000.0,77298660000.0
SISE,2022,9,14191077000.0,73270488000.0,66279449000.0,0.0,3063214000.0,41403007000.0
SISE,2022,6,9240728000.0,66123577000.0,40232477000.0,0.0,3063214000.0,38171876000.0
SISE,2022,3,3702894000.0,54066656000.0,16974389000.0,0.0,3063214000.0,30933510000.0
SISE,2021,12,9131288000.0,52929225000.0,32057875000.0,0.0,3063214000.0,27669837000.0
SISE,2021,9,4152078000.0,27447137000.0,21012921000.0,0.0,3063214000.0,18553928000.0
SISE,2021,6,2764622000.0,26070348000.0,12777400000.0,0.0,3063214000.0,18311031000.0
SISE,2021,3,1352172000.0,24164018000.0,5686300000.0,0.0,3063214000.0,18288767000.0
SISE,2020,12,2824571000.0,22491233000.0,21340686000.0,0.0,3063214000.0,17142239000.0
SISE,2020,9,2147817000.0,22163962000.0,14632425000.0,0.0,3063214000.0,18345790000.0
SISE,2020,6,862481000.0,20158501000.0,8834292000.0,0.0,2250000000.0,16927890000.0
SISE,2020,3,674212000.0,19295655000.0,4614720000.0,0.0,2250000000.0,16850619000.0
SISE,2019,12,2700319000.0,19133385000.0,18058686000.0,0.0,2250000000.0,15845636000.0
SISE,2019,9,1936462000.0,18057548000.0,13216042000.0,0.0,2250000000.0,13372952000.0
SISE,2019,6,1349254000.0,18073196000.0,8617371000.0,0.0,2250000000.0,13377834000.0
SISE,2019,3,625798000.0,17109666000.0,3922827000.0,0.0,2250000000.0,11280438000.0
SISE,2018,12,3365897000.0,16712986000.0,15550314000.0,0.0,2250000000.0,7436383000.0
SISE,2018,9,3012344000.0,17222689000.0,11083449000.0,0.0,2250000000.0,8892059000.0
SISE,2018,6,1559928000.0,14640178000.0,6781721000.0,0.0,2250000000.0,6976048000.0
SISE,2018,3,569299000.0,13414564000.0,3085926000.0,0.0,2250000000.0,6433035000.0
SISE,2017,12,1736956000.0,13062415000.0,11318495000.0,0.0,2250000000.0,5896743000.0
SISE,2017,9,1210443000.0,12441107333.0,8115039000.0,0.0,2250000000.0,5774185987.0
SISE,2017,6,813447000.0,11915558846.0,5460769000.0,0.0,2050000000.0,5830378793.0
SISE,2017,3,451232000.0,11614746984.0,2621221000.0,0.0,2050000000.0,6296696100.0
SISE,2016,12,1040028000.0,11329624000.0,8569464000.0,0.0,2050000000.0,5780188000.0
SISE,2016,9,638427917.0,10644037955.0,6007073005.0,0.0,2050000000.0,4903171659.0
SISE,2016,6,390529317.0,10287039288.0,4002198543.0,0.0,2050000000.0,4538411406.0
SISE,2016,3,160677303.0,9627672854.0,1873715765.0,0.0,1900000000.0,4553750710.0
SISE,2015,12,804866447.0,9502536325.0,7415128590.0,0.0,1900000000.0,4614152673.0
SISE,2015,9,638558278.0,7856158129.0,5389058257.0,0.0,1900000000.0,4983021600.0
SISE,2015,6,421146425.0,7772183812.0,3529487564.0,0.0,1900000000.0,4345788543.0
SISE,2015,3,164122721.0,7455392205.0,1626986946.0,0.0,1700000000.0,4095707722.0
SISE,2014,12,419776595.0,7239259565.0,6875894376.0,0.0,1700000000.0,3843405966.0
SISE,2014,9,424702880.0,6928985672.0,5087051896.0,0.0,1700000000.0,3611808214.0
SISE,2014,6,293903523.0,6814796233.0,3421369430.0,0.0,1700000000.0,3671799025.0
SISE,2014,3,131941290.0,6789871429.0,1637564359.0,0.0,1571000000.0,3679678481.0
SISE,2013,12,454015444.0,6615301267.0,5954193854.0,0.0,1571000000.0,3584196712.0
SISE,2013,9,268198494.0,6312905970.0,4265121164.0,0.0,1571000000.0,3393427312.0
SISE,2013,6,160817849.0,6083738231.0,2759383599.0,0.0,1571000000.0,3126654208.0
SISE,2013,3,85715433.0,5853477248.0,1257464553.0,0.0,1500000000.0,2429495121.0
SKBNK,2023,12,2445692000.0,7603823000.0,,2372668000.0,1860000000.0,
SKBNK,2023,9,1525504000.0,6462031000.0,,1911844000.0,1860000000.0,
SKBNK,2023,6,1105128000.0,6095190000.0,,1401563000.0,1860000000.0,
SKBNK,2023,3,390260000.0,5228622000.0,,451783000.0,1860000000.0,
SKBNK,2022,12,1502150000.0,4695094000.0,,1842988000.0,1860000000.0,
SKBNK,2022,9,1068503000.0,4265560000.0,,1267382000.0,1860000000.0,
SKBNK,2022,6,752525000.0,3949988000.0,,853438000.0,1860000000.0,
SKBNK,2022,3,405632000.0,3391611000.0,,506521000.0,1860000000.0,
SKBNK,2021,12,254698000.0,2957944000.0,,313880000.0,1860000000.0,
SKBNK,2021,9,64692000.0,2699621000.0,,39682000.0,1860000000.0,
SKBNK,2021,6,40992000.0,2676094000.0,,10959000.0,1860000000.0,
SKBNK,2021,3,16884000.0,2651852000.0,,10581000.0,1860000000.0,
SKBNK,2020,12,52617000.0,2636078000.0,,75376000.0,1860000000.0,
SKBNK,2020,9,13373000.0,2117467000.0,,19028000.0,1158000000.0,
SKBNK,2020,6,9446000.0,2119398000.0,,20487000.0,1158000000.0,
SKBNK,2020,3,6889000.0,2011635000.0,,14418000.0,1158000000.0,
SKBNK,2019,12,-684082000.0,1976583000.0,,-872991000.0,1158000000.0,
SKBNK,2019,9,-231882000.0,2152670000.0,,-293572000.0,1158000000.0,
SKBNK,2019,6,-250290000.0,2131173000.0,,-311147000.0,1158000000.0,
SKBNK,2019,3,-95094000.0,2281633000.0,,-113538000.0,1158000000.0,
SKBNK,2018,12,86358000.0,2377326000.0,,104813000.0,1158000000.0,
SKBNK,2018,9,82625000.0,2366316000.0,,99340000.0,1158000000.0,
SKBNK,2018,6,71353000.0,2355966000.0,,81363000.0,1158000000.0,
SKBNK,2018,3,27663000.0,2319166000.0,,23313000.0,1158000000.0,
SKBNK,2017,12,114890000.0,2712151000.0,,139527000.0,1158000000.0,
SKBNK,2017,9,76314000.0,2615921000.0,,99679000.0,1158000000.0,
SKBNK,2017,6,51588000.0,2591104000.0,,70730000.0,1158000000.0,
SKBNK,2017,3,25174000.0,2566118000.0,,39714000.0,1158000000.0,
SKBNK,2016,12,125194000.0,2532793000.0,,139615000.0,1158000000.0,
SKBNK,2016,9,53935000.0,2444877000.0,,68360000.0,1158000000.0,
SKBNK,2016,6,20810000.0,2594471000.0,,37819000.0,1158000000.0,
SKBNK,2016,3,10786000.0,2560484000.0,,15670000.0,1158000000.0,
SKBNK,2015,12,102649000.0,2526942000.0,,85246000.0,1158000000.0,
SKBNK,2015,9,70216000.0,2425816000.0,,60063000.0,1158000000.0,
SKBNK,2015,6,62705000.0,2456333000.0,,62976000.0,1158000000.0,
SKBNK,2015,3,29270000.0,2405197000.0,,29570000.0,1087187000.0,
SKBNK,2014,12,223969000.0,2391813000.0,,280701000.0,1087187000.0,
SKBNK,2014,9,104223000.0,2248750000.0,,132272000.0,1087187000.0,
SKBNK,2014,6,73750000.0,2136457000.0,,96795000.0,1000000000.0,
SKBNK,2014,3,15411000.0,2071174000.0,,21044000.0,1000000000.0,
SKBNK,2013,12,210216000.0,2055448000.0,,264339000.0,1000000000.0,
SKBNK,2013,9,130772000.0,1952252000.0,,172823000.0,1000000000.0,
SKBNK,2013,6,114233000.0,1936791000.0,,147209000.0,1000000000.0,
SKBNK,2013,3,60854000.0,1889864000.0,,78109000.0,1000000000.0,
SKBNK,2012,12,240302000.0,1824741000.0,,310685000.0,1000000000.0,
SKBNK,2012,9,178071000.0,1736295000.0,,227322000.0,1000000000.0,
SKBNK,2012,6,120577000.0,1618290000.0,,157002000.0,1000000000.0,
SKBNK,2012,3,60676000.0,1536224000.0,,79954000.0,1000000000.0,
SKBNK,2011,12,118044000.0,1462137000.0,,157556000.0,1000000000.0,
SKBNK,2011,9,55833000.0,1394446000.0,,82484000.0,1000000000.0,
SKBNK,2011,6,37797000.0,1378882000.0,,59649000.0,1000000000.0,
SKBNK,2011,3,30286000.0,1356561000.0,,43658000.0,750000000.0,
SMRTG,2023,12,1497809565.0,3072898555.0,11684945071.0,0.0,605880000.0,5578287384.0
SMRTG,2023,9,913299063.0,1280688213.0,7500444876.0,0.0,605880000.0,3051838055.0
SMRTG,2023,6,635183907.0,986019872.0,3605180507.0,0.0,306000000.0,2615939557.0
SMRTG,2023,3,-34423245.0,822130904.0,1474733006.0,0.0,306000000.0,1820709010.0
SMRTG,2022,12,69836661.0,1432148437.0,3973288754.0,0.0,306000000.0,609369050.0
SMRTG,2022,9,129589391.0,655703224.0,1180964646.0,0.0,153000000.0,492501691.0
SMRTG,2022,6,74921752.0,608935742.0,622424357.0,0.0,153000000.0,290179966.0
SMRTG,2022,3,31862013.0,572087424.0,204950347.0,0.0,153000000.0,264371337.0
SMRTG,2021,12,84345294.0,200611562.0,846114782.0,0.0,127500000.0,177760818.0
SMRTG,2021,9,27405456.0,138790848.0,516305343.0,0.0,90000000.0,123989810.0
SMRTG,2021,6,2475744.0,0.0,321368071.0,0.0,0.0,0.0
SMRTG,2021,3,11488114.0,0.0,102737096.0,0.0,0.0,0.0
SMRTG,2020,12,57741901.0,74026318.0,579697636.0,0.0,30998000.0,80150129.0
SMRTG,2019,12,10593246.0,16746116.0,401776810.0,0.0,5000000.0,52368117.0
SMRTG,2018,12,-2912631.0,6226653.0,318903102.0,0.0,5000000.0,14782057.0
SOKM,2023,12,6135447873.0,28963648117.0,193155221661.0,0.0,593290008.0,9101092704.0
SOKM,2023,9,6321370584.0,5012634537.0,137419140270.0,0.0,593290008.0,5643990786.0
SOKM,2023,6,1508954988.0,4025900302.0,82970450418.0,0.0,593290008.0,5050894552.0
SOKM,2023,3,1036252247.0,3211290717.0,39342335253.0,0.0,593290008.0,4451866761.0
SOKM,2022,12,6954039535.0,17850781183.0,112384820331.0,0.0,593290008.0,7045410283.0
SOKM,2022,9,1805424766.0,2301687240.0,40643051315.0,0.0,593290008.0,3873989015.0
SOKM,2022,6,610266493.0,1105542268.0,23545297930.0,0.0,593290008.0,3493572728.0
SOKM,2022,3,250308315.0,744509161.0,10196426723.0,0.0,611928571.0,3218102337.0
SOKM,2021,12,318923675.0,495889838.0,28411812112.0,0.0,611928571.0,3010122027.0
SOKM,2021,9,310011744.0,486842321.0,20428264880.0,0.0,611928571.0,2864566203.0
SOKM,2021,6,194182302.0,367930720.0,13216469592.0,0.0,611928571.0,2742051478.0
SOKM,2021,3,83737628.0,336512993.0,6377044301.0,0.0,611928571.0,2580144252.0
SOKM,2020,12,271911626.0,253897878.0,21353835397.0,0.0,611928571.0,2437759050.0
SOKM,2020,9,109118937.0,91192969.0,15397273885.0,0.0,611928571.0,2296871090.0
SOKM,2020,6,55600440.0,37419237.0,9913401568.0,0.0,611928571.0,2185361131.0
SOKM,2020,3,5324956.0,-22807615.0,4688273305.0,0.0,611928571.0,2093589606.0
SOKM,2019,12,-298329722.0,-26864823.0,16051963222.0,0.0,611928571.0,2075152023.0
SOKM,2019,9,-150524712.0,121710905.0,11821766204.0,0.0,611928571.0,1912282297.0
SOKM,2019,6,-122068291.0,150055634.0,7515151635.0,0.0,611928571.0,2011648401.0
SOKM,2019,3,-97477440.0,167643474.0,3523401544.0,0.0,611928571.0,1865739446.0
SOKM,2018,12,67034536.0,262989023.0,12060771860.0,0.0,611928571.0,284244096.0
SOKM,2018,9,121894770.0,312284662.0,8710248695.0,0.0,611928571.0,311125626.0
SOKM,2018,6,110222185.0,302117619.0,5453424554.0,0.0,611928571.0,515212859.0
SOKM,2018,3,-119253152.0,-2307424649.0,2569511603.0,0.0,360000000.0,1574253577.0
SOKM,2017,12,-433971341.0,-2184969842.0,8920324690.0,0.0,360000000.0,1709011307.0
SOKM,2017,9,-309991868.0,0.0,6445817200.0,0.0,0.0,0.0
SOKM,2017,6,-185543571.0,0.0,4072793936.0,0.0,0.0,0.0
SOKM,2017,3,-108306000.0,0.0,1904990790.0,0.0,0.0,0.0
SOKM,2016,12,-374761086.0,-1530667891.0,6726102717.0,0.0,360000000.0,1310324969.0
SOKM,2015,12,-372636019.0,-883815995.0,5071943474.0,0.0,360000000.0,1238232937.0
TATGD,2023,12,-124518654.0,3402959483.0,8304211377.0,0.0,136000000.0,4458622104.0
TATGD,2023,9,277394839.0,1206072014.0,6104002427.0,0.0,136000000.0,2571964985.0
TATGD,2023,6,291056923.0,1185254391.0,4236050278.0,0.0,136000000.0,2123821539.0
TATGD,2023,3,177283588.0,1196852857.0,2300830808.0,0.0,136000000.0,2820157440.0
TATGD,2022,12,-149356740.0,2603372739.0,5248584498.0,0.0,136000000.0,4135362832.0
TATGD,2022,9,228008805.0,1053580711.0,1767666705.0,0.0,136000000.0,1549533943.0
TATGD,2022,6,178671938.0,1004243844.0,1019142572.0,0.0,136000000.0,566573111.0
TATGD,2022,3,94962950.0,923710255.0,536593061.0,0.0,136000000.0,413373723.0
TATGD,2021,12,223190334.0,885210477.0,1091763568.0,0.0,136000000.0,427261767.0
TATGD,2021,9,184320639.0,847698908.0,734703147.0,0.0,136000000.0,357324523.0
TATGD,2021,6,154782090.0,818160359.0,454414579.0,0.0,136000000.0,193413678.0
TATGD,2021,3,91252648.0,754668748.0,213693888.0,0.0,136000000.0,306422925.0
TATGD,2020,12,167274341.0,704747165.0,802944100.0,0.0,136000000.0,303045501.0
TATGD,2020,9,73887915.0,607800380.0,579499543.0,0.0,136000000.0,316202464.0
TATGD,2020,6,60846761.0,591153464.0,393724294.0,0.0,136000000.0,313154856.0
TATGD,2020,3,28713719.0,558916383.0,200962320.0,0.0,136000000.0,271053357.0
TATGD,2019,12,66155440.0,560584913.0,553221806.0,0.0,136000000.0,227598456.0
TATGD,2019,9,44941617.0,545817043.0,829370522.0,0.0,136000000.0,204771835.0
TATGD,2019,6,33237977.0,534113403.0,533335134.0,0.0,136000000.0,291929050.0
TATGD,2019,3,13711605.0,514587031.0,261998685.0,0.0,136000000.0,204396722.0
TATGD,2018,12,38576777.0,500875426.0,1042444319.0,0.0,136000000.0,156030807.0
TATGD,2018,9,30916723.0,493892233.0,799429486.0,0.0,136000000.0,182176031.0
TATGD,2018,6,24182999.0,487158509.0,519719715.0,0.0,136000000.0,112141564.0
TATGD,2018,3,10278262.0,473253772.0,251326633.0,0.0,136000000.0,133317963.0
TATGD,2017,12,61183525.0,492975635.0,1074034710.0,0.0,136000000.0,109633149.0
TATGD,2017,9,38611995.0,469571799.0,787568385.0,0.0,136000000.0,97045907.0
TATGD,2017,6,20817398.0,451777202.0,515863508.0,0.0,136000000.0,69568416.0
TATGD,2017,3,11648571.0,442608375.0,265132060.0,0.0,136000000.0,72142134.0
TATGD,2016,12,64700560.0,460960367.0,981120246.0,0.0,136000000.0,73692176.0
TATGD,2016,9,52440412.0,450704585.0,741695425.0,0.0,136000000.0,74452850.0
TATGD,2016,6,41123625.0,439387798.0,501009434.0,0.0,136000000.0,73225287.0
TATGD,2016,3,20224507.0,418488683.0,251408410.0,0.0,136000000.0,74992454.0
TATGD,2015,12,67318191.0,418273691.0,910554577.0,0.0,136000000.0,88689254.0
TATGD,2015,9,59910903.0,410107653.0,673661052.0,0.0,136000000.0,75029942.0
TATGD,2015,6,44407989.0,394506210.0,448566019.0,0.0,136000000.0,85462365.0
TATGD,2015,3,16601968.0,366662518.0,224463414.0,0.0,136000000.0,146028673.0
TATGD,2014,12,150262119.0,349962604.0,817038173.0,0.0,136000000.0,188680069.0
TATGD,2014,9,143135186.0,364793637.0,611480809.0,0.0,136000000.0,107479210.0
TATGD,2014,6,4492127.0,226150577.0,387903633.0,0.0,136000000.0,222160117.0
TATGD,2014,3,2857136.0,224670926.0,192874969.0,0.0,136000000.0,245716114.0
TATGD,2013,12,-10293991.0,221813790.0,696073159.0,0.0,136000000.0,240017729.0
TATGD,2013,9,13267390.0,245216236.0,522061454.0,0.0,136000000.0,260678656.0
TATGD,2013,6,10610590.0,242559436.0,341680896.0,0.0,136000000.0,223459326.0
TATGD,2013,3,6447349.0,238396195.0,196007575.0,0.0,136000000.0,247415460.0
TATGD,2012,12,-6749138.0,231948846.0,747187894.0,0.0,136000000.0,276291674.0
TATGD,2012,9,8527884.0,244361548.0,591174854.0,0.0,136000000.0,320220508.0
TATGD,2012,6,4644062.0,240477726.0,375975390.0,0.0,136000000.0,283418142.0
TATGD,2012,3,5753681.0,241587345.0,195755689.0,0.0,136000000.0,284250236.0
TATGD,2011,12,2628509.0,235833664.0,691669955.0,0.0,136000000.0,281622442.0
TATGD,2011,9,5398444.0,238603599.0,562222613.0,0.0,136000000.0,290478387.0
TATGD,2011,6,-1201829.0,232003326.0,343116298.0,0.0,136000000.0,270463528.0
TATGD,2011,3,4621102.0,237826257.0,184380673.0,0.0,136000000.0,235009342.0
TAVHL,2023,12,7777419000.0,46464702000.0,34433068000.0,0.0,363281000.0,58205009000.0
TAVHL,2023,9,5555784000.0,39367235000.0,23817499000.0,0.0,363281000.0,49467001000.0
TAVHL,2023,6,51153000.0,32256292000.0,11985064000.0,0.0,363281000.0,45843462000.0
TAVHL,2023,3,-888333000.0,23545163000.0,5059550000.0,0.0,363281000.0,30841200000.0
TAVHL,2022,12,2046662000.0,23564987000.0,18308307000.0,0.0,363281000.0,27824077000.0
TAVHL,2022,9,1984030000.0,22975476000.0,12533881000.0,0.0,363281000.0,25928928000.0
TAVHL,2022,6,347530000.0,19261186000.0,6608701000.0,0.0,363281000.0,24483763000.0
TAVHL,2022,3,-314686000.0,16518472000.0,2332361000.0,0.0,363281000.0,22459073000.0
TAVHL,2021,12,522412000.0,15247512000.0,5459329000.0,0.0,363281000.0,17984721000.0
TAVHL,2021,9,887009000.0,11108509000.0,3442981000.0,0.0,363281000.0,12322889000.0
TAVHL,2021,6,228400000.0,10382597000.0,1479095000.0,0.0,363281000.0,12361335000.0
TAVHL,2021,3,547923000.0,10019470000.0,538541000.0,0.0,363281000.0,12138092000.0
TAVHL,2020,12,-2283316000.0,8419698000.0,2415468000.0,0.0,363281000.0,12005278000.0
TAVHL,2020,9,-1512602000.0,9251721000.0,1726526000.0,0.0,363281000.0,12723568000.0
TAVHL,2020,6,-1066176000.0,8309013000.0,1011974000.0,0.0,363281000.0,10080907000.0
TAVHL,2020,3,-366407000.0,8465546000.0,796208000.0,0.0,363281000.0,9615193000.0
TAVHL,2019,12,2415416000.0,8709369000.0,4756204000.0,0.0,363281000.0,7725285000.0
TAVHL,2019,9,979423000.0,6566059000.0,3694766000.0,0.0,363281000.0,7227948000.0
TAVHL,2019,6,398157000.0,6146334000.0,2154343000.0,0.0,363281000.0,7629704000.0
TAVHL,2019,3,139244000.0,5857735000.0,919583000.0,0.0,363281000.0,7161813000.0
TAVHL,2018,12,1517324000.0,6219550000.0,3975497000.0,0.0,363281000.0,6787588000.0
TAVHL,2018,9,1187788000.0,6963245000.0,2938094000.0,0.0,363281000.0,7549228000.0
TAVHL,2018,6,471397000.0,4838997000.0,1545233000.0,0.0,363281000.0,6293690000.0
TAVHL,2018,3,26467000.0,3985337000.0,619187000.0,0.0,363281000.0,5466544000.0
TAVHL,2017,12,762673000.0,4015560000.0,4686016000.0,0.0,363281000.0,5051569000.0
TAVHL,2017,9,701806000.0,3783879000.0,3459141000.0,0.0,363281000.0,4848072000.0
TAVHL,2017,6,241924000.0,3221619000.0,2049219000.0,0.0,363281000.0,4693959000.0
TAVHL,2017,3,38665000.0,2966506000.0,899940000.0,0.0,363281000.0,4767970000.0
TAVHL,2016,12,399379000.0,2994224000.0,3721986000.0,0.0,363281000.0,4607797000.0
TAVHL,2016,9,338046000.0,2662549000.0,2458050000.0,0.0,363281000.0,4300866000.0
TAVHL,2016,6,69962000.0,2293314000.0,1506721000.0,0.0,363281000.0,4280430000.0
TAVHL,2016,3,39531000.0,2268748000.0,684737000.0,0.0,363281000.0,4469262000.0
TAVHL,2015,12,604732000.0,2584800000.0,3026180000.0,0.0,363281000.0,4665013000.0
TAVHL,2015,9,482985000.0,2729587000.0,2247468000.0,0.0,363281000.0,4571189000.0
TAVHL,2015,6,236120000.0,2181718000.0,1335551000.0,0.0,363281000.0,4044943000.0
TAVHL,2015,3,73225000.0,2198707000.0,568938000.0,0.0,363281000.0,3855263000.0
TAVHL,2014,12,620614000.0,2103403000.0,2648050000.0,0.0,363281000.0,3900789000.0
TAVHL,2014,9,513747000.0,2066872000.0,2024296000.0,0.0,363281000.0,3983202000.0
TAVHL,2014,6,242468000.0,1788647000.0,1276661000.0,0.0,363281000.0,4246108000.0
TAVHL,2014,3,49804000.0,1703755000.0,586466000.0,0.0,363281000.0,4013547000.0
TAVHL,2013,12,335492000.0,1839033000.0,2594925000.0,0.0,363281000.0,3974138000.0
TAVHL,2013,9,288362000.0,1688695000.0,1942659000.0,0.0,363281000.0,3663128000.0
TAVHL,2013,6,121532000.0,1400873000.0,1186722000.0,0.0,363281000.0,3160066000.0
TAVHL,2013,3,30670000.0,1310683000.0,515369000.0,0.0,363281000.0,2851149000.0
TAVHL,2012,12,304493000.0,1265355000.0,1863616000.0,0.0,363281000.0,2916371000.0
TAVHL,2012,9,252845000.0,1413739000.0,1326075000.0,0.0,363281000.0,2998752000.0
TAVHL,2012,6,108633000.0,1294835000.0,798745000.0,0.0,363281000.0,2713670000.0
TAVHL,2012,3,21660000.0,1330500000.0,348661000.0,11045000.0,363281000.0,2860666000.0
TAVHL,2011,12,120501000.0,1374450000.0,2037572000.0,0.0,363281000.0,2991930000.0
TAVHL,2011,9,84651000.0,1360671737.0,1538630000.0,0.0,363281250.0,3048412038.0
TAVHL,2011,6,-13920000.0,1234204036.0,922421000.0,0.0,363281250.0,2892309572.0
TAVHL,2011,3,-36097000.0,1159361913.0,387326000.0,0.0,363281250.0,2676750754.0
TCELL,2023,12,18093903000.0,176481197000.0,148656399000.0,0.0,2200000000.0,121399748000.0
TCELL,2023,9,-5711038000.0,40979384000.0,104259065000.0,0.0,2200000000.0,83452189000.0
TCELL,2023,6,-1213658000.0,37536162000.0,68131957000.0,0.0,2200000000.0,77197848000.0
TCELL,2023,3,-292323000.0,33852509000.0,28836029000.0,0.0,2200000000.0,58486411000.0
TCELL,2022,12,6878856000.0,109377939000.0,90206307000.0,0.0,2200000000.0,88737385000.0
TCELL,2022,9,5056860000.0,25531742000.0,36662519000.0,0.0,2200000000.0,51921676000.0
TCELL,2022,6,2661092000.0,23834062000.0,22459250000.0,0.0,2200000000.0,48234635000.0
TCELL,2022,3,802910000.0,23379729000.0,10365439000.0,0.0,2200000000.0,40855398000.0
TCELL,2021,12,5031278000.0,22562272000.0,34906646000.0,0.0,2200000000.0,36778133000.0
TCELL,2021,9,3646576000.0,21916999000.0,25025345000.0,0.0,2200000000.0,24804572000.0
TCELL,2021,6,2217455000.0,20253488000.0,15934802000.0,0.0,2200000000.0,24077410000.0
TCELL,2021,3,1104913000.0,21734263000.0,7613517000.0,0.0,2200000000.0,24895774000.0
TCELL,2020,12,4239620000.0,20784938000.0,28272751000.0,0.0,2200000000.0,21586422000.0
TCELL,2020,9,2937574000.0,20288975000.0,20618275000.0,0.0,2200000000.0,22840769000.0
TCELL,2020,6,1726922000.0,19538150000.0,13167448000.0,0.0,2200000000.0,19775967000.0
TCELL,2020,3,873914000.0,18677593000.0,6438517000.0,0.0,2200000000.0,19499897000.0
TCELL,2019,12,3276690000.0,18082944000.0,23996262000.0,0.0,2200000000.0,20305727000.0
TCELL,2019,9,2523048000.0,17430766000.0,17590559000.0,0.0,2200000000.0,20675172000.0
TCELL,2019,6,1723684000.0,17330550000.0,11279888000.0,0.0,2200000000.0,22062019000.0
TCELL,2019,3,1244255000.0,17102281000.0,5380040000.0,0.0,2200000000.0,22866870000.0
TCELL,2018,12,2177335000.0,16053554000.0,20173354000.0,0.0,2200000000.0,20155545000.0
TCELL,2018,9,1235730000.0,14890892000.0,14836122000.0,0.0,2200000000.0,23055098000.0
TCELL,2018,6,954474000.0,14952286000.0,9343464000.0,0.0,2200000000.0,18448626000.0
TCELL,2018,3,525015000.0,14247618000.0,4508119000.0,0.0,2200000000.0,15130451000.0
TCELL,2017,12,2037759000.0,15045088000.0,17026401000.0,0.0,2200000000.0,12536149000.0
TCELL,2017,9,1801428000.0,14816754000.0,12543344000.0,0.0,2200000000.0,11866983000.0
TCELL,2017,6,1186437000.0,14201150000.0,8111536000.0,0.0,2200000000.0,11197422000.0
TCELL,2017,3,471401000.0,16536403000.0,3936632000.0,0.0,2200000000.0,10730056000.0
TCELL,2016,12,1563451000.0,16068397000.0,14100863000.0,0.0,2200000000.0,9781162000.0
TCELL,2016,9,1195065000.0,15445284000.0,10147749000.0,0.0,2200000000.0,8131510000.0
TCELL,2016,6,1001800000.0,15330698000.0,6551595000.0,0.0,2200000000.0,7307233000.0
TCELL,2016,3,573956000.0,14882484000.0,3223035000.0,0.0,2200000000.0,4028296000.0
TCELL,2015,12,1905790000.0,14399254000.0,12769415000.0,0.0,2200000000.0,4214240000.0
TCELL,2015,9,1313613000.0,13777334000.0,9434960000.0,0.0,2200000000.0,3466555000.0
TCELL,2015,6,670135000.0,13477466000.0,6071133000.0,0.0,2200000000.0,4014181000.0
TCELL,2015,3,-142844000.0,12905959000.0,2978163000.0,0.0,2200000000.0,4127340000.0
TCELL,2014,12,1438700000.0,16688758000.0,12043587000.0,0.0,2200000000.0,3697657000.0
TCELL,2014,9,1309734000.0,16200871000.0,8940442000.0,0.0,2200000000.0,3544979000.0
TCELL,2014,6,603019000.0,15522515000.0,5778223000.0,0.0,2200000000.0,3463501000.0
TCELL,2014,3,159911000.0,15002455000.0,2855213000.0,0.0,2200000000.0,3515475000.0
TCELL,2013,12,2333671000.0,14710802000.0,11407887000.0,0.0,2200000000.0,3333005000.0
TCELL,2013,9,1819081000.0,14404893000.0,8524346000.0,0.0,2200000000.0,3205406000.0
TCELL,2013,6,1119074000.0,13751605000.0,5543611000.0,0.0,2200000000.0,3119956000.0
TCELL,2013,3,562526000.0,13256629000.0,2688399000.0,0.0,2200000000.0,3017334000.0
TCELL,2012,12,2062033000.0,12734933000.0,10507029000.0,0.0,2200000000.0,3039631000.0
TCELL,2012,9,1604983000.0,12338269000.0,7699722000.0,0.0,2200000000.0,3137838000.0
TCELL,2012,6,1039200000.0,11783128000.0,4946908000.0,0.0,2200000000.0,3130863000.0
TCELL,2012,3,510813000.0,11293072000.0,2381796000.0,0.0,2200000000.0,3379154000.0
TCELL,2011,12,1140008000.0,10793498000.0,9370073000.0,0.0,2200000000.0,3533030000.0
TCELL,2011,9,812455000.0,10490962000.0,6924566000.0,0.0,2200000000.0,3462506000.0
TCELL,2011,6,284931000.0,9945962000.0,4397571000.0,0.0,2200000000.0,3130054000.0
TCELL,2011,3,315413000.0,9925971000.0,2118436000.0,0.0,2200000000.0,2800849000.0
THYAO,2023,12,162998000000.0,457112000000.0,504398000000.0,0.0,1380000000.0,420172000000.0
THYAO,2023,9,69502000000.0,343400000000.0,358781000000.0,0.0,1380000000.0,374175000000.0
THYAO,2023,6,18173000000.0,268885000000.0,189690000000.0,0.0,1380000000.0,361362000000.0
THYAO,2023,3,4415000000.0,191307000000.0,82057000000.0,0.0,1380000000.0,274740000000.0
THYAO,2022,12,47432000000.0,181427000000.0,311169000000.0,0.0,1380000000.0,262983000000.0
THYAO,2022,9,38493000000.0,181539000000.0,223120000000.0,0.0,1380000000.0,247058000000.0
THYAO,2022,6,11375000000.0,134967000000.0,114583000000.0,0.0,1380000000.0,229607000000.0
THYAO,2022,3,2220000000.0,105213000000.0,42614000000.0,0.0,1380000000.0,210782000000.0
THYAO,2021,12,8214000000.0,90650000000.0,97378000000.0,0.0,1380000000.0,199008000000.0
THYAO,2021,9,6232000000.0,57608000000.0,60518000000.0,0.0,1380000000.0,145131000000.0
THYAO,2021,6,-59000000.0,48873000000.0,31485000000.0,0.0,1380000000.0,142281000000.0
THYAO,2021,3,438000000.0,47853000000.0,13252000000.0,0.0,1380000000.0,133254000000.0
THYAO,2020,12,-5588000000.0,39511000000.0,46448000000.0,0.0,1380000000.0,122594000000.0
THYAO,2020,9,-5203000000.0,43990000000.0,32525000000.0,0.0,1380000000.0,118578000000.0
THYAO,2020,6,-4257000000.0,40815000000.0,21507000000.0,0.0,1380000000.0,99610000000.0
THYAO,2020,3,-2023000000.0,41343000000.0,15330000000.0,0.0,1380000000.0,93132000000.0
THYAO,2019,12,4536000000.0,40795000000.0,75118000000.0,0.0,1380000000.0,79426000000.0
THYAO,2019,9,2587000000.0,37528000000.0,56151000000.0,0.0,1380000000.0,71725000000.0
THYAO,2019,6,-1120000000.0,33275000000.0,33516000000.0,0.0,1380000000.0,71679000000.0
THYAO,2019,3,-1253000000.0,33171000000.0,14848000000.0,0.0,1380000000.0,70171000000.0
THYAO,2018,12,4045000000.0,31284000000.0,62853000000.0,0.0,1380000000.0,55802000000.0
THYAO,2018,9,4083000000.0,36639000000.0,46367000000.0,0.0,1380000000.0,61232000000.0
THYAO,2018,6,127000000.0,24943000000.0,24375000000.0,0.0,1380000000.0,44691000000.0
THYAO,2018,3,-314000000.0,20074000000.0,10532000000.0,0.0,1380000000.0,36577000000.0
THYAO,2017,12,639000000.0,20171000000.0,39779000000.0,0.0,1380000000.0,34198000000.0
THYAO,2017,9,823000000.0,18866000000.0,29332000000.0,0.0,1380000000.0,34282000000.0
THYAO,2017,6,-1615000000.0,16135000000.0,16674000000.0,0.0,1380000000.0,34693000000.0
THYAO,2017,3,-1421000000.0,16985000000.0,7310000000.0,0.0,1380000000.0,37871000000.0
THYAO,2016,12,-47000000.0,17899000000.0,29468000000.0,0.0,1380000000.0,36048000000.0
THYAO,2016,9,-1346000000.0,13903000000.0,22170000000.0,0.0,1380000000.0,31697000000.0
THYAO,2016,6,-1894000000.0,12852000000.0,13508000000.0,0.0,1380000000.0,28207000000.0
THYAO,2016,3,-1238000000.0,12704000000.0,6431000000.0,0.0,1380000000.0,24558000000.0
THYAO,2015,12,2993000000.0,14090000000.0,28752000000.0,0.0,1380000000.0,22239000000.0
THYAO,2015,9,2375000000.0,14642815224.0,21593000000.0,0.0,1380000000.0,22849931707.0
THYAO,2015,6,1033000000.0,11993489008.0,12302000000.0,0.0,1380000000.0,18488073231.0
THYAO,2015,3,372000000.0,10923890247.0,5457000000.0,0.0,1380000000.0,15384415472.0
THYAO,2014,12,1819000000.0,9154403130.0,24158000000.0,0.0,1380000000.0,13755090073.0
THYAO,2014,9,1545268872.0,9221173311.0,18437113286.0,0.0,1380000000.0,13936146763.0
THYAO,2014,6,171811744.0,7155339170.0,11266341285.0,0.0,1380000000.0,12939020139.0
THYAO,2014,3,-226340183.0,6909123618.0,5127527904.0,0.0,1380000000.0,12432128766.0
THYAO,2013,12,682707427.0,6962490356.0,18776784325.0,0.0,1380000000.0,10398077922.0
THYAO,2013,9,826285018.0,6791807712.0,13886925323.0,0.0,1380000000.0,10897999598.0
THYAO,2013,6,121202609.0,5830605545.0,8198963506.0,0.0,1380000000.0,10050468213.0
THYAO,2013,3,-22339523.0,5305595460.0,3587987947.0,0.0,1200000000.0,8972526663.0
THYAO,2012,12,1155717057.0,5405043589.0,14762062246.0,0.0,1200000000.0,8666993598.0
THYAO,2012,9,876188216.0,5138291957.0,11019779128.0,0.0,1200000000.0,8439401525.0
THYAO,2012,6,171564283.0,4501418395.0,6681653243.0,0.0,1200000000.0,8307862840.0
THYAO,2012,3,-29382971.0,4257851085.0,2841376208.0,0.0,1200000000.0,7700896499.0
THYAO,2011,12,18516632.0,4498927641.0,11812549908.0,0.0,1200000000.0,7912882833.0
THYAO,2011,9,115081797.0,3239740034.0,8605869428.0,0.0,1200000000.0,7863723735.0
THYAO,2011,6,-390437227.0,3220020656.0,4899593339.0,0.0,1000000000.0,6604945926.0
THYAO,2011,3,-219812279.0,4498927641.0,2096617340.0,0.0,1200000000.0,7912882833.0
TKFEN,2023,12,-1611104000.0,31809333000.0,62279333000.0,0.0,370000000.0,13255067000.0
TKFEN,2023,9,-2782307000.0,11923815000.0,45791181000.0,0.0,370000000.0,8478317000.0
TKFEN,2023,6,-1882937000.0,11232071000.0,32080114000.0,0.0,370000000.0,7225194000.0
TKFEN,2023,3,-2035514000.0,10361142000.0,17068754000.0,0.0,370000000.0,5135587000.0
TKFEN,2022,12,1407988000.0,25330859000.0,54992324000.0,0.0,370000000.0,7779763000.0
TKFEN,2022,9,1794768000.0,9672834000.0,21218111000.0,0.0,370000000.0,5476217000.0
TKFEN,2022,6,1066162000.0,8955822000.0,12995146000.0,0.0,370000000.0,5084373000.0
TKFEN,2022,3,99051000.0,7733623000.0,5295826000.0,0.0,370000000.0,4690562000.0
TKFEN,2021,12,829390000.0,7725460000.0,16222968000.0,0.0,370000000.0,3501553000.0
TKFEN,2021,9,1199169000.0,7417350000.0,11020384000.0,0.0,370000000.0,2708513000.0
TKFEN,2021,6,724987000.0,6915985000.0,7421542000.0,0.0,370000000.0,2529482000.0
TKFEN,2021,3,409378000.0,6508860000.0,3790591000.0,0.0,370000000.0,2541941000.0
TKFEN,2020,12,-67398000.0,5810900000.0,11729779000.0,0.0,370000000.0,2358274000.0
TKFEN,2020,9,127960000.0,6225542000.0,8373588000.0,0.0,370000000.0,2115597000.0
TKFEN,2020,6,141422000.0,5688598000.0,5680347000.0,0.0,370000000.0,1251481000.0
TKFEN,2020,3,46359000.0,5397682000.0,3021940000.0,0.0,370000000.0,741017000.0
TKFEN,2019,12,1414859000.0,5496870000.0,14603354000.0,0.0,370000000.0,835946000.0
TKFEN,2019,9,1436349000.0,5391201000.0,11296815000.0,0.0,370000000.0,837034000.0
TKFEN,2019,6,1179361000.0,5171026000.0,8305883000.0,0.0,370000000.0,857358000.0
TKFEN,2019,3,780905000.0,4874221000.0,4587478000.0,0.0,370000000.0,818434000.0
TKFEN,2018,12,1401527000.0,4424395000.0,12147171000.0,0.0,370000000.0,1118181000.0
TKFEN,2018,9,981689000.0,4223542000.0,8358471000.0,0.0,370000000.0,1310109000.0
TKFEN,2018,6,520392000.0,3434052000.0,5102508000.0,0.0,370000000.0,1198896000.0
TKFEN,2018,3,241055000.0,3050938000.0,2265929000.0,0.0,370000000.0,1158352000.0
TKFEN,2017,12,770728000.0,3008314000.0,7487133000.0,0.0,370000000.0,1179693000.0
TKFEN,2017,9,516104000.0,2723419000.0,5070407000.0,0.0,370000000.0,1114654000.0
TKFEN,2017,6,385136000.0,2601256000.0,3344297000.0,0.0,370000000.0,1293995000.0
TKFEN,2017,3,160781000.0,2416546000.0,1636975000.0,0.0,370000000.0,1245662000.0
TKFEN,2016,12,330323000.0,2379457000.0,4737397000.0,0.0,370000000.0,1260965000.0
TKFEN,2016,9,214288000.0,2218313000.0,3413893000.0,0.0,370000000.0,1067921000.0
TKFEN,2016,6,224185000.0,2227554000.0,2438289000.0,0.0,370000000.0,1078521000.0
TKFEN,2016,3,149815000.0,2167497000.0,1373471000.0,0.0,370000000.0,1149558000.0
TKFEN,2015,12,193036000.0,2085135000.0,3888172000.0,0.0,370000000.0,1214910000.0
TKFEN,2015,9,158228000.0,2120080000.0,2846635000.0,0.0,370000000.0,1388452000.0
TKFEN,2015,6,115240000.0,2059115000.0,2040182000.0,0.0,370000000.0,1161721000.0
TKFEN,2015,3,84837000.0,2067364000.0,1091192000.0,0.0,370000000.0,1136567000.0
TKFEN,2014,12,57857000.0,1996064000.0,4474755000.0,0.0,370000000.0,1087933000.0
TKFEN,2014,9,253360000.0,2193161000.0,3196869000.0,0.0,370000000.0,1010127000.0
TKFEN,2014,6,183943000.0,2096169000.0,2142131000.0,0.0,370000000.0,982631000.0
TKFEN,2014,3,142447000.0,2081685000.0,1148554000.0,0.0,370000000.0,952120000.0
TKFEN,2013,12,-63682000.0,1922197000.0,3846036000.0,0.0,370000000.0,910927000.0
TKFEN,2013,9,6311000.0,1994536000.0,2870512000.0,0.0,370000000.0,754238000.0
TKFEN,2013,6,6199000.0,1980669000.0,1964430000.0,0.0,370000000.0,576224000.0
TKFEN,2013,3,147036000.0,2250417000.0,1058530000.0,0.0,373475000.0,504611000.0
TKFEN,2012,12,300304000.0,2111265000.0,3948737000.0,0.0,370000000.0,428997000.0
TKFEN,2012,9,197937000.0,1995480000.0,2923828000.0,0.0,373475000.0,430322000.0
TKFEN,2012,6,150102000.0,1956400000.0,1970548000.0,0.0,373475000.0,478196000.0
TKFEN,2012,3,92167000.0,1992278000.0,1000179000.0,0.0,370000000.0,394663000.0
TKFEN,2011,12,242655000.0,1887606000.0,3211241000.0,0.0,373475000.0,409892000.0
TKFEN,2011,9,196983000.0,1845052000.0,2188276000.0,0.0,370000000.0,510240000.0
TKFEN,2011,6,143188000.0,1764446000.0,1393247000.0,0.0,370000000.0,454479000.0
TKFEN,2011,3,76253000.0,1747113000.0,689847000.0,0.0,370000000.0,473490000.0
TMSN,2023,12,971022339.0,7013344702.0,11528224121.0,0.0,115000000.0,2064508452.0
TMSN,2023,9,1144413420.0,2567399435.0,8015751444.0,0.0,115000000.0,1041227416.0
TMSN,2023,6,413236808.0,2005436187.0,4377476856.0,0.0,115000000.0,934926632.0
TMSN,2023,3,154770896.0,1693635966.0,2018803095.0,0.0,115000000.0,683822259.0
TMSN,2022,12,387206712.0,4192092250.0,6946528473.0,0.0,115000000.0,897061970.0
TMSN,2022,9,421849112.0,1422078190.0,2407606978.0,0.0,115000000.0,510334333.0
TMSN,2022,6,277248746.0,1279864888.0,1431934422.0,0.0,115000000.0,486244910.0
TMSN,2022,3,97221540.0,1099301783.0,512287957.0,0.0,115000000.0,504873087.0
TMSN,2021,12,50570441.0,1004005899.0,1122673736.0,0.0,115000000.0,412848124.0
TMSN,2021,9,40886776.0,865099409.0,855540450.0,0.0,115000000.0,350994888.0
TMSN,2021,6,41741057.0,865590631.0,606309080.0,0.0,115000000.0,363643563.0
TMSN,2021,3,27249163.0,851612860.0,265185506.0,0.0,115000000.0,312963338.0
TMSN,2020,12,58935140.0,824580213.0,836085406.0,0.0,115000000.0,322517709.0
TMSN,2020,9,6062455.0,736993312.0,452665954.0,0.0,115000000.0,382086581.0
TMSN,2020,6,-2742635.0,727954152.0,256917722.0,0.0,115000000.0,390983609.0
TMSN,2020,3,-8801153.0,722292550.0,109921863.0,0.0,115000000.0,317248146.0
TMSN,2019,12,-34360041.0,731584804.0,367150171.0,0.0,115000000.0,285535771.0
TMSN,2019,9,-22856358.0,498602877.0,241730826.0,0.0,115000000.0,229433125.0
TMSN,2019,6,-18078795.0,380814252.0,177335804.0,0.0,115000000.0,212954963.0
TMSN,2019,3,-5959410.0,393246122.0,96293377.0,0.0,115000000.0,190371673.0
TMSN,2018,12,-22231494.0,399908787.0,415996979.0,0.0,115000000.0,167813156.0
TMSN,2018,9,-12843026.0,410810311.0,333446110.0,0.0,115000000.0,139492234.0
TMSN,2018,6,-6229543.0,417363794.0,223481073.0,0.0,115000000.0,65676105.0
TMSN,2018,3,-1252752.0,422339175.0,100872848.0,0.0,115000000.0,37859380.0
TMSN,2017,12,-13083016.0,423442075.0,579451149.0,0.0,115000000.0,30868811.0
TMSN,2017,9,-7107289.0,296170101.0,419715577.0,0.0,115000000.0,48938638.0
TMSN,2017,6,-11869728.0,291503562.0,283780918.0,0.0,115000000.0,64259253.0
TMSN,2017,3,-10089194.0,293336160.0,129806778.0,0.0,115000000.0,72009730.0
TMSN,2016,12,40030428.0,303047479.0,500190654.0,0.0,115000000.0,72218600.0
TMSN,2016,9,35911007.0,298699971.0,360858567.0,0.0,115000000.0,68742088.0
TMSN,2016,6,26578991.0,289642946.0,238803892.0,0.0,115000000.0,56663397.0
TMSN,2016,3,10197110.0,272753345.0,108612536.0,0.0,115000000.0,37663771.0
TMSN,2015,12,33594316.0,262539299.0,449392781.0,0.0,115000000.0,32735374.0
TMSN,2015,9,27153979.0,255872620.0,322749977.0,0.0,115000000.0,29418204.0
TMSN,2015,6,19065300.0,248035045.0,215745005.0,0.0,115000000.0,22181569.0
TMSN,2015,3,8782983.0,237183689.0,96428260.0,0.0,115000000.0,16693640.0
TMSN,2014,12,21745062.0,227907870.0,436154297.0,0.0,115000000.0,25656725.0
TMSN,2014,9,19484651.0,224753206.0,310331889.0,0.0,115000000.0,41314377.0
TMSN,2014,6,14528525.0,225704132.0,220118240.0,0.0,115000000.0,30243427.0
TMSN,2014,3,296908.0,237617174.0,83473243.0,0.0,115000000.0,29117588.0
TMSN,2013,12,60987087.0,242037213.0,445085493.0,0.0,115000000.0,3587790.0
TMSN,2013,9,39943810.0,213019750.0,302409503.0,0.0,115000000.0,11599397.0
TMSN,2013,6,30109551.0,201972236.0,206659177.0,0.0,115000000.0,15132584.0
TMSN,2013,3,16418264.0,215127193.0,90265745.0,0.0,115000000.0,38171927.0
TMSN,2012,12,29542521.0,198489809.0,291562394.0,0.0,115000000.0,23274470.0
TMSN,2012,9,20031795.0,152940189.0,202132364.0,0.0,105000000.0,66799869.0
TMSN,2012,6,14251978.0,156636298.0,148273106.0,0.0,105000000.0,73430898.0
TMSN,2012,3,10096518.0,0.0,86122417.0,0.0,0.0,0.0
TMSN,2011,12,53950773.0,142016130.0,411417514.0,0.0,55950000.0,36323049.0
TMSN,2011,9,41390475.0,0.0,296124064.0,0.0,0.0,0.0
TMSN,2011,6,26125150.0,0.0,196014208.0,0.0,0.0,0.0
TOASO,2023,12,21777284000.0,53246292000.0,184228756000.0,0.0,500000000.0,17081146000.0
TOASO,2023,9,13493782000.0,21230537000.0,125505296000.0,0.0,500000000.0,8356893000.0
TOASO,2023,6,9687993000.0,15857905000.0,76188746000.0,0.0,500000000.0,7371414000.0
TOASO,2023,3,2776840000.0,11002209000.0,35067053000.0,0.0,500000000.0,7937727000.0
TOASO,2022,12,9374039000.0,25849068000.0,124019056000.0,0.0,500000000.0,11467792000.0
TOASO,2022,9,5064329000.0,7976672000.0,42071432000.0,0.0,500000000.0,7765169000.0
TOASO,2022,6,3005429000.0,5648373000.0,26049505000.0,0.0,500000000.0,8192341000.0
TOASO,2022,3,1129119000.0,3655444000.0,10634319000.0,0.0,500000000.0,8890642000.0
TOASO,2021,12,3281316000.0,5743391000.0,29684305000.0,0.0,500000000.0,7759058000.0
TOASO,2021,9,2064430000.0,5001842000.0,19606071000.0,0.0,500000000.0,7744546000.0
TOASO,2021,6,1483844000.0,4276281000.0,14011205000.0,0.0,500000000.0,7434011000.0
TOASO,2021,3,616664000.0,3436983000.0,6446996000.0,0.0,500000000.0,7762773000.0
TOASO,2020,12,1784170000.0,4468611000.0,23556747000.0,0.0,500000000.0,6689785000.0
TOASO,2020,9,1144966000.0,3554445000.0,14359100000.0,0.0,500000000.0,7172838000.0
TOASO,2020,6,634642000.0,3553329000.0,7498824000.0,0.0,500000000.0,5713526000.0
TOASO,2020,3,346175000.0,3387452000.0,4447343000.0,0.0,500000000.0,5638516000.0
TOASO,2019,12,1481639000.0,4329209000.0,18896914000.0,0.0,500000000.0,3950720000.0
TOASO,2019,9,1031147000.0,3988415000.0,13429087000.0,0.0,500000000.0,4381297000.0
TOASO,2019,6,733203000.0,3512651000.0,9270476000.0,0.0,500000000.0,4999287000.0
TOASO,2019,3,324741000.0,3127734000.0,3981450000.0,0.0,500000000.0,5945353000.0
TOASO,2018,12,1330423000.0,3706555000.0,18603331000.0,0.0,500000000.0,5432052000.0
TOASO,2018,9,1003884000.0,2946180000.0,13824345000.0,0.0,500000000.0,6791371000.0
TOASO,2018,6,692974000.0,3218600000.0,9491563000.0,0.0,500000000.0,5213547000.0
TOASO,2018,3,324993000.0,2987613000.0,4441125000.0,0.0,500000000.0,5397988000.0
TOASO,2017,12,1282818000.0,3583037000.0,17467806000.0,0.0,500000000.0,5810911000.0
TOASO,2017,9,858525000.0,3277684000.0,12400383000.0,0.0,500000000.0,5784499000.0
TOASO,2017,6,574891000.0,3068165000.0,8596801000.0,0.0,500000000.0,4827712000.0
TOASO,2017,3,262408000.0,2805274000.0,4098261000.0,0.0,500000000.0,4961566000.0
TOASO,2016,12,970228000.0,2957451000.0,14235951000.0,0.0,500000000.0,5015587000.0
TOASO,2016,9,689424000.0,2844291000.0,9479811000.0,0.0,500000000.0,4907639000.0
TOASO,2016,6,479860000.0,2708393000.0,6367837000.0,0.0,500000000.0,4862383000.0
TOASO,2016,3,240487000.0,2446422000.0,2715563000.0,0.0,500000000.0,4870530000.0
TOASO,2015,12,830801000.0,2582291000.0,9920723000.0,0.0,500000000.0,4386063000.0
TOASO,2015,9,573173000.0,2169848000.0,6952609000.0,0.0,500000000.0,4200765000.0
TOASO,2015,6,398852000.0,2135940000.0,4681049000.0,0.0,500000000.0,3229126000.0
TOASO,2015,3,205492000.0,1967737000.0,2131137000.0,0.0,500000000.0,3106815000.0
TOASO,2014,12,574238000.0,2241171000.0,7440009000.0,0.0,500000000.0,2597470000.0
TOASO,2014,9,395720000.0,2039591000.0,5180509000.0,0.0,500000000.0,2629840000.0
TOASO,2014,6,268665000.0,1896167000.0,3495744000.0,0.0,500000000.0,2665577000.0
TOASO,2014,3,134002000.0,1710237000.0,1676083000.0,0.0,500000000.0,2634390000.0
TOASO,2013,12,434223000.0,1898814000.0,7037954000.0,0.0,500000000.0,2284231000.0
TOASO,2013,9,320524000.0,1813929000.0,5148207000.0,0.0,500000000.0,2260868000.0
TOASO,2013,6,216261000.0,1762960000.0,3488477000.0,0.0,500000000.0,2158809000.0
TOASO,2013,3,104775000.0,1707077000.0,1710886000.0,0.0,500000000.0,2223726000.0
TOASO,2012,12,442039000.0,2062101000.0,6705274000.0,0.0,500000000.0,2285744000.0
TOASO,2012,9,317888000.0,1945243000.0,4936389000.0,0.0,500000000.0,2340118000.0
TOASO,2012,6,219926000.0,1849550000.0,3398939000.0,0.0,500000000.0,2319783000.0
TOASO,2012,3,96863000.0,1682702000.0,1528827000.0,0.0,500000000.0,2491293000.0
TOASO,2011,12,474165000.0,1789327000.0,7336658000.0,0.0,500000000.0,2521540000.0
TOASO,2011,9,343207000.0,1617456000.0,5553917000.0,0.0,500000000.0,2579656000.0
TOASO,2011,6,212088000.0,1548943000.0,3885357000.0,0.0,500000000.0,2328858000.0
TOASO,2011,3,82264000.0,1490605000.0,1834998000.0,0.0,500000000.0,2011456000.0
TSKB,2023,12,7041477000.0,21411670000.0,,7406353000.0,2800000000.0,
TSKB,2023,9,5028275000.0,18897284000.0,,5717666000.0,2800000000.0,
TSKB,2023,6,3171530000.0,16468404000.0,,3409016000.0,2800000000.0,
TSKB,2023,3,1406551000.0,14038843000.0,,1646739000.0,2800000000.0,
TSKB,2022,12,4055034000.0,12782007000.0,,4152637000.0,2800000000.0,
TSKB,2022,9,2644024000.0,9631704000.0,,3070566000.0,2800000000.0,
TSKB,2022,6,1521174000.0,8111928000.0,,1727996000.0,2800000000.0,
TSKB,2022,3,605861000.0,7585075000.0,,747264000.0,2800000000.0,
TSKB,2021,12,1089008000.0,6940638000.0,,1229233000.0,2800000000.0,
TSKB,2021,9,774293000.0,6687295000.0,,888264000.0,2800000000.0,
TSKB,2021,6,478752000.0,6419268000.0,,513048000.0,2800000000.0,
TSKB,2021,3,225907000.0,6036842000.0,,219022000.0,2800000000.0,
TSKB,2020,12,732829000.0,6104556000.0,,869664000.0,2800000000.0,
TSKB,2020,9,526133000.0,5669350000.0,,655531000.0,2800000000.0,
TSKB,2020,6,322024000.0,5508394000.0,,415042000.0,2800000000.0,
TSKB,2020,3,153736000.0,5469795000.0,,202303000.0,2800000000.0,
TSKB,2019,12,776084000.0,5167143000.0,,890186000.0,2800000000.0,
TSKB,2019,9,572245000.0,4918794000.0,,677246000.0,2800000000.0,
TSKB,2019,6,385623000.0,4795527000.0,,484561000.0,2800000000.0,
TSKB,2019,3,185222000.0,5322793000.0,,238120000.0,2800000000.0,
TSKB,2018,12,660926000.0,4719004000.0,,909263000.0,2800000000.0,
TSKB,2018,9,491026000.0,3904725000.0,,662370000.0,2800000000.0,
TSKB,2018,6,324518000.0,3726030000.0,,451987000.0,2800000000.0,
TSKB,2018,3,158868000.0,3687055000.0,,257760000.0,2400000000.0,
TSKB,2017,12,595668000.0,3534717000.0,,727303000.0,2400000000.0,
TSKB,2017,9,452263000.0,3390250000.0,,566806000.0,2400000000.0,
TSKB,2017,6,291334000.0,3181564000.0,,364396000.0,2400000000.0,
TSKB,2017,3,140762000.0,2990611000.0,,174556000.0,2050000000.0,
TSKB,2016,12,476445000.0,2928339000.0,,593252000.0,2050000000.0,
TSKB,2016,9,366858000.0,2869629000.0,,452243000.0,2050000000.0,
TSKB,2016,6,249176000.0,2783271000.0,,304559000.0,2050000000.0,
TSKB,2016,3,132324000.0,2598447000.0,,162100000.0,1750000000.0,
TSKB,2015,12,406845000.0,2488727000.0,,508455000.0,1750000000.0,
TSKB,2015,9,292019000.0,2327643000.0,,361034000.0,1750000000.0,
TSKB,2015,6,209634000.0,2285179000.0,,254543000.0,1750000000.0,
TSKB,2015,3,94176000.0,2249300000.0,,113577000.0,1500000000.0,
TSKB,2014,12,369274000.0,2288085000.0,,461678000.0,1500000000.0,
TSKB,2014,9,287964000.0,2149179000.0,,359292000.0,1500000000.0,
TSKB,2014,6,198628000.0,2086656000.0,,248659000.0,1500000000.0,
TSKB,2014,3,93693000.0,1877070000.0,,117388000.0,1300000000.0,
TSKB,2013,9,244559000.0,1825509000.0,,301800000.0,1300000000.0,
TSKB,2013,6,176671000.0,1775005000.0,,214216000.0,1300000000.0,
TSKB,2013,3,84656000.0,1762567000.0,,105137000.0,1100000000.0,
TSKB,2012,12,307264000.0,1755335000.0,,382793000.0,1100000000.0,
TSKB,2012,9,239621000.0,1628391000.0,,297276000.0,1100000000.0,
TSKB,2012,6,172923000.0,1500779000.0,,213551000.0,1100000000.0,
TSKB,2012,3,81241000.0,1436359000.0,,99565000.0,800000000.0,
TSKB,2011,12,255342000.0,1365759000.0,,317715000.0,800000000.0,
TSKB,2011,9,183006000.0,1306940000.0,,226657000.0,800000000.0,
TSKB,2011,6,130292000.0,1306261000.0,,159830000.0,800000000.0,
TSKB,2011,3,66583000.0,1279098000.0,,81812000.0,700000000.0,
TRGYO,2023,12,19231660000.0,104320407000.0,7013862000.0,0.0,1000000000.0,5261832000.0
TRGYO,2023,9,5221887000.0,35618049000.0,5127320000.0,0.0,1000000000.0,4103948000.0
TRGYO,2023,6,3107022000.0,34827829000.0,3131750000.0,0.0,1000000000.0,4500942000.0
TRGYO,2023,3,1773822000.0,34363773000.0,1730808000.0,0.0,1000000000.0,3807068000.0
TRGYO,2022,12,16883038000.0,59233725000.0,5177132000.0,0.0,1000000000.0,7257729000.0
TRGYO,2022,9,677396000.0,15198954000.0,1879580000.0,0.0,1000000000.0,4575971000.0
TRGYO,2022,6,316669000.0,14838227000.0,1149171000.0,0.0,1000000000.0,4893138000.0
TRGYO,2022,3,171276000.0,14692834000.0,580880000.0,0.0,1000000000.0,5196861000.0
TRGYO,2021,12,5745537000.0,14521558000.0,1456351000.0,0.0,1000000000.0,5038013000.0
TRGYO,2021,9,68773000.0,8840230000.0,1003776000.0,0.0,1000000000.0,4493410000.0
TRGYO,2021,6,-83833000.0,8687624000.0,586472000.0,0.0,1000000000.0,5347116000.0
TRGYO,2021,3,-116012000.0,8655447000.0,256904000.0,0.0,1000000000.0,4711904000.0
TRGYO,2020,12,293734000.0,8771457000.0,1100808000.0,0.0,1000000000.0,4627328000.0
TRGYO,2020,9,-442574000.0,8035249000.0,774521000.0,0.0,1000000000.0,4912004000.0
TRGYO,2020,6,-267807000.0,8210016000.0,448826000.0,0.0,1000000000.0,4962308000.0
TRGYO,2020,3,-105967000.0,8371857000.0,331425000.0,0.0,1000000000.0,4834898000.0
TRGYO,2019,12,865662000.0,8478946000.0,987537000.0,0.0,1000000000.0,4981589000.0
TRGYO,2019,9,-61611000.0,7551673000.0,689525000.0,0.0,1000000000.0,4974418000.0
TRGYO,2019,6,-197621000.0,7415895000.0,432424000.0,0.0,1000000000.0,4718402000.0
TRGYO,2019,3,-143803000.0,7469882000.0,206308000.0,0.0,1000000000.0,4559390000.0
TRGYO,2018,12,1288139000.0,7614653000.0,1952909000.0,0.0,1000000000.0,4194035000.0
TRGYO,2018,9,-1042314000.0,5284308000.0,1668432000.0,0.0,1000000000.0,5333417000.0
TRGYO,2018,6,-68091000.0,6259079000.0,1327890000.0,0.0,1000000000.0,4294832000.0
TRGYO,2018,3,150347000.0,6527934000.0,673528000.0,0.0,1000000000.0,3465662000.0
TRGYO,2017,12,455108000.0,6378657000.0,780140000.0,0.0,1000000000.0,3606476000.0
TRGYO,2017,9,114342000.0,6037891000.0,430356000.0,0.0,500004000.0,3573572000.0
TRGYO,2017,6,96973000.0,6020522000.0,264786000.0,0.0,500004000.0,3366748000.0
TRGYO,2017,3,-33449000.0,5940100000.0,135469000.0,0.0,500004000.0,3352907000.0
TRGYO,2016,12,1172384000.0,5973549000.0,665677000.0,0.0,500004000.0,3046428000.0
TRGYO,2016,9,315662000.0,5116823000.0,514573000.0,0.0,500000000.0,2722730000.0
TRGYO,2016,6,308949000.0,5110110000.0,300388000.0,0.0,500000000.0,2591873000.0
TRGYO,2016,3,134372000.0,4995460000.0,129627000.0,0.0,500000000.0,2708691000.0
TRGYO,2015,12,953604000.0,4861088000.0,628038000.0,0.0,500000000.0,2805353000.0
TRGYO,2015,9,-376118000.0,3531366000.0,328501000.0,0.0,500000000.0,2938396000.0
TRGYO,2015,6,-158536000.0,3748947000.0,215235000.0,0.0,500000000.0,2544941000.0
TRGYO,2015,3,-154448000.0,3802974000.0,100766000.0,0.0,500000000.0,2592274000.0
TRGYO,2014,12,1057892000.0,3957423000.0,773240000.0,0.0,500000000.0,2635875000.0
TRGYO,2014,9,203683000.0,3113763000.0,555123000.0,0.0,500000000.0,2798508000.0
TRGYO,2014,6,271085000.0,3238665000.0,457853000.0,0.0,500000000.0,2157416000.0
TRGYO,2014,3,20490000.0,3008081000.0,246818000.0,0.0,500000000.0,2391924000.0
TRGYO,2013,12,190556000.0,2987591000.0,343769000.0,0.0,500000000.0,2570613000.0
TRGYO,2013,9,-15754000.0,2781281000.0,159680000.0,0.0,500000000.0,2066125000.0
TRGYO,2013,6,25438000.0,2822473000.0,96863000.0,0.0,500000000.0,1368709000.0
TRGYO,2013,3,33482000.0,2880517000.0,46990000.0,0.0,500000000.0,1074023000.0
TRGYO,2012,12,336885000.0,2847035000.0,225031000.0,156638000.0,500000000.0,959159000.0
TRGYO,2012,9,125494000.0,2635641000.0,113628000.0,0.0,500000000.0,1021777000.0
TRGYO,2012,6,96975000.0,2607124000.0,76665000.0,0.0,224000000.0,1023879000.0
TRGYO,2012,3,66233000.0,2598783000.0,39702000.0,0.0,224000000.0,1070611000.0
TRGYO,2011,12,177312000.0,2532906000.0,162909000.0,0.0,224000000.0,1100516000.0
TRGYO,2011,9,-47849000.0,2308581000.0,121248000.0,0.0,224000000.0,1038933000.0
TRGYO,2011,6,-6563000.0,2349867000.0,83142000.0,0.0,224000000.0,930372000.0
TRGYO,2011,3,8771000.0,2377854000.0,42038000.0,0.0,224000000.0,827580000.0
TTRAK,2023,12,13487523973.0,22230965306.0,84366889719.0,0.0,100066875.0,8357879871.0
TTRAK,2023,9,8103224202.0,7757455846.0,59264714550.0,0.0,100066875.0,3081685683.0
TTRAK,2023,6,5573954726.0,5058604395.0,40119207784.0,0.0,100066875.0,3347202643.0
TTRAK,2023,3,2183742403.0,2956327658.0,19395455224.0,0.0,53369000.0,3288449874.0
TTRAK,2022,12,4309826295.0,9244446971.0,41397462345.0,0.0,53369000.0,6409985436.0
TTRAK,2022,9,1612052669.0,2376733150.0,14616448422.0,0.0,53369000.0,3332536281.0
TTRAK,2022,6,959322343.0,1740767176.0,8880752502.0,0.0,53369000.0,3117221682.0
TTRAK,2022,3,476595151.0,1305323985.0,3987989777.0,0.0,53369000.0,2488479667.0
TTRAK,2021,12,1322187577.0,2050994098.0,11644197445.0,0.0,53369000.0,1134841687.0
TTRAK,2021,9,830238758.0,1430077486.0,8043340383.0,0.0,53369000.0,1135140971.0
TTRAK,2021,6,608460900.0,1213561833.0,5576419981.0,0.0,53369000.0,1126134049.0
TTRAK,2021,3,348257910.0,947336530.0,2683930780.0,0.0,53369000.0,1234148709.0
TTRAK,2020,12,776443043.0,1441166437.0,6243308297.0,0.0,53369000.0,1294290367.0
TTRAK,2020,9,360439880.0,1020809138.0,3802684784.0,0.0,53369000.0,1320289552.0
TTRAK,2020,6,160561630.0,824137527.0,2178599530.0,0.0,53369000.0,1332700610.0
TTRAK,2020,3,83994416.0,746923253.0,1190601222.0,0.0,53369000.0,1514674181.0
TTRAK,2019,12,111893466.0,764014265.0,3806474633.0,0.0,53369000.0,1396509527.0
TTRAK,2019,9,43604161.0,699037079.0,2722983090.0,0.0,53369000.0,1515565274.0
TTRAK,2019,6,21358998.0,667740385.0,1739811538.0,0.0,53369000.0,1983046651.0
TTRAK,2019,3,7581947.0,656664423.0,817964375.0,0.0,53369000.0,2064091138.0
TTRAK,2018,12,240106649.0,651857722.0,3908943513.0,0.0,53369000.0,1772739304.0
TTRAK,2018,9,165930032.0,568112737.0,3000998985.0,0.0,53369000.0,1877640061.0
TTRAK,2018,6,136754007.0,573270784.0,2124846690.0,0.0,53369000.0,1554990364.0
TTRAK,2018,3,56201064.0,506430286.0,1047973517.0,0.0,53369000.0,1244228972.0
TTRAK,2017,12,320756330.0,757769491.0,4215056106.0,0.0,53369000.0,1126906191.0
TTRAK,2017,9,216687564.0,657640608.0,3061821781.0,0.0,53369000.0,1247389497.0
TTRAK,2017,6,137897169.0,582465540.0,2052399333.0,0.0,53369000.0,1244201268.0
TTRAK,2017,3,55377904.0,503236671.0,961423862.0,0.0,53369000.0,1216062357.0
TTRAK,2016,12,369796289.0,699860813.0,3443477897.0,0.0,53369000.0,948190988.0
TTRAK,2016,9,276119831.0,620168638.0,2503741783.0,0.0,53369000.0,956680353.0
TTRAK,2016,6,214074633.0,564216925.0,1823447520.0,0.0,53369000.0,848968543.0
TTRAK,2016,3,80253371.0,430888090.0,885833397.0,0.0,53369000.0,934200124.0
TTRAK,2015,12,256799565.0,650907405.0,3102561637.0,0.0,53369000.0,672781418.0
TTRAK,2015,9,177226170.0,673367016.0,2342760443.0,0.0,53369000.0,803233981.0
TTRAK,2015,6,112458071.0,610177994.0,1491258120.0,0.0,53369000.0,782078052.0
TTRAK,2015,3,44095127.0,548974612.0,693387896.0,0.0,53369000.0,800192727.0
TTRAK,2014,12,261087272.0,704862715.0,2723317809.0,0.0,53369000.0,658251538.0
TTRAK,2014,9,196083332.0,639503034.0,2020516818.0,0.0,53369000.0,650097621.0
TTRAK,2014,6,141823710.0,584706546.0,1330810157.0,0.0,53369000.0,525940054.0
TTRAK,2014,3,69431387.0,512752309.0,595204223.0,0.0,53369000.0,546687135.0
TTRAK,2013,12,279905939.0,743317722.0,2175319881.0,0.0,53369000.0,348590595.0
TTRAK,2013,9,205331778.0,669100873.0,1608613872.0,0.0,53369000.0,205985986.0
TTRAK,2013,6,136925174.0,600673353.0,1102841999.0,0.0,53369000.0,275033445.0
TTRAK,2013,3,60285185.0,524075282.0,505709789.0,0.0,53369000.0,362396655.0
TTRAK,2012,12,268138204.0,663790097.0,1974013740.0,0.0,53369000.0,355768112.0
TTRAK,2012,9,216179909.0,611769691.0,1549108123.0,0.0,53369000.0,359925094.0
TTRAK,2012,6,166073346.0,561642672.0,1181458630.0,0.0,53369000.0,427969452.0
TTRAK,2012,3,64061871.0,659654353.0,535433426.0,0.0,53369000.0,318157091.0
TTRAK,2011,12,277421569.0,595592482.0,1800665445.0,0.0,53369000.0,235144470.0
TTRAK,2011,9,233670331.0,551841244.0,1317150105.0,0.0,53369000.0,167296077.0
TTRAK,2011,6,168052028.0,486222941.0,894343430.0,0.0,53369000.0,94514991.0
TTRAK,2011,3,73695070.0,391865983.0,390778242.0,0.0,53369000.0,106644199.0
TTKOM,2023,12,23709235000.0,141910201000.0,144645378000.0,0.0,3500000000.0,95115950000.0
TTKOM,2023,9,558567000.0,32453546000.0,100446265000.0,0.0,3500000000.0,62296489000.0
TTKOM,2023,6,-2279959000.0,20030222000.0,60244908000.0,0.0,3500000000.0,61765928000.0
TTKOM,2023,3,1342964000.0,20039225000.0,28670974000.0,0.0,3500000000.0,50228554000.0
TTKOM,2022,12,6909568000.0,80789393000.0,91400927000.0,0.0,3500000000.0,69073389000.0
TTKOM,2022,9,3124184000.0,19452178000.0,32755034000.0,0.0,3500000000.0,42443322000.0
TTKOM,2022,6,1952871000.0,12055519000.0,20203062000.0,0.0,3500000000.0,39963144000.0
TTKOM,2022,3,560716000.0,10433946000.0,9471264000.0,0.0,3500000000.0,36487573000.0
TTKOM,2021,12,5761454000.0,14249904000.0,34272934000.0,0.0,3500000000.0,29803377000.0
TTKOM,2021,9,4677896000.0,15267129000.0,24408534000.0,0.0,3500000000.0,22113078000.0
TTKOM,2021,6,2628015000.0,12482253000.0,15768298000.0,0.0,3500000000.0,22250947000.0
TTKOM,2021,3,1355606000.0,11295488000.0,7586917000.0,0.0,3500000000.0,22153767000.0
TTKOM,2020,12,3177873000.0,12037376000.0,28288875000.0,0.0,3500000000.0,21234592000.0
TTKOM,2020,9,2073478000.0,10722903000.0,20638406000.0,0.0,3500000000.0,24350286000.0
TTKOM,2020,6,1641173000.0,10710266000.0,13272074000.0,0.0,3500000000.0,22217631000.0
TTKOM,2020,3,660700000.0,9948048000.0,6302749000.0,0.0,3500000000.0,22931582000.0
TTKOM,2019,12,2406783000.0,9442853000.0,23657108000.0,0.0,3500000000.0,20783155000.0
TTKOM,2019,9,1862195000.0,8984935000.0,17373102000.0,0.0,3500000000.0,20584427000.0
TTKOM,2019,6,744763000.0,7976305000.0,11162975000.0,0.0,3500000000.0,21397680000.0
TTKOM,2019,3,309961000.0,7892585000.0,5403252000.0,0.0,3500000000.0,24456277000.0
TTKOM,2018,12,-1391261000.0,7453603000.0,20430900000.0,0.0,3500000000.0,19921418000.0
TTKOM,2018,9,-3605908000.0,5522642000.0,15032593000.0,0.0,3500000000.0,24712563000.0
TTKOM,2018,6,-759977000.0,4074866000.0,9636715000.0,0.0,3500000000.0,19258446000.0
TTKOM,2018,3,109575000.0,4966819000.0,4686023000.0,0.0,3500000000.0,17495643000.0
TTKOM,2017,12,1135532000.0,4555087000.0,18139554000.0,0.0,3500000000.0,16491738000.0
TTKOM,2017,9,1248937000.0,4648779000.0,13339901000.0,0.0,3500000000.0,15398493000.0
TTKOM,2017,6,955453000.0,4344480000.0,8807984000.0,0.0,3500000000.0,14754468000.0
TTKOM,2017,3,65664000.0,3471258000.0,4307475000.0,0.0,3500000000.0,15593648000.0
TTKOM,2016,12,-724340000.0,3386621000.0,16108594000.0,0.0,3500000000.0,15041179000.0
TTKOM,2016,9,663990000.0,4692892000.0,11858955000.0,0.0,3500000000.0,13614926000.0
TTKOM,2016,6,655306000.0,4654930000.0,7740916000.0,0.0,3500000000.0,13722432000.0
TTKOM,2016,3,407670000.0,5301285000.0,3800967000.0,0.0,3500000000.0,13484027000.0
TTKOM,2015,12,862850000.0,4993368000.0,14522855000.0,0.0,3500000000.0,11802727000.0
TTKOM,2015,9,-176105000.0,3960556000.0,10655445000.0,0.0,3500000000.0,12001390000.0
TTKOM,2015,6,328316000.0,4577970000.0,6959881000.0,0.0,3500000000.0,10421500000.0
TTKOM,2015,3,4845000.0,4396378000.0,3434220000.0,0.0,3500000000.0,9967482000.0
TTKOM,2014,12,1968968000.0,6303340000.0,13601623000.0,0.0,3500000000.0,8877798000.0
TTKOM,2014,9,1472563000.0,5763759000.0,10006407000.0,0.0,3500000000.0,8934704000.0
TTKOM,2014,6,1162235000.0,5466200000.0,6494330000.0,0.0,3500000000.0,9110050000.0
TTKOM,2014,3,370435000.0,5668721000.0,3194707000.0,0.0,3500000000.0,8642680000.0
TTKOM,2013,12,1267098000.0,5327609000.0,13116958000.0,0.0,3500000000.0,8333508000.0
TTKOM,2013,9,1015857000.0,5070640000.0,9837850000.0,0.0,3500000000.0,8482290000.0
TTKOM,2013,6,786401000.0,4859468000.0,6472727000.0,0.0,3500000000.0,8390211000.0
TTKOM,2013,3,516584000.0,6951541000.0,3129618000.0,0.0,3500000000.0,6548212000.0
TTKOM,2012,12,2593130000.0,6455148000.0,12706142000.0,0.0,3500000000.0,6037794000.0
TTKOM,2012,9,1995191000.0,5710477000.0,9379363000.0,0.0,3500000000.0,6478923000.0
TTKOM,2012,6,1364812000.0,5086702000.0,6141935000.0,0.0,3500000000.0,6829669000.0
TTKOM,2012,3,745187000.0,6427176000.0,2959538000.0,0.0,3500000000.0,5311657000.0
TTKOM,2011,12,1899526000.0,5769371000.0,11940555000.0,0.0,3500000000.0,5346160000.0
TTKOM,2011,9,1340216000.0,5266127000.0,8920858000.0,0.0,3500000000.0,5754995000.0
TTKOM,2011,6,1032455000.0,4950065000.0,5855038000.0,0.0,3500000000.0,5775254000.0
TTKOM,2011,3,571289000.0,6757136000.0,2886897000.0,0.0,3500000000.0,3755832000.0
TUPRS,2023,12,77780087000.0,293003849000.0,991202993000.0,0.0,1926796000.0,51003495000.0
TUPRS,2023,9,23763357000.0,72564910000.0,681835607000.0,0.0,1926796000.0,33354883000.0
TUPRS,2023,6,12636572000.0,68356252000.0,357349229000.0,0.0,1926796000.0,36319675000.0
TUPRS,2023,3,3117892000.0,61493223000.0,173719696000.0,0.0,275257000.0,30538624000.0
TUPRS,2022,12,61545237000.0,179412567000.0,916751060000.0,0.0,275257000.0,54818220000.0
TUPRS,2022,9,23617633000.0,45900318000.0,365738864000.0,0.0,275257000.0,36524733000.0
TUPRS,2022,6,11998965000.0,28150292000.0,215130065000.0,0.0,250419000.0,32102255000.0
TUPRS,2022,3,1145064000.0,15964997000.0,77645678000.0,0.0,250419000.0,32240738000.0
TUPRS,2021,12,3613224000.0,19081000000.0,152492019000.0,0.0,275257000.0,33193664000.0
TUPRS,2021,9,2136411000.0,13800305000.0,95599650000.0,0.0,250419000.0,30063097000.0
TUPRS,2021,6,1070160000.0,12520268000.0,54106184000.0,0.0,250419000.0,30633004000.0
TUPRS,2021,3,-652256000.0,10727679000.0,20418466000.0,0.0,250419000.0,33658287000.0
TUPRS,2020,12,-2422925000.0,12925433000.0,63243815000.0,0.0,275257000.0,29681944000.0
TUPRS,2020,9,-2806342000.0,9870505000.0,43254101000.0,0.0,250419000.0,28660405000.0
TUPRS,2020,6,-2411376000.0,10328337000.0,26219118000.0,0.0,250419000.0,29149259000.0
TUPRS,2020,3,-2249085000.0,10791171000.0,16939537000.0,0.0,250419000.0,23178077000.0
TUPRS,2019,12,585330000.0,13136540000.0,89600776000.0,0.0,250419000.0,19075794000.0
TUPRS,2019,9,383437000.0,12999844000.0,67970220000.0,0.0,250419000.0,18850183000.0
TUPRS,2019,6,523609000.0,13025558000.0,44660839000.0,0.0,250419000.0,20030607000.0
TUPRS,2019,3,-362295000.0,11814676000.0,20707888000.0,0.0,250419000.0,21922891000.0
TUPRS,2018,12,3761445000.0,9945829000.0,88552170000.0,0.0,250419000.0,17949540000.0
TUPRS,2018,9,1972764000.0,7517618000.0,63749246000.0,0.0,250419000.0,19621705000.0
TUPRS,2018,6,1422077000.0,8052826000.0,33502180000.0,0.0,250419000.0,14809532000.0
TUPRS,2018,3,386787000.0,7341450000.0,13421408000.0,0.0,250419000.0,15921647000.0
TUPRS,2017,12,3840556000.0,10477661000.0,53948110000.0,0.0,250419000.0,15050984000.0
TUPRS,2017,9,3339098000.0,10075767000.0,39344061000.0,0.0,250419000.0,12166845000.0
TUPRS,2017,6,2339280000.0,9064121000.0,25000318000.0,0.0,250419000.0,11431664000.0
TUPRS,2017,3,875759000.0,7410130000.0,12369639000.0,0.0,250419000.0,12996636000.0
TUPRS,2016,12,1812790000.0,8167033000.0,34854851000.0,0.0,250419000.0,12134265000.0
TUPRS,2016,9,1003863000.0,7805310000.0,24095452000.0,0.0,250419000.0,12571897000.0
TUPRS,2016,6,418125000.0,7305084000.0,14644570000.0,0.0,250419000.0,11518481000.0
TUPRS,2016,3,83114000.0,8534066000.0,6191416000.0,0.0,250419000.0,11035024000.0
TUPRS,2015,12,2563927000.0,8368449000.0,36893328000.0,0.0,250419000.0,9919420000.0
TUPRS,2015,9,1742054000.0,7281286000.0,27994812000.0,0.0,250419000.0,10848433000.0
TUPRS,2015,6,991541000.0,6974827000.0,17549308000.0,0.0,250419000.0,9709630000.0
TUPRS,2015,3,278297000.0,6297477000.0,6948259000.0,0.0,250419000.0,9546916000.0
TUPRS,2014,12,1470121000.0,6212630000.0,39722712000.0,0.0,250419000.0,7755010000.0
TUPRS,2014,9,1253535000.0,5998259000.0,30685740000.0,0.0,250419000.0,7370784000.0
TUPRS,2014,6,874210000.0,5616489000.0,18874173000.0,0.0,250419000.0,6721753000.0
TUPRS,2014,3,513346000.0,5258252000.0,9275731000.0,0.0,250419000.0,8067589000.0
TUPRS,2013,12,1199190000.0,5138514000.0,41078427000.0,0.0,250419000.0,6522016000.0
TUPRS,2013,9,1087366000.0,5015506000.0,30482094000.0,0.0,250419000.0,6954409000.0
TUPRS,2013,6,268565000.0,4195076000.0,18315276000.0,0.0,250419000.0,5975281000.0
TUPRS,2013,3,130267000.0,5019819000.0,8228876000.0,0.0,250419000.0,5259496000.0
TUPRS,2012,12,1471364000.0,4889584000.0,42436908000.0,0.0,250419000.0,4244133000.0
TUPRS,2012,9,984358000.0,4403823000.0,31842078000.0,0.0,250419000.0,3979531000.0
TUPRS,2012,6,427818000.0,3847605000.0,20156041000.0,0.0,250419000.0,3732267000.0
TUPRS,2012,3,290671000.0,4694770000.0,9269816000.0,0.0,250419000.0,3400401000.0
TUPRS,2011,12,1244527000.0,4405658000.0,40747047000.0,0.0,250419000.0,2347818000.0
TUPRS,2011,9,920510000.0,4079474000.0,29849804000.0,0.0,250419000.0,1565202000.0
TUPRS,2011,6,566148000.0,3722333000.0,17975828000.0,0.0,250419000.0,1629172000.0
TUPRS,2011,3,307335000.0,4208441000.0,7756383000.0,0.0,250419000.0,3058898000.0
TUKAS,2023,12,1675972311.0,10742232590.0,9382821354.0,0.0,1472310000.0,1729008726.0
TUKAS,2023,9,682348368.0,3125469575.0,6553984923.0,0.0,1472310000.0,870618523.0
TUKAS,2023,6,230539592.0,2602412373.0,3409015378.0,0.0,490770000.0,1105741335.0
TUKAS,2023,3,-236633919.0,2159845848.0,1778684581.0,0.0,490770000.0,1461155212.0
TUKAS,2022,12,1863071176.0,4690656626.0,7476194939.0,0.0,490770000.0,1982824000.0
TUKAS,2022,9,1040803141.0,1773185330.0,2615335767.0,0.0,490770000.0,988002920.0
TUKAS,2022,6,562078142.0,1294184346.0,1218515229.0,0.0,272650000.0,391852934.0
TUKAS,2022,3,243756142.0,975415215.0,642576298.0,0.0,272650000.0,512977345.0
TUKAS,2021,12,182092847.0,731454766.0,1065066116.0,0.0,272650000.0,539224838.0
TUKAS,2021,9,83537012.0,631999478.0,715120583.0,0.0,272650000.0,601595850.0
TUKAS,2021,6,35784068.0,584641538.0,399019159.0,0.0,272650000.0,478641984.0
TUKAS,2021,3,9360672.0,558446249.0,177836238.0,0.0,272650000.0,495081103.0
TUKAS,2020,12,127897705.0,548489926.0,814368727.0,0.0,272650000.0,515756957.0
TUKAS,2020,9,103488047.0,383790267.0,621052514.0,0.0,272650000.0,526620404.0
TUKAS,2020,6,48535598.0,328762224.0,410429141.0,0.0,272650000.0,390843352.0
TUKAS,2020,3,25542420.0,305505726.0,216205547.0,0.0,272650000.0,388262020.0
TUKAS,2019,12,107190323.0,280380703.0,641160628.0,0.0,272650000.0,404450508.0
TUKAS,2019,9,92538404.0,265749010.0,486405179.0,0.0,272650000.0,423320575.0
TUKAS,2019,6,33157071.0,206295244.0,317795545.0,0.0,272650000.0,341442252.0
TUKAS,2019,3,11684652.0,186275092.0,156007922.0,0.0,272650000.0,381957117.0
TUKAS,2018,12,35625470.0,174576326.0,373985924.0,0.0,272650000.0,337679671.0
TUKAS,2018,9,15412221.0,153991707.0,240649684.0,0.0,272650000.0,318552729.0
TUKAS,2018,6,6661158.0,145026078.0,147923554.0,0.0,272650000.0,208647306.0
TUKAS,2018,3,4292323.0,145333306.0,69435610.0,0.0,272650000.0,192149097.0
TUKAS,2017,12,6293290.0,141125311.0,235258862.0,0.0,272650000.0,172374553.0
TUKAS,2017,9,12867528.0,149071668.0,179687195.0,0.0,272650000.0,138663771.0
TUKAS,2017,6,8702951.0,144995096.0,118777235.0,0.0,272650000.0,109391224.0
TUKAS,2017,3,5031030.0,141405865.0,55955573.0,0.0,272650000.0,150492638.0
TUKAS,2016,12,15227319.0,136430142.0,202652381.0,0.0,272650000.0,119144910.0
TUKAS,2016,9,11835377.0,133150263.0,162133568.0,0.0,272650000.0,124718611.0
TUKAS,2016,6,3303018.0,124621057.0,106451872.0,0.0,272650000.0,106577781.0
TUKAS,2016,3,1727279.0,123102026.0,46228488.0,0.0,272650000.0,114865881.0
TUKAS,2015,12,37953926.0,121578514.0,162563810.0,0.0,272650000.0,114448682.0
TUKAS,2015,9,36716429.0,119792618.0,123157155.0,0.0,272650000.0,120110602.0
TUKAS,2015,6,37680577.0,121450783.0,88159193.0,0.0,272650000.0,75718446.0
TUKAS,2015,3,2265453.0,72500734.0,38460219.0,0.0,272650000.0,78590172.0
TUKAS,2014,12,-43813795.0,70538348.0,106221206.0,0.0,272650000.0,114072373.0
TUKAS,2014,9,-41389930.0,-1998329.0,75127974.0,0.0,100000000.0,166731281.0
TUKAS,2014,6,-12796501.0,26436708.0,59144764.0,0.0,100000000.0,134559742.0
TUKAS,2014,3,-10561823.0,28984699.0,25553446.0,0.0,100000000.0,140001200.0
TUKAS,2013,12,-39973342.0,39579523.0,137370364.0,0.0,100000000.0,157162358.0
TUKAS,2013,9,-25828748.0,53753306.0,98227386.0,0.0,100000000.0,148986037.0
TUKAS,2013,6,-15507384.0,64430208.0,56340761.0,0.0,100000000.0,97230099.0
TUKAS,2013,3,-5749437.0,73860724.0,24637265.0,0.0,100000000.0,91163096.0
TUKAS,2012,12,-17560301.0,79617003.0,117256640.0,0.0,100000000.0,93239099.0
TUKAS,2012,9,-12261416.0,85080591.0,79460246.0,0.0,100000000.0,85899763.0
TUKAS,2012,6,-11811830.0,85598640.0,43421820.0,0.0,100000000.0,108623603.0
TUKAS,2012,3,-5981994.0,41404386.0,22538239.0,0.0,100000000.0,109608934.0
TUKAS,2011,12,-38487317.0,47543445.0,102014536.0,0.0,100000000.0,124299239.0
TUKAS,2011,9,-24433956.0,51853006.0,60016434.0,0.0,100000000.0,111443387.0
TUKAS,2011,6,-18289407.0,57990311.0,27296069.0,0.0,100000000.0,72794414.0
TUKAS,2011,3,-8252367.0,68019776.0,11665555.0,0.0,100000000.0,66020023.0
TURSG,2023,12,6155335809.0,15425582306.0,,,1161523363.0,
TURSG,2023,9,5102088484.0,12239517267.0,,,1161523363.0,
TURSG,2023,6,2869900152.0,9243957850.0,,,1161523363.0,
TURSG,2023,3,537027576.0,6743644841.0,,,1161523363.0,
TURSG,2022,12,941403358.0,6420726465.0,,,1161523363.0,
TURSG,2022,9,517588747.0,4362053239.0,,,1161523363.0,
TURSG,2022,6,314779050.0,4010769838.0,,,1161523363.0,
TURSG,2022,3,306648628.0,4013698650.0,,,1161523363.0,
TURSG,2021,12,1058300968.0,4220065907.0,,,1161523363.0,
TURSG,2021,9,783936943.0,3851998265.0,,,1161523363.0,
TURSG,2021,6,634089512.0,3774889029.0,,,1161523363.0,
TURSG,2021,3,329363651.0,3856393275.0,,,1161523363.0,
TURSG,2020,12,1153019269.0,3459501032.0,,,1161523363.0,
TURSG,2020,9,960973318.0,3142802609.0,,,1161523363.0,
TURSG,2020,6,259952746.0,1602698978.0,,,540000000.0,
TURSG,2020,3,147831115.0,1425099430.0,,,540000000.0,
TURSG,2019,12,828378599.0,2484251273.0,,,939000000.0,
TURSG,2019,9,87450070.0,1161624754.0,,,540000000.0,
TURSG,2019,6,41763311.0,839109711.0,,,270000000.0,
TURSG,2019,3,-21125583.0,775717677.0,,,270000000.0,
TURSG,2018,12,10871374.0,802284360.0,,,270000000.0,
TURSG,2018,9,35733709.0,701938402.0,,,270000000.0,
TURSG,2018,6,19901592.0,695662074.0,,,270000000.0,
TURSG,2018,3,1277879.0,680244794.0,,,270000000.0,
TURSG,2017,12,26493239.0,677599159.0,,,270000000.0,
TURSG,2017,9,15030229.0,536171066.0,,,270000000.0,
TURSG,2017,6,-6964271.0,445839939.0,,,270000000.0,
TURSG,2017,3,885002.0,447751027.0,,,270000000.0,
TURSG,2016,12,-50762448.0,433195061.0,,,270000000.0,
TURSG,2016,9,-68856772.0,278223636.0,,,150000000.0,
TURSG,2016,6,-78994632.0,227226030.0,,,150000000.0,
TURSG,2016,3,-21523312.0,290644926.0,,,150000000.0,
TURSG,2015,12,-162568880.0,306102414.0,,,150000000.0,
TURSG,2015,9,-71124224.0,205918186.0,,,150000000.0,
TURSG,2015,6,-79235587.0,144554791.0,,,150000000.0,
ULKER,2023,12,6096775000.0,28589846000.0,80615534000.0,0.0,369276000.0,44126832000.0
ULKER,2023,9,4069401000.0,10509042000.0,56149663000.0,0.0,369276000.0,28574410000.0
ULKER,2023,6,679997000.0,8639324000.0,38340257000.0,0.0,342000000.0,28606196000.0
ULKER,2023,3,2699513000.0,8722442000.0,18804838000.0,0.0,342000000.0,25203558000.0
ULKER,2022,12,1429506000.0,15643115000.0,51981208000.0,0.0,342000000.0,39134587000.0
ULKER,2022,9,-985793000.0,4550850000.0,19178880000.0,0.0,342000000.0,24229299000.0
ULKER,2022,6,-885691000.0,4233107000.0,11877060000.0,0.0,342000000.0,22090642000.0
ULKER,2022,3,-331056000.0,4094808000.0,5886018000.0,0.0,342000000.0,19870152000.0
ULKER,2021,12,-162419000.0,4313902000.0,12537080000.0,0.0,342000000.0,18176825000.0
ULKER,2021,9,773243000.0,3714041000.0,8418957000.0,0.0,342000000.0,12734860000.0
ULKER,2021,6,740039000.0,7103476000.0,5442824000.0,0.0,342000000.0,10804997000.0
ULKER,2021,3,492976000.0,7099356000.0,2783757000.0,0.0,342000000.0,10588834000.0
ULKER,2020,12,1268565000.0,6816693000.0,9715630000.0,0.0,342000000.0,10481296000.0
ULKER,2020,9,820971000.0,6139376000.0,6976612000.0,0.0,342000000.0,8459122000.0
ULKER,2020,6,495331000.0,5628782000.0,4520767000.0,0.0,342000000.0,7233223000.0
ULKER,2020,3,-44143000.0,4930114000.0,2376126000.0,0.0,342000000.0,6428522000.0
ULKER,2019,12,1102425000.0,5197726000.0,7803120000.0,0.0,342000000.0,6741034000.0
ULKER,2019,9,818146000.0,4611554000.0,5655967000.0,0.0,342000000.0,5819617000.0
ULKER,2019,6,545380000.0,4590836000.0,3762858000.0,0.0,342000000.0,5951689000.0
ULKER,2019,3,399446000.0,4125350000.0,1942360000.0,0.0,342000000.0,5557302000.0
ULKER,2018,12,787621000.0,3679732000.0,5955508000.0,0.0,342000000.0,5245753000.0
ULKER,2018,9,644656000.0,3244557000.0,4157633000.0,0.0,342000000.0,6174764000.0
ULKER,2018,6,387961000.0,2890865000.0,2719959000.0,0.0,342000000.0,4799047000.0
ULKER,2018,3,152277000.0,2856709000.0,1407690000.0,0.0,342000000.0,4706593000.0
ULKER,2017,12,444997000.0,2563537000.0,4825648000.0,0.0,342000000.0,4310403000.0
ULKER,2017,9,325612000.0,2034789028.0,3523510000.0,0.0,342000000.0,4317514111.0
ULKER,2017,6,229850000.0,1949088994.0,2461199000.0,0.0,342000000.0,4215952095.0
ULKER,2017,3,128753000.0,1856325980.0,1294062000.0,0.0,342000000.0,3049485045.0
ULKER,2016,12,284296416.0,1446308000.0,4193774746.0,0.0,342000000.0,2952926000.0
ULKER,2016,9,255889998.0,1744032832.0,2879909809.0,0.0,342000000.0,2397809466.0
ULKER,2016,6,200492101.0,1683610334.0,2037883254.0,0.0,342000000.0,2401435241.0
ULKER,2016,3,97239835.0,1614982094.0,1035360123.0,0.0,342000000.0,2673464742.0
ULKER,2015,12,322814136.0,1608379361.0,3793737272.0,0.0,342000000.0,2695111302.0
ULKER,2015,9,192131279.0,1299535153.0,2737589358.0,0.0,342000000.0,1795967831.0
ULKER,2015,6,138297159.0,1245919598.0,1915786892.0,0.0,342000000.0,1571908935.0
ULKER,2015,3,59677293.0,1177398354.0,980802721.0,0.0,342000000.0,1461758684.0
ULKER,2014,12,234984712.0,1117495640.0,2891213747.0,0.0,342000000.0,2558325201.0
ULKER,2014,9,167924226.0,1103959143.0,2123185388.0,0.0,342000000.0,834539976.0
ULKER,2014,6,130156123.0,1065712204.0,1450530307.0,0.0,342000000.0,772997914.0
ULKER,2014,3,61333995.0,1198773707.0,792460191.0,0.0,342000000.0,1218921622.0
ULKER,2013,12,227330561.0,1268168447.0,2748370545.0,0.0,342000000.0,1259584390.0
ULKER,2013,9,152000967.0,1059172854.0,1978409277.0,0.0,342000000.0,1242877550.0
ULKER,2013,6,110984286.0,1034619919.0,1326279487.0,0.0,342000000.0,1312864781.0
ULKER,2013,3,55706536.0,985218113.0,716165021.0,0.0,342000000.0,1350431076.0
ULKER,2012,12,195573934.0,1079753412.0,2343232826.0,0.0,342000000.0,1500952673.0
ULKER,2012,9,163399268.0,1005523787.0,1706487304.0,0.0,342000000.0,1113764895.0
ULKER,2012,6,115532243.0,958540275.0,1142757148.0,0.0,342000000.0,1112406227.0
ULKER,2012,3,63932943.0,1165877301.0,630300185.0,0.0,268600000.0,1229022459.0
ULKER,2011,12,670286143.0,1097250691.0,1788860409.0,0.0,268600000.0,1034350268.0
ULKER,2011,9,608015260.0,938344498.0,1082622035.0,0.0,268600000.0,1126098521.0
ULKER,2011,6,607737386.0,1561469253.0,732841048.0,0.0,268600000.0,822972370.0
ULKER,2011,3,18674263.0,1546864586.0,366433371.0,0.0,268600000.0,843985756.0
VERUS,2023,12,655143152.0,5219980557.0,887309048.0,0.0,70000000.0,454337807.0
VERUS,2023,9,211050162.0,2599730528.0,663817405.0,0.0,70000000.0,125486745.0
VERUS,2023,6,174367120.0,2157170749.0,324378050.0,0.0,70000000.0,104008509.0
VERUS,2023,3,-120552581.0,1943958226.0,157532583.0,0.0,70000000.0,189658446.0
VERUS,2022,12,78437850.0,3307157157.0,700578771.0,0.0,70000000.0,357492018.0
VERUS,2022,9,366031705.0,1518425228.0,290152715.0,0.0,70000000.0,192490799.0
VERUS,2022,6,272790832.0,1473741639.0,205358121.0,0.0,70000000.0,90802567.0
VERUS,2022,3,69563818.0,1291407207.0,82497843.0,0.0,70000000.0,39106183.0
VERUS,2021,12,295475610.0,1221249174.0,122107283.0,0.0,70000000.0,36367988.0
VERUS,2021,9,144315737.0,851353891.0,66147211.0,0.0,70000000.0,29476091.0
VERUS,2021,6,104103718.0,765943544.0,40071624.0,0.0,70000000.0,31446609.0
VERUS,2021,3,61893214.0,707214871.0,17970984.0,0.0,70000000.0,35765311.0
VERUS,2020,12,160060343.0,596416199.0,54971946.0,0.0,70000000.0,37962140.0
VERUS,2020,9,51786928.0,454606388.0,38832854.0,0.0,70000000.0,42810278.0
VERUS,2020,6,40226175.0,432753433.0,26405686.0,0.0,70000000.0,17068677.0
VERUS,2020,3,5072460.0,400378959.0,11155503.0,0.0,70000000.0,18117199.0
VERUS,2019,12,75658246.0,405685080.0,82493220.0,0.0,70000000.0,18150218.0
VERUS,2019,9,45326113.0,363208021.0,66868898.0,0.0,70000000.0,19204501.0
VERUS,2019,6,39123569.0,364064316.0,53328371.0,0.0,70000000.0,21282030.0
VERUS,2019,3,10886151.0,336853217.0,10156387.0,0.0,70000000.0,23518338.0
VERUS,2018,12,54237197.0,325360046.0,95706318.0,0.0,70000000.0,24757738.0
VERUS,2018,9,26328937.0,301727084.0,83607236.0,0.0,70000000.0,32588543.0
VERUS,2018,6,-990600.0,264790190.0,64054271.0,0.0,70000000.0,30097824.0
VERUS,2018,3,11391939.0,277118212.0,29216012.0,0.0,70000000.0,32207524.0
VERUS,2017,12,20313527.0,265726273.0,85514495.0,0.0,70000000.0,35239776.0
VERUS,2017,9,2623128.0,248690826.0,64719089.0,0.0,70000000.0,38773809.0
VERUS,2017,6,-5028691.0,253912145.0,41525877.0,0.0,70000000.0,39786099.0
VERUS,2017,3,96854.0,239188407.0,17635332.0,0.0,70000000.0,34060387.0
VERUS,2016,12,42885896.0,239316912.0,94776443.0,0.0,70000000.0,31368227.0
VERUS,2016,9,23520427.0,226375622.0,75256009.0,0.0,70000000.0,28658779.0
VERUS,2016,6,30677384.0,234024705.0,53940776.0,0.0,70000000.0,24726623.0
VERUS,2016,3,13586891.0,228081518.0,27368668.0,0.0,20000000.0,23220778.0
VERUS,2015,12,59569025.0,214494627.0,90185176.0,0.0,20000000.0,18920176.0
VERUS,2015,9,24855158.0,147470913.0,70801338.0,0.0,20000000.0,155241.0
VERUS,2015,6,18800208.0,141415963.0,51205000.0,0.0,20000000.0,1981719.0
VERUS,2015,3,6958090.0,129573845.0,27546853.0,0.0,20000000.0,2747802.0
VERUS,2014,12,9313041.0,127615755.0,47446382.0,0.0,20000000.0,0.0
VERUS,2014,9,-6426937.0,111871856.0,32642058.0,0.0,20000000.0,0.0
VERUS,2014,6,1259441.0,119558234.0,19798167.0,0.0,20000000.0,0.0
VERUS,2014,3,8165858.0,128864651.0,9875701.0,0.0,20000000.0,0.0
VERUS,2013,12,9918695.0,120702714.0,42574496.0,0.0,20000000.0,12717003.0
VERUS,2013,9,15620482.0,70732833.0,33012111.0,0.0,15000000.0,0.0
VERUS,2013,6,12141621.0,67253972.0,21333190.0,0.0,15000000.0,0.0
VERUS,2013,3,392636.0,0.0,10375368.0,0.0,0.0,0.0
VERUS,2012,12,35727288.0,55112351.0,59447155.0,0.0,15000000.0,0.0
VERUS,2012,9,48104998.0,0.0,24921615.0,0.0,0.0,0.0
VERUS,2012,6,8402530.0,0.0,12174666.0,0.0,0.0,0.0
VERUS,2011,12,3270528.0,12550153.0,11074907.0,0.0,9000000.0,4553105.0
VAKBN,2023,12,25045910000.0,171427614000.0,,25411678000.0,9915922000.0,
VAKBN,2023,9,15023268000.0,153233983000.0,,18541958000.0,9915922000.0,
VAKBN,2023,6,5509159000.0,137013362000.0,,7742825000.0,9915922000.0,
VAKBN,2023,3,4502598000.0,141108205000.0,,4001859000.0,9915922000.0,
VAKBN,2022,12,24017232000.0,106984889000.0,,37243595000.0,7111364000.0,
VAKBN,2022,9,15610116000.0,90824842000.0,,22880114000.0,7111364000.0,
VAKBN,2022,6,10018614000.0,80517356000.0,,13647831000.0,7111364000.0,
VAKBN,2022,3,3002181000.0,75250828000.0,,5075311000.0,7111364000.0,
VAKBN,2021,12,4175464000.0,51952740000.0,,5295721000.0,3905622000.0,
VAKBN,2021,9,2177873000.0,48502041000.0,,2754580000.0,3905622000.0,
VAKBN,2021,6,1410463000.0,47852833000.0,,1680379000.0,3905622000.0,
VAKBN,2021,3,750124000.0,47987639000.0,,1002413000.0,3905622000.0,
VAKBN,2020,12,5010456000.0,46484658000.0,,6439273000.0,3905622000.0,
VAKBN,2020,9,4341416000.0,44186112000.0,,5483076000.0,3905622000.0,
VAKBN,2020,6,3241387000.0,43690140000.0,,4215653000.0,3905622000.0,
VAKBN,2020,3,1716170000.0,33465727000.0,,2127821000.0,2500000000.0,
VAKBN,2019,12,2802291000.0,33026273000.0,,3612583000.0,2500000000.0,
VAKBN,2019,9,1521993000.0,30515485000.0,,1936827000.0,2500000000.0,
VAKBN,2019,6,1018791000.0,29274785000.0,,1200913000.0,2500000000.0,
VAKBN,2019,3,651222000.0,28615328000.0,,781617000.0,2500000000.0,
VAKBN,2018,12,4154322000.0,28350190000.0,,5153927000.0,2500000000.0,
VAKBN,2018,9,3110119000.0,26692436000.0,,3819268000.0,2500000000.0,
VAKBN,2018,6,2125261000.0,26087389000.0,,2658169000.0,2500000000.0,
VAKBN,2018,3,1051421000.0,24999102000.0,,1299910000.0,2500000000.0,
VAKBN,2017,12,3723383000.0,23257818000.0,,4675132000.0,2500000000.0,
VAKBN,2017,9,2822084000.0,22232335000.0,,3522542000.0,2500000000.0,
VAKBN,2017,6,2121410000.0,21615126000.0,,2657264000.0,2500000000.0,
VAKBN,2017,3,1224752000.0,20675953000.0,,1517590000.0,2500000000.0,
VAKBN,2016,12,2703042000.0,19238711000.0,,3395524000.0,2500000000.0,
VAKBN,2016,9,1920975000.0,18782842000.0,,2423296000.0,2500000000.0,
VAKBN,2016,6,1103587000.0,18027944000.0,,1390810000.0,2500000000.0,
VAKBN,2016,3,516663000.0,17370749000.0,,639610000.0,2500000000.0,
VAKBN,2015,12,1930109000.0,16767548000.0,,2470293000.0,2500000000.0,
VAKBN,2015,9,1273479000.0,15877030000.0,,1653650000.0,2500000000.0,
VAKBN,2015,6,820937000.0,15051197000.0,,1070699000.0,2500000000.0,
VAKBN,2015,3,434627000.0,14918854000.0,,564901000.0,2500000000.0,
VAKBN,2014,12,1753273000.0,14771750000.0,,2213676000.0,2500000000.0,
VAKBN,2014,9,1070483000.0,13681664000.0,,1373760000.0,2500000000.0,
VAKBN,2014,6,722807000.0,13496143000.0,,917875000.0,2500000000.0,
VAKBN,2014,3,373614000.0,12798907000.0,,455952000.0,2500000000.0,
VAKBN,2013,12,1585539000.0,12616321000.0,,1982914000.0,2500000000.0,
VAKBN,2013,9,1161207000.0,12218169000.0,,1511598000.0,2500000000.0,
VAKBN,2013,6,904741000.0,11934587000.0,,1154982000.0,2500000000.0,
VAKBN,2013,3,522682000.0,12178555000.0,,655466000.0,2500000000.0,
VAKBN,2012,12,1460080000.0,11918154000.0,,1885361000.0,2500000000.0,
VAKBN,2012,9,1009348000.0,11051223000.0,,1295096000.0,2500000000.0,
VAKBN,2012,6,704159000.0,10212112000.0,,895229000.0,2500000000.0,
VAKBN,2012,3,419761000.0,9868774000.0,,525157000.0,2500000000.0,
VAKBN,2011,12,1226785000.0,9298405000.0,,1575181000.0,2500000000.0,
VAKBN,2011,9,965135000.0,9147622000.0,,1235023000.0,2500000000.0,
VAKBN,2011,6,649042000.0,9013465000.0,,823483000.0,2500000000.0,
VAKBN,2011,3,409191000.0,8778337000.0,,502295000.0,2500000000.0,
VESBE,2023,12,6821109000.0,31171059000.0,88171978000.0,0.0,1600000000.0,6625744000.0
VESBE,2023,9,5139151000.0,9678558000.0,62989601000.0,0.0,1600000000.0,4836250000.0
VESBE,2023,6,2008505000.0,7072451000.0,41818400000.0,0.0,1600000000.0,6833049000.0
VESBE,2023,3,1315210344.0,6828231000.0,19967199323.0,0.0,1600000000.0,6809224000.0
VESBE,2022,12,211788000.0,13554439000.0,59583113000.0,0.0,1600000000.0,10244779000.0
VESBE,2022,9,1439236000.0,5489866000.0,21196102000.0,0.0,1600000000.0,4462000000.0
VESBE,2022,6,1265744000.0,5466109000.0,12970121000.0,0.0,1600000000.0,2747676000.0
VESBE,2022,3,572751000.0,5477435000.0,5417752000.0,0.0,1600000000.0,2845173000.0
VESBE,2021,12,1518592000.0,4892655000.0,16178009000.0,0.0,1600000000.0,1334840000.0
VESBE,2021,9,1105270000.0,3715153000.0,11268255000.0,0.0,190000000.0,1275301000.0
VESBE,2021,6,827246000.0,3741727000.0,7344803000.0,0.0,190000000.0,1284417000.0
VESBE,2021,3,311067000.0,3732823000.0,2969371000.0,0.0,190000000.0,1557684000.0
VESBE,2020,12,1331308000.0,3361765000.0,9409285000.0,0.0,190000000.0,1440994000.0
VESBE,2020,9,709933000.0,2363993000.0,6043224000.0,0.0,190000000.0,1175147000.0
VESBE,2020,6,350720000.0,2145818000.0,3510378000.0,0.0,190000000.0,857935000.0
VESBE,2020,3,135443000.0,1942058000.0,1595057000.0,0.0,190000000.0,835868000.0
VESBE,2019,12,568072000.0,1806228000.0,6967964000.0,0.0,190000000.0,803473000.0
VESBE,2019,9,445285000.0,1689518000.0,4995815000.0,0.0,190000000.0,730431000.0
VESBE,2019,6,317189000.0,1561381000.0,3203318000.0,0.0,190000000.0,979941000.0
VESBE,2019,3,83399000.0,1896722000.0,1385110000.0,0.0,190000000.0,822095000.0
VESBE,2018,12,622561000.0,1811575000.0,5693973000.0,0.0,190000000.0,653704000.0
VESBE,2018,9,463625000.0,1653860000.0,3897318000.0,0.0,190000000.0,740715000.0
VESBE,2018,6,217696000.0,1005750000.0,2423196000.0,0.0,190000000.0,472059000.0
VESBE,2018,3,84397000.0,1085625000.0,1053028000.0,0.0,190000000.0,591903000.0
VESBE,2017,12,295234000.0,1012137000.0,3857756000.0,0.0,190000000.0,531491000.0
VESBE,2017,9,209488000.0,920485000.0,2828740000.0,0.0,190000000.0,533084000.0
VESBE,2017,6,139452000.0,846394000.0,1744512000.0,0.0,190000000.0,272491000.0
VESBE,2017,3,72728000.0,982086000.0,689010000.0,0.0,190000000.0,260488000.0
VESBE,2016,12,325005000.0,919931000.0,3037017000.0,0.0,190000000.0,248709000.0
VESBE,2016,9,284247000.0,867385000.0,2126028000.0,0.0,190000000.0,164352000.0
VESBE,2016,6,194672000.0,783699000.0,1429548000.0,0.0,190000000.0,178946000.0
VESBE,2016,3,65315000.0,773471000.0,617015000.0,0.0,190000000.0,172874000.0
VESBE,2015,12,163895000.0,714273000.0,2524068000.0,0.0,190000000.0,60489000.0
VESBE,2015,9,89537000.0,627757000.0,1798314000.0,0.0,190000000.0,171114000.0
VESBE,2015,6,55240000.0,591468000.0,1098353000.0,0.0,190000000.0,185469000.0
VESBE,2015,3,601000.0,673894000.0,477355000.0,0.0,190000000.0,118855000.0
VESBE,2014,12,131177000.0,662563000.0,2337141000.0,0.0,190000000.0,118964000.0
VESBE,2014,9,104241000.0,648059000.0,1735065000.0,0.0,190000000.0,145572000.0
VESBE,2014,6,82478000.0,600665000.0,1119352000.0,0.0,190000000.0,269824000.0
VESBE,2014,3,41771000.0,582855000.0,513022000.0,0.0,190000000.0,271225000.0
VESBE,2013,12,52689000.0,540804000.0,2028695000.0,0.0,190000000.0,292024000.0
VESBE,2013,9,45529000.0,512251000.0,1556084000.0,0.0,190000000.0,444780000.0
VESBE,2013,6,28482000.0,503456000.0,1058209000.0,0.0,190000000.0,460354000.0
VESBE,2013,3,13191000.0,504447000.0,473797000.0,0.0,190000000.0,370636000.0
VESBE,2012,12,-17544000.0,491256000.0,1883377000.0,0.0,190000000.0,375515000.0
VESBE,2012,9,-3124000.0,506623000.0,1409720000.0,0.0,190000000.0,376446000.0
VESBE,2012,6,19581000.0,529328000.0,916576000.0,0.0,190000000.0,392825000.0
VESBE,2012,3,19770000.0,529517000.0,391986000.0,0.0,190000000.0,232543000.0
VESBE,2011,12,20145000.0,509747000.0,1973169000.0,0.0,190000000.0,224219000.0
VESBE,2011,9,21845000.0,511447000.0,1449821000.0,0.0,190000000.0,310697000.0
VESBE,2011,6,17903000.0,507505000.0,893158000.0,0.0,190000000.0,254021000.0
VESBE,2011,3,8629000.0,520635000.0,361617000.0,0.0,190000000.0,111099000.0
VESTL,2023,12,3365700000.0,58993468000.0,162015698000.0,0.0,335456000.0,42475976000.0
VESTL,2023,9,-559277000.0,16165953000.0,112522184000.0,0.0,335456000.0,27356456000.0
VESTL,2023,6,-2338347000.0,13625066000.0,66347999000.0,0.0,335456000.0,25882839000.0
VESTL,2023,3,-219914000.0,13496156000.0,31144838000.0,0.0,335456000.0,22698301000.0
VESTL,2022,12,191486000.0,30227224000.0,111124940000.0,0.0,335456000.0,35320241000.0
VESTL,2022,9,1214605000.0,12595057000.0,39102347000.0,0.0,335456000.0,19319404000.0
VESTL,2022,6,1496321000.0,12691349000.0,24630676000.0,0.0,335456000.0,17416840000.0
VESTL,2022,3,592604000.0,11178758000.0,11740874000.0,0.0,335456000.0,13782044000.0
VESTL,2021,12,2153953000.0,10311661000.0,32505835000.0,0.0,335456000.0,12117126000.0
VESTL,2021,9,1253681000.0,8177883000.0,21758573000.0,0.0,335456000.0,9758123000.0
VESTL,2021,6,1036110000.0,9142380000.0,14214582000.0,0.0,335456000.0,8837108000.0
VESTL,2021,3,259828000.0,8123757000.0,6200674000.0,0.0,335456000.0,9205627000.0
VESTL,2020,12,1907237000.0,7425534000.0,21546180000.0,0.0,335456000.0,8814662000.0
VESTL,2020,9,1025491000.0,5114168000.0,13908029000.0,0.0,335456000.0,9023452000.0
VESTL,2020,6,626138000.0,4609332000.0,8354599000.0,0.0,335456000.0,8477985000.0
VESTL,2020,3,236474000.0,4046297000.0,3930802000.0,0.0,335456000.0,8335582000.0
VESTL,2019,12,351850000.0,3779911000.0,17174123000.0,0.0,335456000.0,7810277000.0
VESTL,2019,9,170617000.0,3551596000.0,12006532000.0,0.0,335456000.0,8001744000.0
VESTL,2019,6,50935000.0,3463507000.0,7825967000.0,0.0,335456000.0,7987931000.0
VESTL,2019,3,-270272000.0,3150480000.0,3562533000.0,0.0,335456000.0,7818296000.0
VESTL,2018,12,400886000.0,3318255000.0,15852300000.0,0.0,335456000.0,7177031000.0
VESTL,2018,9,102853000.0,2993920000.0,10615060000.0,0.0,335456000.0,7091323000.0
VESTL,2018,6,112701000.0,2464704000.0,6997741000.0,0.0,335456000.0,5692757000.0
VESTL,2018,3,-19874000.0,2284668000.0,3038029000.0,0.0,335456000.0,5043876000.0
VESTL,2017,12,71341000.0,2278028000.0,12100938000.0,0.0,335456000.0,4508292000.0
VESTL,2017,9,86863000.0,1863677000.0,8234481000.0,0.0,335456000.0,4278875000.0
VESTL,2017,6,140287000.0,1896485000.0,5341299000.0,0.0,335456000.0,3656023000.0
VESTL,2017,3,42365000.0,1875776000.0,2382874000.0,0.0,335456000.0,3429650000.0
VESTL,2016,12,184762000.0,1839125000.0,9540494000.0,0.0,335456000.0,3093569000.0
VESTL,2016,9,281677000.0,1858022000.0,6764675000.0,0.0,335456000.0,3174095000.0
VESTL,2016,6,186999000.0,1770323000.0,4647720000.0,0.0,335456000.0,3155284000.0
VESTL,2016,3,111155000.0,1662443000.0,2248050000.0,0.0,335456000.0,2908029000.0
VESTL,2015,12,68577000.0,1573808000.0,9250461000.0,0.0,335456000.0,2461184000.0
VESTL,2015,9,-76371000.0,1275426000.0,6246569000.0,0.0,335456000.0,2850283000.0
VESTL,2015,6,-29343000.0,1315237000.0,3737856000.0,0.0,335456000.0,2602610000.0
VESTL,2015,3,-74117000.0,1328247000.0,1807801000.0,0.0,335456000.0,2086670000.0
VESTL,2014,12,104122000.0,1370649000.0,7767303000.0,0.0,335456000.0,1649532000.0
VESTL,2014,9,84321000.0,1412740000.0,5490456000.0,0.0,335456000.0,1374370000.0
VESTL,2014,6,129832000.0,1437541000.0,3622151000.0,0.0,335456000.0,1427895000.0
VESTL,2014,3,51442000.0,1360729000.0,1697364000.0,0.0,335456000.0,1330586000.0
VESTL,2013,12,-93485000.0,1345190000.0,6217957000.0,0.0,335456000.0,1000017000.0
VESTL,2013,9,-84646000.0,1263890000.0,4400690000.0,0.0,335456000.0,1289290000.0
VESTL,2013,6,-58631000.0,1298992000.0,2802279000.0,0.0,335456000.0,1318286000.0
VESTL,2013,3,2857000.0,1419209000.0,1262256000.0,0.0,335456000.0,1092111000.0
VESTL,2012,12,-123993000.0,1341682000.0,7028972000.0,0.0,335456000.0,996799000.0
VESTL,2012,9,-42791000.0,1071686000.0,5022199000.0,0.0,335456000.0,1061832000.0
VESTL,2012,6,3441000.0,1100552000.0,3544524000.0,0.0,335456000.0,947202000.0
VESTL,2012,3,25308000.0,1152314000.0,1693240000.0,0.0,335456000.0,913483000.0
VESTL,2011,12,-29597000.0,1131938000.0,6976564000.0,0.0,335456000.0,795250000.0
VESTL,2011,9,15800000.0,1173504000.0,4687396000.0,0.0,335456000.0,829131000.0
VESTL,2011,6,41330000.0,1197437000.0,2800285000.0,0.0,335456000.0,673749000.0
VESTL,2011,3,22669000.0,1156753000.0,1298535000.0,0.0,335456000.0,647235000.0
YATAS,2023,12,1011153276.0,6749812518.0,19538512206.0,0.0,149798932.0,5225371268.0
YATAS,2023,9,904679177.0,1463263687.0,12958147123.0,0.0,149798932.0,2847386975.0
YATAS,2023,6,549579673.0,1689360320.0,8372898373.0,0.0,149798932.0,2015142745.0
YATAS,2023,3,533702147.0,1499471873.0,3825513760.0,0.0,149798932.0,1690999201.0
YATAS,2022,12,349938139.0,4233929625.0,12756701265.0,0.0,149798932.0,2357991486.0
YATAS,2022,9,369571621.0,1269885537.0,4540727787.0,0.0,149798932.0,1185974313.0
YATAS,2022,6,213513914.0,1221993197.0,2754239002.0,0.0,149798932.0,869395979.0
YATAS,2022,3,86727246.0,1094204345.0,1133007614.0,0.0,149798932.0,662362830.0
YATAS,2021,12,256056383.0,1006883275.0,2858976118.0,0.0,149798932.0,415186780.0
YATAS,2021,9,148367776.0,667246548.0,1875009055.0,0.0,149798932.0,362941378.0
YATAS,2021,6,94173396.0,610083225.0,1148245115.0,0.0,149798932.0,414351022.0
YATAS,2021,3,47135123.0,575668678.0,529770058.0,0.0,149798932.0,344650242.0
YATAS,2020,12,170075044.0,529659065.0,1748056658.0,0.0,149798932.0,364508122.0
YATAS,2020,9,98713214.0,476178456.0,1121277170.0,0.0,149798932.0,357378427.0
YATAS,2020,6,29199383.0,413750654.0,605673841.0,0.0,149798932.0,372747889.0
YATAS,2020,3,18055242.0,406474573.0,330564099.0,0.0,149798932.0,300224526.0
YATAS,2019,12,86206560.0,389623884.0,1166946159.0,0.0,149798932.0,276668630.0
YATAS,2019,9,67087373.0,373206446.0,839506211.0,0.0,149798932.0,274114209.0
YATAS,2019,6,42232771.0,348202114.0,556080896.0,0.0,149798932.0,278354967.0
YATAS,2019,3,14107315.0,321118177.0,237744028.0,0.0,149798932.0,301135270.0
YATAS,2018,12,75639181.0,307303508.0,943150462.0,0.0,149798932.0,206859439.0
YATAS,2018,9,40976760.0,274153756.0,671322075.0,0.0,149798932.0,212181632.0
YATAS,2018,6,25652072.0,258847690.0,426553696.0,0.0,149798932.0,188979025.0
YATAS,2018,3,11054528.0,245897722.0,199178296.0,0.0,42799695.0,124021244.0
YATAS,2017,12,69349999.0,235143421.0,795685790.0,0.0,42799695.0,103261070.0
YATAS,2017,9,51580054.0,147080437.0,591222292.0,0.0,42799695.0,93542591.0
YATAS,2017,6,21585238.0,128345744.0,346491591.0,0.0,42799695.0,97500755.0
YATAS,2017,3,6656118.0,113512241.0,151824453.0,0.0,42799695.0,87117855.0
YATAS,2016,12,17478514.0,107012966.0,502323499.0,0.0,42799695.0,87584811.0
YATAS,2016,9,12093752.0,101838247.0,353714665.0,0.0,42799695.0,71681647.0
YATAS,2016,6,6593848.0,96528347.0,221951560.0,0.0,42799695.0,79372814.0
YATAS,2016,3,2650491.0,92464681.0,94816714.0,0.0,42799695.0,103778058.0
YATAS,2015,12,9051509.0,90057357.0,326525042.0,0.0,42799695.0,105351469.0
YATAS,2015,9,5054745.0,86820869.0,235441263.0,0.0,42799695.0,108553440.0
YATAS,2015,6,4014453.0,86102472.0,147697176.0,0.0,42799695.0,100316890.0
YATAS,2015,3,1171290.0,83053823.0,60955542.0,0.0,42799695.0,106487115.0
YATAS,2014,12,8186238.0,81978331.0,273911138.0,0.0,42799695.0,110225740.0
YATAS,2014,9,6796287.0,80611230.0,197359884.0,0.0,42799696.0,69587368.0
YATAS,2014,6,3144935.0,77466349.0,119834852.0,0.0,42799695.0,73106382.0
YATAS,2014,3,-1123155.0,73365351.0,50715029.0,0.0,42799695.0,112674632.0
YATAS,2013,12,1998497.0,74915556.0,216258003.0,0.0,42799695.0,94538340.0
YATAS,2013,9,2121234.0,75271962.0,160041554.0,0.0,42799695.0,84005384.0
YATAS,2013,6,626604.0,74392204.0,97664645.0,0.0,42799695.0,93039451.0
YATAS,2013,3,-1396076.0,72203054.0,41108974.0,0.0,42799695.0,91514760.0
YATAS,2012,12,-1897416.0,73623917.0,186850941.0,0.0,42799695.0,88492925.0
YATAS,2012,9,715013.0,76310707.0,141228213.0,0.0,42799695.0,82371335.0
YATAS,2012,6,3298930.0,78828790.0,91100022.0,0.0,42799695.0,84171285.0
YATAS,2012,3,-1357581.0,74238114.0,31146191.0,0.0,42799695.0,86897919.0
YATAS,2011,12,4632501.0,74580307.0,189088106.0,0.0,42799695.0,93673478.0
YATAS,2011,9,-3312489.0,73271538.0,144108974.0,0.0,17119878.0,99091932.0
YATAS,2011,6,1754489.0,66621911.0,93491697.0,0.0,17119878.0,92153803.0
YATAS,2011,3,693125.0,63069484.0,39929408.0,0.0,17119878.0,80131903.0
YEOTK,2023,12,578959379.0,1826776985.0,9214700869.0,0.0,96000000.0,2131865491.0
YEOTK,2023,9,253815011.0,735968325.0,4635222131.0,0.0,96000000.0,1002622419.0
YEOTK,2023,6,110814487.0,525910325.0,1949283616.0,0.0,96000000.0,813692454.0
YEOTK,2023,3,64663910.0,463156047.0,1015776754.0,0.0,96000000.0,336134391.0
YEOTK,2022,12,206418804.0,743606910.0,2951601608.0,0.0,96000000.0,479247124.0
YEOTK,2022,9,101053330.0,278732820.0,753580766.0,0.0,96000000.0,239371156.0
YEOTK,2022,6,43417316.0,218127912.0,446285143.0,0.0,96000000.0,239645415.0
YEOTK,2022,3,11948676.0,207817301.0,165970167.0,0.0,24000000.0,162625763.0
YEOTK,2021,12,52830776.0,194703450.0,441509331.0,0.0,24000000.0,117974544.0
YEOTK,2021,9,42375804.0,180791253.0,317594522.0,0.0,24000000.0,91894104.0
YEOTK,2021,6,24506111.0,87833514.0,214118025.0,0.0,20000000.0,73028618.0
YEOTK,2021,3,16460923.0,79876029.0,103321926.0,0.0,20000000.0,63832219.0
YEOTK,2020,12,29912293.0,63496275.0,253465754.0,0.0,20000000.0,59012348.0
YEOTK,2020,9,11953214.0,0.0,161130402.0,0.0,0.0,0.0
YEOTK,2020,6,19571815.0,0.0,90513068.0,0.0,0.0,0.0
YEOTK,2020,3,2107700.0,0.0,37040257.0,0.0,0.0,0.0
YEOTK,2019,12,17688652.0,22229019.0,208350208.0,0.0,5000000.0,20385079.0
YEOTK,2018,12,4872216.0,4544617.0,88168919.0,0.0,5000000.0,8342031.0
ZOREN,2023,12,15861441000.0,55545588000.0,39389311000.0,0.0,5000000000.0,61352794000.0
ZOREN,2023,9,2206041000.0,21179604000.0,30229235000.0,0.0,5000000000.0,41714914000.0
ZOREN,2023,6,4184383000.0,20341862000.0,18899295000.0,0.0,2500000000.0,40374343000.0
ZOREN,2023,3,4424193000.0,19312056000.0,9638635000.0,0.0,2500000000.0,32043309000.0
ZOREN,2022,12,9508736000.0,34520532000.0,38806100000.0,0.0,2500000000.0,56632634000.0
ZOREN,2022,9,25075000.0,9532884000.0,19842807000.0,0.0,2500000000.0,33215916000.0
ZOREN,2022,6,2606000.0,10084162000.0,12052214000.0,0.0,2500000000.0,30838136000.0
ZOREN,2022,3,73176000.0,5840027000.0,5951768000.0,0.0,2500000000.0,27485570000.0
ZOREN,2021,12,-159434000.0,6181893000.0,11634808000.0,0.0,2500000000.0,23779755000.0
ZOREN,2021,9,-86099000.0,2164456000.0,7428134000.0,0.0,2500000000.0,17446236000.0
ZOREN,2021,6,-43825000.0,1704671000.0,4662081000.0,0.0,2000000000.0,18310815000.0
ZOREN,2021,3,-34435000.0,1849054000.0,2407147000.0,0.0,2000000000.0,15894459000.0
ZOREN,2020,12,38207000.0,2297220000.0,8579113000.0,0.0,2000000000.0,14543183000.0
ZOREN,2020,9,58929000.0,1496192000.0,5995896000.0,0.0,2000000000.0,15250118000.0
ZOREN,2020,6,40374000.0,2286288000.0,3946480000.0,0.0,2000000000.0,14154836000.0
ZOREN,2020,3,36323000.0,2487988000.0,2258585000.0,0.0,2000000000.0,13151666000.0
ZOREN,2019,12,-137856000.0,1668259000.0,8204197000.0,0.0,2000000000.0,12791958000.0
ZOREN,2019,9,-61094000.0,1892423000.0,5477175000.0,0.0,2000000000.0,11867333000.0
ZOREN,2019,6,-29036000.0,1771395000.0,3611112000.0,0.0,2000000000.0,12131910000.0
ZOREN,2019,3,31038000.0,2033637000.0,1870843000.0,0.0,2000000000.0,11529071000.0
ZOREN,2018,12,5015000.0,2399869000.0,5970314000.0,0.0,2000000000.0,11353536000.0
ZOREN,2018,9,-65181000.0,2432446000.0,4064971000.0,0.0,2000000000.0,12583418000.0
ZOREN,2018,6,66949000.0,1374400000.0,2771271000.0,0.0,2000000000.0,10470775000.0
ZOREN,2018,3,36265000.0,2737473000.0,1578020000.0,0.0,2000000000.0,8803995000.0
ZOREN,2017,12,32879000.0,1060998000.0,4987911000.0,0.0,2000000000.0,8683808000.0
ZOREN,2017,9,44769000.0,1782562000.0,3317572000.0,0.0,2000000000.0,6149228000.0
ZOREN,2017,6,36651000.0,1752465000.0,2063224000.0,0.0,2000000000.0,5689958000.0
ZOREN,2017,3,-52211000.0,1615297000.0,1100742000.0,0.0,2000000000.0,5587230000.0
ZOREN,2016,12,-4503000.0,-137794000.0,1223594000.0,0.0,750000000.0,6904232000.0
ZOREN,2016,9,-126387000.0,580241000.0,866070000.0,0.0,750000000.0,4484664000.0
ZOREN,2016,6,-59528000.0,655014000.0,555029000.0,0.0,750000000.0,4438182000.0
ZOREN,2016,3,-13873000.0,722826000.0,244521000.0,0.0,750000000.0,4038158000.0
ZOREN,2015,12,-263786000.0,751978000.0,709417000.0,0.0,750000000.0,4149059000.0
ZOREN,2015,9,-381654000.0,264062000.0,512841000.0,0.0,500000000.0,3763436000.0
ZOREN,2015,6,-207630000.0,413674000.0,308360000.0,0.0,500000000.0,3315688000.0
ZOREN,2015,3,-136692000.0,374264000.0,139859000.0,0.0,500000000.0,3212853000.0
ZOREN,2014,12,-224448000.0,524950000.0,806947000.0,0.0,500000000.0,3217706000.0
ZOREN,2014,9,-157670000.0,602551000.0,671499000.0,0.0,500000000.0,3108077000.0
ZOREN,2014,6,-63925000.0,707480000.0,471277000.0,0.0,500000000.0,3884076000.0
ZOREN,2014,3,-87835000.0,697172000.0,227514000.0,0.0,500000000.0,3894524000.0
ZOREN,2013,12,-305699000.0,770925000.0,625008000.0,0.0,500000000.0,3868136000.0
ZOREN,2013,9,-184663000.0,379758000.0,438932000.0,0.0,500000000.0,3475678000.0
ZOREN,2013,6,-75251000.0,519352000.0,252856000.0,0.0,500000000.0,3251834000.0
ZOREN,2013,3,-21271000.0,562251000.0,112045000.0,0.0,500000000.0,3005903000.0
ZOREN,2012,12,582062000.0,191597000.0,575678000.0,0.0,500000000.0,2667317000.0
ZOREN,2012,9,-33501000.0,-2463000.0,438411000.0,0.0,500000000.0,2177530000.0
ZOREN,2012,6,25989000.0,-3849000.0,295582000.0,0.0,500000000.0,2033300000.0
ZOREN,2012,3,65846000.0,-26031000.0,134310000.0,0.0,281665000.0,2078686000.0
ZOREN,2011,12,-472670000.0,-131408000.0,437893000.0,0.0,281665000.0,2097499000.0
ZOREN,2011,9,-372707000.0,-64692000.0,315842000.0,0.0,281665000.0,1908831000.0
ZOREN,2011,6,-209696000.0,114526000.0,177901000.0,0.0,281665000.0,1626370000.0
ZOREN,2011,3,-80902000.0,164895000.0,92716000.0,0.0,281665000.0,1533967000.0
YKBNK,2023,12,68008836000.0,178851541000.0,,74336106000.0,8447051000.0,
YKBNK,2023,9,48702204000.0,162203582000.0,,56872967000.0,8447051000.0,
YKBNK,2023,6,24116471000.0,139244977000.0,,26592042000.0,8447051000.0,
YKBNK,2023,3,12640225000.0,131424206000.0,,13660473000.0,8447051000.0,
YKBNK,2022,12,52744689000.0,126256390000.0,,65210590000.0,8447051000.0,
YKBNK,2022,9,35315448000.0,112517344000.0,,43167089000.0,8447051000.0,
YKBNK,2022,6,19180737000.0,94430452000.0,,22861346000.0,8447051000.0,
YKBNK,2022,3,7258448000.0,78110438000.0,,8879834000.0,8447051000.0,
YKBNK,2021,12,10489758000.0,63484178000.0,,12192628000.0,8447051000.0,
YKBNK,2021,9,6932090000.0,55773749000.0,,7764990000.0,8447051000.0,
YKBNK,2021,6,3685364000.0,52411860000.0,,3873601000.0,8447051000.0,
YKBNK,2021,3,1452729000.0,50766176000.0,,1380147000.0,8447051000.0,
YKBNK,2020,12,5079518000.0,47564471000.0,,5668336000.0,8447051000.0,
YKBNK,2020,9,4314432000.0,46720099000.0,,4649584000.0,8447051000.0,
YKBNK,2020,6,2460774000.0,44122423000.0,,2592516000.0,8447051000.0,
YKBNK,2020,3,1129443000.0,41941179000.0,,1177603000.0,8447051000.0,
YKBNK,2019,12,3600060000.0,41187654000.0,,3558006000.0,8447051000.0,
YKBNK,2019,9,3336740000.0,40206979000.0,,3383499000.0,8447051000.0,
YKBNK,2019,6,2360947000.0,40505290000.0,,2361873000.0,8447051000.0,
YKBNK,2019,3,1241410000.0,39069884000.0,,1302705000.0,8447051000.0,
YKBNK,2018,12,4667426000.0,39003499000.0,,5079987000.0,8447051000.0,
YKBNK,2018,9,3586254000.0,40302177000.0,,3823814000.0,8447051000.0,
YKBNK,2018,6,2471232000.0,37801350000.0,,2700266000.0,8447051000.0,
YKBNK,2018,3,1244048000.0,31595599000.0,,1350958000.0,4347051000.0,
YKBNK,2017,12,3614081000.0,30097927000.0,,3898596000.0,4347051000.0,
YKBNK,2017,9,2734566000.0,28972783000.0,,2916506000.0,4347051000.0,
YKBNK,2017,6,1893198000.0,28490781000.0,,2036198000.0,4347051000.0,
YKBNK,2017,3,1001281000.0,27700053000.0,,1084092000.0,4347051000.0,
YKBNK,2016,12,2932795000.0,26118547000.0,,3168213000.0,4347051000.0,
YKBNK,2016,9,2362819000.0,25021299000.0,,2577915000.0,4347051000.0,
YKBNK,2016,6,1552138000.0,24307768000.0,,1708644000.0,4347051000.0,
YKBNK,2016,3,704287000.0,23708731000.0,,779589000.0,4347051000.0,
YKBNK,2015,12,1860545000.0,23084011000.0,,2021348000.0,4347051000.0,
YKBNK,2015,9,1225542000.0,21977760000.0,,1314617000.0,4347051000.0,
YKBNK,2015,6,907836000.0,22084172000.0,,988242000.0,4347051000.0,
YKBNK,2015,3,500756000.0,19877395000.0,,543539000.0,4347051000.0,
YKBNK,2014,12,2056511000.0,20217699000.0,,2197965000.0,4347051000.0,
YKBNK,2014,9,1426940000.0,18407885000.0,,1529390000.0,4347051000.0,
YKBNK,2014,6,936869000.0,17985835000.0,,988688000.0,4347051000.0,
YKBNK,2014,3,412000000.0,17468704000.0,,402843000.0,4347051000.0,
YKBNK,2013,12,3202975000.0,17308949000.0,,2556327000.0,4347051000.0,
YKBNK,2013,9,2789211000.0,17210555000.0,,2024640000.0,4347051000.0,
YKBNK,2013,6,1161967000.0,17079894000.0,,1454244000.0,4347051000.0,
YKBNK,2012,12,1913472000.0,16862042000.0,,2449242000.0,4347051000.0,
YKBNK,2012,9,1400980000.0,14415157000.0,,1772569000.0,4347051000.0,
YKBNK,2012,6,859458000.0,13916023000.0,,1088876000.0,4347051000.0,
YKBNK,2012,3,507041000.0,12300078000.0,,610013000.0,4347051000.0,
YKBNK,2011,12,1857486000.0,13250929000.0,,2355065000.0,4347051000.0,
YKBNK,2011,9,1382927000.0,11254852000.0,,1715712000.0,4347051000.0,
YKBNK,2011,6,976820000.0,11183140000.0,,1206541000.0,4347051000.0,
YKBNK,2011,3,534992000.0,10777390000.0,,660408000.0,4347051000.0,
ZRGYO,2023,12,5989158494.0,52465335957.0,5069877679.0,0.0,4693620000.0,5053234299.0
ZRGYO,2023,9,1871834040.0,20437651601.0,2866078611.0,0.0,4693620000.0,2316177554.0
ZRGYO,2023,6,1007630138.0,19833148465.0,2345351284.0,0.0,4693620000.0,2099782959.0
ZRGYO,2023,3,-61953771.0,19451773678.0,159120696.0,0.0,4693620000.0,2093603642.0
ZRGYO,2022,12,9111999405.0,32109998706.0,1339390170.0,0.0,4693620000.0,1821528994.0
ZRGYO,2022,9,253472818.0,8665899314.0,611230571.0,0.0,4693620000.0,490984676.0
ZRGYO,2022,6,159689580.0,8560886055.0,256842025.0,0.0,4693620000.0,136159780.0
ZRGYO,2022,3,120712241.0,8518699257.0,192053632.0,0.0,4693620000.0,4182666.0
ZRGYO,2021,12,1320242261.0,8372611115.0,186801145.0,0.0,4693620000.0,3561684.0
ZRGYO,2021,9,140176401.0,7107022673.0,150589498.0,0.0,4693620000.0,3704002.0
ZRGYO,2021,6,72593621.0,7039737653.0,82516723.0,0.0,4693620000.0,3844199.0
ZRGYO,2021,3,6349424.0,5111016812.0,33914288.0,0.0,3520215000.0,343464409.0
ZRGYO,2020,12,378990742.0,5068184290.0,135028614.0,0.0,3520215000.0,201477442.0
ZRGYO,2020,9,57740274.0,0.0,85852665.0,0.0,0.0,0.0
ZRGYO,2020,6,33404057.0,2843995794.0,24568734.0,0.0,1300000000.0,0.0
ZRGYO,2020,3,14573705.0,0.0,11849930.0,0.0,0.0,0.0
ZRGYO,2019,12,127013121.0,1811245311.0,44020684.0,0.0,1300000000.0,548076602.0
ZRGYO,2018,12,133189791.0,1684184938.0,46446011.0,0.0,1300000000.0,226008616.0
AKCNS,2024,12,2189183361.0,26904606658.0,28291315330.0,0.0,191447000.0,3689043216.0
AKCNS,2024,9,1654126000.0,18312892000.0,20777111000.0,0.0,191447000.0,3011738000.0
AKCNS,2024,6,908815000.0,16264861387.0,12650224000.0,0.0,191447068.0,2553598122.0
AKCNS,2024,3,2212000.0,15716861183.0,5992773000.0,0.0,191447068.0,2432338715.0
AYGAZ,2025,12,5883863246.0,81934400048.0,105579640434.0,0.0,219801000.0,3675803593.0
AYGAZ,2025,9,2748772000.0,64496681000.0,64768158000.0,0.0,219801000.0,2987040000.0
AYGAZ,2025,6,1288882000.0,58384100000.0,53498518000.0,0.0,219801000.0,2296262000.0
AYGAZ,2025,3,15514000.0,53598687000.0,25343244000.0,0.0,219801000.0,2132640000.0
AYGAZ,2024,12,2160870042.0,68420860106.0,107034746323.0,0.0,219801000.0,2618607061.0
AYGAZ,2024,9,1169374000.0,49282359000.0,77292371000.0,0.0,219801000.0,1755478000.0
AYGAZ,2024,6,-209409000.0,44819088000.0,46946755000.0,0.0,219801000.0,1697171000.0
AYGAZ,2024,3,-184566000.0,42414880000.0,21807362000.0,0.0,219801000.0,1716717000.0
YATAS,2024,12,235410957.0,10534887340.0,21170416150.0,0.0,149798932.0,6621913399.0
YATAS,2024,9,204621875.0,6484906464.0,15168411779.0,0.0,149798932.0,5220336436.0
YATAS,2024,6,123722151.0,5890831718.0,9821782912.0,0.0,149798932.0,4366349133.0
YATAS,2024,3,99544395.0,5463419262.0,4651622565.0,0.0,149798932.0,4218527391.0
AEFES,2025,12,20415229149.0,257896036579.0,287150653458.0,0.0,5921052000.0,109500154373.0
AEFES,2025,9,20106097000.0,212651768000.0,188622454000.0,0.0,5921052000.0,98850696000.0
AEFES,2025,6,13918822000.0,193920109000.0,147172767000.0,0.0,5921052000.0,101454727000.0
AEFES,2025,3,4855475000.0,181918905000.0,58033193000.0,0.0,592105000.0,94275110000.0
AEFES,2024,12,30556553679.0,222212202323.0,302825275779.0,0.0,592105000.0,102989872311.0
AEFES,2024,9,30653451000.0,171577305000.0,239310757000.0,0.0,592105000.0,73522197000.0
AEFES,2024,6,16777891000.0,158074887000.0,145489930000.0,0.0,592105000.0,73986871000.0
AEFES,2024,3,7105148000.0,146610492000.0,60160356000.0,0.0,592105000.0,67642222000.0
AKSA,2025,12,4618137497.0,39611340174.0,38205820988.0,0.0,3885000000.0,30833072623.0
AKSA,2025,9,2546923000.0,31044529000.0,23436242000.0,0.0,3885000000.0,24437669000.0
AKSA,2025,6,316390000.0,27607948000.0,18841137000.0,0.0,3885000000.0,11727289000.0
AKSA,2025,3,343592000.0,27462761000.0,9009688000.0,0.0,3885000000.0,7265383000.0
AKSA,2024,12,1487754932.0,31253010817.0,37122843270.0,0.0,3885000000.0,8427696309.0
AKSA,2024,9,1465062000.0,22088904000.0,27813147000.0,0.0,3885000000.0,6106440000.0
AKSA,2024,6,1007941000.0,20089781000.0,18335940000.0,0.0,323750000.0,4051848000.0
AKSA,2024,3,932473000.0,18247135000.0,9172416000.0,0.0,323750000.0,3711328000.0
AGHOL,2025,12,23106675551.0,374620569531.0,832790849722.0,0.0,2435345000.0,178197716812.0
AGHOL,2025,9,22741927000.0,307590836000.0,522296913000.0,0.0,2435345000.0,151437588000.0
AGHOL,2025,6,13180787000.0,280035517000.0,408286012000.0,0.0,2435345000.0,149215886000.0
AGHOL,2025,3,5369552000.0,265580891000.0,174165920000.0,0.0,243535000.0,136456531000.0
AGHOL,2024,12,34946999146.0,320953547865.0,737948413949.0,0.0,243535000.0,151862777263.0
AGHOL,2024,9,37344805000.0,245190802000.0,549907671000.0,0.0,243535000.0,108534819000.0
AGHOL,2024,6,19678039000.0,220952751000.0,334567309000.0,0.0,243535000.0,103225540000.0
AGHOL,2024,3,9012919000.0,205251899000.0,145756066000.0,0.0,243535000.0,94719729000.0
AKSEN,2025,12,5123129141.0,76697095597.0,49912298192.0,0.0,1226338236.0,64088666813.0
AKSEN,2025,9,2862580202.0,58337548245.0,31108602397.0,0.0,1226338236.0,49303770327.0
AKSEN,2025,6,2208407980.0,53562977973.0,26514842301.0,0.0,1226338236.0,43211696219.0
AKSEN,2025,3,724887649.0,49376980923.0,12602306074.0,0.0,1226338236.0,33700401125.0
AKSEN,2024,12,3859146727.0,58288210533.0,41412788065.0,0.0,1226338236.0,36868529851.0
AKSEN,2024,9,4338128413.0,42069263334.0,28834873530.0,0.0,1226338236.0,24502976062.0
AKSEN,2024,6,2885999245.0,39424809075.0,16655854146.0,0.0,1226338236.0,22267777126.0
AKSEN,2024,3,1382573800.0,39332477648.0,8094846575.0,0.0,1226338236.0,19071189543.0
AKCNS,2025,12,855162018.0,29487430087.0,28978634593.0,0.0,191447000.0,5811256905.0
AKCNS,2025,9,487432000.0,24005840000.0,17017353000.0,0.0,191447000.0,4361729000.0
AKCNS,2025,6,91806000.0,22252258000.0,13030145000.0,0.0,191447000.0,4116948000.0
AKCNS,2025,3,-231474000.0,21263079000.0,5623568000.0,0.0,191447000.0,3981240000.0
AKBNK,2026,6,34378000000.0,324746000000.0,,37931000000.0,5200000000.0,
AKBNK,2026,3,19178575000.0,302597564000.0,,22802941000.0,5200000000.0,
AKBNK,2025,12,57247061000.0,310158190000.0,,62692296000.0,5200000000.0,
AKBNK,2025,9,38915968000.0,277363065000.0,,38639761000.0,5200000000.0,
AKBNK,2025,6,24851000000.0,258900893000.0,,24139000000.0,5200000000.0,
AKBNK,2025,3,13727079000.0,242925730000.0,,15026515000.0,5200000000.0,
AKBNK,2024,12,42366070000.0,240347891000.0,,40251338000.0,5200000000.0,
AKBNK,2024,9,33138650000.0,230945078000.0,,31339621000.0,5200000000.0,
AKBNK,2024,6,24108123000.0,221093198000.0,,23228216000.0,5200000000.0,
AKBNK,2024,3,13184293000.0,213100886000.0,,13816733000.0,5200000000.0,
ALFAS,2025,12,-16702008.0,6231769327.0,9699223657.0,0.0,368000000.0,4204897814.0
ALFAS,2025,9,-15420967.0,5319195074.0,5833418968.0,0.0,368000000.0,3020166902.0
ALFAS,2025,6,47255009.0,5079511865.0,4677466445.0,0.0,368000000.0,2589677909.0
ALFAS,2025,3,-29136147.0,4167363234.0,2228321967.0,0.0,368000000.0,1596717586.0
ALFAS,2024,12,258576030.0,4973848345.0,10076474009.0,0.0,368000000.0,1725528764.0
ALFAS,2024,9,327299990.0,3520356043.0,7047901239.0,0.0,368000000.0,999591022.0
ALFAS,2024,6,282854856.0,3586538745.0,4780219896.0,0.0,368000000.0,1102098911.0
ALFAS,2024,3,-548857054.0,2752159300.0,2088508251.0,0.0,368000000.0,556892005.0
ASELS,2025,12,35230657924.0,296499690430.0,212489200293.0,0.0,4560000000.0,50702735018.0
ASELS,2025,9,11587759000.0,187622247000.0,90872870000.0,0.0,4560000000.0,38206264000.0
ASELS,2025,6,8468992000.0,170245602000.0,70956004000.0,0.0,4560000000.0,36833058000.0
ASELS,2025,3,2791993000.0,157722276000.0,29825146000.0,0.0,4560000000.0,32945408000.0
ASELS,2024,12,19925371403.0,185028282075.0,157339901315.0,0.0,4560000000.0,42621581572.0
ASELS,2024,9,8097210000.0,125353862000.0,80930749000.0,0.0,4560000000.0,33384987000.0
ASELS,2024,6,4923865000.0,113261318000.0,48237741000.0,0.0,4560000000.0,26887740000.0
ASELS,2024,3,1710993000.0,102888142000.0,20907611000.0,0.0,4560000000.0,22810589000.0
ARCLK,2025,12,-11539521174.0,89384747712.0,616975868761.0,0.0,675728000.0,277790357598.0
ARCLK,2025,9,-7738459000.0,74071270000.0,379269284000.0,0.0,675728000.0,221673116000.0
ARCLK,2025,6,-6635929000.0,75211284000.0,313145404000.0,0.0,675728000.0,205134176000.0
ARCLK,2025,3,-2553942000.0,79686208000.0,142797336000.0,0.0,675728000.0,158563200000.0
ARCLK,2024,12,-2889170666.0,98252484946.0,560936749045.0,0.0,675728000.0,180687802137.0
ARCLK,2024,9,17875638000.0,92254999000.0,401698160000.0,0.0,675728000.0,129919097000.0
ARCLK,2024,6,22580990000.0,93454190000.0,242984171000.0,0.0,675728000.0,121255155000.0
ARCLK,2024,3,2623197000.0,66651549000.0,99801065000.0,0.0,675728000.0,106764529000.0
ALARK,2025,12,-1847650432.0,94683505620.0,10208587848.0,0.0,435000000.0,32777020045.0
ALARK,2025,9,-333194000.0,78516573000.0,6969723000.0,0.0,435000000.0,24343068000.0
ALARK,2025,6,-4131675000.0,69981356000.0,4790890000.0,0.0,435000000.0,20266816000.0
ALARK,2025,3,-2908942000.0,68946466000.0,1641283000.0,0.0,435000000.0,16583847000.0
ALARK,2024,12,2738953394.0,84690713745.0,9945559095.0,0.0,435000000.0,20456874102.0
ALARK,2024,9,322859000.0,59397773609.0,8995265000.0,0.0,435000000.0,13270791614.0
ALARK,2024,6,-1648352000.0,53109582692.0,5533636000.0,0.0,435000000.0,11619345045.0
ALARK,2024,3,-1760258000.0,49544556618.0,2271088000.0,0.0,435000000.0,9703609146.0
ALBRK,2026,6,3087000000.0,199000000.0,,3735000000.0,2500000000.0,
ALBRK,2026,3,903788000.0,166534000.0,,1106946000.0,2500000000.0,
ALBRK,2025,12,13178067000.0,186166000.0,,13187024000.0,2500000000.0,
ALBRK,2025,6,9102000000.0,160424000.0,,8531000000.0,2500000000.0,
ALBRK,2025,3,7846456000.0,151176000.0,,8001748000.0,2500000000.0,
ALBRK,2024,12,4310448000.0,126498000.0,,4408072000.0,2500000000.0,
ALBRK,2024,6,1870480000.0,82648000.0,,2193811000.0,2500000000.0,
ALBRK,2024,3,614006000.0,87727000.0,,867468000.0,2500000000.0,
ANSGR,2026,6,7370705005.0,46113562093.0,,,2000000000.0,
ANSGR,2026,3,3842299630.0,42341944595.0,,,2000000000.0,
ANSGR,2025,12,12732402652.0,41271450052.0,,,2000000000.0,
ANSGR,2025,9,8642772575.0,36204587171.0,,,2000000000.0,
ANSGR,2025,6,5215555994.0,31509732269.0,,,500000000.0,
ANSGR,2025,3,2256072494.0,29104060003.0,,,500000000.0,
ANSGR,2024,12,10877686960.0,30655832332.0,,,500000000.0,
ANSGR,2024,9,7879164434.0,27675396621.0,,,500000000.0,
ANSGR,2024,6,5437726883.0,27109085426.0,,,500000000.0,
ANSGR,2024,3,2866845129.0,17249744409.0,,,500000000.0,
BAGFS,2025,12,145423545.0,8606006627.0,5856360684.0,0.0,135000000.0,6853564729.0
BAGFS,2025,9,25912078.0,6907759970.0,4067446571.0,0.0,135000000.0,5229038397.0
BAGFS,2025,6,284001385.0,6614264688.0,3867749609.0,0.0,135000000.0,4902200238.0
BAGFS,2025,3,506613110.0,6425830160.0,1760205460.0,0.0,135000000.0,4459093613.0
BAGFS,2024,12,-1716561345.0,7173780883.0,2208842270.0,0.0,135000000.0,5473771372.0
BAGFS,2024,9,-1766895529.0,5062183248.0,1488356061.0,0.0,135000000.0,4157656359.0
BAGFS,2024,6,-1087300346.0,5056680835.0,1194789177.0,0.0,135000000.0,4451935696.0
BAGFS,2024,3,-1292652724.0,4471136791.0,911963608.0,0.0,135000000.0,4096783684.0
BERA,2025,12,540951875.0,39808961502.0,22527052689.0,0.0,683200000.0,1478034680.0
BERA,2025,9,977018936.0,31608231586.0,13318748263.0,0.0,683200000.0,1986847414.0
BERA,2025,6,1201686497.0,29087618380.0,10485945183.0,0.0,683200000.0,1960699943.0
BERA,2025,3,991657117.0,27699769832.0,4744488709.0,0.0,683200000.0,2157883821.0
BERA,2024,12,1515894720.0,33850544450.0,21810672944.0,0.0,683200000.0,2707923017.0
BERA,2024,9,1963644977.0,24083097278.0,15954921691.0,0.0,683200000.0,1337273960.0
BERA,2024,6,1426831933.0,21788837511.0,10203261680.0,0.0,683200000.0,1491200238.0
BERA,2024,3,1317174453.0,20145394134.0,5351970672.0,0.0,683200000.0,1210566036.0
ASTOR,2025,12,9030790380.0,39190176299.0,41557868143.0,0.0,998000000.0,5436654461.0
ASTOR,2025,9,4759338136.0,29305773835.0,22158943115.0,0.0,998000000.0,4694178440.0
ASTOR,2025,6,2475688396.0,26157955886.0,17877005438.0,0.0,998000000.0,3438479052.0
ASTOR,2025,3,1187437398.0,23831200743.0,8215343353.0,0.0,998000000.0,3062701793.0
ASTOR,2024,12,6577182561.0,27257462081.0,34848864779.0,0.0,998000000.0,2547826413.0
ASTOR,2024,9,4620663285.0,18329603926.0,24709381005.0,0.0,998000000.0,1538179583.0
ASTOR,2024,6,1730804228.0,16527634915.0,15467319618.0,0.0,998000000.0,1081268846.0
ASTOR,2024,3,789495361.0,14661392554.0,8014647678.0,0.0,998000000.0,974100258.0
BIMAS,2025,12,22062351035.0,196768007508.0,849112183247.0,0.0,600000000.0,62089764861.0
BIMAS,2025,9,11366974000.0,153523952000.0,512767099000.0,0.0,600000000.0,48852022000.0
BIMAS,2025,6,7335863000.0,136703852000.0,409303226000.0,0.0,600000000.0,46461313000.0
BIMAS,2025,3,3546984000.0,132975994000.0,193317926000.0,0.0,607200000.0,42090251000.0
BIMAS,2024,12,24362918475.0,155158062322.0,680072865516.0,0.0,607200000.0,48398731784.0
BIMAS,2024,9,18502124000.0,101680706000.0,489801496000.0,0.0,607200000.0,33912705000.0
BIMAS,2024,6,11787151000.0,89372201000.0,299460755000.0,0.0,607200000.0,30658331000.0
BIMAS,2024,3,5356072000.0,84175794000.0,143308140000.0,0.0,607200000.0,26987751000.0
BRISA,2025,12,-1294842709.0,27831366800.0,48690418206.0,12553053.0,305117000.0,18508804287.0
BRISA,2025,9,-918492000.0,22819555000.0,29270086000.0,8688000.0,305117000.0,17213770000.0
BRISA,2025,6,-1486868000.0,20933079000.0,22991032000.0,11232000.0,305117000.0,15948243000.0
BRISA,2025,3,-674870000.0,20471207571.0,10678399000.0,6010000.0,305116875.0,16366788339.0
BRISA,2024,12,1980471072.0,25718103194.0,45219106784.0,84603987.0,305116875.0,17594368857.0
BRISA,2024,9,677319000.0,17591349804.0,31971271000.0,9010000.0,305116875.0,13723317418.0
BRISA,2024,6,1010965000.0,16416703233.0,20305147000.0,-7601000.0,305116875.0,13447586089.0
BRISA,2024,3,808643796.0,16301966965.0,10314965027.0,5414470.0,305116875.0,13561981670.0
BRSAN,2025,12,1497488552.0,44436013076.0,84142638694.0,0.0,141772000.0,15606763346.0
BRSAN,2025,9,1534069000.0,36974297000.0,51253749000.0,0.0,141772000.0,13558213000.0
BRSAN,2025,6,597853000.0,34437757000.0,29173910000.0,0.0,141772000.0,13859693000.0
BRSAN,2025,3,-284456000.0,31889891000.0,11550184000.0,0.0,141772000.0,13604759000.0
BRSAN,2024,12,-298026126.0,39401350174.0,72076722116.0,0.0,141750000.0,16044716216.0
BRSAN,2024,9,311384000.0,29879583000.0,42983753000.0,0.0,141750000.0,15075384000.0
BRSAN,2024,6,639567000.0,28477697000.0,29646115000.0,0.0,141750000.0,14199975000.0
BRSAN,2024,3,366853000.0,27735834000.0,16356463000.0,0.0,141750000.0,10076070000.0
BRYAT,2025,12,5464667842.0,41243738616.0,105606653.0,0.0,28125000.0,12412.0
BRYAT,2025,9,1174631055.0,29619828035.0,89680727.0,0.0,28125000.0,0.0
BRYAT,2025,6,768679102.0,26949021347.0,89680727.0,0.0,28125000.0,0.0
BRYAT,2025,3,355023401.0,27115632003.0,89680727.0,0.0,28125000.0,0.0
BRYAT,2024,12,2661353908.0,34038718627.0,103995074.0,0.0,28125000.0,0.0
BRYAT,2024,9,1174467425.0,26421169720.0,79450890.0,0.0,28125000.0,0.0
BRYAT,2024,6,673354902.0,24393551436.0,79450890.0,0.0,28125000.0,0.0
BRYAT,2024,3,263769819.0,27635732656.0,79450890.0,0.0,28125000.0,0.0
BUCIM,2025,12,-1003850730.0,21848476017.0,14300556278.0,0.0,1500000000.0,7861529439.0
BUCIM,2025,9,-77044779.0,18197680259.0,8169662786.0,0.0,1500000000.0,6557211041.0
BUCIM,2025,6,-350418622.0,17054717412.0,6604162702.0,0.0,1500000000.0,4442193684.0
BUCIM,2025,3,-405939881.0,15876305235.0,2762977052.0,0.0,1500000000.0,3121180672.0
BUCIM,2024,12,617881818.0,19613656972.0,15450192687.0,0.0,1500000000.0,3415281622.0
BUCIM,2024,9,749900365.0,14338917447.0,11073336835.0,0.0,1500000000.0,2503560241.0
BUCIM,2024,6,113326841.0,12639463582.0,7428896110.0,0.0,1500000000.0,1956530341.0
BUCIM,2024,3,459450522.0,11751389565.0,3466450432.0,0.0,1500000000.0,2070502331.0
CANTE,2025,12,-1178616277.0,33875012515.0,7254030032.0,0.0,7000000000.0,797523385.0
CANTE,2025,9,-2994696351.0,26479242370.0,4564993481.0,0.0,7000000000.0,400273419.0
CANTE,2025,6,-2478524232.0,26250764742.0,3371018066.0,0.0,7000000000.0,666304702.0
CANTE,2025,3,-387071905.0,26259198597.0,1277821907.0,0.0,7000000000.0,451683086.0
CANTE,2024,12,-1613206478.0,29508658223.0,7989409902.0,0.0,7000000000.0,103693074.0
CANTE,2024,9,-1152762758.0,21257001892.0,5551231334.0,0.0,7000000000.0,57228898.0
CANTE,2024,6,-1010658275.0,20236431635.0,3052289672.0,0.0,7000000000.0,47827586.0
CANTE,2024,3,-734110306.0,18893502234.0,1730543698.0,0.0,938116903.0,18398341.0
CCOLA,2025,12,16796253439.0,102010808636.0,220425621954.0,0.0,2798079000.0,61375129914.0
CCOLA,2025,9,14194375000.0,83106064000.0,145161979000.0,0.0,2798079000.0,56342866000.0
CCOLA,2025,6,8561861000.0,71871520000.0,114237409000.0,0.0,2798079000.0,58074253000.0
CCOLA,2025,3,1697786000.0,67079056000.0,47318032000.0,0.0,2798079000.0,56639854000.0
CCOLA,2024,12,19491824596.0,80699288307.0,180216669597.0,0.0,2798079000.0,64326434185.0
CCOLA,2024,9,19114268000.0,60935459000.0,144927175000.0,0.0,2798079000.0,43664065000.0
CCOLA,2024,6,11340890000.0,54792648000.0,89292730000.0,0.0,254371000.0,46691860000.0
CCOLA,2024,3,3742324000.0,51087300000.0,37605578000.0,0.0,254371000.0,41066174000.0
CEMTS,2025,12,-136552623.0,7683310608.0,7385100964.0,0.0,500000000.0,2228425700.0
CEMTS,2025,9,24249161.0,6395841896.0,4709147189.0,0.0,500000000.0,1878861940.0
CEMTS,2025,6,19853894.0,5938494061.0,3792303920.0,0.0,500000000.0,816479745.0
CEMTS,2025,3,-202727687.0,5444022859.0,1658372219.0,0.0,500000000.0,593872896.0
CEMTS,2024,12,-39041047.0,6777943280.0,7556790718.0,0.0,500000000.0,855045419.0
CEMTS,2024,9,-25191434.0,4895769621.0,5795918738.0,0.0,500000000.0,717540275.0
CEMTS,2024,6,35130714.0,4536335315.0,3837874516.0,0.0,500000000.0,665264670.0
CEMTS,2024,3,90290973.0,4285073677.0,2052402081.0,0.0,500000000.0,693897689.0
CIMSA,2025,12,4482039321.0,51170729557.0,54059168217.0,0.0,945591000.0,34407003363.0
CIMSA,2025,9,2775991000.0,41706993000.0,33101045000.0,0.0,945591000.0,26672957000.0
CIMSA,2025,6,1585122000.0,37952313000.0,26864240000.0,0.0,945591000.0,26477182000.0
CIMSA,2025,3,452102000.0,32108832000.0,11653243000.0,0.0,945591000.0,23082409000.0
CIMSA,2024,12,3997891519.0,41934066997.0,36846868575.0,0.0,945591000.0,28129042874.0
CIMSA,2024,9,4404710000.0,31667956000.0,24646148000.0,0.0,945591000.0,23017407000.0
CIMSA,2024,6,2594591000.0,28182193000.0,15575663000.0,0.0,945591000.0,10420414000.0
CIMSA,2024,3,547347000.0,26029431000.0,7352232000.0,0.0,945591000.0,8851168000.0
DEVA,2025,12,-950297298.0,30993937512.0,22663377404.0,0.0,200019288.0,7044997931.0
DEVA,2025,9,537052521.0,26483356842.0,13754564785.0,0.0,200019288.0,5145233716.0
DEVA,2025,6,685545977.0,24765516394.0,11404193518.0,0.0,200019288.0,5070227431.0
DEVA,2025,3,24111085.0,22761068055.0,5479495888.0,0.0,200019288.0,6058693582.0
DEVA,2024,12,90864991.0,27240080463.0,20233967150.0,0.0,200019288.0,8070532162.0
DEVA,2024,9,306174550.0,19785044612.0,14619931691.0,0.0,200019288.0,6598575271.0
DEVA,2024,6,615539918.0,18381381473.0,9062374321.0,0.0,200019288.0,6142355545.0
DEVA,2024,3,-524278542.0,16530977541.0,4948376350.0,0.0,200019288.0,5702765695.0
DOAS,2025,12,3625106216.0,80204890802.0,301203609085.0,0.0,220000000.0,36199340286.0
DOAS,2025,9,5050175000.0,68084044000.0,170860096000.0,0.0,220000000.0,26820787000.0
DOAS,2025,6,3595884000.0,61387490000.0,138326836000.0,0.0,220000000.0,22432553000.0
DOAS,2025,3,747171000.0,55947445000.0,55015333000.0,0.0,220000000.0,15102079000.0
DOAS,2024,12,10004087600.0,72957441622.0,246567798681.0,0.0,220000000.0,15843710102.0
DOAS,2024,9,8016233000.0,51894866000.0,160785184000.0,0.0,220000000.0,11875151000.0
DOAS,2024,6,7104693000.0,49592465000.0,102534506000.0,0.0,220000000.0,11561481000.0
DOAS,2024,3,4135915000.0,52430629000.0,47121170000.0,0.0,220000000.0,10957318000.0
DOHOL,2025,12,2066196023.0,114662328941.0,65839518418.0,0.0,2616996000.0,40713870347.0
DOHOL,2025,9,-415611000.0,91285788000.0,39358795000.0,0.0,2616996000.0,29999207000.0
DOHOL,2025,6,-804716000.0,85073281000.0,32895055000.0,0.0,2616996000.0,31526802000.0
DOHOL,2025,3,-837765000.0,80446140000.0,13994376000.0,0.0,2616996000.0,32435018000.0
DOHOL,2024,12,4523292018.0,96911421047.0,78922435415.0,0.0,2616996000.0,39930047850.0
DOHOL,2024,9,3801721000.0,71999918000.0,55494317000.0,0.0,2616996000.0,27318990000.0
DOHOL,2024,6,2170383000.0,64589099000.0,34028457000.0,0.0,2616996000.0,25191644000.0
DOHOL,2024,3,1308965000.0,61924744000.0,19747779000.0,0.0,2616996000.0,23127548000.0
ECILC,2025,12,2458584913.0,71884721368.0,11623992858.0,0.0,685260000.0,3723114236.0
ECILC,2025,9,2569928000.0,57414717000.0,6909771000.0,0.0,685260000.0,3676562000.0
ECILC,2025,6,2549019000.0,52947186000.0,5725065000.0,0.0,685260000.0,3414551000.0
ECILC,2025,3,2013108000.0,50942992000.0,2783542000.0,0.0,685260000.0,3450995000.0
ECILC,2024,12,1339734033.0,58754616078.0,11475783352.0,0.0,685260000.0,4188372581.0
ECILC,2024,9,1227651000.0,47393424000.0,8439572000.0,0.0,685260000.0,3554796000.0
ECILC,2024,6,196426000.0,42812201000.0,5268334000.0,0.0,685260000.0,3329302000.0
ECILC,2024,3,622003000.0,40536956000.0,2864260000.0,0.0,685260000.0,3688067000.0
EGEEN,2025,12,-111732770.0,9203866684.0,5569993350.0,0.0,3150000.0,1894948122.0
EGEEN,2025,9,84927000.0,7669256000.0,3660916000.0,0.0,3150000.0,1726381000.0
EGEEN,2025,6,86356000.0,7143087000.0,3227497000.0,0.0,3150000.0,1632018000.0
EGEEN,2025,3,43744000.0,6713344000.0,1589764000.0,0.0,3150000.0,1579893000.0
EGEEN,2024,12,1116546905.0,8154881355.0,6157473580.0,0.0,3150000.0,1861601748.0
EGEEN,2024,9,858428000.0,5717088094.0,4554700000.0,0.0,3150000.0,1602505366.0
EGEEN,2024,6,609571000.0,5109847005.0,2884992000.0,0.0,3150000.0,1441387405.0
EGEEN,2024,3,303776000.0,4850466308.0,1421367000.0,0.0,3150000.0,1554050723.0
EKGYO,2025,12,5634709873.0,153636777134.0,96456864588.0,0.0,3800000000.0,63682309228.0
EKGYO,2025,9,9080408000.0,129488315000.0,60130013000.0,0.0,3800000000.0,39020158000.0
EKGYO,2025,6,10920430000.0,120268911000.0,62842915000.0,0.0,3800000000.0,21336426000.0
EKGYO,2025,3,3687023000.0,109927232000.0,29390937000.0,0.0,3800000000.0,12701393000.0
EKGYO,2024,12,16737818584.0,127380593625.0,41261022569.0,0.0,3800000000.0,16887910200.0
EKGYO,2024,9,4060486000.0,82591933000.0,21728104000.0,0.0,3800000000.0,6057397000.0
EKGYO,2024,6,770064000.0,73601801000.0,9720973000.0,0.0,3800000000.0,3340556000.0
EKGYO,2024,3,354450000.0,67625932000.0,2909816000.0,0.0,3800000000.0,3718354000.0
ENJSA,2025,12,3734453200.0,112775413125.0,274453825581.0,0.0,1181069000.0,79482729912.0
ENJSA,2025,9,445233000.0,89632419000.0,163175634000.0,0.0,1181069000.0,61663133000.0
ENJSA,2025,6,-361009000.0,83095324000.0,125838935000.0,0.0,1181069000.0,57753478000.0
ENJSA,2025,3,-969727000.0,77971272000.0,59708792000.0,0.0,1181069000.0,60455426000.0
ENJSA,2024,12,-6351920680.0,97457228969.0,249460855540.0,0.0,1181069000.0,70617809308.0
ENJSA,2024,9,-5563012000.0,70208555000.0,177329101000.0,0.0,1181069000.0,46704711000.0
ENJSA,2024,6,-4015443000.0,65259197000.0,100344219000.0,0.0,1181069000.0,41161025000.0
ENJSA,2024,3,-3809378000.0,63744886000.0,47649356000.0,0.0,1181069000.0,35630462000.0
ENKAI,2025,12,45507410263.0,446939126060.0,184300375298.0,0.0,6021689000.0,8133482220.0
ENKAI,2025,9,27808170000.0,359559618000.0,108966561000.0,0.0,6021689000.0,5672429000.0
ENKAI,2025,6,16427591000.0,332665091000.0,64363861000.0,0.0,6021689000.0,5639054000.0
ENKAI,2025,3,4260220000.0,313489466000.0,29867033000.0,0.0,6021689000.0,5091317000.0
ENKAI,2024,12,34226642377.0,370728908303.0,131600986396.0,0.0,6021689000.0,5370072452.0
ENKAI,2024,9,18115016000.0,265386893000.0,68845383000.0,0.0,6021689000.0,4032671000.0
ENKAI,2024,6,11406607000.0,247080833000.0,41905615000.0,0.0,6021689000.0,4152266000.0
ENKAI,2024,3,4844383000.0,241244386000.0,18225486000.0,0.0,6021689000.0,3837038000.0
FROTO,2025,12,40021552986.0,183727578076.0,978370271956.0,0.0,3509100000.0,192143529895.0
FROTO,2025,9,22363602000.0,158771690000.0,582360631000.0,0.0,3509100000.0,152302042000.0
FROTO,2025,6,17157738000.0,140459002000.0,482673106000.0,0.0,3509100000.0,147617229000.0
FROTO,2025,3,8489338000.0,124846013000.0,210563327000.0,0.0,350910000.0,138662094000.0
FROTO,2024,12,50869426586.0,150818706749.0,778802992277.0,0.0,350910000.0,161987988697.0
FROTO,2024,9,34210692000.0,101378034000.0,539395947000.0,0.0,350910000.0,129332867000.0
FROTO,2024,6,21206376000.0,87332846000.0,326014159000.0,0.0,350910000.0,113562153000.0
FROTO,2024,3,12392116000.0,89914154000.0,171508365000.0,0.0,350910000.0,89196014000.0
EREGL,2025,12,817650057.0,350072128736.0,246009109074.0,0.0,7000000000.0,186459817190.0
EREGL,2025,9,2516291000.0,288864902000.0,147915207000.0,0.0,7000000000.0,146799728000.0
EREGL,2025,6,1815944000.0,275068667000.0,94957592000.0,0.0,7000000000.0,135299175000.0
EREGL,2025,3,447904000.0,260560952000.0,53544627000.0,0.0,7000000000.0,128157694000.0
EREGL,2024,12,18577608435.0,319932803673.0,267098807580.0,0.0,7000000000.0,158756944284.0
EREGL,2024,9,11280919000.0,232976387000.0,148946763000.0,0.0,3500000000.0,120958030000.0
EREGL,2024,6,10389242000.0,222816141000.0,100218054000.0,0.0,3500000000.0,91403383000.0
EREGL,2024,3,5846938000.0,214112638000.0,49747633000.0,0.0,3500000000.0,80644520000.0
EUPWR,2025,12,949027295.0,13479295235.0,15308223247.0,0.0,660000000.0,3363060645.0
EUPWR,2025,9,663698000.0,10871430000.0,7842312000.0,0.0,660000000.0,1937860000.0
EUPWR,2025,6,310290000.0,9707804000.0,5140817000.0,0.0,660000000.0,1339808000.0
EUPWR,2025,3,280755000.0,9140968000.0,3243471000.0,0.0,660000000.0,759914000.0
EUPWR,2024,12,392855000.0,10613192434.0,10758973765.0,0.0,660000000.0,832064209.0
EUPWR,2024,9,239558000.0,7518237000.0,8009279000.0,0.0,220000000.0,665368000.0
EUPWR,2024,6,133232000.0,6748643000.0,4223478000.0,0.0,220000000.0,500625000.0
EUPWR,2024,3,100848000.0,6175977000.0,2295486000.0,0.0,220000000.0,553132000.0
GESAN,2025,12,1305863725.0,22217009124.0,24254958422.0,0.0,460000000.0,4785130785.0
GESAN,2025,9,1094286000.0,18237661000.0,14164106000.0,0.0,460000000.0,2873140000.0
GESAN,2025,6,742414000.0,16467308000.0,9581602000.0,0.0,460000000.0,2528271000.0
GESAN,2025,3,608458000.0,15473027000.0,5187539000.0,0.0,460000000.0,1890996000.0
GESAN,2024,12,1991026774.0,17832202801.0,19878865359.0,0.0,460000000.0,1772805701.0
GESAN,2024,9,1484666000.0,12826137000.0,12843390000.0,0.0,460000000.0,1351703000.0
GESAN,2024,6,796750000.0,11295327000.0,6703372000.0,0.0,460000000.0,1005370000.0
GESAN,2024,3,90968000.0,9890816000.0,3662631000.0,0.0,460000000.0,1110260000.0
GLYHO,2025,12,7477632492.0,25310365825.0,31160698944.0,0.0,1950000000.0,81640185374.0
GLYHO,2025,9,3050560035.0,17879993899.0,18996231487.0,0.0,1950000000.0,65224569022.0
GLYHO,2025,6,2486719333.0,16450272133.0,15273671037.0,0.0,1950000000.0,61471118076.0
GLYHO,2025,3,850476041.0,15260693856.0,7321777412.0,0.0,1950000000.0,53187028379.0
GLYHO,2024,12,5441594930.0,18085789460.0,24979339265.0,0.0,650000000.0,61896018730.0
GLYHO,2024,9,2640420676.0,11578915530.0,16140997261.0,0.0,650000000.0,46233186984.0
GLYHO,2024,6,1840380210.0,13631560647.0,9602914997.0,0.0,650000000.0,39266310300.0
GLYHO,2024,3,485925495.0,12243055364.0,4495276887.0,0.0,650000000.0,35696003445.0
GOZDE,2025,12,-7548269937.0,29906598739.0,546305.0,0.0,385000000.0,0.0
GOZDE,2025,9,-2249973749.0,28229111040.0,444558.0,0.0,385000000.0,923563658.0
GOZDE,2025,6,-3088314326.0,26013808765.0,546312.0,0.0,385000000.0,867060693.0
GOZDE,2025,3,-2033406038.0,25191199111.0,0.0,0.0,385000000.0,3746355846.0
GOZDE,2024,12,-10368757650.0,31806517556.0,3769127547.0,0.0,385000000.0,4672226565.0
GOZDE,2024,9,-5361899582.0,26297660610.0,2829062737.0,0.0,385000000.0,0.0
GOZDE,2024,6,-1240581053.0,26918693641.0,2329863721.0,0.0,385000000.0,3295866299.0
GOZDE,2024,3,-742080104.0,25141684428.0,1494659422.0,0.0,385000000.0,3255379274.0
GARAN,2026,6,63704000000.0,487168000000.0,,64190000000.0,4200000000.0,
GARAN,2026,3,33316462000.0,451315838000.0,,35194476000.0,4200000000.0,
GARAN,2025,12,110604633000.0,444369537000.0,,114528214000.0,4200000000.0,
GARAN,2025,9,84042047000.0,410433117000.0,,84485427000.0,4200000000.0,
GARAN,2025,6,53610000000.0,377603837000.0,,54255000000.0,4200000000.0,
GARAN,2025,3,25284346000.0,339526876000.0,,26482472000.0,4200000000.0,
GARAN,2024,12,92174994000.0,329926317000.0,,97978674000.0,4200000000.0,
GARAN,2024,9,66933770000.0,302647610000.0,,68736090000.0,4200000000.0,
GARAN,2024,6,44838802000.0,279319084000.0,,45664216000.0,4200000000.0,
GARAN,2024,3,22316490000.0,255334649000.0,,21943251000.0,4200000000.0,
GUBRF,2025,12,5839589979.0,42355087579.0,61818674493.0,0.0,334000000.0,11373576325.0
GUBRF,2025,9,3831461768.0,33761159625.0,36829623771.0,0.0,334000000.0,8607640950.0
GUBRF,2025,6,2383447791.0,29360077897.0,31123426915.0,0.0,334000000.0,9425777352.0
GUBRF,2025,3,673686950.0,26725661957.0,18161040515.0,0.0,334000000.0,10808480672.0
GUBRF,2024,12,602804815.0,30501784339.0,63405655871.0,0.0,334000000.0,13322004344.0
GUBRF,2024,9,-2866955645.0,21412108771.0,28607808886.0,0.0,334000000.0,9074022263.0
GUBRF,2024,6,-3428948572.0,19466221224.0,18210096782.0,0.0,334000000.0,8046864548.0
GUBRF,2024,3,-2172486805.0,18197755053.0,15369350335.0,0.0,334000000.0,8136445143.0
HEKTS,2025,12,-4797890472.0,16338191353.0,7216138261.0,0.0,8430000000.0,11682989475.0
HEKTS,2025,9,-2503973539.0,14695069506.0,4959864297.0,0.0,8430000000.0,9189949965.0
HEKTS,2025,6,-1659928795.0,14725723156.0,4897041288.0,0.0,8430000000.0,8504549409.0
HEKTS,2025,3,-756553963.0,14489015133.0,2733698774.0,0.0,8430000000.0,7847357810.0
HEKTS,2024,12,-3604980915.0,17976991685.0,6370645075.0,0.0,8430000000.0,9496494310.0
HEKTS,2024,9,-2647194422.0,7845860519.0,4962388274.0,0.0,2530000000.0,9227039901.0
HEKTS,2024,6,-1340185141.0,8072575851.0,3465296024.0,0.0,2530000000.0,14082234603.0
HEKTS,2024,3,-378408773.0,8122267904.0,1783606024.0,0.0,2530000000.0,13507323007.0
INDES,2025,12,575133391.0,8405970372.0,107866354781.0,0.0,750000000.0,7154477005.0
INDES,2025,6,262792250.0,6138911541.0,48323557434.0,0.0,750000000.0,3502244720.0
INDES,2025,3,113250857.0,5689797836.0,24039031875.0,0.0,750000000.0,3289034904.0
INDES,2024,12,404870014.0,6647116677.0,87256545211.0,0.0,750000000.0,3717631198.0
INDES,2024,9,332925646.0,4683757059.0,60016141881.0,0.0,750000000.0,2731853603.0
INDES,2024,6,291256284.0,4534190954.0,37866269008.0,0.0,750000000.0,2998661372.0
INDES,2024,3,122501729.0,4016155580.0,20319866564.0,0.0,750000000.0,2023026851.0
ISGYO,2025,12,-1128502682.0,59173835380.0,3681903428.0,0.0,958750000.0,1191356800.0
ISGYO,2025,9,-252513364.0,48809511402.0,2339643368.0,0.0,958750000.0,1065058067.0
ISGYO,2025,6,490861518.0,46013794955.0,2165713462.0,0.0,958750000.0,2147128652.0
ISGYO,2025,3,-1149305293.0,42168735212.0,968657230.0,0.0,958750000.0,4123392468.0
ISGYO,2024,12,1167598428.0,51192053862.0,5298337127.0,0.0,958750000.0,5605670853.0
ISGYO,2024,9,3205855882.0,39155560214.0,3655013554.0,0.0,958750000.0,5820020524.0
ISGYO,2024,6,3304116218.0,36187535480.0,2142558242.0,0.0,958750000.0,5219450776.0
ISGYO,2024,3,-143276878.0,31001588034.0,436890770.0,0.0,958750000.0,4914836859.0
KARSN,2025,12,210894824.0,8517998955.0,19546773378.0,0.0,900000000.0,10317085793.0
KARSN,2025,9,-676257000.0,6108877000.0,8044634000.0,0.0,900000000.0,9084694000.0
KARSN,2025,6,-396652000.0,6073473000.0,6769031000.0,0.0,900000000.0,7999456000.0
KARSN,2025,3,-376232000.0,5735281000.0,1995914000.0,0.0,900000000.0,6219189000.0
KARSN,2024,12,102579009.0,7186346186.0,14224493460.0,0.0,900000000.0,7832064223.0
KARSN,2024,9,-1121333000.0,4681063000.0,7795860000.0,0.0,900000000.0,6530739000.0
KARSN,2024,6,-372120000.0,4432800000.0,5704541000.0,0.0,900000000.0,4943816000.0
KARSN,2024,3,14959000.0,6098320000.0,2424815000.0,0.0,900000000.0,4222676000.0
HALKB,2026,6,17729000000.0,234602000000.0,,10177000000.0,7185000000.0,
HALKB,2026,3,9505902000.0,226028502000.0,,9666351000.0,7184778000.0,
HALKB,2025,12,27130696000.0,218333141000.0,,18719371000.0,7184778000.0,
HALKB,2025,9,20203677000.0,197946787000.0,,13173379000.0,7184778000.0,
HALKB,2025,6,12658000000.0,168309821000.0,,7748000000.0,7184778000.0,
HALKB,2025,3,6404729000.0,158201697000.0,,3640532000.0,7184778000.0,
HALKB,2024,12,22037821000.0,166534689000.0,,7481719000.0,7184778000.0,
HALKB,2024,9,15056329000.0,137956557000.0,,1849120000.0,7184778000.0,
HALKB,2024,6,8257675000.0,136080567000.0,,-2062881000.0,7184778000.0,
HALKB,2024,3,4817519000.0,133093259000.0,,-6341274000.0,7184778000.0,
ISCTR,2026,6,30012963984.0,453171456194.0,,1081998702.0,24999970000.0,
ISCTR,2026,3,20357274571.0,420574096310.0,,10884808938.0,24999970000.0,
ISCTR,2025,12,67440594071.0,427634753838.0,,23199606160.0,24999970000.0,
ISCTR,2025,9,44002316197.0,380644298226.0,,7870568555.0,24999970000.0,
ISCTR,2025,6,29789964252.0,360537592354.0,,3919995296.0,24999970000.0,
ISCTR,2025,3,12417600099.0,326438282274.0,,2447465063.0,24999970000.0,
ISCTR,2024,12,45517390379.0,318337389995.0,,274008671.0,24999970000.0,
ISCTR,2024,9,34684755378.0,290553226336.0,,575772309.0,24999970000.0,
ISCTR,2024,6,29150823019.0,285498026402.0,,6025243770.0,24999970000.0,
ISCTR,2024,3,14047782143.0,274991775009.0,,6185179578.0,24999970000.0,
ISMEN,2025,12,10586742094.0,44142825100.0,1910169124626.0,0.0,1500000000.0,13568302976.0
ISMEN,2025,9,6424242000.0,33410932000.0,1264153452000.0,0.0,1500000000.0,7091081000.0
ISMEN,2025,6,5987311000.0,29682002000.0,1077703890000.0,0.0,1500000000.0,6767599000.0
ISMEN,2025,3,2757926000.0,25461792000.0,413882572000.0,0.0,1500000000.0,13209123000.0
ISMEN,2024,12,7405325126.0,37763675095.0,1260767226502.0,0.0,1500000000.0,1936218229.0
ISMEN,2024,9,4935945000.0,25171188000.0,935161154000.0,0.0,1500000000.0,3227496000.0
ISMEN,2024,6,2923606000.0,21873502000.0,594772589000.0,0.0,1500000000.0,6615750000.0
ISMEN,2024,3,255263000.0,19952740000.0,314696959000.0,0.0,1500000000.0,11790014000.0
KCAER,2025,12,564315457.0,14521972492.0,28393614424.0,0.0,1915000000.0,8469776017.0
KCAER,2025,9,450500383.0,11833003260.0,17243448882.0,0.0,1915000000.0,5959693266.0
KCAER,2025,6,519597028.0,11058904376.0,13892018208.0,0.0,1915000000.0,5413145820.0
KCAER,2025,3,357176362.0,10414043452.0,5919691395.0,0.0,1915000000.0,4955191333.0
KCAER,2024,12,108802615.0,12428913554.0,25177414647.0,0.0,1915000000.0,6120699272.0
KCAER,2024,9,8201566.0,9687955007.0,17422991342.0,0.0,657570000.0,5354128797.0
KCAER,2024,6,196136925.0,9043106438.0,10683086863.0,0.0,657570000.0,4089476638.0
KCAER,2024,3,132369542.0,8259168908.0,5338030680.0,0.0,657570000.0,3081419890.0
KARTN,2025,12,-1368623548.0,2913742162.0,4732912220.0,0.0,75000000.0,1198146785.0
KARTN,2025,9,-780502322.0,2714018150.0,2913709623.0,0.0,75000000.0,921675616.0
KARTN,2025,6,-779894831.0,2662608023.0,2577906857.0,0.0,75000000.0,698505648.0
KARTN,2025,3,-432042173.0,2745396235.0,1302185066.0,0.0,75000000.0,517980538.0
KARTN,2024,12,-852960277.0,3634536256.0,5066474193.0,0.0,75000000.0,590303867.0
KARTN,2024,9,-842116494.0,2606165041.0,3824556068.0,0.0,75000000.0,697007713.0
KARTN,2024,6,-565388253.0,2556767136.0,2548036630.0,0.0,75000000.0,420217710.0
KARTN,2024,3,-433556050.0,2443112402.0,1336305436.0,0.0,75000000.0,115427304.0
KCHOL,2025,12,40777403397.0,1286597261218.0,2165128447460.0,0.0,2536000000.0,1595942877058.0
KCHOL,2025,9,23290000000.0,1039810000000.0,1302388000000.0,0.0,2536000000.0,1210386000000.0
KCHOL,2025,6,12589000000.0,959379000000.0,1029269000000.0,0.0,2536000000.0,1053610000000.0
KCHOL,2025,3,-3912000000.0,916778000000.0,460110000000.0,0.0,2536000000.0,944371000000.0
KCHOL,2024,12,-6921586346.0,1123925306025.0,2109315480190.0,0.0,2536000000.0,1150967661152.0
KCHOL,2024,9,14398000000.0,841797000000.0,1546754000000.0,0.0,2536000000.0,819972000000.0
KCHOL,2024,6,20880000000.0,794901000000.0,951428000000.0,0.0,2536000000.0,757003000000.0
KCHOL,2024,3,354000000.0,754952000000.0,430550000000.0,0.0,2536000000.0,695588000000.0
KONYA,2025,12,317274309.0,5291605853.0,7419756310.0,0.0,4873440.0,545444154.0
KONYA,2025,9,79351021.0,4137569395.0,4284544445.0,0.0,4873440.0,645287000.0
KONYA,2025,6,-140254561.0,3668756237.0,3113574296.0,0.0,4873440.0,337946261.0
KONYA,2025,3,-85037591.0,3496046418.0,1163142989.0,0.0,4873440.0,335826868.0
KONYA,2024,12,-448432122.0,4234949003.0,6873708096.0,0.0,4873440.0,599608520.0
KONYA,2024,9,-377863681.0,3103415613.0,5082610102.0,0.0,4873440.0,766081545.0
KONYA,2024,6,-307114847.0,2878605374.0,3016139942.0,0.0,4873440.0,794280016.0
KONYA,2024,3,-255880377.0,2687900886.0,1283297873.0,0.0,4873440.0,731939972.0
KORDS,2025,12,-1756774977.0,25196969964.0,36555221113.0,0.0,194529076.0,24435920542.0
KORDS,2025,9,-861749877.0,19242399891.0,23496056752.0,0.0,194529076.0,21542575719.0
KORDS,2025,6,-438353029.0,18552990057.0,15458763516.0,0.0,194529076.0,20342660604.0
KORDS,2025,3,-275224681.0,18078557459.0,7846866860.0,0.0,194529076.0,19150561787.0
KORDS,2024,12,-1120040524.0,22520294229.0,39834204552.0,0.0,194529076.0,24404477552.0
KORDS,2024,9,-52579714.0,17881604531.0,22689558615.0,0.0,194529076.0,16630476332.0
KORDS,2024,6,120437887.0,17294983336.0,14824952702.0,0.0,194529076.0,15404389900.0
KORDS,2024,3,98332195.0,17584044205.0,7239383700.0,0.0,194529076.0,14350593073.0
KONTR,2025,12,-1253567625.0,8040895513.0,18589224173.0,0.0,650000000.0,16190165414.0
KONTR,2025,9,-499901705.0,6859236219.0,9123688427.0,0.0,650000000.0,12533495206.0
KONTR,2025,6,28515062.0,6964885497.0,5977653001.0,0.0,650000000.0,12146653166.0
KONTR,2025,3,355033460.0,6765156597.0,2671345802.0,0.0,650000000.0,10294392793.0
KONTR,2024,12,250500302.0,7689331918.0,12968588429.0,0.0,650000000.0,11710165318.0
KONTR,2024,9,961916335.0,5952975155.0,7005103642.0,0.0,650000000.0,6748117768.0
KONTR,2024,6,809019896.0,5233497318.0,4083345177.0,0.0,200000000.0,6321119803.0
KONTR,2024,3,475170485.0,4545631186.0,1392751336.0,0.0,200000000.0,5116055094.0
LOGO,2025,12,1767221396.0,4399204480.0,6830775599.0,0.0,95000000.0,16839461.0
LOGO,2025,9,1369348000.0,3527303000.0,3961748000.0,0.0,95000000.0,18452000.0
LOGO,2025,6,1388128000.0,3068224000.0,3179281000.0,0.0,95000000.0,26949000.0
LOGO,2025,3,955611000.0,3027751000.0,1368655000.0,0.0,95000000.0,32708000.0
LOGO,2024,12,475730787.0,3799915563.0,5345712080.0,0.0,95000000.0,15027749.0
LOGO,2024,9,438177000.0,2796612000.0,3569768000.0,0.0,100000000.0,438147000.0
LOGO,2024,6,262477000.0,2461655000.0,2222164000.0,0.0,100000000.0,360449000.0
LOGO,2024,3,-49726000.0,2530193000.0,925022000.0,0.0,100000000.0,354351000.0
NETAS,2025,12,-401028265.0,-327734773.0,14166745761.0,0.0,64864800.0,3487790559.0
NETAS,2025,9,-253855804.0,-205662828.0,8358196103.0,0.0,64864800.0,2844122458.0
NETAS,2025,6,-104329695.0,-64046970.0,5541297060.0,0.0,64864800.0,2777491304.0
NETAS,2025,3,-77258208.0,-45810088.0,2121582972.0,0.0,64864800.0,2627606278.0
NETAS,2024,12,-356021196.0,22467943.0,12009877806.0,0.0,64864800.0,2968042159.0
NETAS,2024,9,-248704391.0,30974117.0,6356607751.0,0.0,64864800.0,2125941126.0
NETAS,2024,6,-181359266.0,82763643.0,3906011900.0,0.0,64864800.0,1679966964.0
NETAS,2024,3,-83668798.0,174727819.0,1719059796.0,0.0,64864800.0,1703132608.0
MAVI,2025,12,2353249906.0,15927534506.0,54567112308.0,0.0,794512000.0,5100858610.0
MAVI,2025,9,2067348000.0,13326427000.0,33580439000.0,0.0,794512000.0,3641311000.0
MAVI,2025,6,1339705000.0,11869954000.0,26128240000.0,0.0,794512000.0,3334802000.0
MAVI,2025,3,1072002000.0,12068997000.0,12941065000.0,0.0,397256000.0,2987362000.0
MAVI,2024,12,3494437957.0,13614004037.0,50326284271.0,0.0,397256000.0,3107078594.0
MAVI,2024,9,3175434000.0,9659530000.0,35970140000.0,0.0,397256000.0,2275560000.0
MAVI,2024,6,2027863000.0,8335969000.0,21896914000.0,0.0,397256000.0,2615923000.0
MAVI,2024,3,1336243000.0,8228965000.0,11405223000.0,0.0,397256000.0,2576585000.0
ODAS,2025,12,353359348.0,42351998925.0,10495233843.0,0.0,1400000000.0,1981583369.0
ODAS,2025,9,-1950065757.0,33556469664.0,6566793190.0,0.0,1400000000.0,841202795.0
ODAS,2025,6,-2358780136.0,31191650118.0,4843841748.0,0.0,1400000000.0,1307614031.0
ODAS,2025,3,-562863857.0,30645447731.0,1802227318.0,0.0,1400000000.0,966679743.0
ODAS,2024,12,-4395570255.0,34854655462.0,10215595113.0,0.0,1400000000.0,660746125.0
ODAS,2024,9,-3975561945.0,25192087072.0,7110542918.0,0.0,1400000000.0,441028403.0
ODAS,2024,6,-3142681487.0,24107573656.0,4035910002.0,0.0,1400000000.0,390112038.0
ODAS,2024,3,178129560.0,20753404554.0,2160953035.0,0.0,1400000000.0,233908343.0
KRDMD,2025,12,-1353601222.0,68225721951.0,53772111043.0,0.0,780226002.0,7022918695.0
KRDMD,2025,9,-653669290.0,43740870096.0,32988059624.0,0.0,780226002.0,6572091078.0
KRDMD,2025,6,-229853144.0,40608462094.0,27032359232.0,0.0,780226002.0,6740825234.0
KRDMD,2025,3,-1326854551.0,37688767676.0,12908950745.0,0.0,780226002.0,5336403266.0
KRDMD,2024,12,-2715640584.0,46078108860.0,50614818211.0,0.0,780226002.0,4174856470.0
KRDMD,2024,9,-2703152114.0,33071345655.0,37418639744.0,0.0,780226002.0,3103770872.0
KRDMD,2024,6,-1690634547.0,30871236699.0,22459738124.0,0.0,780226002.0,1175475044.0
KRDMD,2024,3,-786375116.0,28815190950.0,11539329636.0,0.0,780226002.0,1243540664.0
MIATK,2025,12,-863655463.0,6436202916.0,3246644693.0,0.0,494000000.0,1283854941.0
MIATK,2025,9,-344759492.0,5608863286.0,1994106768.0,0.0,494000000.0,1028691607.0
MIATK,2025,6,568647107.0,5969598977.0,1461112603.0,0.0,494000000.0,964746766.0
MIATK,2025,3,41024000.0,5256176278.0,661518858.0,0.0,494000000.0,935675068.0
MIATK,2024,12,2986662826.0,6318277388.0,3381343396.0,0.0,494000000.0,913901579.0
MIATK,2024,9,1128609849.0,3242218497.0,2336046500.0,0.0,494000000.0,566538594.0
MIATK,2024,6,942931799.0,2887514260.0,1796388831.0,0.0,494000000.0,447324293.0
MIATK,2024,3,924546764.0,2699801870.0,1304864449.0,0.0,494000000.0,289931493.0
OTKAR,2025,12,-1718047813.0,10066944426.0,61190103094.0,0.0,120000000.0,40687047322.0
OTKAR,2025,9,-436338000.0,9412900000.0,30936937000.0,0.0,120000000.0,27279434000.0
OTKAR,2025,6,-104550000.0,8934254000.0,26208137000.0,0.0,120000000.0,20733686000.0
OTKAR,2025,3,-606346000.0,8419432000.0,10416443000.0,0.0,120000000.0,20250702000.0
OTKAR,2024,12,-4063459414.0,10717772787.0,44353886568.0,0.0,120000000.0,27834599271.0
OTKAR,2024,9,-3198947000.0,8295355000.0,28553114000.0,0.0,120000000.0,20216340000.0
OTKAR,2024,6,-1855207000.0,8372470000.0,17517394000.0,0.0,120000000.0,19841967000.0
OTKAR,2024,3,-576337000.0,8469916000.0,6761449000.0,0.0,120000000.0,17289927000.0
MGROS,2025,12,7999960599.0,94103980856.0,486055660447.0,0.0,181054000.0,37449231054.0
MGROS,2025,9,5610584000.0,76406324000.0,294847578000.0,0.0,181054000.0,30922610000.0
MGROS,2025,6,1938509000.0,67409040000.0,230984750000.0,0.0,181054000.0,27552710000.0
MGROS,2025,3,1350012000.0,64443132000.0,102645969000.0,0.0,181054000.0,25355964000.0
MGROS,2024,12,8604849914.0,75501569638.0,384535043702.0,0.0,181054000.0,27612575777.0
MGROS,2024,9,7287399000.0,54435343000.0,274985203000.0,0.0,181054000.0,18492671000.0
MGROS,2024,6,2676756000.0,45806224000.0,163434121000.0,0.0,181054000.0,14529825000.0
MGROS,2024,3,1748445000.0,42809024000.0,72318474000.0,0.0,181054000.0,12642608000.0
NTHOL,2025,12,2527155671.0,95137229010.0,29458375539.0,0.0,500000000.0,11780940171.0
NTHOL,2025,9,1846114000.0,71289406000.0,17647380000.0,0.0,500000000.0,8590236000.0
NTHOL,2025,6,866486000.0,65407230000.0,13600417000.0,0.0,500000000.0,8372385000.0
NTHOL,2025,3,329379000.0,61336350000.0,5945607000.0,0.0,500000000.0,7608443000.0
NTHOL,2024,12,3898434292.0,72838338765.0,25349701343.0,0.0,500000000.0,9473053495.0
NTHOL,2024,9,2182196000.0,50597348000.0,16361447000.0,0.0,563876000.0,7406403000.0
NTHOL,2024,6,1233258000.0,45925728000.0,9810586000.0,0.0,563876000.0,7812725000.0
NTHOL,2024,3,558737000.0,42103794000.0,4425679000.0,0.0,563876000.0,7861421000.0
PGSUS,2025,12,16192047503.0,137605332119.0,181498251765.0,0.0,500000000.0,274594845271.0
PGSUS,2025,9,13326667532.0,112697676495.0,114405094895.0,0.0,500000000.0,219324572447.0
PGSUS,2025,6,2497837000.0,97122362450.0,62013070000.0,0.0,500000000.0,192429265377.0
PGSUS,2025,3,-2634619000.0,80409897910.0,23587573000.0,0.0,500000000.0,176334082533.0
PGSUS,2024,12,17389618765.0,98063345264.0,146367103514.0,0.0,500000000.0,217683761828.0
PGSUS,2024,9,11320281004.0,75387121101.0,84046387728.0,0.0,500000000.0,157429293847.0
PGSUS,2024,6,496187657.0,59674717347.0,43963935295.0,0.0,500000000.0,136780906239.0
PGSUS,2024,3,-3500974334.0,55195677560.0,17390800996.0,0.0,102299707.0,130442975021.0
QUAGR,2025,12,-1474638055.0,11241975230.0,12483567184.0,0.0,2640000000.0,5595058917.0
QUAGR,2025,9,-738266879.0,9589660525.0,7579677749.0,0.0,2640000000.0,5091013293.0
QUAGR,2025,6,-793099292.0,8996849372.0,6258194206.0,0.0,2640000000.0,5547380685.0
QUAGR,2025,3,-848187221.0,8396210843.0,2573601620.0,0.0,2640000000.0,5596406505.0
QUAGR,2024,12,-3925604007.0,10774085059.0,10649280175.0,0.0,2640000000.0,6129938632.0
QUAGR,2024,9,-3391850794.0,7998399359.0,7918119868.0,0.0,2640000000.0,5294379733.0
QUAGR,2024,6,-2089087785.0,8132284886.0,5737021729.0,0.0,2640000000.0,5530467840.0
QUAGR,2024,3,-896729956.0,8279214882.0,2494826125.0,0.0,2640000000.0,4627663122.0
OYAKC,2025,12,10318885143.0,74131556531.0,66536599109.0,0.0,4861656000.0,4920776767.0
OYAKC,2025,9,7282247839.0,59016862781.0,40527516047.0,0.0,4861655783.0,3964589752.0
OYAKC,2025,6,4778200000.0,51698544034.0,30876286000.0,0.0,4861655783.0,3784752342.0
OYAKC,2025,3,1303779000.0,46361657889.0,13550729000.0,0.0,4861655783.0,3350205423.0
OYAKC,2024,12,9381547042.0,59714976330.0,58156336257.0,0.0,4861655783.0,291159045.0
OYAKC,2024,9,7107015878.0,41523360573.0,41717303148.0,0.0,1246578406.0,844573827.0
OYAKC,2024,6,4022049071.0,36209608748.0,24613693261.0,0.0,1246578406.0,1265891703.0
OYAKC,2024,3,1114534641.0,31444851621.0,11275067333.0,0.0,1246578406.0,282797537.0
PETKM,2025,12,-12081727101.0,75321388124.0,104894012932.0,0.0,2534400000.0,60548002656.0
PETKM,2025,9,-4800575000.0,67000089000.0,63760374000.0,0.0,2534400000.0,51435170000.0
PETKM,2025,6,-4407196000.0,64745459000.0,51035941000.0,0.0,2534400000.0,47355249000.0
PETKM,2025,3,-3402183000.0,59812960000.0,23125759000.0,0.0,2534400000.0,51111866000.0
PETKM,2024,12,-8892566960.0,76341257016.0,101285524607.0,0.0,2534400000.0,58078402746.0
PETKM,2024,9,-125386000.0,62282861000.0,76188190000.0,0.0,2534400000.0,39741882000.0
PETKM,2024,6,3626110000.0,61667765000.0,49520056000.0,0.0,2534400000.0,37732445000.0
PETKM,2024,3,1151331000.0,57432609000.0,22881021000.0,0.0,2534400000.0,34959082000.0
PARSN,2025,12,-1454913628.0,17546949013.0,5912802682.0,0.0,86788722.0,5458489506.0
PARSN,2025,9,-895186850.0,12923061531.0,3712160387.0,0.0,86788722.0,4707599080.0
PARSN,2025,6,-725982534.0,12126074766.0,2444038745.0,0.0,77112000.0,4690586634.0
PARSN,2025,3,-475294493.0,11294816180.0,1121234158.0,0.0,77112000.0,4050992256.0
PARSN,2024,12,-533658858.0,13643279506.0,5461892907.0,0.0,77112000.0,4944885698.0
PARSN,2024,9,-88444785.0,9758674503.0,3172087594.0,0.0,77112000.0,3971673134.0
PARSN,2024,6,57269041.0,9115630734.0,2268195168.0,0.0,77112000.0,3670973409.0
PARSN,2024,3,95811126.0,8886739993.0,1244585717.0,0.0,77112000.0,3810573814.0
PRKME,2025,12,-270668368.0,5594995023.0,732914426.0,0.0,148867243.0,0.0
PRKME,2025,9,69712184.0,4843125769.0,486756058.0,0.0,148867243.0,0.0
PRKME,2025,6,41871651.0,4472799260.0,395372709.0,0.0,148867243.0,0.0
PRKME,2025,3,-16483648.0,4177957171.0,192858462.0,0.0,148867243.0,0.0
PRKME,2024,12,95611761.0,4985386044.0,835771792.0,0.0,148867243.0,0.0
PRKME,2024,9,64823785.0,3565927810.0,570798798.0,0.0,148867243.0,0.0
PRKME,2024,6,51445318.0,3270639741.0,333395768.0,0.0,148867243.0,0.0
PRKME,2024,3,18265117.0,3178945772.0,155237095.0,0.0,148867243.0,0.0
SAHOL,2025,12,8969084555.0,710399830951.0,289963261551.0,0.0,2100376000.0,670933371380.0
SAHOL,2025,9,-2534858000.0,565426469000.0,175457791000.0,0.0,2100376000.0,529744246000.0
SAHOL,2025,6,-3522761000.0,526423036000.0,143614224000.0,0.0,2100376000.0,459089460000.0
SAHOL,2025,3,-5846602000.0,490206855000.0,66394572000.0,0.0,2100376000.0,388404064000.0
SAHOL,2024,12,-40210170524.0,619527614893.0,255361621776.0,0.0,2100376000.0,450754421803.0
SAHOL,2024,9,-30649055000.0,461294428000.0,180689707000.0,0.0,2100376000.0,302044211000.0
SAHOL,2024,6,-19878429000.0,432893634000.0,112436412000.0,0.0,2100376000.0,279195029000.0
SAHOL,2024,3,-14760709000.0,417617458000.0,53967951000.0,0.0,2100376000.0,256117768000.0
SASA,2025,12,-25889854624.0,181703737419.0,62552566250.0,0.0,43815615000.0,144535166018.0
SASA,2025,9,-10106099000.0,138100254000.0,38683210000.0,0.0,43815615000.0,127235440000.0
SASA,2025,6,-11673877000.0,130768832000.0,29582341000.0,0.0,43815615000.0,120918855000.0
SASA,2025,3,1859838000.0,129960672000.0,11846647000.0,0.0,43815615000.0,104016015000.0
SASA,2024,12,23926172659.0,158220548829.0,63590827151.0,0.0,43815615000.0,123839418164.0
SASA,2024,9,23044291000.0,108883761000.0,47439517000.0,0.0,43280113000.0,93679658000.0
SASA,2024,6,18529464000.0,100291018000.0,30406516000.0,0.0,5410014000.0,81974070000.0
SASA,2024,3,14813133000.0,86557920000.0,14732139000.0,0.0,5321654000.0,74555408000.0
SARKY,2025,12,406098455.0,13735832821.0,93163971531.0,0.0,1000000000.0,13185378825.0
SARKY,2025,9,709873455.0,11607620970.0,55162650146.0,0.0,1000000000.0,9630444168.0
SARKY,2025,6,515489077.0,10594283678.0,44794407781.0,0.0,1000000000.0,8575622728.0
SARKY,2025,3,355680218.0,10201081082.0,20017832901.0,0.0,600000000.0,8055186529.0
SARKY,2024,12,455206925.0,11824418499.0,77529570939.0,0.0,600000000.0,8899829536.0
SARKY,2024,9,556927984.0,8664281884.0,58098150770.0,0.0,600000000.0,7421361698.0
SARKY,2024,6,699011483.0,8130664002.0,36509096144.0,0.0,600000000.0,7345270784.0
SARKY,2024,3,292289259.0,7681452959.0,16930197031.0,0.0,500000000.0,7246619943.0
SELEC,2025,12,-447249760.0,35295263292.0,202557658974.0,0.0,621000000.0,937196286.0
SELEC,2025,9,-565799306.0,28567413693.0,123744303526.0,0.0,621000000.0,1963300831.0
SELEC,2025,6,-421720460.0,26803173519.0,100201443194.0,0.0,621000000.0,1912864878.0
SELEC,2025,3,2792455.0,25829400254.0,49060816006.0,0.0,621000000.0,3386848621.0
SELEC,2024,12,2694723458.0,30753250098.0,168353228778.0,0.0,621000000.0,10513229299.0
SELEC,2024,9,855088092.0,20817058849.0,119662458088.0,0.0,621000000.0,4934595761.0
SELEC,2024,6,541585389.0,18944606172.0,74526700973.0,0.0,621000000.0,5402947991.0
SELEC,2024,3,342286803.0,17522513475.0,38463870132.0,0.0,621000000.0,4397859197.0
SISE,2025,12,11239227652.0,317075398469.0,264399608490.0,0.0,3063214000.0,190678340136.0
SISE,2025,9,5656571000.0,255822245000.0,162277574000.0,0.0,3063214000.0,159076699000.0
SISE,2025,6,5388484000.0,242493919000.0,133133550000.0,0.0,3063214000.0,153718925000.0
SISE,2025,3,1738417000.0,227842623000.0,59496680000.0,0.0,3063214000.0,137166305000.0
SISE,2024,12,6862505476.0,272400566017.0,242922057265.0,0.0,3063214000.0,171155801281.0
SISE,2024,9,8630363000.0,206473466000.0,181695867000.0,0.0,3063214000.0,139399655000.0
SISE,2024,6,6645075000.0,193574402000.0,115861899000.0,0.0,3063214000.0,133145449000.0
SISE,2024,3,3285566000.0,183373584000.0,56048524000.0,0.0,3063214000.0,94644022000.0
SKBNK,2026,6,1503000000.0,15255000000.0,,1966000000.0,2500000000.0,
SKBNK,2026,3,645366000.0,13930009000.0,,737736000.0,2500000000.0,
SKBNK,2025,12,2078375000.0,13299064000.0,,2890567000.0,2500000000.0,
SKBNK,2025,9,1210858000.0,12134944000.0,,1699941000.0,2500000000.0,
SKBNK,2025,6,816000000.0,11705208000.0,,1202000000.0,2500000000.0,
SKBNK,2025,3,518338000.0,11203150000.0,,715093000.0,2500000000.0,
SKBNK,2024,12,2025243000.0,10701646000.0,,2192695000.0,2500000000.0,
SKBNK,2024,9,1552027000.0,9928803000.0,,1872815000.0,2500000000.0,
SKBNK,2024,6,1220191000.0,8828008000.0,,1461708000.0,1860000000.0,
SKBNK,2024,3,504145000.0,8180530000.0,,475420000.0,1860000000.0,
SNGYO,2025,12,137046104.0,55561146244.0,4104512995.0,1473038971.0,4000000000.0,6767228531.0
SNGYO,2025,9,793126803.0,45900219996.0,2198594114.0,0.0,4000000000.0,5157320598.0
SNGYO,2025,6,736986023.0,42507627439.0,1992379793.0,0.0,4000000000.0,5236235949.0
SNGYO,2025,3,297510031.0,39803739167.0,609935572.0,0.0,4000000000.0,5017401051.0
SNGYO,2024,12,641989081.0,47064987838.0,4479072693.0,-888869785.0,4000000000.0,5694942611.0
SNGYO,2024,9,459329025.0,34905139844.0,3425811652.0,0.0,1500000000.0,4353235755.0
SNGYO,2024,6,54751043.0,31770740125.0,2580791990.0,0.0,1500000000.0,4247335442.0
SNGYO,2024,3,677410583.0,29763957271.0,1872439274.0,0.0,1500000000.0,3499760608.0
TATGD,2025,12,155628635.0,5057830778.0,9644532176.0,0.0,244800000.0,5310611893.0
TATGD,2025,9,-52357779.0,3946224528.0,5761651795.0,0.0,244800000.0,4114111102.0
TATGD,2025,6,-122766572.0,3635043255.0,4644827757.0,0.0,244800000.0,3717055213.0
TATGD,2025,3,-103720465.0,3473142483.0,2251621068.0,0.0,244800000.0,3528704998.0
TATGD,2024,12,-530594944.0,4040606907.0,8289096350.0,0.0,136000000.0,4312571572.0
TATGD,2024,9,-726863706.0,2720761891.0,6316760435.0,0.0,136000000.0,3151566356.0
TATGD,2024,6,-552111813.0,2607609882.0,4139180635.0,0.0,136000000.0,2982361033.0
TATGD,2024,3,-167156798.0,2663502406.0,2127484313.0,0.0,136000000.0,3152340178.0
SMRTG,2025,12,-524712320.0,5444827212.0,12460025793.0,0.0,605880000.0,12753412792.0
SMRTG,2025,9,-737000917.0,3757733988.0,7402809413.0,0.0,605880000.0,9387100774.0
SMRTG,2025,6,-630697244.0,3637562604.0,5599935077.0,0.0,605880000.0,8889748954.0
SMRTG,2025,3,-363841783.0,3577770280.0,3366843271.0,0.0,605880000.0,7186691382.0
SMRTG,2024,12,568011629.0,4599494559.0,15285067162.0,0.0,605880000.0,8357905940.0
SMRTG,2024,9,429604732.0,3228941906.0,10051873778.0,0.0,605880000.0,6287382875.0
SMRTG,2024,6,220056947.0,2856876902.0,5687342441.0,0.0,605880000.0,5413582850.0
SMRTG,2024,3,401390941.0,2721280589.0,3117463655.0,0.0,605880000.0,4644136524.0
SOKM,2025,12,-2270626782.0,41759358929.0,328324410590.0,0.0,593290008.0,16992883811.0
SOKM,2025,9,-512715313.0,35332752643.0,198429713743.0,0.0,593290008.0,12525235108.0
SOKM,2025,6,-954843631.0,32689461462.0,156750205176.0,0.0,593290008.0,11138775568.0
SOKM,2025,3,-467472979.0,31299170348.0,71012703375.0,0.0,593290008.0,10158361467.0
SOKM,2024,12,80162843.0,37729189704.0,264629947407.0,0.0,593290008.0,12404227873.0
SOKM,2024,9,279606988.0,27440007902.0,190174649588.0,0.0,593290008.0,8731790384.0
SOKM,2024,6,222423739.0,25252959876.0,113971218107.0,0.0,593290008.0,8624863032.0
SOKM,2024,3,-14154491.0,24810954047.0,51542738238.0,0.0,593290008.0,7247167825.0
TAVHL,2025,12,4168868910.0,95300594159.0,96739954775.0,0.0,363281000.0,106532259362.0
TAVHL,2025,9,4622388000.0,81214658000.0,60874507000.0,0.0,363281000.0,89891325000.0
TAVHL,2025,6,-1686475000.0,71226302000.0,33957745000.0,0.0,363281000.0,84021733000.0
TAVHL,2025,3,-1673129000.0,63484247000.0,14418829000.0,0.0,363281000.0,75741204000.0
TAVHL,2024,12,9240137141.0,78034752437.0,77503271990.0,0.0,363281000.0,88879679268.0
TAVHL,2024,9,7007374000.0,61382080000.0,43440449000.0,0.0,363281000.0,69776479000.0
TAVHL,2024,6,3002142000.0,53706956000.0,25075467000.0,0.0,363281000.0,64210400000.0
TAVHL,2024,3,363801000.0,50727786000.0,10763165000.0,0.0,363281000.0,63697632000.0
THYAO,2025,12,139092773392.0,1073081134047.0,1125149219659.0,0.0,1380000000.0,899972648672.0
THYAO,2025,9,80951000000.0,843951000000.0,690825000000.0,0.0,1380000000.0,644615000000.0
THYAO,2025,6,24935000000.0,752120000000.0,408036000000.0,0.0,1380000000.0,584592000000.0
THYAO,2025,3,-1854000000.0,717436000000.0,176712000000.0,0.0,1380000000.0,537670000000.0
THYAO,2024,12,148375617139.0,890083542807.0,975710686451.0,0.0,1380000000.0,641292566719.0
THYAO,2024,9,88831000000.0,618691000000.0,551928000000.0,0.0,1380000000.0,494963000000.0
THYAO,2024,6,37309000000.0,557767000000.0,330113000000.0,0.0,1380000000.0,425588000000.0
THYAO,2024,3,6918000000.0,515521000000.0,147238000000.0,0.0,1380000000.0,431423000000.0
TMSN,2025,12,5328741425.0,17451059914.0,4067660744.0,0.0,115000000.0,7365197280.0
TMSN,2025,9,7073517229.0,17423816563.0,2449233988.0,0.0,115000000.0,5415686793.0
TMSN,2025,6,8780608098.0,16267552721.0,2273536261.0,0.0,115000000.0,4307122850.0
TMSN,2025,3,8251356010.0,15421727422.0,1944098768.0,0.0,115000000.0,3920539994.0
TMSN,2024,12,-596915131.0,8576339354.0,9138246294.0,0.0,115000000.0,4942098634.0
TMSN,2024,9,-328088387.0,6342145439.0,5828473556.0,0.0,115000000.0,3250278046.0
TMSN,2024,6,350395014.0,6308839362.0,3705023083.0,0.0,115000000.0,2492097612.0
TMSN,2024,3,145595028.0,5674867182.0,1836805467.0,0.0,115000000.0,1824122268.0
TCELL,2025,12,20730209508.0,305386657293.0,269683706646.0,0.0,2200000000.0,186822785302.0
TCELL,2025,9,13425665000.0,243029365000.0,162434767000.0,0.0,2200000000.0,181280845000.0
TCELL,2025,6,9865578000.0,219706432000.0,130037300000.0,0.0,2200000000.0,172858079000.0
TCELL,2025,3,4033417000.0,209834864000.0,59424611000.0,0.0,2200000000.0,150711508000.0
TCELL,2024,12,30779150482.0,244724845163.0,207927709128.0,0.0,2200000000.0,136573394864.0
TCELL,2024,9,27386550000.0,174478880000.0,145765066000.0,0.0,2200000000.0,106728425000.0
TCELL,2024,6,7769502000.0,152290595000.0,88172294000.0,0.0,2200000000.0,99190732000.0
TCELL,2024,3,3630921000.0,143444405000.0,40705704000.0,0.0,2200000000.0,98049529000.0
TTKOM,2025,12,27061523150.0,250162679981.0,285244723181.0,0.0,3500000000.0,147162229153.0
TTKOM,2025,9,21332614000.0,202689319000.0,165695132000.0,0.0,3500000000.0,71425650000.0
TTKOM,2025,6,13628295000.0,179584933000.0,130474528000.0,0.0,3500000000.0,65939530000.0
TTKOM,2025,3,6719013000.0,165220752000.0,59671004000.0,0.0,3500000000.0,64965089000.0
TTKOM,2024,12,11068445116.0,191222662056.0,211588662850.0,0.0,3500000000.0,92315174881.0
TTKOM,2024,9,12594701000.0,135063972000.0,145591325000.0,0.0,3500000000.0,71656436000.0
TTKOM,2024,6,8017116000.0,123300093000.0,85394657000.0,0.0,3500000000.0,67309371000.0
TTKOM,2024,3,3535757000.0,113542527000.0,38544584000.0,0.0,3500000000.0,73779729000.0
TOASO,2025,12,9837463783.0,70691878692.0,376136463732.0,0.0,500000000.0,63199796248.0
TOASO,2025,9,2930752000.0,52793804000.0,189458771000.0,0.0,500000000.0,38366339000.0
TOASO,2025,6,2116615000.0,48238985000.0,125633352000.0,0.0,500000000.0,35933987000.0
TOASO,2025,3,-183805000.0,44954843000.0,31674620000.0,0.0,500000000.0,29657216000.0
TOASO,2024,12,6834463103.0,61652396841.0,157419715530.0,0.0,500000000.0,36520214988.0
TOASO,2024,9,6700941000.0,44116691000.0,116068466000.0,0.0,500000000.0,18924909000.0
TOASO,2024,6,5846316000.0,39970116000.0,81373452000.0,0.0,500000000.0,17839303000.0
TOASO,2024,3,3875216000.0,35740521000.0,46484998000.0,0.0,500000000.0,16277054000.0
TRGYO,2025,12,8417519185.0,154245268127.0,17104608706.0,0.0,1000000000.0,895852280.0
TRGYO,2025,9,6728615000.0,125411067000.0,6685423000.0,0.0,1000000000.0,748182000.0
TRGYO,2025,6,5701083000.0,114737248000.0,5157712000.0,0.0,1000000000.0,1289004000.0
TRGYO,2025,3,1021405000.0,108296937000.0,2313626000.0,0.0,1000000000.0,1635897000.0
TRGYO,2024,12,10868512319.0,127864124286.0,16065158980.0,0.0,1000000000.0,2621147680.0
TRGYO,2024,9,-2152728000.0,93561926000.0,6222847000.0,0.0,1000000000.0,1994681000.0
TRGYO,2024,6,-4722674000.0,86629550000.0,3781371000.0,0.0,1000000000.0,1989890000.0
TRGYO,2024,3,1431742000.0,84175555000.0,1899343000.0,0.0,1000000000.0,2394636000.0
TKFEN,2025,12,-6750154617.0,38610413188.0,63482880547.0,0.0,370000000.0,16810668254.0
TKFEN,2025,9,-3362099000.0,33968220000.0,38846639000.0,0.0,370000000.0,13015401000.0
TKFEN,2025,6,-3175758000.0,32376243000.0,34357623000.0,0.0,370000000.0,13901948000.0
TKFEN,2025,3,-962370000.0,32844666000.0,17746332000.0,0.0,370000000.0,14373372000.0
TKFEN,2024,12,541535596.0,40421324719.0,76166091666.0,0.0,370000000.0,17217243152.0
TKFEN,2024,9,65145000.0,29418407000.0,56863803000.0,0.0,370000000.0,10863020000.0
TKFEN,2024,6,32572000.0,27513797000.0,38204006000.0,0.0,370000000.0,9770105000.0
TKFEN,2024,3,-736343000.0,25159180000.0,22190675000.0,0.0,370000000.0,10052734000.0
TSKB,2026,6,5812000000.0,50251000000.0,,6206000000.0,2800000000.0,
TSKB,2026,3,2860035000.0,46371125000.0,,3375402000.0,2800000000.0,
TSKB,2025,12,11382793000.0,45650943000.0,,12367680000.0,2800000000.0,
TSKB,2025,9,9285218000.0,42705467000.0,,10236365000.0,2800000000.0,
TSKB,2025,6,6475000000.0,39439462000.0,,7108000000.0,2800000000.0,
TSKB,2025,3,3094538000.0,35150117000.0,,3412699000.0,2800000000.0,
TSKB,2024,12,10134599000.0,32478789000.0,,11398742000.0,2800000000.0,
TSKB,2024,9,7035514000.0,29216685000.0,,8178980000.0,2800000000.0,
TSKB,2024,6,4402952000.0,26525645000.0,,4793817000.0,2800000000.0,
TSKB,2024,3,1934201000.0,23242705000.0,,2304997000.0,2800000000.0,
TTRAK,2025,12,535570984.0,19683009421.0,63397969740.0,0.0,100066875.0,18279205230.0
TTRAK,2025,9,916706471.0,16543004715.0,39220337489.0,0.0,100066875.0,16354464154.0
TTRAK,2025,6,778084511.0,15158613910.0,34317680538.0,0.0,100066875.0,15326798026.0
TTRAK,2025,3,309242626.0,14053116529.0,16649739465.0,0.0,100066875.0,14596675322.0
TTRAK,2024,12,7513921497.0,22209169155.0,87658106372.0,0.0,100066875.0,12817114371.0
TTRAK,2024,9,6804245626.0,18516588740.0,66075206821.0,0.0,100066875.0,6889897138.0
TTRAK,2024,6,5180466906.0,16168639976.0,45468333389.0,0.0,100066875.0,6522267123.0
TTRAK,2024,3,2414205334.0,13157104538.0,22917845597.0,0.0,100066875.0,7413589458.0
ULKER,2025,12,6130755657.0,54022501762.0,131777147307.0,0.0,369276000.0,67529042775.0
ULKER,2025,9,4855032000.0,42583578000.0,80925915000.0,0.0,369276000.0,68473259000.0
ULKER,2025,6,4610844000.0,38373555000.0,68221347000.0,0.0,369276000.0,65287544000.0
ULKER,2025,3,3375142000.0,39176543000.0,35285011000.0,0.0,369276000.0,55421160000.0
ULKER,2024,12,10492467821.0,43817645567.0,110077710239.0,0.0,369276000.0,62840577191.0
ULKER,2024,9,6520735000.0,29046912000.0,77330367000.0,0.0,369276000.0,47539604000.0
ULKER,2024,6,5434480000.0,26009650000.0,49370684000.0,0.0,369276000.0,37746229000.0
ULKER,2024,3,3426471000.0,23486439000.0,27069643000.0,0.0,369276000.0,34314388000.0
TUKAS,2025,12,603265991.0,20543636606.0,10239188661.0,0.0,4500000000.0,8654873841.0
TUKAS,2025,9,1096808104.0,15664250240.0,6426864195.0,0.0,4500000000.0,6937676126.0
TUKAS,2025,6,285924220.0,13351001735.0,5063345733.0,0.0,4500000000.0,5594492981.0
TUKAS,2025,3,638814873.0,12883208824.0,2622761485.0,0.0,4500000000.0,4697433135.0
TUKAS,2024,12,1022545974.0,14776466674.0,8949231585.0,0.0,1472310000.0,4267155475.0
TUKAS,2024,9,573441563.0,10525172379.0,6101090882.0,0.0,1472310000.0,3289196584.0
TUKAS,2024,6,293538983.0,9487144446.0,3596075223.0,0.0,1472310000.0,1826404404.0
TUKAS,2024,3,-108861297.0,8474776000.0,2240430873.0,0.0,1472310000.0,1336302919.0
TURSG,2026,6,13450691418.0,61056076455.0,,,20000000000.0,
TURSG,2026,3,6429735393.0,56688920441.0,,,10000000000.0,
TURSG,2025,12,19425013374.0,51604704370.0,,,10000000000.0,
TURSG,2025,9,14343921223.0,41601618526.0,,,10000000000.0,
TURSG,2025,6,9334295423.0,36543987403.0,,,10000000000.0,
TURSG,2025,3,4522972646.0,33131448226.0,,,5000000000.0,
TURSG,2024,12,12720262824.0,28723094440.0,,,5000000000.0,
TURSG,2024,9,9640179111.0,24074918416.0,,,5000000000.0,
TURSG,2024,6,6569089716.0,21025768036.0,,,1161523363.0,
TURSG,2024,3,3526611681.0,19045194900.0,,,1161523363.0,
VAKBN,2026,6,30108000000.0,353008000000.0,,39610000000.0,9916000000.0,
VAKBN,2026,3,15031078000.0,331454835000.0,,20793226000.0,9915922000.0,
VAKBN,2025,12,70050312000.0,322380656000.0,,96101279000.0,9915922000.0,
VAKBN,2025,9,41956457000.0,263628282000.0,,53816953000.0,9915922000.0,
VAKBN,2025,6,30063000000.0,246456471000.0,,37405000000.0,9915922000.0,
VAKBN,2025,3,20033654000.0,232989885000.0,,22942801000.0,9915922000.0,
VAKBN,2024,12,40375301000.0,219194449000.0,,56639325000.0,9915922000.0,
VAKBN,2024,9,27214250000.0,201165939000.0,,34622768000.0,9915922000.0,
VAKBN,2024,6,19191709000.0,191259204000.0,,23250482000.0,9915922000.0,
VAKBN,2024,3,12022969000.0,184479639000.0,,15587501000.0,9915922000.0,
TUPRS,2025,12,35177601845.0,435503791694.0,977814685134.0,0.0,1926796000.0,59173025306.0
TUPRS,2025,9,22006621000.0,348455191000.0,598344047000.0,0.0,1926796000.0,42660359000.0
TUPRS,2025,6,11981560000.0,311488553000.0,464119398000.0,0.0,1926796000.0,41370326000.0
TUPRS,2025,3,157204000.0,286509048000.0,207582495000.0,0.0,1926796000.0,21074817000.0
TUPRS,2024,12,24913574648.0,374676308107.0,1060732568259.0,0.0,1926796000.0,24854666556.0
TUPRS,2024,9,18485240000.0,245109097000.0,798873597000.0,0.0,1926796000.0,45383870000.0
TUPRS,2024,6,7456660000.0,235292313000.0,499811923000.0,0.0,1926796000.0,32802064000.0
TUPRS,2024,3,573467000.0,230216956000.0,228524890000.0,0.0,1926796000.0,38939791000.0
VERUS,2025,12,-399640362.0,7859270025.0,896752186.0,0.0,70000000.0,1150840236.0
VERUS,2025,9,923818689.0,7634612399.0,616838579.0,0.0,70000000.0,1025817641.0
VERUS,2025,6,716223904.0,6802255645.0,488461044.0,0.0,70000000.0,732820438.0
VERUS,2025,3,-367576674.0,5624519374.0,268752045.0,0.0,70000000.0,230413355.0
VERUS,2024,12,623139438.0,7034494200.0,1462334750.0,0.0,70000000.0,322286059.0
VERUS,2024,9,540876803.0,5093429122.0,872903183.0,0.0,70000000.0,252468593.0
VERUS,2024,6,607846367.0,4827925954.0,455995056.0,0.0,70000000.0,305256759.0
VERUS,2024,3,467282134.0,4497945727.0,235170285.0,0.0,70000000.0,334140336.0
VESBE,2025,12,-7444199495.0,43188032350.0,87565249798.0,0.0,1600000000.0,24034962046.0
VESBE,2025,9,-3327049000.0,38310045000.0,57378851000.0,0.0,1600000000.0,18634008000.0
VESBE,2025,6,-3789807000.0,35572255000.0,47429957000.0,0.0,1600000000.0,17698364000.0
VESBE,2025,3,-1326988000.0,36010413000.0,20796169000.0,0.0,1600000000.0,15350535000.0
VESBE,2024,12,347948460.0,44300034847.0,98597464768.0,0.0,1600000000.0,15042761618.0
VESBE,2024,9,414168000.0,28499060000.0,72043819000.0,0.0,1600000000.0,10454252000.0
VESBE,2024,6,903539000.0,26780613000.0,43134019000.0,0.0,1600000000.0,5868853000.0
VESBE,2024,3,851567000.0,25651480000.0,19297992000.0,0.0,1600000000.0,5497416000.0
VESTL,2025,12,-36639614480.0,41442303053.0,162800522330.0,0.0,335456000.0,104543142146.0
VESTL,2025,9,-19052274000.0,46060878000.0,107613387000.0,0.0,335456000.0,83680593000.0
VESTL,2025,6,-17559241000.0,47005261000.0,89788676000.0,0.0,335456000.0,76157636000.0
VESTL,2025,3,-6944840000.0,52117276000.0,41172166000.0,0.0,335456000.0,68108912000.0
VESTL,2024,12,-14198106875.0,68596966571.0,186831127565.0,0.0,335456000.0,80611568195.0
VESTL,2024,9,-5509803000.0,50478051000.0,132164993000.0,0.0,335456000.0,55348446000.0
VESTL,2024,6,-1277252000.0,49820051000.0,81359286000.0,0.0,335456000.0,48872977000.0
VESTL,2024,3,19422000.0,46467084000.0,36780730000.0,0.0,335456000.0,36956263000.0
YEOTK,2025,12,1745523625.0,5209347607.0,19704710439.0,0.0,355000000.0,8362080940.0
YEOTK,2025,9,781410326.0,3687467044.0,10274616125.0,0.0,355000000.0,6301008698.0
YEOTK,2025,6,155885677.0,2757023649.0,5603735732.0,0.0,355000000.0,5362376094.0
YEOTK,2025,3,92435990.0,3068697743.0,2237227099.0,0.0,355000000.0,3708577912.0
YEOTK,2024,12,1213364181.0,3505542145.0,9927944520.0,0.0,355000000.0,4006645736.0
YEOTK,2024,9,840032981.0,2323301458.0,7262370418.0,0.0,96000000.0,2057433708.0
YEOTK,2024,6,384985090.0,1840628980.0,4383381902.0,0.0,96000000.0,2044446996.0
YEOTK,2024,3,332007903.0,1676489029.0,1882377340.0,0.0,96000000.0,1726706688.0
YATAS,2025,12,133378194.0,12675784555.0,26681905201.0,0.0,149798932.0,8455338678.0
YATAS,2025,9,-123027631.0,10061396512.0,15398068502.0,0.0,149798932.0,6319535928.0
YATAS,2025,6,-120816227.0,9416286273.0,12382415350.0,0.0,149798932.0,5935935508.0
YATAS,2025,3,-50372738.0,8658660511.0,5974887807.0,0.0,149798932.0,5052748756.0
ZOREN,2025,12,-17319901809.0,67770855085.0,42625523685.0,0.0,5000000000.0,66742923726.0
ZOREN,2025,9,-4502874000.0,70696852000.0,23903475000.0,0.0,5000000000.0,57002559000.0
ZOREN,2025,6,-11037684000.0,62834439000.0,17295524000.0,0.0,5000000000.0,54045085000.0
ZOREN,2025,3,-4354613000.0,62716358000.0,8013722000.0,0.0,5000000000.0,52769561000.0
ZOREN,2024,12,-3095027649.0,76765160985.0,38819518066.0,0.0,5000000000.0,59855853817.0
ZOREN,2024,9,2287247000.0,59750117000.0,26974022000.0,0.0,5000000000.0,40398067000.0
ZOREN,2024,6,3374666000.0,53973505000.0,14693493000.0,0.0,5000000000.0,39324088000.0
ZOREN,2024,3,4854990000.0,48931935000.0,7205684000.0,0.0,5000000000.0,40035386000.0
YKBNK,2026,6,31010000000.0,286488000000.0,,29459000000.0,8447000000.0,
YKBNK,2026,3,20294752000.0,271123220000.0,,21596934000.0,8447051000.0,
YKBNK,2025,12,47090151000.0,255605021000.0,,44707488000.0,8447051000.0,
YKBNK,2025,9,37809867000.0,241282997000.0,,32170703000.0,8447051000.0,
YKBNK,2025,6,22748000000.0,221692309000.0,,18503000000.0,8447051000.0,
YKBNK,2025,3,11418148000.0,205672126000.0,,10028486000.0,8447051000.0,
YKBNK,2024,12,29016823000.0,192804048000.0,,17962230000.0,8447051000.0,
YKBNK,2024,9,22405414000.0,190967149000.0,,13261188000.0,8447051000.0,
YKBNK,2024,6,17404573000.0,183093005000.0,,12541658000.0,8447051000.0,
YKBNK,2024,3,10301888000.0,180582970000.0,,8321618000.0,8447051000.0,
ZRGYO,2025,12,8897419623.0,93415221043.0,4081903496.0,0.0,4693620000.0,9808278596.0
ZRGYO,2025,9,2659509302.0,71413405136.0,1816384463.0,0.0,4693620000.0,7153520510.0
ZRGYO,2025,6,2785790925.0,66083027273.0,1496974849.0,0.0,4693620000.0,5782447562.0
ZRGYO,2025,3,156595806.0,60720390164.0,703888910.0,0.0,4693620000.0,5208020693.0
ZRGYO,2024,12,4001953796.0,72095474585.0,4539192191.0,0.0,4693620000.0,6652893276.0
ZRGYO,2024,9,677060903.0,49521447944.0,1597578325.0,0.0,4693620000.0,4940541804.0
ZRGYO,2024,6,435684472.0,45324826803.0,800421887.0,0.0,4693620000.0,4479358203.0
ZRGYO,2024,3,100178464.0,41823674138.0,305473288.0,0.0,4693620000.0,4046571161.0
