ticker,sector,close_adj,med_value_traded,vol_ann_pct,beta,composite,composite_pct,exp_real_12m,exp_nominal_12m,hurdle_12m,exp_over_hurdle,p_beat_cpi,p_beat_all,regime_label,model_version,fund_break,f_mom_12_1,f_high_52w,f_trend_consistency,f_low_vol,f_low_beta,f_dd_resilience,f_liquidity,f_roe,f_earnings_yield,f_book_yield,f_sales_yield,f_op_margin,f_low_leverage,f_div_yield,f_real_growth,z_mom_12_1,z_high_52w,z_trend_consistency,z_low_vol,z_low_beta,z_dd_resilience,z_liquidity,z_roe,z_earnings_yield,z_book_yield,z_sales_yield,z_op_margin,z_low_leverage,z_div_yield,z_real_growth,tarih,selected,fwd_1m,fwd_3m,fwd_ret,real_ret,xu_excess,cpi_12m_pct,hurdle_ret,b_usd,b_gold,b_deposit,beat_all,confidence,max_1m
A1CAP,Finance,4.46,61801590.1221,57.43296,0.87698,0.24344,73.47932,22.93747,59.4376,107.82,-48.3824,0.5041,0.1375,NEUTRAL,prior-research-2026-09-29+NEUTRAL,False,-34.19649,0.24709,0.41667,-57.43296,-0.87698,-76.6205,17.93944,17.71183,43.30097,312.36467,567.59916,36.46485,-0.35848,0.0,-44.7742,-1.20216,-1.54381,-0.45115,-0.67929,-0.2483,-1.64716,0.00211,0.49429,1.3479,0.86909,1.93315,0.49659,-0.21324,-1.02203,-1.38279,2026-09-28,False,,,,,,,,,,,,,
A1YEN,Utilities,1.63,41283382.97444,54.49632,0.73881,0.18818,66.42336,22.25747,58.55571,107.82,-49.26429,0.4967,0.1457,NEUTRAL,prior-research-2026-09-29+NEUTRAL,False,6.55737,0.41058,0.41667,-54.49632,-0.73881,-59.69773,17.53597,3.57573,11.72082,375.93354,48.68628,31.71116,-0.13419,0.0,-16.64602,-0.1396,-0.81175,-0.56748,-0.16267,0.0354,-0.76057,-0.69466,0.07048,1.01477,0.98534,-0.19498,1.38694,0.33256,-0.73959,-0.25955,2026-09-28,False,,,,,,,,,,,,,
ACSEL,Process Industries,86.9,17073407.59243,53.73866,0.65721,0.02131,48.17518,22.89747,59.38572,107.82,-48.43428,0.4905,0.1601,NEUTRAL,prior-research-2026-09-29+NEUTRAL,True,12.6523,0.49319,0.41667,-53.73866,-0.65721,-50.68104,16.65303,-1.7472,-1.1103,74.2739,91.43679,6.00133,-0.21639,0.0,8.06507,0.31837,-0.27484,-0.06246,-0.11527,0.83221,-0.29516,-1.31049,-0.16152,-0.17728,-0.20496,0.10501,0.27661,0.20567,-0.58521,0.19926,2026-09-28,False,,,,,,,,,,,,,
ADEL,Consumer Durables,24.78,59450627.95994,58.39158,0.75605,-0.38256,14.84185,22.89747,59.38572,107.82,-48.43428,0.4905,0.1601,NEUTRAL,prior-research-2026-09-29+NEUTRAL,True,16.12057,0.43398,0.41667,-58.39158,-0.75605,-56.60245,17.90066,-27.37997,-5.82583,22.02829,44.61661,0.78032,-2.0934,2.3297,-4.2857,0.54166,-0.5189,0.18223,-0.61579,0.51781,-0.48544,-0.34187,-0.60642,0.20458,-1.39113,-1.37403,0.09781,-0.41048,0.91692,0.03955,2026-09-28,False,,,,,,,,,,,,,
ADESE,Finance,0.64,96931302.49014,44.16086,0.96247,-0.46086,10.94891,22.89747,59.38572,107.82,-48.43428,0.4905,0.1601,NEUTRAL,prior-research-2026-09-29+NEUTRAL,True,-72.11538,0.15094,0.25,-44.16086,-0.96247,-84.90566,18.38951,-2.12689,-8.62485,457.7125,54.91084,11.2148,-0.01045,0.0,151.73901,-2.14567,-2.11071,-1.76232,0.13981,-0.71769,-2.14676,0.34508,-0.82442,-1.49484,1.41304,-0.10391,-0.56709,1.31933,-1.02203,1.66435,2026-09-28,False,,,,,,,,,,,,,
ADGYO,Finance,48.6,44893281.3895,52.16177,1.05135,0.04385,51.09489,22.25747,58.55571,107.82,-49.26429,0.4967,0.1457,NEUTRAL,prior-research-2026-09-29+NEUTRAL,True,24.53723,0.68451,0.41667,-52.16177,-1.05135,-33.01408,17.6198,-7.92891,-3.77458,69.27875,3.29698,73.72033,-0.00226,0.0,-57.32123,0.42122,0.42981,-0.45115,-0.33451,-1.10889,0.5361,-0.36465,-1.2561,-1.18369,-0.88839,-1.87227,1.0038,1.43202,-1.02203,-1.60884,2026-09-28,False,,,,,,,,,,,,,
AEFES,Consumer Non-Durables,18.06,800467938.30851,38.17572,0.97733,0.22328,70.3163,22.93747,59.4376,107.82,-48.3824,0.5041,0.1375,NEUTRAL,prior-research-2026-09-29+NEUTRAL,False,37.40611,0.81205,0.66667,-38.17572,-0.97733,-26.16438,20.50071,8.89029,9.12239,116.96566,256.23313,12.00302,-0.84509,1.64535,-8.49303,0.82902,1.31552,1.49414,0.80146,-1.06009,1.30518,1.60692,0.49567,0.65614,-0.08179,0.5275,0.37479,-0.76066,0.80839,-0.3253,2026-09-28,False,,,,,,,,,,,,,
AFYON,Non-Energy Minerals,10.82,15756450.64566,26.34932,0.58418,0.48326,92.70073,33.95347,73.72425,107.82,-34.09575,0.618,0.184,NEUTRAL,prior-research-2026-09-29+NEUTRAL,False,9.74721,0.65907,0.33333,-26.34932,-0.58418,-34.09346,16.57276,0.56397,0.95221,184.07327,104.08585,15.55647,-0.02428,13.86322,5.34548,-0.05225,0.4312,-1.06562,2.18539,1.33496,0.70589,-1.88232,0.12936,0.1726,0.66634,0.11686,0.80584,0.95335,2.88521,0.29067,2026-09-28,False,,,,,,,,,,,,,
AGESA,Finance,231.89999,45420987.95963,28.17827,0.67685,0.06371,52.31144,22.25747,58.55571,107.82,-49.26429,0.4967,0.1457,NEUTRAL,prior-research-2026-09-29+NEUTRAL,False,47.34192,0.87675,0.5,-28.17827,-0.67685,-17.32283,17.63148,70.45026,16.64354,30.97814,122.17017,18.96309,-0.02503,2.99459,21.17637,0.78127,1.47889,0.12774,1.71625,0.79338,2.11852,-0.35132,2.0455,0.53343,-1.69985,0.58245,-0.15133,1.02687,0.92987,0.80535,2026-09-28,False,,,,,,,,,,,,,
AGHOL,Consumer Non-Durables,32.94,149255850.96325,38.51976,0.89188,0.44923,90.26764,33.95347,73.72425,107.82,-34.09575,0.618,0.184,NEUTRAL,prior-research-2026-09-29+NEUTRAL,False,21.8601,0.89511,0.66667,-38.51976,-0.89188,-25.6481,18.82117,3.94764,5.55273,166.69088,976.84701,2.78232,-1.34033,2.11917,-0.4534,0.60586,1.8957,1.49414,0.77532,-0.65118,1.35398,0.7864,0.0275,0.24452,0.31419,1.77921,-0.397,-1.18181,0.97548,-0.01337,2026-09-28,False,,,,,,,,,,,,,
AGROT,Technology Services,1.35,59969358.08202,54.92552,0.93114,0.10854,57.42092,22.25747,58.55571,107.82,-49.26429,0.4967,0.1457,NEUTRAL,prior-research-2026-09-29+NEUTRAL,True,-43.85965,0.32967,0.33333,-54.92552,-0.93114,-67.03296,17.90934,-6.57225,-16.09322,272.96336,57.69735,-14.79813,-0.0395,0.0,-42.16333,-1.41954,-1.03974,-0.8525,0.12408,-0.24971,-1.04782,-0.11957,-0.90262,-1.10082,1.55486,0.23927,-1.54228,0.33178,-0.33384,-1.25724,2026-09-28,False,,,,,,,,,,,,,
AHGAZ,Utilities,41.48,210453807.57762,43.99686,0.39263,-0.17881,28.95377,22.89747,59.38572,107.82,-48.43428,0.4905,0.1601,NEUTRAL,prior-research-2026-09-29+NEUTRAL,False,38.11985,0.93719,0.58333,-43.99686,-0.39263,-26.6621,19.16478,10.55876,4.97438,56.23133,65.1822,19.35767,-0.1372,0.13908,34.40464,0.43745,1.79639,0.60525,0.48436,1.55413,1.03578,0.52544,0.61087,0.30961,-1.15695,0.02279,0.94929,0.29747,0.37414,1.51134,2026-09-28,False,,,,,,,,,,,,,
AHSGY,Finance,9.59,34483886.04112,72.82626,0.89107,-0.44828,12.16545,22.89747,59.38572,107.82,-48.43428,0.4905,0.1601,NEUTRAL,prior-research-2026-09-29+NEUTRAL,False,68.50569,0.36999,0.5,-72.82626,-0.89107,-63.00057,17.356,37.19825,43.45988,171.71794,8.75651,383.14812,-1e-05,0.79489,213.30418,0.96784,-1.01931,0.12774,-1.67338,-0.36272,-1.01171,-0.72502,1.23413,1.38763,0.17498,-1.36116,2.54237,1.65233,0.30307,1.91011,2026-09-28,False,,,,,,,,,,,,,
AKBNK,Finance,70.1,10352582520.06745,44.85583,1.39469,0.17613,65.20681,22.25747,58.55571,107.82,-49.26429,0.4967,0.1457,NEUTRAL,prior-research-2026-09-29+NEUTRAL,False,29.24907,0.77834,0.58333,-44.85583,-1.39469,-31.60376,23.0605,22.87053,18.31055,88.64744,236.34321,30.34435,-3.14696,3.14094,-12.96313,0.47759,0.82823,0.72159,0.11291,-2.36702,0.60126,2.57829,0.69193,0.63926,-0.58583,1.14463,0.27483,-1.83608,0.97075,-0.53332,2026-09-28,False,,,,,,,,,,,,,
AKCNS,Non-Energy Minerals,197.5,80605700.47633,47.55428,0.4281,-0.18407,28.46715,22.89747,59.38572,107.82,-48.43428,0.4905,0.1601,NEUTRAL,prior-research-2026-09-29+NEUTRAL,False,77.61354,0.79158,0.66667,-47.55428,-0.4281,-23.8477,18.20508,2.27568,1.5283,77.74784,72.15873,3.58169,-0.14175,0.95211,42.18659,0.86834,1.02771,1.3734,0.14829,2.02112,1.42389,0.00938,0.24982,0.24061,-0.29368,-0.21854,-0.02325,0.2165,0.65607,1.34871,2026-09-28,False,,,,,,,,,,,,,
AKENR,Utilities,8.31,67934180.90875,55.48257,0.8003,0.40854,87.34793,22.28247,58.58813,107.82,-49.23187,0.5162,0.1572,NEUTRAL,prior-research-2026-09-29+NEUTRAL,True,3.54407,0.54779,0.41667,-55.48257,-0.8003,-45.22083,18.03405,-26.54323,-68.50338,268.51441,318.69226,-7.91807,-1.63512,0.0,-50.37753,-0.20892,-0.25078,-0.56748,-0.24092,-0.32949,-0.12428,-0.16945,-1.42912,-1.96107,0.64429,1.43958,-0.96815,-1.53456,-0.73959,-1.05342,2026-09-28,False,,,,,,,,,,,,,
AKFGY,Finance,2.39,41009395.32785,33.94094,0.75552,0.46072,91.24088,33.95347,73.72425,107.82,-34.09575,0.618,0.184,NEUTRAL,prior-research-2026-09-29+NEUTRAL,False,0.7752,0.76975,0.33333,-33.94094,-0.75552,-23.02545,17.52931,4.95852,17.61972,396.43785,19.96908,85.09165,-0.16902,0.0,6.98429,-0.14146,0.78066,-1.07146,1.16789,0.36845,1.3051,-0.47359,-0.31318,0.61165,1.101,-0.938,1.1602,0.22531,-1.02203,0.26787,2026-09-28,False,,,,,,,,,,,,,
AKFIS,Industrial Services,15.6,270656858.3596,67.17106,0.57878,-0.16143,30.65693,22.89747,59.38572,107.82,-48.43428,0.4905,0.1601,NEUTRAL,prior-research-2026-09-29+NEUTRAL,False,402.6954,0.80288,0.75,-67.17106,-0.57878,-31.75502,19.41636,4.59804,2.50089,63.82783,18.96703,6.25257,-0.54921,0.0,,1.84574,0.57666,1.59802,-0.76968,1.07767,0.40085,0.34224,0.29936,0.25124,-0.07666,-0.60827,0.03758,-0.81875,-0.49144,0.0,2026-09-28,False,,,,,,,,,,,,,
AKFYE,Utilities,3.33,200176261.61365,56.38563,0.73291,0.1703,64.9635,22.25747,58.55571,107.82,-49.26429,0.4967,0.1457,NEUTRAL,prior-research-2026-09-29+NEUTRAL,False,40.52447,0.70751,0.33333,-56.38563,-0.73291,-29.24928,19.11471,4.46643,10.53606,297.82232,25.8244,16.26949,-0.18203,0.0,-8.45052,0.48445,0.51736,-1.1878,-0.2874,0.1031,0.82019,0.49217,0.13686,0.92139,0.77336,-0.70102,0.76271,0.18757,-0.73959,0.07602,2026-09-28,False,,,,,,,,,,,,,
AKGRT,Finance,5.18,53476604.18522,28.02081,0.75569,-0.0159,45.01217,22.89747,59.38572,107.82,-48.43428,0.4905,0.1601,NEUTRAL,prior-research-2026-09-29+NEUTRAL,False,5.0,0.60443,0.33333,-28.02081,-0.75569,-39.55659,17.79475,30.7936,27.47809,103.23295,197.76275,12.04833,-0.02703,0.0,20.41462,0.02238,-0.00026,-1.07146,1.75678,0.35545,0.0772,-0.18202,1.04488,0.88115,-0.38244,1.00991,-0.48578,0.99442,-1.02203,0.76186,2026-09-28,False,,,,,,,,,,,,,
AKSA,Process Industries,10.43,220293734.41986,40.86788,0.77799,0.21459,69.09976,22.25747,58.55571,107.82,-49.26429,0.4967,0.1457,NEUTRAL,prior-research-2026-09-29+NEUTRAL,False,-1.23668,0.80231,0.5,-40.86788,-0.77799,-21.69354,19.21047,18.29116,14.29097,91.11101,96.29505,6.62309,-0.75777,5.56088,10.79546,-0.10675,1.13287,0.51643,0.73981,0.15077,1.61121,1.17645,1.15282,1.19751,0.06546,0.15182,0.34041,-0.76433,1.84297,0.35011,2026-09-28,False,,,,,,,,,,,,,
AKSEN,Utilities,71.6,656530731.12286,51.10782,0.94052,-0.0365,44.03893,22.89747,59.38572,107.82,-48.43428,0.4905,0.1601,NEUTRAL,prior-research-2026-09-29+NEUTRAL,False,125.51407,0.61724,0.66667,-51.10782,-0.94052,-43.40517,20.30248,5.67192,3.79471,75.89864,45.66844,24.05951,-0.92409,0.0,-25.12708,1.34526,0.04706,1.25123,0.04055,-1.04612,-0.03599,1.08022,0.31825,0.16665,-0.7989,-0.26136,1.14969,-1.06204,-0.73959,-0.5429,2026-09-28,False,,,,,,,,,,,,,
AKSGY,Finance,9.35,37195597.66043,24.43613,0.62461,0.41251,88.07786,22.28247,58.58813,107.82,-49.23187,0.5162,0.1572,NEUTRAL,prior-research-2026-09-29+NEUTRAL,False,38.42845,0.90601,0.66667,-24.43613,-0.62461,-12.51396,17.4317,7.45811,13.9561,217.32138,20.5688,67.67082,-0.03921,4.87152,6.29803,0.63387,1.73782,1.36756,2.20526,1.06642,2.60222,-0.61733,-0.10078,0.38253,0.39356,-0.9015,0.90046,0.8637,1.28826,0.2216,2026-09-28,False,,,,,,,,,,,,,
AKSUE,Utilities,16.29,81571492.66715,70.9982,0.70261,-0.763,2.91971,22.89747,59.38572,107.82,-48.43428,0.4905,0.1601,NEUTRAL,prior-research-2026-09-29+NEUTRAL,True,110.23622,0.33755,0.58333,-70.9982,-0.70261,-66.24533,18.21699,-9.44025,-7.7334,99.09084,6.52777,-36.28785,-0.00436,0.0,-20.50313,1.20161,-1.17492,0.60525,-1.19479,0.23752,-1.08275,-0.08009,-0.80032,-0.65935,-0.47195,-1.61461,-1.74346,1.35514,-0.73959,-0.42389,2026-09-28,False,,,,,,,,,,,,,
ALARK,Finance,104.0,383508647.091,37.2253,0.8506,-0.24847,23.35766,22.89747,59.38572,107.82,-48.43428,0.4905,0.1601,NEUTRAL,prior-research-2026-09-29+NEUTRAL,False,41.64523,0.88586,0.66667,-37.2253,-0.8506,-24.91365,19.76487,8.48919,15.54232,216.15777,23.95977,-27.68586,-0.43579,3.0625,21.12555,0.68941,1.56993,1.36756,0.70446,-0.13147,1.12,1.06469,-0.02217,0.50872,0.35919,-0.77785,-2.6709,-0.37553,0.94335,0.79653,2026-09-28,False,,,,,,,,,,,,,
ALBRK,Finance,8.28,105465963.64452,36.77234,1.13747,0.63768,98.78345,39.69947,81.17624,107.82,-26.64376,0.596,0.1848,NEUTRAL,prior-research-2026-09-29+NEUTRAL,False,18.29861,0.82941,0.33333,-36.77234,-1.13747,-23.54085,18.4739,34.39708,44.96901,157.56671,474.29823,22.60559,-4.74527,3.16186,18.21476,0.3257,1.14544,-1.07146,0.74386,-1.43742,1.23832,0.41331,1.12275,1.52715,0.09304,1.80801,0.06019,-2.1367,0.98468,0.66283,2026-09-28,False,,,,,,,,,,,,,
ALCAR,Producer Manufacturing,623.5,35045032.0,45.09085,0.77282,0.25733,75.18248,22.93747,59.4376,107.82,-48.3824,0.5041,0.1375,NEUTRAL,prior-research-2026-09-29+NEUTRAL,True,-24.68868,0.63461,0.33333,-45.09085,-0.77282,-36.53944,17.37214,-28.86136,-8.68658,31.05521,113.12107,-5.50585,-0.90974,10.13913,-18.39441,-0.66571,0.66535,-0.64306,0.53816,0.25056,0.77829,-0.51975,-1.48468,-0.46569,-0.94706,0.14045,-0.82577,-0.80732,2.66837,-0.82025,2026-09-28,False,,,,,,,,,,,,,
ALCTL,Electronic Technology,88.0,57190308.0,54.79462,0.84513,0.2009,68.12652,22.25747,58.55571,107.82,-49.26429,0.4967,0.1457,NEUTRAL,prior-research-2026-09-29+NEUTRAL,True,1.51515,0.48378,0.5,-54.79462,-0.84513,-51.62177,17.8619,-2.35103,-2.17742,99.40325,145.29208,3.94018,-0.04368,0.0,-32.13186,-0.392,-0.22488,0.04056,0.2555,0.17454,-0.24284,-0.70784,-0.54458,-0.54884,0.6266,0.62007,-0.65059,1.06406,-0.1906,-1.45503,2026-09-28,False,,,,,,,,,,,,,
ALFAS,Utilities,29.66,72203083.04007,56.7258,1.01061,0.06065,52.06813,22.25747,58.55571,107.82,-49.26429,0.4967,0.1457,NEUTRAL,prior-research-2026-09-29+NEUTRAL,False,-4.83576,0.46856,0.33333,-56.7258,-1.01061,-53.14376,18.09499,5.25385,2.81405,64.94267,70.05827,6.92588,-0.47383,0.54971,-26.47968,-0.46285,-0.53757,-1.1878,-0.32105,-1.29953,-0.45966,-0.14401,0.25723,0.09916,-0.97774,0.06362,0.15762,-0.44869,0.46906,-0.59217,2026-09-28,False,,,,,,,,,,,,,
ALGYO,Finance,3.09,95571379.92768,62.04547,0.71447,-0.12342,33.57664,22.89747,59.38572,107.82,-48.43428,0.4905,0.1601,NEUTRAL,prior-research-2026-09-29+NEUTRAL,True,34.65774,0.37637,0.66667,-62.04547,-0.71447,-62.85018,18.37538,-12.98357,-32.1602,287.02351,10.75316,51.99659,-0.28709,1.61812,-87.54212,0.55774,-0.99229,1.36756,-0.94955,0.61286,-1.00296,0.32493,-1.45382,-2.34235,0.77926,-1.22842,0.6739,-0.06772,0.55585,-1.96569,2026-09-28,False,,,,,,,,,,,,,
ALKA,Process Industries,6.07,20836511.91208,39.72923,0.80173,0.09737,55.71776,22.25747,58.55571,107.82,-49.26429,0.4967,0.1457,NEUTRAL,prior-research-2026-09-29+NEUTRAL,True,-31.8328,0.41604,0.33333,-39.72923,-0.80173,-58.39616,16.85222,-5.32489,-2.59941,54.66661,68.67782,2.75115,-0.21905,0.0,-16.66094,-1.0136,-0.61171,-0.68277,0.83566,0.02526,-0.60538,-0.98825,-0.46253,-0.32731,-0.54604,-0.11658,-0.03687,0.19233,-0.58521,-0.73536,2026-09-28,False,,,,,,,,,,,,,
ALKIM,Process Industries,12.36,24331224.16398,35.15059,0.80333,0.30405,79.80535,22.93747,59.4376,107.82,-48.3824,0.5041,0.1375,NEUTRAL,prior-research-2026-09-29+NEUTRAL,True,-24.66411,0.58745,0.41667,-35.15059,-0.80333,-41.25476,17.00727,-10.10017,-12.1716,134.40439,146.39675,-0.17218,-0.10887,0.0,-10.43004,-0.80825,0.10804,-0.06246,1.33395,0.01899,0.1501,-0.7488,-0.71842,-0.8455,0.50801,0.59124,-0.28354,0.51802,-0.58521,-0.48701,2026-09-28,False,,,,,,,,,,,,,
ALTNY,Electronic Technology,12.3,327776842.09499,53.80665,0.8659,-0.09946,35.76642,22.89747,59.38572,107.82,-48.43428,0.4905,0.1601,NEUTRAL,prior-research-2026-09-29+NEUTRAL,False,9.98251,0.63142,0.5,-53.80665,-0.8659,-36.85831,19.60784,0.61391,0.23482,45.92109,25.94384,10.60935,-0.48269,0.0,20.75001,-0.15175,0.37684,0.04056,0.31989,0.07152,0.49223,0.33859,-0.3658,-0.34484,-0.31273,-0.79684,-0.12963,-0.19395,-0.1906,0.42733,2026-09-28,False,,,,,,,,,,,,,
ANGEN,Health Technology,6.74,18335596.27065,55.20251,0.85281,0.13169,61.55718,22.25747,58.55571,107.82,-49.26429,0.4967,0.1457,NEUTRAL,prior-research-2026-09-29+NEUTRAL,True,-26.92913,0.4585,0.33333,-55.20251,-0.85281,-54.14966,16.72435,-17.29018,-20.09264,120.16603,54.61645,-10.27015,-0.31919,0.0,6.97445,-0.78037,-0.19131,-0.56672,-0.1895,-0.47876,-0.082,-1.4325,-1.07131,-1.0022,-0.09606,-0.11471,-0.83453,-0.32387,-0.46794,0.15573,2026-09-28,False,,,,,,,,,,,,,
ANHYT,Finance,98.5,90174032.57856,34.59665,0.74119,-0.05582,41.60584,22.89747,59.38572,107.82,-48.43428,0.4905,0.1601,NEUTRAL,prior-research-2026-09-29+NEUTRAL,False,29.4967,0.80408,0.33333,-34.59665,-0.74119,-20.0,18.31725,59.12137,16.76292,33.30951,85.77625,24.87596,-0.02356,8.26349,25.71276,0.48474,1.00797,-1.07146,1.12062,0.44747,1.69818,0.2784,1.79375,0.55879,-1.6212,0.24331,0.12081,1.04907,1.86506,0.92624,2026-09-28,False,,,,,,,,,,,,,
ANSGR,Finance,24.2,103195700.8546,27.02413,0.71267,-0.00134,46.22871,22.89747,59.38572,107.82,-48.43428,0.4905,0.1601,NEUTRAL,prior-research-2026-09-29+NEUTRAL,False,42.52356,0.78065,0.5,-27.02413,-0.71267,-21.93548,18.45214,46.75573,32.24697,83.35908,190.42457,16.73684,-0.00413,5.68182,19.11764,0.73041,0.8678,0.12774,1.84867,0.64169,1.4395,0.39265,1.46573,1.05001,-0.6592,0.97599,-0.25206,1.39816,1.42731,0.69508,2026-09-28,False,,,,,,,,,,,,,
ARASE,Utilities,98.55,31685194.84952,48.02998,0.71444,0.35047,83.45499,22.28247,58.58813,107.82,-49.23187,0.5162,0.1572,NEUTRAL,prior-research-2026-09-29+NEUTRAL,False,134.49972,0.76573,0.66667,-48.02998,-0.71444,-24.86403,17.27136,13.09125,11.12989,100.9586,151.38569,26.03391,-0.09521,2.02943,-18.86025,1.4532,0.73378,1.25123,0.22324,0.20128,1.21215,-1.10197,0.7853,0.94873,-0.4458,0.77287,1.19139,0.49282,1.01348,-0.36418,2026-09-28,False,,,,,,,,,,,,,
ARCLK,Consumer Durables,86.8,126214800.55944,26.52627,0.93364,0.55247,95.37713,39.69947,81.17624,107.82,-26.64376,0.596,0.1848,NEUTRAL,prior-research-2026-09-29+NEUTRAL,True,-20.538,0.64154,0.25,-26.52627,-0.93364,-36.58537,18.6535,-3.20926,-4.01413,133.70424,921.86751,1.72838,-3.31783,0.0,-14.73163,-0.48144,0.3839,-1.12894,2.0136,-0.3986,0.46825,0.19647,0.45747,0.31429,0.51911,1.2531,0.15477,-0.66861,-0.88324,-0.43107,2026-09-28,False,,,,,,,,,,,,,
ARDYZ,Technology Services,64.35,340948462.65536,68.03215,1.08178,-0.33582,18.24818,22.89747,59.38572,107.82,-48.43428,0.4905,0.1601,NEUTRAL,prior-research-2026-09-29+NEUTRAL,False,256.44814,0.67031,0.75,-68.03215,-1.08178,-37.1875,19.64724,24.26834,6.04226,34.81786,35.70934,33.43116,-0.29479,0.05042,175.07322,2.14566,0.50751,2.33195,-0.70018,-0.9706,0.38037,0.89684,1.04367,0.38313,-0.72665,-0.20754,1.25395,-0.60711,0.73765,1.76565,2026-09-28,False,,,,,,,,,,,,,
ARMGD,Consumer Non-Durables,151.89999,216082898.81347,71.39117,0.64681,-0.6666,4.13625,22.89747,59.38572,107.82,-48.43428,0.4905,0.1601,NEUTRAL,prior-research-2026-09-29+NEUTRAL,False,484.79531,0.70162,0.66667,-71.39117,-0.64681,-43.87991,19.19117,33.83604,5.91144,23.15888,39.04468,13.00409,-1.02443,0.0,84.90208,2.95404,0.75982,1.49414,-1.35964,0.65408,0.14167,0.9928,1.55669,0.27248,-1.78564,-1.09266,0.41974,-0.97239,-0.80094,1.47475,2026-09-28,False,,,,,,,,,,,,,
ARSAN,Process Industries,3.46,66593037.67321,51.14883,0.88099,-0.44382,12.65207,22.89747,59.38572,107.82,-48.43428,0.4905,0.1601,NEUTRAL,prior-research-2026-09-29+NEUTRAL,False,54.9091,0.71636,0.58333,-51.14883,-0.88099,-35.81781,18.01411,3.41929,6.34371,240.66588,6.55294,-14.78173,-0.01331,0.0,205.94054,0.97834,0.70215,1.11028,0.03028,-0.33963,0.4839,0.4071,0.15505,0.50209,1.13591,-1.75166,-1.08267,1.31513,-0.58521,1.74937,2026-09-28,False,,,,,,,,,,,,,
ARTMS,Retail Trade,36.4,38894345.28219,52.36663,0.67913,-0.05392,42.09246,22.89747,59.38572,107.82,-48.43428,0.4905,0.1601,NEUTRAL,prior-research-2026-09-29+NEUTRAL,False,-1.87952,0.64539,0.5,-52.36663,-0.67913,-43.26241,17.47636,4.33332,3.94255,104.17901,16.22945,-4.46351,-0.21204,0.0,-95.83283,-0.59199,-0.32073,-0.12231,-0.58746,0.47621,-0.72233,-0.82526,0.24623,0.3126,0.22052,-2.45389,-0.40738,0.33778,-1.10105,-2.08217,2026-09-28,False,,,,,,,,,,,,,
ASELS,Electronic Technology,367.25,12723221272.375,48.55177,1.16045,-0.16946,29.6837,22.89747,59.38572,107.82,-48.43428,0.4905,0.1601,NEUTRAL,prior-research-2026-09-29+NEUTRAL,False,87.97155,0.8462,0.41667,-48.55177,-1.16045,-22.52304,23.26669,15.60281,2.21627,19.71237,12.46775,23.1344,-0.23894,0.06389,24.73247,0.92024,1.52913,-0.53833,0.62284,-1.19549,1.59481,2.15816,0.64615,-0.20875,-1.04677,-1.28233,0.56848,0.31637,0.8893,0.54457,2026-09-28,False,,,,,,,,,,,,,
ASGYO,Finance,9.9,33767142.18366,34.47444,0.62172,-0.34115,17.51825,22.89747,59.38572,107.82,-48.43428,0.4905,0.1601,NEUTRAL,prior-research-2026-09-29+NEUTRAL,False,-1.02508,0.7483,0.5,-34.47444,-0.62172,-25.85033,17.335,25.40273,88.80888,440.23453,4.17485,-37.45274,-1e-05,1.70019,203.16517,-0.19219,0.69087,0.12774,1.13606,1.08642,1.00443,-0.77352,0.89452,2.60246,1.28439,-1.82645,-2.88088,1.6292,0.6086,1.80516,2026-09-28,False,,,,,,,,,,,,,
ASTOR,Producer Manufacturing,235.2,8812557904.0,69.5559,1.50709,-0.50453,9.97567,22.89747,59.38572,107.82,-48.43428,0.4905,0.1601,NEUTRAL,prior-research-2026-09-29+NEUTRAL,False,279.41335,0.64704,0.75,-69.5559,-1.50709,-35.29574,22.89944,29.08552,4.33404,20.72933,16.71648,29.76055,-0.13567,0.64289,11.87617,2.42685,0.78559,2.5414,-0.95031,-3.0,0.91408,2.52881,1.60706,0.52122,-1.33942,-1.36065,1.26619,0.54307,0.77265,0.37184,2026-09-28,False,,,,,,,,,,,,,
ATATP,Technology Services,230.0,284833929.66484,67.65039,0.51287,-0.24389,24.3309,22.89747,59.38572,107.82,-48.43428,0.4905,0.1601,NEUTRAL,prior-research-2026-09-29+NEUTRAL,False,132.97609,0.68657,0.5,-67.65039,-0.51287,-31.34328,19.46742,46.0081,37.91085,30.65059,45.73359,22.45992,-0.01101,0.43478,-0.77874,1.61684,0.6085,0.3467,-0.6784,1.7826,0.79929,0.80946,1.6673,1.94557,-0.85604,0.03834,0.85058,0.79141,0.85733,0.02516,2026-09-28,False,,,,,,,,,,,,,
AVGYO,Finance,15.23,22577857.55014,67.30756,0.60128,-0.32565,18.49148,22.89747,59.38572,107.82,-48.43428,0.4905,0.1601,NEUTRAL,prior-research-2026-09-29+NEUTRAL,False,-16.25208,0.79035,0.5,-67.30756,-0.60128,-51.21952,16.93248,10.48137,12.66132,143.6355,43.75043,72.70968,-0.0,0.0,327.10864,-0.62411,0.89847,0.12774,-1.29026,1.14884,-0.47151,-1.29192,0.059,0.29909,-0.04202,-0.31696,0.97649,2.02761,-1.02203,2.04098,2026-09-28,False,,,,,,,,,,,,,
AVHOL,Health Services,25.92,57205274.37231,45.69642,0.66304,-0.06894,40.14599,22.89747,59.38572,107.82,-48.43428,0.4905,0.1601,NEUTRAL,prior-research-2026-09-29+NEUTRAL,True,-15.35963,0.51327,0.5,-45.69642,-0.66304,-48.67327,17.86216,-48.81176,-71.08072,128.6085,38.01354,-23.96724,-0.78524,0.0,-42.66949,-0.86078,-0.58959,0.37496,-0.17685,0.51081,-0.64565,0.05477,-1.66764,-1.78387,0.46193,-0.41987,-1.79254,-0.69813,-0.43174,-1.42124,2026-09-28,False,,,,,,,,,,,,,
AVOD,Consumer Non-Durables,3.06,20115307.58195,48.59085,0.48795,0.3012,79.07543,22.93747,59.4376,107.82,-48.3824,0.5041,0.1375,NEUTRAL,prior-research-2026-09-29+NEUTRAL,True,-16.94915,0.5331,0.33333,-48.59085,-0.48795,-46.68989,16.81699,-17.53657,-25.21925,156.90235,201.60231,-3.23532,-0.91068,0.0,-23.18144,-0.44296,-0.05661,-0.94488,0.05556,1.34086,0.04064,-1.17571,-1.19433,-1.4931,0.24786,0.322,-0.89553,-0.8567,-0.80094,-0.91842,2026-09-28,False,,,,,,,,,,,,,
AVPGY,Finance,51.05,29983596.26164,31.72657,0.66858,0.15558,63.74696,22.25747,58.55571,107.82,-49.26429,0.4967,0.1457,NEUTRAL,prior-research-2026-09-29+NEUTRAL,False,-0.79718,0.76909,0.41667,-31.72657,-0.66858,-24.59777,17.21616,4.45166,9.15326,234.27745,35.15864,19.15372,-0.0,9.79432,5.77232,-0.17948,0.77138,-0.45115,1.41905,0.84191,1.14798,-0.93958,-0.40658,0.02678,0.51167,-0.52048,-0.11649,2.02761,2.02809,0.18233,2026-09-28,False,,,,,,,,,,,,,
AYCES,Consumer Services,359.25,37606179.75,69.90281,0.50716,-0.59252,6.56934,22.89747,59.38572,107.82,-48.43428,0.4905,0.1601,NEUTRAL,prior-research-2026-09-29+NEUTRAL,True,11.22151,0.27529,0.5,-69.90281,-0.50716,-72.47126,17.44268,-2.60273,-1.4263,64.51953,4.20513,-43.71564,-0.02291,0.0,-19.44058,0.88353,-1.08839,0.65649,-1.16385,1.23401,-0.98004,-0.32557,0.05733,0.02172,-0.39211,-1.7199,-1.29908,0.64109,-0.42857,-0.91306,2026-09-28,False,,,,,,,,,,,,,
AYDEM,Utilities,24.16,54859225.83252,40.30965,0.67043,0.23183,72.50608,22.93747,59.4376,107.82,-48.3824,0.5041,0.1375,NEUTRAL,prior-research-2026-09-29+NEUTRAL,False,54.62754,0.755,0.5,-40.30965,-0.67043,-29.1875,17.82028,4.67446,11.2385,291.51147,81.56674,11.60381,-0.5157,0.0,33.72425,0.68992,0.69815,0.01141,0.79895,0.41496,0.82954,-0.38502,0.19683,0.95797,0.76088,0.19143,0.52363,-0.54886,-0.73959,1.47581,2026-09-28,False,,,,,,,,,,,,,
AYEN,Utilities,26.14,23361021.55566,53.87153,0.75606,0.45532,90.75426,33.95347,73.72425,107.82,-34.09575,0.618,0.184,NEUTRAL,prior-research-2026-09-29+NEUTRAL,False,20.61427,0.57781,0.5,-53.87153,-0.75606,-42.21928,16.96658,1.07482,2.62439,274.16445,96.20229,14.53769,-0.36557,2.98788,-34.53924,0.1785,-0.09281,0.01141,-0.13691,-0.08916,0.04,-1.45018,-0.096,0.07218,0.70086,0.31175,0.65986,-0.23047,1.19898,-0.79253,2026-09-28,False,,,,,,,,,,,,,
AYGAZ,Utilities,291.25,374625518.375,42.73978,0.44273,-0.05461,41.84915,22.89747,59.38572,107.82,-48.43428,0.4905,0.1601,NEUTRAL,prior-research-2026-09-29+NEUTRAL,False,85.54263,0.86424,0.66667,-42.73978,-0.44273,-28.24742,19.74144,11.73819,13.06121,130.66809,151.64659,2.28684,-0.03772,4.30901,-14.87676,1.02717,1.42753,1.25123,0.57427,1.3792,0.89723,0.79739,0.67237,1.0947,-0.16845,0.78041,-0.28673,0.88204,1.44877,-0.20595,2026-09-28,False,,,,,,,,,,,,,
BAGFS,Process Industries,21.72,17700264.72495,42.15296,0.766,0.44598,90.02433,33.95347,73.72425,107.82,-34.09575,0.618,0.184,NEUTRAL,prior-research-2026-09-29+NEUTRAL,False,-16.06578,0.52312,0.33333,-42.15296,-0.766,-47.68786,16.68909,2.86938,7.61114,306.06197,175.39344,2.21486,-0.72348,0.0,12.52732,-0.51856,-0.19019,-0.68277,0.62751,0.22683,-0.1855,-1.24549,0.11524,0.63482,1.44756,0.73852,-0.09043,-0.73009,-0.58521,0.4146,2026-09-28,False,,,,,,,,,,,,,
BAHKM,Process Industries,188.3,103237261.65741,66.44423,0.8225,-0.33738,17.76156,22.89747,59.38572,107.82,-48.43428,0.4905,0.1601,NEUTRAL,prior-research-2026-09-29+NEUTRAL,True,217.72908,0.98073,0.75,-66.44423,-0.8225,-28.46365,18.45254,-17.7412,-2.29565,14.77844,8.83297,12.06007,-0.048,0.0,-18.11403,2.03001,2.24944,2.50168,-0.85428,-0.04998,0.94933,0.77285,-1.06578,-0.32,-1.8269,-1.51237,0.7649,0.86225,-0.58521,-0.79107,2026-09-28,False,,,,,,,,,,,,,
BALSU,Consumer Non-Durables,6.66,670148825.44971,77.35034,0.7438,-0.29389,20.43796,22.89747,59.38572,107.82,-48.43428,0.4905,0.1601,NEUTRAL,prior-research-2026-09-29+NEUTRAL,False,-50.77332,0.29395,0.25,-77.35034,-0.7438,-72.37035,20.32301,,,78.90481,,,-2.37924,0.0,,-1.34261,-1.07414,-1.63574,-1.67167,0.1526,-1.05818,1.56027,0.0,0.0,-0.57812,0.0,0.0,-1.56369,-0.80094,0.0,2026-09-28,False,,,,,,,,,,,,,
BANVT,Process Industries,127.4,15243311.0,35.11174,0.63873,0.54825,95.13382,39.69947,81.17624,107.82,-26.64376,0.596,0.1848,NEUTRAL,prior-research-2026-09-29+NEUTRAL,True,-12.28364,0.68605,0.33333,-35.11174,-0.63873,-31.39472,16.53965,-27.16284,-25.56219,97.3422,262.73099,-8.44696,-0.35523,0.0,-24.90196,-0.40424,0.60356,-0.68277,1.34732,0.90198,0.77663,-1.43606,-1.35615,-1.3657,0.14418,1.12348,-0.80038,-0.11842,-0.58521,-1.00132,2026-09-28,False,,,,,,,,,,,,,
BASGZ,Utilities,39.9,12540545.11068,29.29103,0.61477,0.53199,94.6472,33.95347,73.72425,107.82,-34.09575,0.618,0.184,NEUTRAL,prior-research-2026-09-29+NEUTRAL,False,20.44967,0.7793,0.58333,-29.29103,-0.61477,-22.07031,16.34448,12.74162,13.83915,128.3531,196.6348,6.88732,-0.0476,5.01253,0.12995,0.17172,0.83766,0.60525,1.90976,0.67781,1.47663,-2.48793,0.75225,1.12612,-0.20207,0.98777,0.15055,0.77914,1.60841,0.4133,2026-09-28,False,,,,,,,,,,,,,
BERA,Producer Manufacturing,11.02,88855777.99799,41.72222,0.90133,0.38464,85.88808,22.28247,58.58813,107.82,-49.23187,0.5162,0.1572,NEUTRAL,prior-research-2026-09-29+NEUTRAL,True,-24.11111,0.52227,0.41667,-41.72222,-0.90133,-47.77251,18.30253,-1.2578,-5.34917,466.77495,287.23501,10.84703,-0.03947,0.0,-4.87464,-0.63017,0.14871,-0.02274,0.77574,-0.37501,0.1458,0.40625,-0.14989,-0.23808,2.27872,1.00498,0.42257,1.06825,-0.48018,-0.24265,2026-09-28,False,,,,,,,,,,,,,
BESLR,Consumer Non-Durables,11.04,29376971.7328,39.85984,1.00383,0.58,96.59367,39.69947,81.17624,107.82,-26.64376,0.596,0.1848,NEUTRAL,prior-research-2026-09-29+NEUTRAL,False,-4.01167,0.67897,0.5,-39.85984,-1.00383,-32.10332,17.19572,7.37633,16.97911,273.73712,500.90176,8.36956,-0.69917,0.0,6.39328,-0.03656,0.64125,0.25432,0.69984,-1.14306,0.8729,-0.74294,0.35907,1.20937,0.88937,1.16268,0.1001,-0.60351,-0.80094,0.21296,2026-09-28,False,,,,,,,,,,,,,
BEYAZ,Retail Trade,16.67,14680816.86478,50.18888,0.97131,0.30284,79.56204,22.93747,59.4376,107.82,-48.3824,0.5041,0.1375,NEUTRAL,prior-research-2026-09-29+NEUTRAL,True,-23.48986,0.47538,0.33333,-50.18888,-0.97131,-52.46249,16.50205,-7.77672,-5.78007,81.52725,1265.6493,1.54414,-0.35778,1.80528,-5.4015,-1.1983,-1.08224,-1.32152,-0.46792,-1.05263,-1.1319,-2.29456,-0.56401,-0.41745,-0.12315,1.19235,-0.04275,0.00036,0.59517,-0.08641,2026-09-28,False,,,,,,,,,,,,,
BFREN,Producer Manufacturing,107.9,17504277.29002,34.6173,0.761,-0.04696,43.06569,22.89747,59.38572,107.82,-48.43428,0.4905,0.1601,NEUTRAL,prior-research-2026-09-29+NEUTRAL,False,-22.66824,0.61237,0.33333,-34.6173,-0.761,-38.76277,16.67796,34.5354,1.61741,6.18896,23.36691,6.02624,-0.05083,0.0,-1.05146,-0.5619,0.54249,-0.64306,1.5441,0.33325,0.64325,-1.46601,1.76335,0.27105,-2.32594,-1.14446,0.07371,0.97701,-0.48018,-0.13983,2026-09-28,False,,,,,,,,,,,,,
BIENY,Non-Energy Minerals,15.3,34388514.46404,44.98866,0.93724,0.19127,67.15328,22.25747,58.55571,107.82,-49.26429,0.4967,0.1457,NEUTRAL,prior-research-2026-09-29+NEUTRAL,True,-43.83698,0.35286,0.41667,-44.98866,-0.93724,-64.71402,17.35323,-6.97292,-16.29642,262.20277,246.34538,8.92028,-0.50848,0.0,42.13136,-1.62696,-0.98623,-0.44531,0.33048,-0.45368,-0.86713,-0.8753,-0.37536,-0.83264,1.1139,0.89504,0.39757,-0.60106,-0.70599,1.33543,2026-09-28,False,,,,,,,,,,,,,
BIGCH,Consumer Services,3.65,35807274.9708,51.06116,0.88758,0.16593,63.99027,22.25747,58.55571,107.82,-49.26429,0.4967,0.1457,NEUTRAL,prior-research-2026-09-29+NEUTRAL,False,-45.41522,0.25625,0.41667,-51.06116,-0.88758,-74.37461,17.39366,1.82378,1.2621,73.77548,256.71913,5.89991,-0.57772,3.99436,-3.76282,-0.79739,-1.20061,0.0776,-0.01174,-0.59357,-1.11571,-0.40848,0.32441,0.20122,-0.25466,1.30708,0.76211,-1.05829,1.71156,-0.24703,2026-09-28,False,,,,,,,,,,,,,
BIMAS,Retail Trade,426.5,3656047914.78053,30.77513,0.81488,-0.08781,37.22628,22.89747,59.38572,107.82,-48.43428,0.4905,0.1601,NEUTRAL,prior-research-2026-09-29+NEUTRAL,False,50.09199,0.98329,0.66667,-30.77513,-0.81488,-13.319,22.01965,16.10651,5.3655,39.95452,162.73177,2.85222,-0.31126,1.52403,10.63851,0.44596,1.65656,1.1175,1.25964,-0.27635,1.80004,1.63375,1.02733,0.4767,-0.93104,-0.60121,0.1435,0.08647,0.40554,0.51006,2026-09-28,False,,,,,,,,,,,,,
BINBN,Commercial Services,72.3,45553411.05347,61.33239,0.72045,-0.35178,16.54501,22.89747,59.38572,107.82,-48.43428,0.4905,0.1601,NEUTRAL,prior-research-2026-09-29+NEUTRAL,True,29.82832,0.34494,0.5,-61.33239,-0.72045,-65.50572,17.6344,-35.66658,-8.40736,25.22682,6.37093,-81.01752,-0.0231,0.0,-51.7304,0.30118,-0.37175,-0.01921,0.10615,-0.03732,-0.36116,0.34755,-2.04703,-0.92677,-0.43239,-1.65019,-2.04072,0.42114,-1.41629,-1.55576,2026-09-28,False,,,,,,,,,,,,,
BINHO,Technology Services,6.29,270823269.81543,57.82287,0.86355,0.01229,47.20195,22.89747,59.38572,107.82,-48.43428,0.4905,0.1601,NEUTRAL,prior-research-2026-09-29+NEUTRAL,True,3.85356,0.52592,0.5,-57.82287,-0.86355,-47.40803,19.41698,-28.32854,-50.299,192.8059,-13.58926,,-0.01645,0.0,-570.24371,0.00634,-0.17333,0.3467,-0.04249,0.11937,-0.14587,0.80015,-1.82619,-1.75722,1.10231,-2.70038,0.0,0.66776,-0.33384,-3.0,2026-09-28,False,,,,,,,,,,,,,
BIOEN,Utilities,10.95,135912364.07311,61.63901,0.76846,-0.27474,21.6545,22.89747,59.38572,107.82,-48.43428,0.4905,0.1601,NEUTRAL,prior-research-2026-09-29+NEUTRAL,True,-19.43352,0.43076,0.5,-61.63901,-0.76846,-60.62156,18.72752,-18.10895,-12.26595,60.19328,55.19613,-22.91721,-1.91592,0.0,-17.23678,-0.88821,-0.71359,0.01141,-0.57955,-0.15954,-0.81591,0.2845,-1.17003,-0.87253,-1.09253,-0.10194,-1.53542,-1.60544,-0.73959,-0.29098,2026-09-28,False,,,,,,,,,,,,,
BJKAS,Consumer Services,1.61,377828652.64426,79.62085,0.9095,-0.19604,27.73723,22.89747,59.38572,107.82,-48.43428,0.4905,0.1601,NEUTRAL,prior-research-2026-09-29+NEUTRAL,True,21.28713,0.54762,0.33333,-79.62085,-0.9095,-45.2381,19.74995,-38.15208,-17.91341,53.97403,93.95602,-97.50653,-0.90674,0.0,-9.94913,1.04899,0.04973,-0.54271,-1.75376,-0.74799,0.19444,1.31253,-1.33344,-0.88817,-0.61397,0.3677,-1.79124,-1.44215,-0.42857,-0.5032,2026-09-28,False,,,,,,,,,,,,,
BLCYT,Process Industries,1.86,38891376.70058,66.8443,0.37835,-0.32502,18.73479,22.89747,59.38572,107.82,-48.43428,0.4905,0.1601,NEUTRAL,prior-research-2026-09-29+NEUTRAL,False,-20.67274,0.30744,0.41667,-66.8443,-0.37835,-73.05785,17.47628,1.80175,4.18113,269.08619,37.2072,3.40183,-1e-05,0.0,-10.00327,-0.64045,-1.09229,-0.06246,-0.93241,1.99413,-1.25865,-0.17088,0.02869,0.23784,1.2911,-0.60783,0.0676,1.68835,-0.58521,-0.45954,2026-09-28,False,,,,,,,,,,,,,
BLUME,Consumer Services,33.32,93877330.39675,53.87134,0.686,-0.58249,7.05596,22.89747,59.38572,107.82,-48.43428,0.4905,0.1601,NEUTRAL,prior-research-2026-09-29+NEUTRAL,True,-32.4671,0.53699,0.16667,-53.87134,-0.686,-49.94359,18.3575,-18.59316,-1.54955,9.92429,6.69596,-2.79154,-0.09277,0.0,194.29697,-0.46189,0.01793,-1.90561,-0.18907,0.49687,-0.02245,0.57443,-0.83007,-0.02079,-2.06086,-1.48747,0.00101,0.08788,-0.42857,1.59204,2026-09-28,False,,,,,,,,,,,,,
BMSCH,Producer Manufacturing,8.35,14737633.52203,47.31765,0.55041,0.32233,80.77859,22.28247,58.58813,107.82,-49.23187,0.5162,0.1572,NEUTRAL,prior-research-2026-09-29+NEUTRAL,True,-22.67206,0.2497,0.33333,-47.31765,-0.55041,-75.0299,16.50591,-1.32517,-1.95187,155.60312,292.00699,-1.2764,-0.51257,0.0,-25.33051,-0.57024,-1.01712,-0.64306,0.3818,1.35483,-1.04847,-1.7946,-0.15676,-0.02752,0.80319,1.03939,-0.56058,-0.30971,-0.48018,-1.04164,2026-09-28,False,,,,,,,,,,,,,
BMSTL,Producer Manufacturing,42.38,103779998.47721,41.11224,0.10973,-0.54264,8.51582,22.89747,59.38572,107.82,-48.43428,0.4905,0.1601,NEUTRAL,prior-research-2026-09-29+NEUTRAL,True,28.10496,0.67057,0.58333,-41.11224,-0.10973,-47.7057,18.45778,-2.93344,-0.32934,6.562,22.01526,3.24815,-0.39934,0.0,1.32377,0.70598,0.8759,1.14999,0.82834,2.68694,0.1586,0.58018,-0.29004,0.12756,-2.19711,-1.16633,-0.16424,-0.06617,-0.48018,-0.03725,2026-09-28,False,,,,,,,,,,,,,
BOBET,Non-Energy Minerals,15.94,85271515.20972,46.88715,0.72591,0.16644,64.47689,22.25747,58.55571,107.82,-49.26429,0.4967,0.1457,NEUTRAL,prior-research-2026-09-29+NEUTRAL,True,10.1823,0.64119,0.5,-46.88715,-0.72591,-35.88094,18.26135,-14.74505,-16.59466,119.43338,203.81429,-6.91254,-0.87175,2.50941,-5.09523,-0.03304,0.30897,0.13358,0.21243,0.69166,0.53646,0.07375,-0.74294,-0.84492,0.21615,0.72829,-0.79672,-1.05736,1.11831,-0.03747,2026-09-28,False,,,,,,,,,,,,,
BORLS,Finance,1.72,54352121.89616,92.43351,0.77933,-0.30117,19.95134,22.89747,59.38572,107.82,-48.43428,0.4905,0.1601,NEUTRAL,prior-research-2026-09-29+NEUTRAL,True,-81.86946,0.0568,0.25,-92.43351,-0.77933,-94.31968,17.81099,-2642.088,-235.16102,,526.37309,-5.08402,,0.0,-44.02208,-2.62804,-2.60184,-1.76232,-2.71075,0.17707,-2.63743,-0.16923,-3.0,-3.0,0.0,1.88893,-1.83119,0.0,-1.02203,-1.36684,2026-09-28,False,,,,,,,,,,,,,
BORSK,Process Industries,5.53,41122902.75215,45.87147,0.68524,0.21231,68.61314,22.25747,58.55571,107.82,-49.26429,0.4967,0.1457,NEUTRAL,prior-research-2026-09-29+NEUTRAL,True,13.34933,0.6956,0.5,-45.87147,-0.68524,-30.44025,17.53208,-5.50181,-7.36617,147.29257,104.01669,4.42624,-0.11989,3.76732,-9.04654,0.32488,0.64836,0.51643,0.36718,0.71822,0.84639,-0.09332,-0.47836,-0.59989,0.60495,0.24594,0.16221,0.4745,1.50871,-0.40538,2026-09-28,False,,,,,,,,,,,,,
BRKVY,Finance,51.15,24106427.375,49.78796,1.02975,-0.00309,45.74209,22.89747,59.38572,107.82,-48.43428,0.4905,0.1601,NEUTRAL,prior-research-2026-09-29+NEUTRAL,False,12.04291,0.39365,0.5,-49.78796,-1.02975,-60.63522,16.99799,24.95954,11.37275,53.33901,64.02946,49.33497,-0.80962,1.03181,-0.18619,0.21371,-0.90615,0.12774,-0.20246,-0.9616,-0.90226,-1.13328,0.87944,0.20225,-1.19343,0.02104,0.63884,-0.90782,0.36815,0.02107,2026-09-28,False,,,,,,,,,,,,,
BRLSM,Non-Energy Minerals,11.78,89425378.76326,76.03851,0.83837,-0.24609,23.84428,22.89747,59.38572,107.82,-48.43428,0.4905,0.1601,NEUTRAL,prior-research-2026-09-29+NEUTRAL,True,73.315,0.46746,0.58333,-76.03851,-0.83837,-53.25397,18.30892,-30.06729,-18.22698,61.42699,231.06607,6.52726,-1.20465,0.0,43.46927,0.83544,-0.42591,0.72743,-1.61273,0.05535,-0.33454,0.13242,-1.3086,-0.92207,-0.56208,0.81832,0.22047,-1.31236,-0.70599,1.3622,2026-09-28,False,,,,,,,,,,,,,
BRSAN,Non-Energy Minerals,649.5,1011172351.0,58.78077,1.20503,-0.24617,23.60097,22.89747,59.38572,107.82,-48.43428,0.4905,0.1601,NEUTRAL,prior-research-2026-09-29+NEUTRAL,False,81.05919,0.84405,0.58333,-58.78077,-1.20503,-43.07992,20.73438,6.34789,2.68309,47.72313,93.25761,5.96522,-0.38663,0.0,25.79396,0.92583,1.3858,0.72743,-0.51044,-1.51553,0.14685,1.33223,0.61151,0.32845,-0.85863,-0.01079,0.15665,-0.3446,-0.70599,1.06395,2026-09-28,False,,,,,,,,,,,,,
BRYAT,Miscellaneous,1450.0,83261250.0,36.46193,0.90548,-0.35315,16.05839,22.89747,59.38572,107.82,-48.43428,0.4905,0.1601,NEUTRAL,prior-research-2026-09-29+NEUTRAL,False,-15.66455,0.594,0.33333,-36.46193,-0.90548,-40.59999,18.23749,14.37603,10.77634,82.68536,11.24156,94.03806,-0.0,11.45833,3768.22892,-0.54847,0.09362,-0.92966,1.07688,-0.50329,0.18859,0.19055,0.7522,0.82917,-0.25911,-1.42607,2.33196,2.07101,2.70125,3.0,2026-09-28,False,,,,,,,,,,,,,
BSOKE,Non-Energy Minerals,8.09,161140487.04615,65.18426,0.76076,-0.65371,4.62287,22.89747,59.38572,107.82,-48.43428,0.4905,0.1601,NEUTRAL,prior-research-2026-09-29+NEUTRAL,True,80.14797,0.20481,0.58333,-65.18426,-0.76076,-79.51899,18.89779,-8.95758,-8.40257,115.34102,45.0695,-8.42212,-0.22814,0.0,10.70718,0.90241,-1.6369,0.72743,-0.91992,0.4525,-1.54382,0.46719,-0.5047,-0.44464,0.18974,-0.57133,-0.90102,0.01293,-0.70599,0.55953,2026-09-28,False,,,,,,,,,,,,,
BTCIM,Non-Energy Minerals,2.07,508225672.85506,51.91874,1.03649,-0.14286,32.11679,22.89747,59.38572,107.82,-48.43428,0.4905,0.1601,NEUTRAL,prior-research-2026-09-29+NEUTRAL,True,-0.4386,0.2987,0.5,-51.91874,-1.03649,-70.12987,20.04644,-3.97603,-7.32015,211.02289,125.69874,-1.53023,-0.25085,0.0,-17.26926,-0.36192,-1.18945,0.13358,-0.09766,-0.87337,-1.09422,1.05492,-0.19496,-0.35902,0.81144,0.28893,-0.47385,-0.08638,-0.70599,-0.55047,2026-09-28,False,,,,,,,,,,,,,
BUCIM,Non-Energy Minerals,4.93,17467107.98149,28.83905,0.63092,0.58159,96.83698,39.69947,81.17624,107.82,-26.64376,0.596,0.1848,NEUTRAL,prior-research-2026-09-29+NEUTRAL,True,-6.76329,0.61625,0.41667,-28.83905,-0.63092,-38.375,16.67583,-2.00352,-4.53805,273.34364,182.81073,3.43708,-0.37846,1.35227,-5.68207,-0.52915,0.1591,-0.44531,1.83436,1.14138,0.37935,-1.78766,-0.0216,-0.2382,1.16926,0.62703,-0.03791,-0.3245,0.77085,-0.06346,2026-09-28,False,,,,,,,,,,,,,
BULGS,Finance,15.05,83259826.27792,55.88267,0.86483,-0.11227,34.30657,22.89747,59.38572,107.82,-48.43428,0.4905,0.1601,NEUTRAL,prior-research-2026-09-29+NEUTRAL,False,-5.38387,0.28658,0.41667,-55.88267,-0.86483,-73.93141,18.23748,2.25832,3.69363,210.65059,15.39849,117.75441,-0.00183,0.0,-64.30505,-0.2949,-1.34658,-0.45115,-0.59175,-0.20244,-1.47594,0.17414,-0.55264,-0.60512,0.34231,-1.04283,1.81346,1.46743,-1.02203,-1.73223,2026-09-28,False,,,,,,,,,,,,,
BURCE,Non-Energy Minerals,25.34,49977775.7542,53.30555,0.45851,-0.31907,19.22141,22.89747,59.38572,107.82,-48.43428,0.4905,0.1601,NEUTRAL,prior-research-2026-09-29+NEUTRAL,True,83.66513,0.31303,0.41667,-53.30555,-0.45851,-68.69673,17.72709,-14.27337,-8.85863,77.0797,37.80279,-9.09402,-0.10571,0.0,-51.26322,0.96212,-1.1097,-0.44531,-0.17982,1.86863,-1.02714,-0.39209,-0.72108,-0.52617,-0.30058,-0.73548,-0.9381,0.37401,-0.70599,-1.34035,2026-09-28,False,,,,,,,,,,,,,
BVSAN,Producer Manufacturing,74.45,61241369.705,63.29431,0.94752,0.11463,59.12409,22.25747,58.55571,107.82,-49.26429,0.4967,0.1457,NEUTRAL,prior-research-2026-09-29+NEUTRAL,True,-9.59313,0.4882,0.41667,-63.29431,-0.94752,-51.18033,17.93033,-0.2002,-0.17174,93.58496,117.22951,10.83294,-0.31499,1.29026,-8.413,-0.15719,0.05716,-0.02274,-0.61744,-0.63018,0.03568,0.16323,-0.10889,0.13447,0.23902,0.18167,0.41532,0.08036,0.97709,-0.40635,2026-09-28,False,,,,,,,,,,,,,
CANTE,Utilities,1.03,303720631.96146,46.07846,0.83523,-0.23075,25.30414,22.89747,59.38572,107.82,-48.43428,0.4905,0.1601,NEUTRAL,prior-research-2026-09-29+NEUTRAL,True,-38.96714,0.38007,0.41667,-46.07846,-0.83523,-61.99262,19.53162,-8.69875,-24.44882,314.12277,68.64096,-14.60818,-0.01689,0.0,-16.25872,-1.49677,-0.98477,-0.56748,0.35811,-0.49292,-0.87341,0.67707,-0.75472,-1.34909,0.852,0.04324,-1.27033,1.15748,-0.73959,-0.23637,2026-09-28,False,,,,,,,,,,,,,
CATES,Utilities,32.4,144763685.83248,62.12466,0.72265,-0.40555,13.6253,22.89747,59.38572,107.82,-48.43428,0.4905,0.1601,NEUTRAL,prior-research-2026-09-29+NEUTRAL,False,114.84619,0.44875,0.58333,-62.12466,-0.72265,-57.06371,18.79061,15.03716,34.1895,284.09857,152.68089,-11.49526,-0.01138,0.0,12.1584,1.30652,-0.64858,0.60525,-0.62647,0.15163,-0.62616,0.32112,0.85362,1.86451,0.73642,0.78799,-1.13521,1.26485,-0.73959,0.86811,2026-09-28,False,,,,,,,,,,,,,
CCOLA,Consumer Non-Durables,77.2,449178733.88228,35.39668,0.72561,0.06943,53.04136,22.25747,58.55571,107.82,-49.26429,0.4967,0.1457,NEUTRAL,prior-research-2026-09-29+NEUTRAL,False,70.41531,0.83595,0.5,-35.39668,-0.72561,-18.57066,19.92293,26.9016,9.59068,41.58567,98.98083,15.79495,-0.63324,1.85233,11.07178,1.23525,1.42066,0.25432,1.18842,0.27484,2.36312,1.37215,1.43172,0.70643,-1.32275,-0.32794,0.57488,-0.54655,0.90648,0.43766,2026-09-28,False,,,,,,,,,,,,,
CELHA,Non-Energy Minerals,27.0,67247948.12995,75.41736,0.50117,-0.35111,16.78832,22.89747,59.38572,107.82,-48.43428,0.4905,0.1601,NEUTRAL,prior-research-2026-09-29+NEUTRAL,True,180.43955,0.91525,0.66667,-75.41736,-0.50117,-29.17949,18.0239,-17.22933,-6.30725,44.28484,21.16344,-10.73397,-0.09064,0.0,-10.21607,1.69893,1.87942,1.3734,-1.57293,1.67438,0.97755,-0.07978,-0.82335,-0.31784,-0.96735,-1.16239,-1.03018,0.44159,-0.70599,-0.26364,2026-09-28,False,,,,,,,,,,,,,
CEMAS,Non-Energy Minerals,3.2,39034144.40552,43.96252,0.73828,0.03785,50.12165,22.25747,58.55571,107.82,-49.26429,0.4967,0.1457,NEUTRAL,prior-research-2026-09-29+NEUTRAL,True,-35.65089,0.42216,0.33333,-43.96252,-0.73828,-57.78364,17.47995,-36.80615,-53.84109,153.23524,61.75137,-40.68391,-0.17175,0.0,-37.59324,-1.40923,-0.63975,-1.06562,0.3844,0.60305,-0.53128,-0.65613,-1.42793,-1.50541,0.50316,-0.31395,-1.86714,0.12714,-0.70599,-1.12198,2026-09-28,False,,,,,,,,,,,,,
CEOEM,Consumer Services,19.6,34101239.41925,64.77078,0.66307,-0.04489,43.309,22.89747,59.38572,107.82,-48.43428,0.4905,0.1601,NEUTRAL,prior-research-2026-09-29+NEUTRAL,False,-29.57746,0.55211,0.41667,-64.77078,-0.66307,-44.78873,17.34484,15.2275,8.17451,67.47668,140.82339,10.17162,-0.00169,0.0,26.12065,-0.32642,0.06876,0.0776,-0.85361,0.59345,0.21336,-0.4958,1.25146,0.91558,-0.35514,0.76809,1.09601,1.05513,-0.42857,0.81351,2026-09-28,False,,,,,,,,,,,,,
CGCAM,Consumer Durables,20.84,89024728.53252,61.64362,1.07573,-0.20864,27.0073,22.89747,59.38572,107.82,-48.43428,0.4905,0.1601,NEUTRAL,prior-research-2026-09-29+NEUTRAL,False,4.11267,0.39657,0.5,-61.64362,-1.07573,-60.34253,18.30442,4.04403,5.21651,155.71032,70.94482,9.63454,-0.09524,0.0,-10.071,0.25276,-0.71146,0.76112,-0.80638,-1.07426,-0.67272,-0.04801,0.96328,1.08602,0.6942,-1.00454,0.88575,1.71837,-0.88324,-0.23102,2026-09-28,False,,,,,,,,,,,,,
CIMSA,Non-Energy Minerals,42.88,369176643.12687,32.70574,0.95711,0.24424,73.72263,22.93747,59.4376,107.82,-48.3824,0.5041,0.1375,NEUTRAL,prior-research-2026-09-29+NEUTRAL,False,8.82331,0.72678,0.5,-32.70574,-0.95711,-31.22034,19.72679,12.02244,9.8449,91.89545,120.05212,8.59726,-0.83047,1.72639,6.05207,-0.06503,0.68293,0.13358,1.51594,-0.55862,0.86044,0.89553,0.9629,1.11776,-0.05915,0.25395,0.36914,-1.00147,0.94621,0.33634,2026-09-28,False,,,,,,,,,,,,,
CLEBI,Transportation,1357.0,34477564.0,31.06055,0.88543,0.24932,74.45255,22.93747,59.4376,107.82,-48.3824,0.5041,0.1375,NEUTRAL,prior-research-2026-09-29+NEUTRAL,False,-0.80537,0.62248,0.33333,-31.06055,-0.88543,-37.75229,17.35582,60.92492,10.41462,21.38594,55.68165,23.52111,-1.52296,7.59027,-45.36089,-0.22689,-0.42132,-0.9669,1.45026,-0.34117,-0.19202,-1.32149,1.99037,0.35652,-1.81782,-0.59243,0.485,-0.57126,1.92685,-1.41408,2026-09-28,False,,,,,,,,,,,,,
CMBTN,Non-Energy Minerals,1220.0,31646870.0,42.20924,0.68924,0.14654,63.01703,22.25747,58.55571,107.82,-49.26429,0.4967,0.1457,NEUTRAL,prior-research-2026-09-29+NEUTRAL,True,-31.30243,0.52361,0.41667,-42.20924,-0.68924,-47.63948,17.27015,-84.08543,-12.99518,11.739,214.20794,-7.72117,-1.46852,0.0,-37.46467,-1.25437,-0.23452,-0.44531,0.51028,0.85046,-0.10602,-1.0021,-1.87589,-0.66398,-2.05834,0.7816,-0.85348,-1.54361,-0.70599,-1.10849,2026-09-28,False,,,,,,,,,,,,,
CRFSA,Retail Trade,210.8,362891790.02976,84.74492,0.75971,-0.3808,15.08516,22.89747,59.38572,107.82,-48.43428,0.4905,0.1601,NEUTRAL,prior-research-2026-09-29+NEUTRAL,False,168.0,0.62321,0.66667,-84.74492,-0.75971,-37.67923,19.70962,,-24.3046,,319.73917,-5.29943,,0.0,-11.53102,1.43258,-0.49243,1.1175,-2.3828,0.00748,-0.43153,0.71274,0.0,-1.20714,0.0,0.05776,-0.4481,0.0,-1.10105,-0.37588,2026-09-28,False,,,,,,,,,,,,,
CVKMD,Non-Energy Minerals,12.82,508014482.4549,150.61837,1.05733,-0.67603,3.89294,22.89747,59.38572,107.82,-48.43428,0.4905,0.1601,NEUTRAL,prior-research-2026-09-29+NEUTRAL,False,-3.61726,0.2682,0.5,-150.61837,-1.05733,-73.17992,20.04602,3.62597,0.77588,27.61206,8.69701,20.88569,-0.33916,0.0,2.6683,-0.45128,-1.3171,0.13358,-2.7923,-1.00433,-1.21815,1.04259,0.33612,0.16577,-1.37248,-1.68982,1.09499,-0.27121,-0.70599,0.23889,2026-09-28,False,,,,,,,,,,,,,
CWENE,Electronic Technology,22.28,1928115398.77505,69.49753,1.03851,-0.17289,29.19708,22.89747,59.38572,107.82,-48.43428,0.4905,0.1601,NEUTRAL,prior-research-2026-09-29+NEUTRAL,False,55.32697,0.47607,0.5,-69.49753,-1.03851,-52.39316,21.37981,20.17003,12.06858,81.95314,78.82931,16.33445,-0.55867,0.0,26.58631,0.58854,-0.25822,0.04056,-0.60886,-0.75757,-0.26929,1.13346,0.8501,0.8006,0.37538,0.0425,0.22002,-0.3321,-0.1906,0.66462,2026-09-28,False,,,,,,,,,,,,,
DAGI,Consumer Non-Durables,5.03,83452121.20494,65.65367,0.77167,-0.26469,22.38443,22.89747,59.38572,107.82,-48.43428,0.4905,0.1601,NEUTRAL,prior-research-2026-09-29+NEUTRAL,True,38.01757,0.44911,0.58333,-65.65367,-0.77167,-55.08928,18.23978,-5.9345,-4.85482,96.54214,183.13364,2.15343,-1.40949,0.0,22.79723,0.83668,-0.38363,0.84817,-0.95497,-0.04773,-0.3349,0.40253,-0.64841,-0.63077,-0.29803,0.23764,-0.46587,-1.23892,-0.80094,0.82602,2026-09-28,False,,,,,,,,,,,,,
DAPGM,Finance,3.61,603630276.37772,65.24052,0.87975,-0.26532,22.14112,22.89747,59.38572,107.82,-48.43428,0.4905,0.1601,NEUTRAL,prior-research-2026-09-29+NEUTRAL,False,-39.47924,0.23442,0.33333,-65.24052,-0.87975,-76.55844,20.21847,5.19978,8.27369,205.55692,94.3339,71.28005,-0.15557,0.0,-7.28618,-1.32948,-1.62836,-1.07146,-1.15334,-0.27481,-1.61302,1.25898,-0.2863,-0.08572,0.3091,0.31015,0.95022,0.26643,-1.02203,-0.23712,2026-09-28,False,,,,,,,,,,,,,
DCTTR,Distribution Services,3.35,59636616.248,64.74091,0.26425,-0.18981,27.98054,22.89747,59.38572,107.82,-48.43428,0.4905,0.1601,NEUTRAL,prior-research-2026-09-29+NEUTRAL,True,-38.54352,0.23103,0.41667,-64.74091,-0.26425,-76.89655,17.90378,-28.05095,-22.04525,81.86299,96.47727,-9.44009,-0.45435,0.0,-93.23483,-1.18771,-1.17086,-0.34923,-0.46901,1.67862,-1.14365,0.45402,-2.04009,-1.64189,0.12957,-0.5589,-1.12815,-0.40895,-0.43181,-2.11283,2026-09-28,False,,,,,,,,,,,,,
DENGE,Finance,1.72,35898544.10647,47.01186,0.77578,-0.13017,32.84672,22.89747,59.38572,107.82,-48.43428,0.4905,0.1601,NEUTRAL,prior-research-2026-09-29+NEUTRAL,True,-16.32653,0.43,0.41667,-47.01186,-0.77578,-57.0,17.39621,-18.9635,-26.61868,151.85569,50.29962,-17.38505,-0.13392,0.0,-38.3231,-0.63151,-0.72559,-0.45115,-0.02471,0.20856,-0.69725,-0.6703,-1.77503,-2.16508,0.03531,-0.15375,-2.39457,0.35019,-1.02203,-1.27752,2026-09-28,False,,,,,,,,,,,,,
DERHL,Consumer Non-Durables,1.56,34426235.67165,42.23244,0.60515,0.29574,78.83212,22.93747,59.4376,107.82,-48.3824,0.5041,0.1375,NEUTRAL,prior-research-2026-09-29+NEUTRAL,True,-40.60486,0.43096,0.33333,-42.23244,-0.60515,-57.18025,17.35433,-0.14198,-0.16149,124.34012,289.63706,14.67357,-1.28891,0.0,-9.99118,-1.14572,-0.44841,-0.94488,0.48646,0.8566,-0.40619,-0.52553,-0.22638,-0.25919,-0.02872,0.66782,0.50393,-1.1681,-0.80094,-0.37934,2026-09-28,False,,,,,,,,,,,,,
DESA,Consumer Non-Durables,8.69,18614303.24366,44.26534,0.71809,0.20081,67.88321,22.25747,58.55571,107.82,-49.26429,0.4967,0.1457,NEUTRAL,prior-research-2026-09-29+NEUTRAL,False,-31.21011,0.56872,0.41667,-44.26534,-0.71809,-43.12827,16.73944,12.74192,12.1458,109.52523,97.03971,8.86146,-0.12402,2.76291,-10.62413,-0.81292,0.10192,-0.32457,0.34068,0.31704,0.23637,-1.28939,0.69758,0.91675,-0.13447,-0.3481,0.1285,0.54611,1.11137,-0.42747,2026-09-28,False,,,,,,,,,,,,,
DEVA,Health Technology,93.25,39685488.10129,42.78772,0.68877,0.40043,86.86131,22.28247,58.58813,107.82,-49.23187,0.5162,0.1572,NEUTRAL,prior-research-2026-09-29+NEUTRAL,True,26.08396,0.88725,0.58333,-42.78772,-0.68877,-26.84439,17.4965,-2.9903,-4.51335,170.34804,117.33682,4.69905,-0.19018,0.0,0.876,0.62807,1.99973,1.22633,0.57882,0.38893,1.48386,-0.38866,-0.34275,-0.23319,0.30266,0.53003,0.23941,-0.01248,-0.46794,-0.05236,2026-09-28,False,,,,,,,,,,,,,
DGATE,Distribution Services,61.2,27783114.78758,64.77935,0.66548,-0.0486,42.82238,22.89747,59.38572,107.82,-48.43428,0.4905,0.1601,NEUTRAL,prior-research-2026-09-29+NEUTRAL,False,42.00849,0.47664,0.5,-64.77935,-0.66548,-52.33645,17.13994,33.322,6.12517,24.37204,1040.41596,6.73368,-0.55644,0.0,34.34457,0.80723,0.00731,0.22966,-0.48701,0.17143,0.04143,-0.49454,1.06524,0.08729,-1.10244,1.65725,0.08302,-0.58875,-0.43181,1.11599,2026-09-28,False,,,,,,,,,,,,,
DGNMO,Consumer Durables,4.11,28326909.65463,70.79852,0.8824,0.29079,77.85888,22.93747,59.4376,107.82,-48.3824,0.5041,0.1375,NEUTRAL,prior-research-2026-09-29+NEUTRAL,True,30.93289,0.41515,0.33333,-70.79852,-0.8824,-58.48485,17.15932,-62.77338,-92.24952,123.2995,881.18376,-10.55,-6.03491,0.0,-25.37857,0.75564,-0.60853,-0.43808,-1.38735,-0.11978,-0.56542,-1.2646,-1.0839,-1.46333,0.4182,1.21079,-0.56397,-1.12669,-0.88324,-0.80484,2026-09-28,False,,,,,,,,,,,,,
DITAS,Producer Manufacturing,9.36,51912794.54012,89.01508,0.75601,-0.41039,13.382,22.89747,59.38572,107.82,-48.43428,0.4905,0.1601,NEUTRAL,prior-research-2026-09-29+NEUTRAL,True,-9.41606,0.16714,0.41667,-89.01508,-0.75601,-83.28571,17.76508,-31.77007,-13.39955,90.95536,146.44333,-9.17981,-0.25835,0.0,-0.36364,-0.15049,-1.40343,-0.02274,-2.02802,0.37187,-1.39681,-0.05323,-1.55139,-0.67202,0.19301,0.42527,-1.055,0.19244,-0.48018,-0.09499,2026-09-28,False,,,,,,,,,,,,,
DMRGD,Consumer Non-Durables,9.26,331674190.32963,67.00128,0.53953,-0.85846,1.94647,22.89747,59.38572,107.82,-48.43428,0.4905,0.1601,NEUTRAL,prior-research-2026-09-29+NEUTRAL,False,280.95237,0.67053,0.75,-67.00128,-0.53953,-34.6126,19.61966,8.63924,1.26203,17.09688,10.78217,9.03153,-0.06177,0.0,14.40541,2.47116,0.60564,2.23957,-1.06199,1.0839,0.7711,1.17602,0.47361,-0.17703,-2.12072,-1.91638,0.15697,0.84363,-0.80094,0.5396,2026-09-28,False,,,,,,,,,,,,,
DMSAS,Producer Manufacturing,5.81,22793786.2087,50.15892,0.51551,0.24618,74.20925,22.93747,59.4376,107.82,-48.3824,0.5041,0.1375,NEUTRAL,prior-research-2026-09-29+NEUTRAL,True,3.21101,0.42101,0.5,-50.15892,-0.51551,-62.02899,16.942,-7.58125,-9.23832,132.14864,287.55631,-2.22543,-0.55422,0.0,-29.27504,0.20911,-0.24471,0.55615,0.21099,1.48129,-0.45947,-1.09183,-0.61483,-0.51187,0.62174,1.01633,-0.65002,-0.36847,-0.48018,-1.16521,2026-09-28,False,,,,,,,,,,,,,
DNISI,Process Industries,3.86,14961770.17154,42.94274,0.6979,0.14237,62.0438,22.25747,58.55571,107.82,-49.26429,0.4967,0.1457,NEUTRAL,prior-research-2026-09-29+NEUTRAL,False,-5.64415,0.68595,0.41667,-42.94274,-0.6979,-31.40487,16.52101,2.839,1.96528,80.76963,29.38327,-1.58769,-0.07938,0.0,2.54524,-0.20322,0.5962,-0.06246,0.54922,0.61949,0.76817,-1.49453,0.10196,0.02164,-0.11506,-0.77243,-0.36981,0.66974,-0.58521,0.01597,2026-09-28,False,,,,,,,,,,,,,
DOAS,Retail Trade,151.3,127517519.85268,27.07679,0.68084,0.34614,82.96837,22.28247,58.58813,107.82,-49.23187,0.5162,0.1572,NEUTRAL,prior-research-2026-09-29+NEUTRAL,False,9.15088,0.73062,0.5,-27.07679,-0.68084,-26.93825,18.66376,3.74584,8.429,225.87915,844.13806,4.2141,-0.45385,19.82816,-9.83938,-0.22502,0.0008,-0.12231,1.56666,0.46832,0.2921,0.20241,0.21305,0.82062,1.01213,0.75515,0.29796,-0.19626,2.99669,-0.25832,2026-09-28,False,,,,,,,,,,,,,
DOCO,Consumer Services,10567.5,51241878.96729,35.86182,0.71343,0.41451,88.32117,22.28247,58.58813,107.82,-49.23187,0.5162,0.1572,NEUTRAL,prior-research-2026-09-29+NEUTRAL,False,7.58239,0.87772,0.41667,-35.86182,-0.71343,-27.32864,17.75207,23.71943,5.08771,24.25814,115.11421,8.63075,-0.48311,1.32696,-11.17609,0.77472,1.79717,0.0776,1.19114,0.36943,1.29449,0.0296,1.68459,0.56057,-1.37398,0.57731,0.98881,-0.90413,1.03846,-0.58583,2026-09-28,False,,,,,,,,,,,,,
DOFRB,Producer Manufacturing,80.0,582811936.91709,72.99078,0.75568,-0.61032,5.59611,22.89747,59.38572,107.82,-48.43428,0.4905,0.1601,NEUTRAL,prior-research-2026-09-29+NEUTRAL,False,-14.44242,0.40302,0.58333,-72.99078,-0.75568,-65.59194,20.18338,22.52897,2.4656,19.5902,9.65561,22.22649,-0.47841,0.0,,-0.29485,-0.33806,1.14999,-1.25122,0.39131,-0.64063,1.40603,1.2781,0.31837,-1.38612,-1.64651,1.04731,-0.23113,-0.48018,0.0,2026-09-28,False,,,,,,,,,,,,,
DOGUB,Non-Energy Minerals,23.18,25591090.03159,88.95595,0.40846,-1.09555,0.97324,22.89747,59.38572,107.82,-48.43428,0.4905,0.1601,NEUTRAL,prior-research-2026-09-29+NEUTRAL,True,225.3221,0.17019,0.33333,-88.95595,-0.40846,-82.98091,17.05775,-49.36437,-3.68868,7.08309,6.12427,-48.14249,-0.0,0.0,-27.73167,1.77729,-1.77887,-1.06562,-2.18294,2.05076,-1.65566,-1.1736,-1.57493,-0.16161,-2.37585,-2.01552,-1.95986,1.94304,-0.70599,-0.89538,2026-09-28,False,,,,,,,,,,,,,
DOHOL,Retail Trade,19.69,187987462.94821,38.17147,0.91698,0.35347,83.94161,22.28247,58.58813,107.82,-49.23187,0.5162,0.1572,NEUTRAL,prior-research-2026-09-29+NEUTRAL,False,27.80598,0.79911,0.58333,-38.17147,-0.91698,-20.08928,19.05189,7.04257,12.62326,201.98213,210.06536,7.58501,-0.45968,1.55253,-18.64569,0.08771,0.35897,0.47153,0.36865,-0.83647,1.01618,0.39836,0.53027,1.17974,0.86799,-0.34471,0.56841,-0.21019,0.44593,-0.64158,2026-09-28,False,,,,,,,,,,,,,
DURKN,Consumer Non-Durables,10.93,40118662.93704,61.40869,0.94981,-0.013,45.25547,22.89747,59.38572,107.82,-48.43428,0.4905,0.1601,NEUTRAL,prior-research-2026-09-29+NEUTRAL,True,45.72718,0.45353,0.58333,-61.40869,-0.94981,-54.6473,17.50735,-0.38726,-0.63591,192.19661,78.11063,22.04949,-0.5447,0.59832,9.21333,0.99012,-0.36247,0.84817,-0.67999,-0.94927,-0.32092,-0.28608,-0.24681,-0.29379,0.40619,-0.55552,0.87761,-0.37833,0.44299,0.34704,2026-09-28,False,,,,,,,,,,,,,
EBEBK,Retail Trade,79.9,42847668.11442,37.27107,0.68735,0.12328,60.34063,22.25747,58.55571,107.82,-49.26429,0.4967,0.1457,NEUTRAL,prior-research-2026-09-29+NEUTRAL,False,63.40726,0.87996,0.66667,-37.27107,-0.68735,-15.13234,17.57316,10.09143,3.93062,45.44975,257.68369,2.0525,-0.75469,1.25156,24.22734,0.55677,0.96408,1.1175,0.45125,0.42945,1.67467,-0.72044,0.71759,0.29907,-0.81404,-0.16136,0.02868,-0.63027,0.3465,0.94502,2026-09-28,False,,,,,,,,,,,,,
ECILC,Health Technology,63.85,318435367.31059,52.56872,1.03477,-0.06943,39.90268,22.89747,59.38572,107.82,-48.43428,0.4905,0.1601,NEUTRAL,prior-research-2026-09-29+NEUTRAL,True,-13.64182,0.49643,0.25,-52.56872,-1.03477,-55.37194,19.57893,-2.74395,-3.8179,154.25502,23.30884,-2.54139,-0.05747,2.74262,-14.60031,-0.33054,-0.02247,-1.25758,-0.01013,-1.31731,-0.13101,1.04858,-0.31405,-0.18724,0.18488,-0.81389,-0.43351,0.51892,1.43143,-0.66837,2026-09-28,False,,,,,,,,,,,,,
ECZYT,Finance,226.2,109890708.75042,57.86288,1.05461,-0.10728,34.79319,22.89747,59.38572,107.82,-48.43428,0.4905,0.1601,NEUTRAL,prior-research-2026-09-29+NEUTRAL,True,-2.99419,0.56409,0.41667,-57.86288,-1.05461,-47.25686,18.515,-1.5421,-1.79238,132.37007,1.56672,86.15523,-0.0,2.52621,-63.58057,-0.24971,-0.18364,-0.45115,-0.69302,-1.12126,-0.29108,0.44813,-0.76876,-1.04417,-0.11066,-2.03971,1.2354,1.67629,0.82684,-1.70548,2026-09-28,False,,,,,,,,,,,,,
EDIP,Finance,30.14,32418870.64221,46.70177,0.97301,0.39421,86.618,22.28247,58.58813,107.82,-49.23187,0.5162,0.1572,NEUTRAL,prior-research-2026-09-29+NEUTRAL,False,11.31386,0.70224,0.33333,-46.70177,-0.97301,-29.77633,17.29425,4.4822,16.15509,449.19597,60.90622,61.01835,-0.155,0.0,33.15755,0.20722,0.51982,-1.07146,0.00112,-0.76084,0.71431,-0.82373,-0.37998,0.521,1.38515,-0.02017,0.81014,0.27333,-1.02203,1.08486,2026-09-28,False,,,,,,,,,,,,,
EFOR,Consumer Non-Durables,14.06,1442859777.22988,85.93408,0.25777,-0.95784,1.45985,22.89747,59.38572,107.82,-48.43428,0.4905,0.1601,NEUTRAL,prior-research-2026-09-29+NEUTRAL,False,-7.59229,0.43965,0.5,-85.93408,-0.25777,-83.30206,21.08989,0.19253,0.03129,17.58682,45.04973,12.04072,-0.62943,0.16328,9.6369,-0.12771,-0.41216,0.25432,-2.01412,2.15505,-1.6107,1.76755,-0.21282,-0.24542,-2.03292,-0.97643,0.38224,-0.53062,0.32131,0.35389,2026-09-28,False,,,,,,,,,,,,,
EGEEN,Producer Manufacturing,5132.5,56815080.0,54.93994,0.86903,0.09139,54.50122,22.25747,58.55571,107.82,-49.26429,0.4967,0.1457,NEUTRAL,prior-research-2026-09-29+NEUTRAL,True,-34.112,0.61265,0.33333,-54.93994,-0.86903,-43.74813,17.85531,-3.01657,-1.51785,53.43278,27.48311,3.05087,-0.16858,1.03264,-37.90781,-0.94067,0.54888,-0.64306,-0.08748,-0.18611,0.35481,0.06187,-0.31165,0.02965,-0.44567,-0.98313,-0.17903,0.44617,0.91946,-1.37322,2026-09-28,False,,,,,,,,,,,,,
EGEGY,Finance,15.07,77629877.4335,59.51846,0.74967,-0.44934,11.92214,22.89747,59.38572,107.82,-48.43428,0.4905,0.1601,NEUTRAL,prior-research-2026-09-29+NEUTRAL,False,29.09497,0.43589,0.5,-59.51846,-0.74967,-57.51018,18.16746,61.27778,38.3698,90.11116,168.71497,31.48926,-0.27832,1.99071,951.53564,0.47046,-0.67426,0.12774,-0.76291,0.40114,-0.72616,0.11005,1.94577,1.27575,-0.55938,0.87037,0.3229,-0.04796,0.69668,2.39308,2026-09-28,False,,,,,,,,,,,,,
EGEPO,Health Services,7.03,56184810.14304,54.7835,0.57086,-0.62631,5.10949,22.89747,59.38572,107.82,-48.43428,0.4905,0.1601,NEUTRAL,prior-research-2026-09-29+NEUTRAL,True,106.17129,0.35291,0.5,-54.7835,-0.57086,-65.16064,17.84416,-3.14187,-1.69031,63.01735,46.49875,4.11882,-0.03321,0.0,14.34343,1.0547,-1.29282,0.37496,-0.73672,0.87104,-1.38056,0.02937,-0.24637,-0.05209,-0.37224,-0.21192,-0.2977,1.10619,-0.43174,0.44702,2026-09-28,False,,,,,,,,,,,,,
EGGUB,Process Industries,98.4,46379183.00974,48.27298,0.75146,0.11739,59.3674,22.25747,58.55571,107.82,-49.26429,0.4967,0.1457,NEUTRAL,prior-research-2026-09-29+NEUTRAL,False,4.09091,0.69198,0.41667,-48.27298,-0.75146,-35.54852,17.65236,8.18761,7.26355,103.79188,41.3239,33.88779,-0.1336,2.54065,17.75738,0.09535,0.61837,-0.06246,0.20658,0.34309,0.53424,0.04851,0.59137,0.6122,0.23569,-0.52754,1.71098,0.43879,1.27611,0.55047,2026-09-28,False,,,,,,,,,,,,,
EGPRO,Process Industries,32.7,33079927.62971,56.36934,1.03645,0.16643,64.23358,22.25747,58.55571,107.82,-49.26429,0.4967,0.1457,NEUTRAL,prior-research-2026-09-29+NEUTRAL,False,48.26981,0.7172,0.58333,-56.36934,-1.03645,-28.27961,17.31444,17.05508,8.58724,59.82398,79.47882,19.02854,-0.13635,3.92784,6.25656,0.88812,0.70998,1.11028,-0.2847,-1.05603,0.95917,-0.4419,1.06352,0.72776,-0.47266,-0.00197,1.10051,0.40353,1.5393,0.12643,2026-09-28,False,,,,,,,,,,,,,
EKGYO,Finance,18.92,2644394274.44858,46.22165,1.36066,0.07026,53.28467,22.25747,58.55571,107.82,-49.26429,0.4967,0.1457,NEUTRAL,prior-research-2026-09-29+NEUTRAL,True,10.41558,0.74226,0.66667,-46.22165,-1.36066,-30.44232,21.69571,-1.37264,-2.70004,224.51062,145.54449,21.5547,-0.62336,3.17125,9.74711,0.18139,0.63987,1.36756,0.01409,-2.19135,0.68732,1.82144,-0.76186,-1.11667,0.41989,0.74803,-0.00733,-0.69732,0.99878,0.37599,2026-09-28,False,,,,,,,,,,,,,
EKOS,Producer Manufacturing,3.38,48272286.11184,58.05689,1.01408,0.02503,49.14842,22.89747,59.38572,107.82,-48.43428,0.4905,0.1601,NEUTRAL,prior-research-2026-09-29+NEUTRAL,True,-13.3748,0.37639,0.5,-58.05689,-1.01408,-62.3608,17.69237,-15.3555,-13.59468,96.50334,75.90018,-5.08152,-0.31215,0.0,-35.38699,-0.27368,-0.47254,0.55615,-0.26823,-0.86118,-0.47645,-0.13786,-0.97423,-0.69366,0.26523,-0.21571,-0.79487,0.08697,-0.48018,-1.31965,2026-09-28,False,,,,,,,,,,,,,
ELITE,Consumer Non-Durables,19.65,32174964.37636,40.44308,0.87241,0.01915,47.93187,22.89747,59.38572,107.82,-48.43428,0.4905,0.1601,NEUTRAL,prior-research-2026-09-29+NEUTRAL,False,-15.06683,0.46454,0.33333,-40.44308,-0.87241,-53.5461,17.2867,4.63556,4.14887,105.68923,102.13753,17.99126,-0.10986,0.25445,17.82863,-0.33992,-0.32074,-0.94488,0.6596,-0.52328,-0.27263,-0.63405,0.1206,0.08667,-0.18035,-0.30774,0.67313,0.60381,0.3384,0.63964,2026-09-28,False,,,,,,,,,,,,,
EMKEL,Producer Manufacturing,7.94,58263292.45885,58.09398,0.77116,-0.23201,25.06083,22.89747,59.38572,107.82,-48.43428,0.4905,0.1601,NEUTRAL,prior-research-2026-09-29+NEUTRAL,True,-77.07427,0.09919,0.25,-58.09398,-0.77116,-90.0812,17.88048,-24.60607,-19.6708,84.11493,97.07836,9.68876,-0.48278,0.0,10.85832,-2.25318,-1.78609,-1.33392,-0.27516,0.26955,-1.83221,0.09993,-1.33251,-0.93952,0.10011,0.01859,0.33614,-0.25233,-0.48018,0.33613,2026-09-28,False,,,,,,,,,,,,,
ENDAE,Finance,14.05,70339942.83488,58.26712,0.55629,-0.16718,30.41363,22.89747,59.38572,107.82,-48.43428,0.4905,0.1601,NEUTRAL,prior-research-2026-09-29+NEUTRAL,False,14.72394,0.64038,0.58333,-58.26712,-0.55629,-35.96171,18.06885,,,216.76037,,,-0.01728,0.0,,0.25282,0.18742,0.72159,-0.72072,1.27489,0.30554,0.0782,0.0,0.0,0.37627,0.0,0.0,1.15546,-1.02203,0.0,2026-09-28,False,,,,,,,,,,,,,
ENERY,Utilities,12.7,519182494.77196,48.73004,0.53277,-0.28102,21.41119,22.89747,59.38572,107.82,-48.43428,0.4905,0.1601,NEUTRAL,prior-research-2026-09-29+NEUTRAL,False,6.12592,0.94004,0.66667,-48.73004,-0.53277,-27.48899,20.06777,9.89807,4.86937,57.95464,36.26603,13.12626,-0.05359,0.13124,11.29213,-0.14592,1.83425,1.25123,0.16633,0.98877,0.95883,0.95871,0.57337,0.29588,-1.14875,-0.48282,0.59856,0.73488,0.36565,0.8394,2026-09-28,False,,,,,,,,,,,,,
ENJSA,Utilities,107.0,391320133.0,36.6092,0.7936,0.36909,85.15815,22.28247,58.58813,107.82,-49.23187,0.5162,0.1572,NEUTRAL,prior-research-2026-09-29+NEUTRAL,False,52.21194,0.84252,0.58333,-36.6092,-0.7936,-21.65354,19.78504,6.38889,4.85467,87.11436,192.9822,18.48982,-0.86298,4.74766,-10.86795,0.65331,1.25153,0.60525,1.12627,-0.2919,1.56165,0.85193,0.35938,0.28902,-0.62979,0.97931,0.85368,-0.97387,1.51666,-0.03978,2026-09-28,False,,,,,,,,,,,,,
ENKAI,Industrial Services,85.4,1041780394.31467,36.03752,0.94182,0.00021,46.71533,22.89747,59.38572,107.82,-48.43428,0.4905,0.1601,NEUTRAL,prior-research-2026-09-29+NEUTRAL,False,36.73298,0.76661,0.58333,-36.03752,-0.94182,-28.05206,20.7642,10.56946,7.80324,79.78236,35.33504,15.37143,-0.01846,4.78142,12.31264,-0.11333,0.35376,0.20662,1.40524,-0.76975,0.64514,0.96205,0.74101,0.82557,0.15152,-0.12258,0.61424,0.89937,1.7825,0.55388,2026-09-28,False,,,,,,,,,,,,,
ENSRI,Consumer Non-Durables,3.07,94183802.21831,86.23433,0.3093,-0.72242,3.40633,22.89747,59.38572,107.82,-48.43428,0.4905,0.1601,NEUTRAL,prior-research-2026-09-29+NEUTRAL,True,-72.24814,0.08105,0.5,-86.23433,-0.3093,-91.89546,18.36076,-5.18602,-4.523,101.03288,29.73314,-5.68647,-0.25054,0.0,-41.36597,-1.97278,-2.10897,0.25432,-2.05465,2.00813,-2.07978,0.52705,-0.60093,-0.60732,-0.23919,-1.29672,-0.9974,0.18598,-0.80094,-1.30694,2026-09-28,False,,,,,,,,,,,,,
ENTRA,Utilities,4.06,89170020.22588,49.02598,0.79837,0.2199,70.07299,22.93747,59.4376,107.82,-48.3824,0.5041,0.1375,NEUTRAL,prior-research-2026-09-29+NEUTRAL,True,-1.87324,0.75831,0.58333,-49.02598,-0.79837,-27.71789,18.30606,-3.45978,-7.65053,265.84112,21.10989,2.05617,-0.26754,0.0,-32.57224,-0.40499,0.70696,0.60525,0.15372,-0.31696,0.92758,0.0106,-0.42422,-0.64223,0.63334,-0.87139,-0.31772,-0.04534,-0.73959,-0.75605,2026-09-28,False,,,,,,,,,,,,,
EPLAS,Producer Manufacturing,5.2,22038200.55419,53.95667,0.68909,0.38574,86.13139,22.28247,58.58813,107.82,-49.23187,0.5162,0.1572,NEUTRAL,prior-research-2026-09-29+NEUTRAL,True,-9.33334,0.68152,0.33333,-53.95667,-0.68909,-31.84797,16.90829,-2.46402,-8.79057,402.59027,255.98016,-1.72572,-0.05561,0.0,27.25997,-0.14381,0.91885,-0.64306,-0.03574,0.74518,1.07711,-1.14531,-0.24733,-0.48397,1.8584,0.87737,-0.60469,0.92503,-0.48018,0.9195,2026-09-28,False,,,,,,,,,,,,,
ERCB,Non-Energy Minerals,36.54,31314481.0022,49.45252,0.939,0.50328,93.43066,33.95347,73.72425,107.82,-34.09575,0.618,0.184,NEUTRAL,prior-research-2026-09-29+NEUTRAL,True,-40.07792,0.38023,0.33333,-49.45252,-0.939,-61.97711,17.25959,-17.46237,-20.87705,192.82023,204.28795,-2.5316,-1.63131,0.0,-50.81588,-1.55254,-0.85757,-1.06562,0.03437,-0.47723,-0.72647,-1.029,-0.85993,-1.00627,0.71332,0.73704,-0.59247,-1.59182,-0.70599,-1.32243,2026-09-28,False,,,,,,,,,,,,,
EREGL,Non-Energy Minerals,37.48,5348174090.67618,42.97661,1.07488,0.22622,71.53285,22.93747,59.4376,107.82,-48.3824,0.5041,0.1375,NEUTRAL,prior-research-2026-09-29+NEUTRAL,False,36.77622,0.84796,0.58333,-42.97661,-1.07488,-21.31222,22.40002,2.63594,2.98539,127.36287,92.3356,4.71572,-0.50549,1.46745,-11.51995,0.40024,1.43536,0.72743,0.43948,-1.09931,1.77223,1.96707,0.26312,0.35543,0.27595,-0.01747,0.07812,-0.59384,0.78072,-0.32636,2026-09-28,False,,,,,,,,,,,,,
ESCAR,Finance,17.9,84576245.0346,61.92973,0.68837,-0.71721,3.64964,22.89747,59.38572,107.82,-48.43428,0.4905,0.1601,NEUTRAL,prior-research-2026-09-29+NEUTRAL,True,138.15384,0.32136,0.66667,-61.92973,-0.68837,-67.86356,18.25316,-22.76129,-16.86587,81.98498,47.30537,-19.58398,-0.39419,2.01117,-6.7175,1.68293,-1.20711,1.36756,-0.94168,0.73102,-1.23325,0.19351,-1.86481,-1.87189,-0.67266,-0.20449,-2.45012,-0.26675,0.7195,-0.21744,2026-09-28,False,,,,,,,,,,,,,
ESCOM,Electronic Technology,4.34,111132050.03606,60.84518,0.82743,-0.06578,40.38929,22.89747,59.38572,107.82,-48.43428,0.4905,0.1601,NEUTRAL,prior-research-2026-09-29+NEUTRAL,False,90.84746,0.65263,0.58333,-60.84518,-0.82743,-36.99248,18.52623,47.88966,48.55879,141.27921,84.35845,99.4014,-0.0,0.0,567.00249,0.9611,0.53071,0.6344,-0.07405,0.25052,0.47171,-0.14008,1.79606,2.17697,0.99202,0.10273,2.10851,2.29294,-0.1906,1.80897,2026-09-28,False,,,,,,,,,,,,,
ESEN,Utilities,2.54,101921812.33171,43.55259,0.63533,-0.1009,35.52311,22.89747,59.38572,107.82,-48.43428,0.4905,0.1601,NEUTRAL,prior-research-2026-09-29+NEUTRAL,True,-73.06034,0.15621,0.25,-43.55259,-0.63533,-84.37884,18.43972,-4.23149,-12.12702,347.26151,32.68078,1.22766,-0.51345,0.0,-25.86669,-2.43925,-2.08302,-1.87865,0.52543,0.55279,-2.03066,0.15087,-0.469,-0.85256,0.92342,-0.54301,-0.40503,-0.54157,-0.73959,-0.58214,2026-09-28,False,,,,,,,,,,,,,
ETILR,Consumer Services,7.4,51354959.1645,70.97764,0.71357,0.42704,89.53771,22.28247,58.58813,107.82,-49.23187,0.5162,0.1572,NEUTRAL,prior-research-2026-09-29+NEUTRAL,True,27.59382,1.0,0.75,-70.97764,-0.71357,-25.26316,17.75427,-14.91654,-3.39188,28.93681,118.10852,11.27006,-1.20811,0.0,-27.35739,1.12498,3.0,2.64174,-1.23999,0.3622,1.50967,0.03607,-0.63282,-0.14459,-1.22393,0.60491,1.18314,-1.67056,-0.42857,-1.16539,2026-09-28,False,,,,,,,,,,,,,
ETYAT,Finance,11.06,11061691.73445,66.04701,0.32407,-0.57563,7.29927,22.89747,59.38572,107.82,-48.43428,0.4905,0.1601,NEUTRAL,prior-research-2026-09-29+NEUTRAL,True,92.05378,0.68398,0.58333,-66.04701,-0.32407,-53.18491,16.219,-13.99351,-1.47342,11.33293,10.29449,6.14456,-0.08154,0.0,6.8199,1.27621,0.41523,0.72159,-1.1719,2.23045,-0.54466,-2.40145,-1.4849,-1.00148,-2.56855,-1.264,-0.9382,0.55693,-1.02203,0.25459,2026-09-28,False,,,,,,,,,,,,,
EUPWR,Producer Manufacturing,55.35,1476382926.23964,81.90192,1.02399,-0.65333,4.86618,22.89747,59.38572,107.82,-48.43428,0.4905,0.1601,NEUTRAL,prior-research-2026-09-29+NEUTRAL,False,291.61098,0.52415,0.83333,-81.90192,-1.02399,-47.58523,21.11286,8.39946,2.54882,35.89358,42.4825,22.2869,-0.32947,0.0,49.8887,2.5745,0.1745,3.0,-1.64564,-0.881,0.18411,1.74618,0.5688,0.33862,-0.83308,-0.68537,1.05695,0.05391,-0.48018,1.19573,2026-09-28,False,,,,,,,,,,,,,
EUREN,Producer Manufacturing,2.88,93644054.16494,40.03548,0.82222,-0.03716,43.79562,22.89747,59.38572,107.82,-48.43428,0.4905,0.1601,NEUTRAL,prior-research-2026-09-29+NEUTRAL,False,-50.55487,0.31135,0.25,-40.03548,-0.82222,-68.86486,18.35501,0.65584,1.1661,200.93668,145.07848,5.42868,-0.16961,0.0,26.49919,-1.30033,-0.72923,-1.33392,0.9146,0.03716,-0.76522,0.47204,-0.05476,0.21673,1.00774,0.38804,0.0168,0.43254,-0.48018,0.88753,2026-09-28,False,,,,,,,,,,,,,
FADE,Consumer Non-Durables,11.28,35912040.08205,46.21909,0.7186,-0.0232,44.52555,22.89747,59.38572,107.82,-48.43428,0.4905,0.1601,NEUTRAL,prior-research-2026-09-29+NEUTRAL,False,8.31118,0.594,0.58333,-46.21909,-0.7186,-40.60032,17.39658,3.11406,6.21542,228.47201,114.60761,9.78946,-0.06115,0.0,18.35616,0.33701,0.21567,0.84817,0.22821,0.30288,0.33829,-0.44714,-0.0123,0.31482,0.63435,-0.20582,0.19985,0.85194,-0.80094,0.6556,2026-09-28,False,,,,,,,,,,,,,
FENER,Consumer Services,2.31,323703955.36441,56.684,0.91098,-0.45383,11.67883,22.89747,59.38572,107.82,-48.43428,0.4905,0.1601,NEUTRAL,prior-research-2026-09-29+NEUTRAL,True,-68.98855,0.19059,0.25,-56.684,-0.91098,-80.94059,19.59534,-152.90214,-29.00951,47.50349,89.20414,-56.27748,-0.94737,0.0,26.19956,-1.33024,-1.51553,-1.23357,-0.37287,-0.75529,-1.42214,1.2007,-2.19653,-1.21052,-0.76644,0.3276,-1.39997,-1.50266,-0.42857,0.83407,2026-09-28,False,,,,,,,,,,,,,
FLAP,Consumer Services,12.37,9560230.74411,57.32678,0.77881,0.45646,90.99757,33.95347,73.72425,107.82,-34.09575,0.618,0.184,NEUTRAL,prior-research-2026-09-29+NEUTRAL,True,7.56219,0.77312,0.58333,-57.32678,-0.77881,-39.3125,16.07312,-6.31201,-5.52503,97.35727,31.55381,-2.80884,-0.08582,0.56049,-32.681,0.76838,1.09614,1.25034,-0.40003,-0.08166,0.4935,-2.53733,-0.21333,-0.28305,0.10805,-0.49134,-0.00863,0.11853,0.78886,-1.30014,2026-09-28,False,,,,,,,,,,,,,
FMIZP,Producer Manufacturing,272.5,13364694.0,37.30858,0.85826,0.21649,69.82968,22.25747,58.55571,107.82,-49.26429,0.4967,0.1457,NEUTRAL,prior-research-2026-09-29+NEUTRAL,False,-1.99786,0.75966,0.41667,-37.30858,-0.85826,-27.93658,16.40813,21.79471,3.62751,18.11246,19.48089,15.66662,-0.016,1.74533,-3.13007,0.01282,1.23688,-0.02274,1.10502,-0.13421,1.33972,-1.96593,1.23138,0.42633,-1.41077,-1.29565,0.7175,1.40774,1.18291,-0.1783,2026-09-28,False,,,,,,,,,,,,,
FONET,Technology Services,4.21,101221049.89171,50.35737,0.77569,-0.24948,23.11436,22.89747,59.38572,107.82,-48.43428,0.4905,0.1601,NEUTRAL,prior-research-2026-09-29+NEUTRAL,False,108.48299,0.67794,0.66667,-50.35737,-0.77569,-34.94364,18.43282,16.78262,7.31225,54.57946,25.96857,26.09632,-0.02805,0.0,71.00776,1.39446,0.52874,1.58652,0.39719,0.53018,0.60006,0.27487,0.64299,0.57192,-0.30184,-0.37946,0.96309,0.47079,-0.33384,1.46624,2026-09-28,False,,,,,,,,,,,,,
FORMT,Non-Energy Minerals,0.98,33441199.41108,32.14163,0.47864,-0.0274,44.28224,22.89747,59.38572,107.82,-48.43428,0.4905,0.1601,NEUTRAL,prior-research-2026-09-29+NEUTRAL,True,-58.5608,0.22897,0.16667,-32.14163,-0.47864,-77.1028,17.3253,-4.82593,-9.97627,248.875,85.00989,-14.37513,-0.12555,0.0,-2.08198,-1.98519,-1.57601,-2.42852,1.59805,1.82505,-1.48476,-0.908,-0.24805,-0.56403,1.01107,-0.07093,-1.14737,0.27982,-0.70599,0.08487,2026-09-28,False,,,,,,,,,,,,,
FORTE,Technology Services,92.0,173395545.89898,54.23,0.67396,-0.11926,34.06326,22.89747,59.38572,107.82,-48.43428,0.4905,0.1601,NEUTRAL,prior-research-2026-09-29+NEUTRAL,False,76.08217,0.64336,0.66667,-54.23,-0.67396,-35.66434,18.97109,131.43685,42.20018,51.94071,63.17514,27.09712,-0.79724,0.0,100.3384,1.08045,0.384,1.58652,0.16288,1.13275,0.5123,0.55562,2.41012,2.04495,-0.37943,0.28763,0.97383,-1.40285,-0.33384,1.59896,2026-09-28,False,,,,,,,,,,,,,
FRIGO,Consumer Non-Durables,1.44,82221196.55516,66.80555,0.39184,-0.44733,12.40876,22.89747,59.38572,107.82,-48.43428,0.4905,0.1601,NEUTRAL,prior-research-2026-09-29+NEUTRAL,True,42.78185,0.39888,0.58333,-66.80555,-0.39184,-60.11154,18.22492,-8.67662,-8.82396,126.17353,103.47783,-12.33121,-0.32463,0.0,-14.46095,0.96477,-0.62549,0.84817,-1.03174,1.72647,-0.54961,0.38319,-0.80866,-0.89378,-0.02205,-0.29425,-1.34178,0.02772,-0.80094,-0.57067,2026-09-28,False,,,,,,,,,,,,,
FROTO,Consumer Durables,74.95,1731040773.62283,31.96257,1.00794,0.03653,49.87835,22.89747,59.38572,107.82,-48.43428,0.4905,0.1601,NEUTRAL,prior-research-2026-09-29+NEUTRAL,False,-10.49754,0.57723,0.33333,-31.96257,-1.00794,-42.50781,21.27199,18.75488,11.39704,68.54325,323.8023,3.29877,-0.93768,12.92862,-7.67296,-0.19132,0.08093,-0.43808,1.50793,-0.68933,0.15287,1.37358,1.9316,1.74179,-0.28723,0.42875,0.3999,0.16083,2.52247,-0.09694,2026-09-28,False,,,,,,,,,,,,,
FZLGY,Consumer Durables,5.29,208480943.95714,64.03077,0.96731,-0.83865,2.18978,22.89747,59.38572,107.82,-48.43428,0.4905,0.1601,NEUTRAL,prior-research-2026-09-29+NEUTRAL,True,-32.55814,0.28228,0.33333,-64.03077,-0.96731,-71.77161,19.15536,-20.36247,-13.05868,68.56323,63.97358,-8.76319,-0.31024,0.0,1167.55015,-0.90661,-1.20216,-0.43808,-0.98743,-0.553,-1.1611,0.46497,-0.42228,-0.16824,-0.27994,-1.06582,-0.47308,1.11525,-0.88324,2.66313,2026-09-28,False,,,,,,,,,,,,,
GARAN,Finance,129.39999,3928372753.75,37.8435,1.21558,0.23093,72.01946,22.93747,59.4376,107.82,-48.3824,0.5041,0.1375,NEUTRAL,prior-research-2026-09-29+NEUTRAL,False,4.66691,0.81593,0.58333,-37.8435,-1.21558,-24.33375,22.09149,27.66141,22.13859,89.54497,206.01857,24.95417,-1.36053,4.07024,-3.11995,0.01608,1.10577,0.72159,0.62055,-1.68469,1.17695,1.95993,0.97445,0.77565,-0.56598,1.06225,0.13119,-1.39889,1.13394,-0.06223,2026-09-28,False,,,,,,,,,,,,,
GARFA,Finance,22.5,27182913.25761,40.67957,0.85868,0.31232,80.53528,22.28247,58.58813,107.82,-49.23187,0.5162,0.1572,NEUTRAL,prior-research-2026-09-29+NEUTRAL,False,8.32,0.63096,0.58333,-40.67957,-0.85868,-36.90409,17.1181,48.15993,29.32853,75.29907,158.12206,91.33618,-5.68177,0.0,64.1283,0.11736,0.13485,0.72159,0.43619,-0.17003,0.25011,-1.01691,1.54106,0.98192,-0.78208,0.8083,1.36952,-2.28741,-1.02203,1.36728,2026-09-28,False,,,,,,,,,,,,,
GEDIK,Finance,4.98,46662759.95428,56.19514,0.6718,0.12048,60.09732,22.25747,58.55571,107.82,-49.26429,0.4967,0.1457,NEUTRAL,prior-research-2026-09-29+NEUTRAL,False,-11.65481,0.64844,0.5,-56.19514,-0.6718,-35.28646,17.65846,26.21295,16.70679,81.78975,121.16965,62.47985,-2.92616,7.53012,34.32877,-0.47475,0.28155,0.12774,-0.59839,0.82555,0.42086,-0.31822,0.92554,0.54603,-0.69293,0.57545,0.83171,-1.78538,1.73159,1.1081,2026-09-28,False,,,,,,,,,,,,,
GENIL,Health Technology,6.62,363393081.10252,63.12347,0.54617,-0.34137,17.27494,22.89747,59.38572,107.82,-48.43428,0.4905,0.1601,NEUTRAL,prior-research-2026-09-29+NEUTRAL,False,-13.04152,0.45891,0.41667,-63.12347,-0.54617,-54.10877,19.711,11.20394,4.13496,44.6204,79.77348,11.13136,-0.40814,0.7311,18.98698,-0.3095,-0.1774,0.05359,-0.68112,1.01745,-0.06819,1.13834,0.66447,0.44626,-1.27225,0.17272,0.71711,-0.48404,0.83889,0.58146,2026-09-28,False,,,,,,,,,,,,,
GEREL,Producer Manufacturing,26.34,262753865.62906,69.78893,0.97142,-0.15955,30.90024,22.89747,59.38572,107.82,-48.43428,0.4905,0.1601,NEUTRAL,prior-research-2026-09-29+NEUTRAL,False,84.52721,0.5633,0.5,-69.78893,-0.97142,-46.15055,19.38673,25.9053,6.26336,46.54115,30.06036,22.13267,-0.5872,0.0,-1.70683,1.41939,0.31459,0.55615,-0.97368,-0.72272,0.26019,1.01214,1.50809,0.72962,-0.61853,-0.92766,1.03773,-0.42121,-0.48018,-0.14624,2026-09-28,False,,,,,,,,,,,,,
GESAN,Electronic Technology,43.48,762374224.87056,75.56774,1.03807,-0.08011,38.68613,22.89747,59.38572,107.82,-48.43428,0.4905,0.1601,NEUTRAL,prior-research-2026-09-29+NEUTRAL,False,114.56601,0.46453,0.66667,-75.56774,-1.03807,-53.54701,20.45195,11.78163,8.55765,87.20692,106.15337,18.08195,-0.46586,0.0,-5.08713,1.16781,-0.33988,1.28038,-1.0482,-0.74627,-0.35692,0.75774,0.43731,0.46917,0.46233,0.331,0.29444,-0.16578,-0.1906,-0.50197,2026-09-28,False,,,,,,,,,,,,,
GIPTA,Producer Manufacturing,33.0,190164697.23354,78.44209,0.82803,-0.3523,16.3017,22.89747,59.38572,107.82,-48.43428,0.4905,0.1601,NEUTRAL,prior-research-2026-09-29+NEUTRAL,True,-22.39078,0.24309,0.33333,-78.44209,-0.82803,-76.79589,19.0634,-8.22629,-6.36268,85.95503,52.0594,13.00581,-0.0402,7.84952,-12.90279,-0.5536,-1.0656,-0.64306,-1.46292,-0.00688,-1.16423,0.87644,-0.67548,-0.30233,0.12014,-0.4846,0.57791,1.04021,2.33726,-0.62837,2026-09-28,False,,,,,,,,,,,,,
GLCVY,Finance,41.84,24421960.46133,38.36602,0.83166,0.34867,83.21168,22.28247,58.58813,107.82,-49.23187,0.5162,0.1572,NEUTRAL,prior-research-2026-09-29+NEUTRAL,False,-11.87061,0.52607,0.33333,-38.36602,-0.83166,-47.39301,17.01099,39.86844,24.67215,71.59064,140.74555,47.59539,-1.47483,5.98798,-5.00003,-0.49547,-0.3171,-1.07146,0.57635,-0.04887,-0.29743,-1.1002,1.31121,0.84437,-0.86677,0.69656,0.60518,-1.4748,1.47115,-0.15238,2026-09-28,False,,,,,,,,,,,,,
GLRMK,Industrial Services,141.0,643808528.0,55.26479,1.0568,0.02317,48.6618,22.89747,59.38572,107.82,-48.43428,0.4905,0.1601,NEUTRAL,prior-research-2026-09-29+NEUTRAL,False,1.23734,0.57575,0.5,-55.26479,-1.0568,-43.77297,20.28291,17.07576,8.01175,63.26096,109.14577,10.11927,-0.63296,0.0,20.93393,-0.81099,-0.5163,-0.38723,-0.03545,-1.26018,-0.33596,0.75421,1.10446,0.84858,-0.08416,0.85262,0.30043,-0.95686,-0.49144,0.84572,2026-09-28,False,,,,,,,,,,,,,
GLRYH,Finance,1.76,24079798.50369,50.40501,0.91369,0.85893,99.75669,39.69947,81.17624,107.82,-26.64376,0.596,0.1848,NEUTRAL,prior-research-2026-09-29+NEUTRAL,False,-21.95122,0.35556,0.25,-50.40501,-0.91369,-64.44444,16.99688,7.86773,35.36515,547.05087,723.61593,81.27249,-0.71001,0.0,-61.47433,-0.7706,-1.06573,-1.76232,-0.25274,-0.51236,-1.05637,-1.14456,-0.07245,1.18149,1.86739,2.14725,1.12576,-0.79477,-1.02203,-1.67987,2026-09-28,False,,,,,,,,,,,,,
GLYHO,Finance,15.67,49889329.98619,41.78891,0.84338,0.42958,89.78102,22.28247,58.58813,107.82,-49.23187,0.5162,0.1572,NEUTRAL,prior-research-2026-09-29+NEUTRAL,False,89.59733,0.83663,0.58333,-41.78891,-0.84338,-19.00694,17.72532,42.31324,18.9871,54.37484,101.46231,25.11467,-4.73021,0.40908,-8.37901,1.24829,1.1871,0.72159,0.32239,-0.09957,1.88941,-0.27237,1.3991,0.66775,-1.16788,0.39066,0.14166,-2.09455,0.16044,-0.29003,2026-09-28,False,,,,,,,,,,,,,
GMTAS,Retail Trade,46.1,94443010.70595,60.81581,0.49443,-0.59371,6.32603,22.89747,59.38572,107.82,-48.43428,0.4905,0.1601,NEUTRAL,prior-research-2026-09-29+NEUTRAL,True,151.84261,0.89515,0.75,-60.81581,-0.49443,-22.77158,18.36351,-2.32259,-0.67188,31.32844,44.02885,8.01037,-0.0259,0.64729,40.7966,1.40279,1.0946,1.86293,-1.06191,1.2757,0.70209,0.03002,-0.16535,-0.0477,-1.07632,-1.72647,0.58965,1.21207,0.1607,1.26703,2026-09-28,False,,,,,,,,,,,,,
GOKNR,Consumer Non-Durables,14.98,81464032.19602,50.93446,0.78906,0.27285,76.88564,22.93747,59.4376,107.82,-48.3824,0.5041,0.1375,NEUTRAL,prior-research-2026-09-29+NEUTRAL,False,-18.97388,0.5653,0.33333,-50.93446,-0.78906,-43.46992,18.21567,4.14942,8.13251,228.05721,304.62973,9.80681,-0.33052,4.42881,-15.07848,-0.46584,0.07667,-0.94488,-0.06397,-0.12963,0.19213,0.36391,0.04741,0.53637,0.61614,0.69116,0.20702,0.00123,1.40399,-0.60813,2026-09-28,False,,,,,,,,,,,,,
GOLTS,Non-Energy Minerals,264.75,24636153.375,25.93035,0.7056,0.5705,96.10706,39.69947,81.17624,107.82,-26.64376,0.596,0.1848,NEUTRAL,prior-research-2026-09-29+NEUTRAL,False,-10.55371,0.68405,0.33333,-25.93035,-0.7056,-33.53322,17.01973,5.97153,12.80299,249.76725,163.89181,5.65713,-0.22795,1.57381,5.45828,-0.64935,0.53079,-1.06562,2.25327,0.79118,0.72925,-1.20497,0.59093,1.33394,1.0309,0.52379,0.1353,0.01958,0.86153,0.29717,2026-09-28,False,,,,,,,,,,,,,
GOODY,Consumer Durables,2.13,31863534.85994,47.07178,0.56736,0.10144,56.691,22.25747,58.55571,107.82,-49.26429,0.4967,0.1457,NEUTRAL,prior-research-2026-09-29+NEUTRAL,True,-16.7628,0.54258,0.58333,-47.07178,-0.56736,-45.74156,17.27697,-117.77051,-100.49464,50.66114,868.4724,-2.13893,-2.26029,0.0,-12.06648,-0.41213,-0.09613,1.35497,0.08075,1.42055,-0.03029,-1.14528,-1.58834,-1.61856,-0.65002,1.17144,-0.07497,-0.47174,-0.88324,-0.34306,2026-09-28,False,,,,,,,,,,,,,
GOZDE,Finance,19.37,36081372.20045,41.63382,0.95331,0.08357,54.0146,22.25747,58.55571,107.82,-49.26429,0.4967,0.1457,NEUTRAL,prior-research-2026-09-29+NEUTRAL,True,6.64767,0.68108,0.41667,-41.63382,-0.95331,-36.28692,17.40129,-23.18598,-83.19626,373.05008,0.35081,-23531.59305,-0.05021,0.0,-128.91188,0.04762,0.40076,-0.45115,0.352,-0.68416,0.29854,-0.6474,-1.89707,-2.92147,1.0001,-2.29435,-3.0,0.77182,-1.02203,-2.53188,2026-09-28,False,,,,,,,,,,,,,
GRSEL,Consumer Services,260.0,115862332.0,36.72966,0.63702,0.11115,58.39416,22.25747,58.55571,107.82,-49.26429,0.4967,0.1457,NEUTRAL,prior-research-2026-09-29+NEUTRAL,False,-6.43689,0.65791,0.41667,-36.72966,-0.63702,-34.20886,18.56791,30.75266,12.6626,53.1146,47.51904,31.21898,-0.03072,0.56561,1.86844,0.36185,0.61266,0.0776,1.03654,0.69744,0.88462,0.74589,1.94369,1.31829,-0.63966,-0.13294,2.05358,0.51172,0.79767,-0.06743,2026-09-28,False,,,,,,,,,,,,,
GRTHO,Distribution Services,123.0,202478236.585,71.02014,0.80065,-0.60487,5.83942,22.89747,59.38572,107.82,-48.43428,0.4905,0.1601,NEUTRAL,prior-research-2026-09-29+NEUTRAL,False,-55.52336,0.1823,0.41667,-71.02014,-0.80065,-84.34883,19.12614,22.87154,11.68058,62.69208,44.95109,10.36077,-0.09681,0.7302,19.34913,-1.63768,-1.34192,-0.34923,-0.89133,-0.59574,-1.5342,1.23789,0.70578,0.66438,-0.18403,-1.16796,0.33903,0.48955,0.86594,0.71581,2026-09-28,False,,,,,,,,,,,,,
GSDDE,Transportation,11.58,54423760.30935,69.826,0.91389,0.05754,51.82482,22.25747,58.55571,107.82,-49.26429,0.4967,0.1457,NEUTRAL,prior-research-2026-09-29+NEUTRAL,False,38.81049,0.66552,0.41667,-69.826,-0.91389,-33.44827,17.81231,17.39877,29.65297,206.81757,36.39505,27.88786,-0.41928,0.0,-4.89598,0.60848,-0.15397,-0.34659,-1.41689,-0.55268,0.14576,-0.75133,0.60098,1.22197,0.54273,-0.97194,0.60122,0.5852,-0.85802,-0.15444,2026-09-28,False,,,,,,,,,,,,,
GSDHO,Transportation,4.12,57274878.4848,53.53411,0.78243,0.28825,77.12895,22.93747,59.4376,107.82,-48.3824,0.5041,0.1375,NEUTRAL,prior-research-2026-09-29+NEUTRAL,False,8.07175,0.62424,0.58333,-53.53411,-0.78243,-38.78788,17.86337,1.96939,6.26864,402.64179,168.16589,51.27496,-0.54382,0.0,-16.70552,0.05722,-0.40196,0.82615,-0.42221,0.1316,-0.23846,-0.68136,-0.44601,-0.08337,1.35499,0.35205,1.05103,0.374,-0.85802,-0.67746,2026-09-28,False,,,,,,,,,,,,,
GSRAY,Consumer Services,0.81,169444115.77531,30.00774,0.62651,0.01512,47.44526,22.89747,59.38572,107.82,-48.43428,0.4905,0.1601,NEUTRAL,prior-research-2026-09-29+NEUTRAL,False,-18.9781,0.52597,0.33333,-30.00774,-0.62651,-47.4026,18.94803,4.47213,4.41771,157.7725,178.5437,-7.36707,-0.17264,0.0,54.84689,-0.01677,-0.02683,-0.54271,1.79312,0.79154,0.09952,0.90112,0.53041,0.50574,0.66275,0.99068,-0.20652,-0.22575,-0.42857,1.18302,2026-09-28,False,,,,,,,,,,,,,
GUBRF,Process Industries,442.25,1243086078.5,51.41519,1.22121,-0.14933,31.38686,22.89747,59.38572,107.82,-48.43428,0.4905,0.1601,NEUTRAL,prior-research-2026-09-29+NEUTRAL,False,80.181,0.71619,0.58333,-51.41519,-1.22121,-35.46559,20.94086,24.81766,5.18205,28.07355,43.19455,19.26327,-0.24737,0.0,-12.53402,1.20736,0.69435,1.11028,0.01141,-1.76439,0.54153,1.88645,1.49263,0.34039,-1.19658,-0.49639,1.14439,0.1061,-0.58521,-0.59282,2026-09-28,False,,,,,,,,,,,,,
GWIND,Utilities,20.4,80729501.71908,38.96675,0.80509,0.26695,76.15572,22.93747,59.4376,107.82,-48.3824,0.5041,0.1375,NEUTRAL,prior-research-2026-09-29+NEUTRAL,False,2.8065,0.64272,0.41667,-38.96675,-0.80509,-35.72779,18.20661,14.34481,19.68261,164.13427,24.64174,27.60185,-0.18254,3.14089,-21.19196,-0.24039,0.21052,-0.56748,0.86464,-0.35454,0.41915,-0.09292,0.81907,1.47733,0.10664,-0.75153,1.23453,0.17404,1.23941,-0.45928,2026-09-28,False,,,,,,,,,,,,,
GZNMI,Consumer Services,30.02,66917497.70548,67.61966,1.23687,-0.10893,34.54988,22.89747,59.38572,107.82,-48.43428,0.4905,0.1601,NEUTRAL,prior-research-2026-09-29+NEUTRAL,True,-76.05159,0.10142,0.41667,-67.61966,-1.23687,-89.85811,18.01897,-22.5988,-14.79468,69.61454,171.83169,-3.54971,-0.91279,0.0,0.517,-1.64355,-1.94701,0.0776,-1.03892,-2.0719,-1.87632,0.30964,-0.93211,-0.77885,-0.31878,0.96643,-0.03796,-1.47201,-0.42857,-0.11238,2026-09-28,False,,,,,,,,,,,,,
HALKB,Finance,45.12,1645773672.80232,61.14998,1.19384,0.12921,61.07056,22.25747,58.55571,107.82,-49.26429,0.4967,0.1457,NEUTRAL,prior-research-2026-09-29+NEUTRAL,False,77.7178,0.83017,0.5,-61.14998,-1.19384,-35.571,21.22148,15.23186,9.9334,72.32832,346.04114,11.16581,-4.70571,0.0,-5.60645,1.0747,1.1591,0.12774,-0.87248,-1.63194,0.37683,1.63741,0.3433,0.12072,-0.83116,1.57772,-0.5744,-2.05534,-1.02203,-0.18482,2026-09-28,False,,,,,,,,,,,,,
HATSN,Producer Manufacturing,33.38,219518110.37416,86.4892,0.92545,-0.38043,15.32847,22.89747,59.38572,107.82,-48.43428,0.4905,0.1601,NEUTRAL,prior-research-2026-09-29+NEUTRAL,True,82.17864,0.38236,0.5,-86.4892,-0.92545,-61.76403,19.20695,-12.84212,-10.42522,92.92194,57.71744,-17.80948,-0.13476,0.0,-28.20402,1.38261,-0.44628,0.55615,-1.86757,-0.50536,-0.43439,0.95964,-0.81543,-0.55972,0.22589,-0.38611,-1.38657,0.55011,-0.48018,-1.14355,2026-09-28,False,,,,,,,,,,,,,
HDFGS,Finance,0.98,107446713.45571,70.70778,1.08653,-0.06981,39.41606,22.89747,59.38572,107.82,-48.43428,0.4905,0.1601,NEUTRAL,prior-research-2026-09-29+NEUTRAL,False,2.02429,0.16252,0.33333,-70.70778,-1.08653,-83.74793,18.49251,17.37283,55.09754,429.78764,30.91526,329.39036,-0.00067,0.0,-51.49206,-0.07837,-1.97261,-1.07146,-1.48628,-1.33303,-1.97894,0.42717,0.45479,1.80085,1.21778,-0.56449,1.95048,1.54375,-1.02203,-1.4866,2026-09-28,False,,,,,,,,,,,,,
HEKTS,Process Industries,2.08,961246486.37841,63.38969,1.31534,-0.22604,26.03406,22.89747,59.38572,107.82,-48.43428,0.4905,0.1601,NEUTRAL,prior-research-2026-09-29+NEUTRAL,True,-15.88236,0.43064,0.33333,-63.38969,-1.31534,-56.93582,20.68374,-30.70515,-27.37034,93.51244,37.04563,-32.0823,-0.79289,0.0,-16.60885,-0.50391,-0.55172,-0.68277,-0.73757,-2.11593,-0.53994,1.79752,-1.49863,-1.41897,0.09832,-0.62434,-1.45397,-0.7994,-0.58521,-0.71979,2026-09-28,False,,,,,,,,,,,,,
HKTM,Producer Manufacturing,9.5,55093939.07806,61.53235,0.79808,0.18607,66.18005,22.25747,58.55571,107.82,-49.26429,0.4967,0.1457,NEUTRAL,prior-research-2026-09-29+NEUTRAL,True,14.65649,0.57927,0.5,-61.53235,-0.79808,-42.07317,17.82455,-21.95048,-21.80904,109.23123,84.6277,4.07581,-0.54738,0.0,-23.13691,0.49598,0.43455,0.55615,-0.46427,0.13743,0.46871,0.03007,-1.23558,-0.99746,0.42877,-0.11522,-0.09832,-0.35363,-0.48018,-1.00342,2026-09-28,False,,,,,,,,,,,,,
HLGYO,Finance,3.93,96271392.16352,37.41512,0.81105,0.05283,51.3382,22.25747,58.55571,107.82,-49.26429,0.4967,0.1457,NEUTRAL,prior-research-2026-09-29+NEUTRAL,False,35.28393,0.65548,0.58333,-37.41512,-0.81105,-34.4519,18.38268,23.73976,85.2771,440.32658,135.34653,20.13946,-0.28514,22.88172,141.09114,0.56521,0.30215,0.72159,0.6571,0.05168,0.466,0.33163,0.78078,2.22456,1.30815,0.6461,-0.05373,-0.06114,3.0,1.63977,2026-09-28,False,,,,,,,,,,,,,
HOROZ,Transportation,44.1,69100414.85439,60.92294,0.90854,-0.13653,32.60341,22.89747,59.38572,107.82,-48.43428,0.4905,0.1601,NEUTRAL,prior-research-2026-09-29+NEUTRAL,True,-1.05605,0.47216,0.33333,-60.92294,-0.90854,-52.78373,18.05107,-1.57077,-1.54041,110.54825,356.11895,-0.73468,-1.21536,0.0,20.13612,-0.23962,-1.0117,-0.9669,-0.84273,-0.50134,-0.89903,-0.51665,-0.65598,-0.79756,-0.0736,1.13449,-1.1659,-0.34495,-0.85802,0.73834,2026-09-28,False,,,,,,,,,,,,,
HRKET,Transportation,8.25,191603212.05279,66.58333,0.55352,-0.49852,10.21898,22.89747,59.38572,107.82,-48.43428,0.4905,0.1601,NEUTRAL,prior-research-2026-09-29+NEUTRAL,True,23.25728,0.879,0.58333,-66.58333,-0.55352,-39.1172,19.07094,-17.5686,-10.23045,62.5691,52.19471,4.10838,-0.84762,0.0,32.92104,0.3525,1.02497,0.82615,-1.193,1.27964,-0.25817,0.12227,-1.55432,-1.37013,-0.79028,-0.63491,-0.71505,-0.02494,-0.85802,1.05847,2026-09-28,False,,,,,,,,,,,,,
HTTBT,Technology Services,30.7,17772026.11907,34.75006,0.84727,0.22516,71.04623,22.93747,59.4376,107.82,-48.3824,0.5041,0.1375,NEUTRAL,prior-research-2026-09-29+NEUTRAL,False,-23.72881,0.61498,0.41667,-34.75006,-0.84727,-39.14263,16.69314,13.75316,4.46461,36.34768,20.98714,19.14295,-0.05165,0.0,8.07194,-0.81724,0.20102,-0.23219,1.7343,0.19023,0.27405,-1.68219,0.5096,0.23771,-0.69109,-0.60249,0.67497,0.24116,-0.33384,0.34349,2026-09-28,False,,,,,,,,,,,,,
HUNER,Utilities,4.4,137476031.663,49.61682,0.64978,0.35693,84.18491,22.28247,58.58813,107.82,-49.23187,0.5162,0.1572,NEUTRAL,prior-research-2026-09-29+NEUTRAL,True,10.30641,1.0,0.5,-49.61682,-0.64978,-25.38071,18.73896,-6.91801,-7.93839,115.50724,21.03684,20.00188,-0.44237,0.0,-33.66744,-0.00596,2.77001,0.01141,0.13483,0.49935,1.17122,0.30639,-0.62613,-0.67666,-0.28847,-0.88299,0.96727,-0.3999,-0.73959,-0.7802,2026-09-28,False,,,,,,,,,,,,,
HURGZ,Consumer Services,5.4,52291441.15862,62.47715,0.73041,-0.16978,29.44039,22.89747,59.38572,107.82,-48.43428,0.4905,0.1601,NEUTRAL,prior-research-2026-09-29+NEUTRAL,True,1.39665,0.56485,0.33333,-62.47715,-0.73041,-43.51465,17.77234,-64.45246,-45.27994,62.14232,38.74968,-72.71246,-0.0255,0.0,-19.49238,0.57921,0.11936,-0.54271,-0.71715,0.27059,0.27642,0.05541,-1.60512,-1.40367,-0.4527,-0.33128,-1.45818,0.58528,-0.42857,-0.92154,2026-09-28,False,,,,,,,,,,,,,
ICBCT,Finance,15.84,37464953.9855,60.25065,0.74636,0.33405,81.75182,22.28247,58.58813,107.82,-49.23187,0.5162,0.1572,NEUTRAL,prior-research-2026-09-29+NEUTRAL,False,21.8543,0.60923,0.41667,-60.25065,-0.74636,-39.07692,17.43892,49.86481,19.34724,48.12233,88.49755,48.755,-12.96179,0.0,-20.11343,0.37302,0.01885,-0.45115,-0.79874,0.42091,0.12288,-0.60248,1.58289,0.68235,-1.3006,0.24999,0.62185,-3.0,-1.02203,-0.77738,2026-09-28,False,,,,,,,,,,,,,
ICUGS,Finance,1.63,58406631.18382,82.97739,1.1619,-0.45964,11.19221,22.89747,59.38572,107.82,-48.43428,0.4905,0.1601,NEUTRAL,prior-research-2026-09-29+NEUTRAL,False,73.35526,0.23657,0.5,-82.97739,-1.1619,-76.34253,17.88294,,,89.32733,,,-0.11525,0.0,,1.04143,-1.61065,0.12774,-2.11559,-1.49609,-1.59653,-0.06752,0.0,0.0,-0.57921,0.0,0.0,0.40019,-1.02203,0.0,2026-09-28,False,,,,,,,,,,,,,
IHGZT,Consumer Services,0.98,14751195.85073,37.52379,0.90834,0.77726,99.51338,39.69947,81.17624,107.82,-26.64376,0.596,0.1848,NEUTRAL,prior-research-2026-09-29+NEUTRAL,False,-30.11363,0.47343,0.33333,-37.52379,-0.90834,-52.657,16.50683,4.65542,23.61906,597.67938,334.20077,-4.39283,-0.06326,0.0,1.70805,-0.34615,-0.21043,-0.54271,0.92028,-0.72624,-0.11456,-1.66333,0.5704,1.83571,2.81036,1.58639,-0.04788,0.2301,-0.42857,-0.07386,2026-09-28,False,,,,,,,,,,,,,
IHLAS,Finance,0.9,75811793.7463,61.52399,0.80001,-0.36354,15.57178,22.89747,59.38572,107.82,-48.43428,0.4905,0.1601,NEUTRAL,prior-research-2026-09-29+NEUTRAL,True,-69.27374,0.23684,0.33333,-61.52399,-0.80001,-76.31579,18.14376,-78.02669,-121.28521,144.94944,723.20863,-24.83313,-0.88858,0.0,47.64247,-2.0976,-1.59336,-1.07146,-0.89522,0.09553,-1.58038,0.10367,-2.56747,-3.0,-0.02812,2.11619,-2.64558,-0.98235,-1.02203,1.29066,2026-09-28,False,,,,,,,,,,,,,
IMASM,Producer Manufacturing,1.52,38081123.54977,47.07898,1.0736,0.26748,76.39903,22.93747,59.4376,107.82,-48.3824,0.5041,0.1375,NEUTRAL,prior-research-2026-09-29+NEUTRAL,True,-42.36453,0.2585,0.16667,-47.07898,-1.0736,-74.14966,17.45523,-19.56558,-43.05868,249.16623,198.80086,4.24326,-0.18249,0.0,-3.85416,-1.1515,-0.97151,-2.00596,0.40103,-1.19788,-1.00377,-0.37762,-1.20569,-1.35027,1.29942,0.67333,-0.0621,0.4054,-0.48018,-0.21043,2026-09-28,False,,,,,,,,,,,,,
INDES,Distribution Services,10.39,59727157.94741,41.19907,0.91239,0.52281,94.16058,33.95347,73.72425,107.82,-34.09575,0.618,0.184,NEUTRAL,prior-research-2026-09-29+NEUTRAL,False,52.16228,0.83735,0.58333,-41.19907,-0.91239,-21.34232,17.9053,12.5281,11.41705,108.0,1497.50521,4.07785,-0.80504,2.09177,31.47036,0.9268,1.71039,0.8235,1.01505,-1.17634,2.0698,0.46035,0.18472,0.65481,0.47253,1.81102,-0.13843,-0.89758,1.33289,1.0471,2026-09-28,False,,,,,,,,,,,,,
INTEM,Producer Manufacturing,198.39999,11522794.5,40.91264,1.16897,0.12043,59.85401,22.25747,58.55571,107.82,-49.26429,0.4967,0.1457,NEUTRAL,prior-research-2026-09-29+NEUTRAL,False,-4.83721,0.40886,0.41667,-40.91264,-1.16897,-59.11386,16.25984,5.61931,1.35603,28.03458,54.47338,15.3584,-0.07501,0.0,8.08772,-0.03871,-0.32211,-0.02274,0.84367,-1.5089,-0.30744,-2.14758,0.37285,0.25071,-1.07807,-0.46324,0.67796,0.81017,-0.48018,0.19833,2026-09-28,False,,,,,,,,,,,,,
INVEO,Finance,5.84,30807720.24033,45.31863,0.88058,0.23773,72.9927,22.93747,59.4376,107.82,-48.3824,0.5041,0.1375,NEUTRAL,prior-research-2026-09-29+NEUTRAL,False,-33.52008,0.5096,0.33333,-45.31863,-0.88058,-49.04014,17.24328,,,220.03917,,,-0.50193,0.0,,-1.17874,-0.38811,-1.07146,0.07303,-0.28147,-0.39984,-0.91187,0.0,0.0,0.40228,0.0,0.0,-0.50208,-1.02203,0.0,2026-09-28,False,,,,,,,,,,,,,
INVES,Finance,694.0,43896767.0,47.93242,0.0255,-0.48116,10.46229,22.89747,59.38572,107.82,-48.43428,0.4905,0.1601,NEUTRAL,prior-research-2026-09-29+NEUTRAL,False,173.5613,0.8098,0.66667,-47.93242,-0.0255,-41.71598,17.59735,35.32312,7.927,29.19233,-0.00605,,-0.0,0.0,-140.90666,1.85874,1.04341,1.36756,-0.0887,3.0,-0.01918,-0.38476,1.21033,-0.11669,-1.77126,-2.61319,0.0,2.02761,-1.02203,-2.71028,2026-09-28,False,,,,,,,,,,,,,
ISCTR,Finance,12.96,6949736737.19231,40.80237,1.3219,0.23058,71.77616,22.93747,59.4376,107.82,-48.3824,0.5041,0.1375,NEUTRAL,prior-research-2026-09-29+NEUTRAL,False,3.38245,0.74455,0.66667,-40.80237,-1.3219,-30.9452,22.66197,16.67947,19.43924,140.13735,365.59322,18.77893,-3.18825,4.16297,-4.8567,-0.0343,0.67365,1.36756,0.42055,-2.1237,0.6609,2.20657,0.39784,0.6972,-0.06965,1.66846,-0.16849,-1.86301,1.15002,-0.12654,2026-09-28,False,,,,,,,,,,,,,
ISDMR,Non-Energy Minerals,62.35,86545276.69236,44.13437,0.92867,0.34432,82.72506,22.28247,58.58813,107.82,-49.23187,0.5162,0.1572,NEUTRAL,prior-research-2026-09-29+NEUTRAL,False,52.96735,0.98266,0.66667,-44.13437,-0.92867,-20.39526,18.27618,8.49194,6.80248,87.00757,73.70204,6.02494,-0.24959,7.21732,-12.91144,0.64813,2.26683,1.3734,0.37082,-0.4076,1.82533,0.09973,0.78091,0.80011,-0.15168,-0.20503,0.17085,-0.06659,2.01756,-0.39814,2026-09-28,False,,,,,,,,,,,,,
ISFIN,Finance,17.85,29087225.02598,22.14517,0.71718,0.87033,100.0,39.69947,81.17624,107.82,-26.64376,0.596,0.1848,NEUTRAL,prior-research-2026-09-29+NEUTRAL,False,18.61446,0.82258,0.41667,-22.14517,-0.71718,-18.65672,17.18581,34.43064,32.9495,112.60394,205.51627,90.55673,-7.44075,0.0,25.9867,0.33913,1.11879,-0.45115,2.87025,0.60572,1.99077,-0.96797,1.14362,1.0743,-0.28414,1.0534,1.32131,-2.60303,-1.02203,0.95606,2026-09-28,False,,,,,,,,,,,,,
ISGYO,Finance,23.76,60087382.65291,43.86068,0.65486,0.18141,65.45012,22.25747,58.55571,107.82,-49.26429,0.4967,0.1457,NEUTRAL,prior-research-2026-09-29+NEUTRAL,True,49.69698,0.8378,0.66667,-43.86068,-0.65486,-23.06065,17.91131,-4.2305,-9.67621,255.02731,13.38724,21.31354,-0.0226,0.35119,-67.86789,0.79868,1.23101,1.36756,0.18066,0.89221,1.28783,-0.02954,-0.99827,-1.5595,0.62133,-1.11519,-0.01673,1.09495,0.15177,-1.76024,2026-09-28,False,,,,,,,,,,,,,
ISKPL,Producer Manufacturing,3.19,385566607.2782,91.29529,0.51714,-0.72682,3.16302,22.89747,59.38572,107.82,-48.43428,0.4905,0.1601,NEUTRAL,prior-research-2026-09-29+NEUTRAL,False,14.90901,0.13763,0.66667,-91.29529,-0.51714,-86.49615,19.77022,10.52856,6.30952,75.05033,63.84626,14.28744,-0.61442,0.01351,9.93315,0.51566,-1.68464,1.79596,-2.0959,1.4662,-1.73085,1.24949,0.66474,0.75108,-0.05682,-0.33783,0.63904,-0.45977,0.58291,0.28707,2026-09-28,False,,,,,,,,,,,,,
ISMEN,Finance,31.48,213350710.64123,32.44601,0.97373,0.26067,75.6691,22.93747,59.4376,107.82,-48.3824,0.5041,0.1375,NEUTRAL,prior-research-2026-09-29+NEUTRAL,False,-15.9022,0.64099,0.33333,-32.44601,-0.97373,-35.90079,19.17845,22.17374,14.22504,75.71456,3866.04137,1.18,-1.21262,10.0593,8.71114,-0.6094,0.19405,-1.07146,1.3113,-0.76965,0.31256,0.76882,0.65626,0.40439,-0.77513,3.0,-1.46045,-1.25215,2.07552,0.3486,2026-09-28,False,,,,,,,,,,,,,
IZENR,Utilities,3.79,266028351.29256,62.25205,0.86163,-0.18547,28.22384,22.89747,59.38572,107.82,-48.43428,0.4905,0.1601,NEUTRAL,prior-research-2026-09-29+NEUTRAL,False,-9.8913,0.30247,0.5,-62.25205,-0.86163,-69.75259,19.39911,1.4999,2.71425,231.00614,82.31467,5.84531,-0.05435,0.0,-35.21968,-0.60798,-1.28442,0.01141,-0.64243,-0.6082,-1.20992,0.62142,-0.07589,0.09241,0.46209,0.19812,0.05127,0.71755,-0.73959,-0.81772,2026-09-28,False,,,,,,,,,,,,,
IZMDC,Non-Energy Minerals,6.75,146015342.32383,70.4594,0.88147,0.09585,55.23114,22.25747,58.55571,107.82,-49.26429,0.4967,0.1457,NEUTRAL,prior-research-2026-09-29+NEUTRAL,True,111.04387,0.4694,0.58333,-70.4594,-0.88147,-53.05981,18.79922,-7.44835,-13.91915,207.18163,664.07969,-3.11102,-1.41914,0.0,-4.93979,1.20385,-0.41234,0.72743,-1.24926,-0.15263,-0.31437,0.43724,-0.40034,-0.72831,0.79465,1.72379,-0.63091,-1.51299,-0.70599,-0.01805,2026-09-28,False,,,,,,,,,,,,,
JANTS,Producer Manufacturing,13.64,46015636.04114,45.81494,0.73256,0.13109,61.31387,22.25747,58.55571,107.82,-49.26429,0.4967,0.1457,NEUTRAL,prior-research-2026-09-29+NEUTRAL,False,-26.6481,0.6309,0.41667,-45.81494,-0.73256,-36.91027,17.64449,8.73834,6.60266,91.36265,73.85516,3.55731,-0.3105,0.22492,8.08132,-0.72106,0.6392,-0.02274,0.48531,0.55809,0.7439,-0.15764,0.61258,0.80176,0.20618,-0.23591,-0.13481,0.10017,0.6506,0.19161,2026-09-28,False,,,,,,,,,,,,,
KAREL,Electronic Technology,5.76,109182255.76884,59.55327,1.04355,0.14511,62.2871,22.25747,58.55571,107.82,-49.26429,0.4967,0.1457,NEUTRAL,prior-research-2026-09-29+NEUTRAL,True,-2.19539,0.41499,0.41667,-59.55327,-1.04355,-58.50144,18.50853,-52.90356,-15.83707,24.75299,438.83669,1.73319,-6.26191,0.0,11.37827,-0.54433,-0.55065,-0.53833,-0.00145,-0.7923,-0.53511,-0.16815,-2.14751,-1.27987,-0.84561,1.65013,-0.93168,-2.15446,-0.1906,0.12403,2026-09-28,False,,,,,,,,,,,,,
KARSN,Producer Manufacturing,8.99,135492653.06911,67.39722,1.06747,0.12574,60.82725,22.25747,58.55571,107.82,-49.26429,0.4967,0.1457,NEUTRAL,prior-research-2026-09-29+NEUTRAL,False,-8.19209,0.54452,0.33333,-67.39722,-1.06747,-45.54815,18.72443,3.38668,2.98831,100.07366,257.76177,10.45926,-1.15124,0.0,53.08417,-0.12386,0.25757,-0.64306,-0.86215,-1.14321,0.28545,0.68598,0.11862,0.38583,0.31754,0.92878,0.40084,-1.00181,-0.48018,1.21074,2026-09-28,False,,,,,,,,,,,,,
KARTN,Process Industries,91.75,159048838.85751,80.47036,0.79528,-0.55215,8.27251,22.89747,59.38572,107.82,-48.43428,0.4905,0.1601,NEUTRAL,prior-research-2026-09-29+NEUTRAL,True,89.57346,0.39243,0.5,-80.47036,-0.79528,-60.75706,18.88472,-18.37348,-7.45079,44.13667,57.18416,-34.83573,-0.26699,0.0,-25.3571,1.33284,-0.75546,0.51643,-1.72748,0.0691,-0.76024,0.95921,-1.10547,-0.61674,-0.83343,-0.23351,-1.50973,0.05332,-0.58521,-1.03036,2026-09-28,False,,,,,,,,,,,,,
KATMR,Producer Manufacturing,1.48,136100346.49753,42.19613,0.93056,0.06383,52.55474,22.25747,58.55571,107.82,-49.26429,0.4967,0.1457,NEUTRAL,prior-research-2026-09-29+NEUTRAL,False,-24.55516,0.37563,0.25,-42.19613,-0.93056,-62.43655,18.7289,5.30778,15.10241,329.48716,81.4531,13.53628,-0.23811,0.0,41.76443,-0.64781,-0.49936,-1.33392,0.73185,-0.52802,-0.49365,0.70049,0.32539,1.49926,1.66401,-0.15534,0.61596,0.27832,-0.48018,1.08483,2026-09-28,False,,,,,,,,,,,,,
KAYSE,Health Technology,3.15,29405597.31858,33.10941,0.6742,0.56233,95.62044,39.69947,81.17624,107.82,-26.64376,0.596,0.1848,NEUTRAL,prior-research-2026-09-29+NEUTRAL,True,-4.67803,0.51387,0.58333,-33.10941,-0.6742,-48.61338,17.1967,-12.87366,-55.69428,464.66178,261.42947,-7.65366,-0.40537,0.0,-34.97055,-0.0756,0.02974,1.22633,1.60368,0.47491,0.15723,-0.82194,-0.86367,-1.57715,1.60822,1.2808,-0.67343,-0.47728,-0.46794,-1.28993,2026-09-28,False,,,,,,,,,,,,,
KBORU,Producer Manufacturing,11.95,162344838.73923,63.17877,0.94165,-0.22501,26.27737,22.89747,59.38572,107.82,-48.43428,0.4905,0.1601,NEUTRAL,prior-research-2026-09-29+NEUTRAL,False,63.06858,0.43048,0.58333,-63.17877,-0.94165,-58.71758,18.90523,5.8378,3.97344,83.52489,96.53541,9.77705,-0.99158,1.79767,36.36451,1.15833,-0.2073,1.14999,-0.60052,-0.60598,-0.27722,0.78236,0.38649,0.47367,0.08671,-0.00154,0.3433,-0.90019,1.20492,1.03444,2026-09-28,False,,,,,,,,,,,,,
KCAER,Non-Energy Minerals,10.92,185436347.3297,50.62504,1.11859,0.19048,66.90998,22.25747,58.55571,107.82,-49.26429,0.4967,0.1457,NEUTRAL,prior-research-2026-09-29+NEUTRAL,False,23.45229,0.65586,0.58333,-50.62504,-1.11859,-34.71471,19.03822,5.08162,3.14427,72.16912,114.94754,9.04526,-0.56832,1.55415,-16.28281,0.21221,0.41733,0.72743,-0.04106,-1.24112,0.66768,0.55238,0.48934,0.36892,-0.37753,0.19863,0.41895,-0.69704,0.85123,-0.49559,2026-09-28,False,,,,,,,,,,,,,
KCHOL,Energy Minerals,214.0,5330833788.25539,33.82429,1.04665,0.56527,95.86375,39.69947,81.17624,107.82,-26.64376,0.596,0.1848,NEUTRAL,prior-research-2026-09-29+NEUTRAL,False,32.45908,0.949,0.58333,-33.82429,-1.04665,-16.42857,22.39677,5.12588,6.5543,145.56662,577.45142,4.73031,-2.20139,3.19159,1.10514,0.55996,2.00442,0.86338,1.42287,-1.17446,2.35491,2.05493,0.1616,0.41273,0.39967,1.70824,-0.19349,-1.62984,1.40541,0.05387,2026-09-28,False,,,,,,,,,,,,,
KFEIN,Technology Services,6.09,31477753.31964,50.5845,0.97832,0.21348,68.85645,22.25747,58.55571,107.82,-49.26429,0.4967,0.1457,NEUTRAL,prior-research-2026-09-29+NEUTRAL,False,-18.73142,0.5075,0.33333,-50.5845,-0.97832,-49.25,17.26479,0.3648,0.37199,119.62107,280.71705,5.41003,-0.01538,0.33256,21.46122,-0.65614,-0.23801,-0.8525,0.38463,-0.47215,-0.2485,-0.96849,-0.44413,-0.12823,0.61967,1.61498,-0.22333,0.69379,0.83131,0.8721,2026-09-28,False,,,,,,,,,,,,,
KGYO,Finance,8.79,189541832.43537,79.24548,0.33,-1.19474,0.72993,22.89747,59.38572,107.82,-48.43428,0.4905,0.1601,NEUTRAL,prior-research-2026-09-29+NEUTRAL,True,251.32275,0.64396,0.66667,-79.24548,-0.33,-47.64438,19.06012,-46.82421,-8.52992,16.46986,24.19588,-39.83104,-1.04062,0.0,448.02114,2.06448,0.24083,1.36756,-1.99915,2.1776,-0.32926,0.6946,-2.30765,-1.48584,-2.35668,-0.76729,-2.91733,-1.16944,-1.02203,2.09337,2026-09-28,False,,,,,,,,,,,,,
KLGYO,Finance,3.54,36694556.24801,39.82601,1.03549,0.2253,71.28954,22.93747,59.4376,107.82,-48.3824,0.5041,0.1375,NEUTRAL,prior-research-2026-09-29+NEUTRAL,True,-14.33334,0.44641,0.33333,-39.82601,-1.03549,-55.35939,17.41814,-3.71532,-18.22299,546.88848,27.65375,-22.00216,-0.04027,0.0,-110.32445,-0.53747,-0.64553,-1.07146,0.50041,-0.99363,-0.66167,-0.6323,-0.98329,-1.92331,1.80609,-0.62855,-2.50984,0.81696,-1.02203,-2.23462,2026-09-28,False,,,,,,,,,,,,,
KLKIM,Process Industries,22.3,40205966.06892,35.028,0.89065,0.12571,60.58394,22.25747,58.55571,107.82,-49.26429,0.4967,0.1457,NEUTRAL,prior-research-2026-09-29+NEUTRAL,False,-15.22459,0.52268,0.33333,-35.028,-0.89065,-47.73193,17.50953,11.45925,7.12856,72.09109,109.43247,17.34231,-0.05907,2.92455,4.20468,-0.47494,-0.19664,-0.68277,1.36091,-0.40733,-0.19828,-0.12121,0.74802,0.60471,-0.24029,0.30708,0.99933,0.76719,1.34016,0.04826,2026-09-28,False,,,,,,,,,,,,,
KLRHO,Consumer Non-Durables,22.54,161312323.37198,75.41733,1.14568,-0.58927,6.81265,22.89747,59.38572,107.82,-48.43428,0.4905,0.1601,NEUTRAL,prior-research-2026-09-29+NEUTRAL,False,-45.61983,0.03423,0.33333,-75.41733,-1.14568,-96.57707,18.89885,4.88155,4.33452,114.88177,38.40722,17.64938,-0.12297,0.0,-18.69051,-1.27101,-3.0,-0.94488,-1.57049,-1.73799,-2.99199,0.81647,0.15403,0.12747,-0.10817,-1.11679,0.64812,0.55325,-0.80094,-0.75049,2026-09-28,False,,,,,,,,,,,,,
KLSER,Producer Manufacturing,18.84,24465910.42934,34.9273,0.72781,0.23158,72.26277,22.93747,59.4376,107.82,-48.3824,0.5041,0.1375,NEUTRAL,prior-research-2026-09-29+NEUTRAL,True,-16.54237,0.58005,0.41667,-34.9273,-0.72781,-41.99507,17.01279,-27.92481,-20.05277,70.55192,168.65257,-6.92445,-1.27457,0.0,19.63008,-0.38923,0.44087,-0.02274,1.48632,0.57189,0.47507,-0.91563,-1.42383,-0.95365,-0.13476,0.51733,-0.91209,-1.10187,-0.48018,0.63521,2026-09-28,False,,,,,,,,,,,,,
KLSYN,Consumer Durables,14.39,45563157.59319,60.78556,0.77837,-0.06466,40.6326,22.89747,59.38572,107.82,-48.43428,0.4905,0.1601,NEUTRAL,prior-research-2026-09-29+NEUTRAL,False,146.53942,0.84647,0.58333,-60.78556,-0.77837,-33.87335,17.63461,0.5616,0.31896,67.14077,32.53756,4.54682,-0.22962,1.04239,-29.83925,1.95815,1.48008,1.35497,-0.70865,0.37143,0.69428,-0.62506,0.72323,0.65143,-0.3019,-1.62675,0.50908,1.30672,0.53543,-0.91981,2026-09-28,False,,,,,,,,,,,,,
KLYPV,Producer Manufacturing,54.5,106754224.28195,43.95544,0.86025,0.14641,62.77372,22.25747,58.55571,107.82,-49.26429,0.4967,0.1457,NEUTRAL,prior-research-2026-09-29+NEUTRAL,False,2.59741,0.79043,0.33333,-43.95544,-0.86025,-23.71283,18.48604,4.51466,2.70284,80.43827,28.47298,-19.46531,-0.75816,0.0,,0.17763,1.41976,-0.64306,0.60557,-0.14712,1.72314,0.59401,0.22489,0.35886,0.01225,-0.96438,-1.40508,-0.6405,-0.48018,0.0,2026-09-28,False,,,,,,,,,,,,,
KMPUR,Producer Manufacturing,13.68,40100756.13092,55.40266,0.96128,0.42455,89.05109,22.28247,58.58813,107.82,-49.23187,0.5162,0.1572,NEUTRAL,prior-research-2026-09-29+NEUTRAL,False,4.0,0.59067,0.5,-55.40266,-0.96128,-40.93264,17.50691,18.93353,9.6406,64.97747,220.15031,13.97373,-1.43335,0.0,-14.38477,0.24058,0.46618,0.55615,-0.12016,-0.67986,0.51979,-0.33484,1.14384,1.12411,-0.20043,0.76222,0.62363,-1.22956,-0.48018,-0.65769,2026-09-28,False,,,,,,,,,,,,,
KNFRT,Consumer Non-Durables,10.37,39133159.40346,61.14801,0.95402,-0.24096,24.57421,22.89747,59.38572,107.82,-48.43428,0.4905,0.1601,NEUTRAL,prior-research-2026-09-29+NEUTRAL,True,-36.31938,0.50487,0.5,-61.14801,-0.95402,-49.70789,17.48248,-10.2301,-5.43905,59.00616,269.74814,-0.42107,-0.24676,0.0,46.4772,-1.00017,-0.15345,0.25432,-0.65735,-0.97404,-0.10656,-0.30729,-0.88189,-0.64655,-0.93242,0.60082,-0.6767,0.2058,-0.80094,1.24678,2026-09-28,False,,,,,,,,,,,,,
KOCMT,Non-Energy Minerals,2.6,357248319.12628,87.46577,0.89215,-0.08372,37.9562,22.89747,59.38572,107.82,-48.43428,0.4905,0.1601,NEUTRAL,prior-research-2026-09-29+NEUTRAL,True,82.62412,0.42003,0.58333,-87.46577,-0.89215,-59.45073,19.69394,-7.37114,-14.71498,223.94878,304.7945,2.92998,-0.28875,0.0,-22.15095,0.94986,-0.65488,0.72743,-2.12991,-0.23431,-0.60653,0.86448,-0.39197,-0.76194,0.87177,1.10061,-0.0971,-0.17206,-0.70599,-0.74725,2026-09-28,False,,,,,,,,,,,,,
KONTR,Utilities,2.2,16766647.08469,97.99983,0.62271,-0.01018,45.49878,22.89747,59.38572,107.82,-48.43428,0.4905,0.1601,NEUTRAL,prior-research-2026-09-29+NEUTRAL,True,-88.57143,0.06395,0.16667,-97.99983,-0.62271,-93.60465,16.6349,-23.41373,-48.04478,245.73824,582.73149,-4.65706,-2.09232,0.7225,25.93332,-2.99013,-2.51487,-2.5507,-2.50468,0.65762,-2.46211,-1.96601,-1.37692,-1.69913,0.50988,1.97535,-0.77165,-1.62426,0.54911,1.32543,2026-09-28,False,,,,,,,,,,,,,
KONYA,Non-Energy Minerals,3540.0,43268450.0,43.00014,0.77171,0.04183,50.85158,22.25747,58.55571,107.82,-49.26429,0.4967,0.1457,NEUTRAL,prior-research-2026-09-29+NEUTRAL,False,-22.26783,0.67816,0.33333,-43.00014,-0.77171,-32.18391,17.58293,7.75529,2.01249,30.31422,41.69555,11.72257,-0.1563,0.0,8.93153,-0.9902,0.49467,-1.06562,0.43252,0.36972,0.76898,-0.53801,0.70916,0.26769,-1.26698,-0.65555,0.6222,0.17498,-0.70599,0.48329,2026-09-28,False,,,,,,,,,,,,,
KOPOL,Process Industries,3.27,54455268.7045,52.57718,0.98058,0.11031,57.66423,22.25747,58.55571,107.82,-49.26429,0.4967,0.1457,NEUTRAL,prior-research-2026-09-29+NEUTRAL,False,-10.20093,0.45228,0.66667,-52.57718,-0.98058,-54.77178,17.81289,5.61151,6.39032,137.16873,137.88694,9.28112,-0.49512,0.0,-12.28214,-0.33565,-0.46518,1.75625,-0.03904,-0.84794,-0.49047,0.21687,0.39583,0.50929,0.52168,0.50311,0.53894,-0.40622,-0.58521,-0.58561,2026-09-28,False,,,,,,,,,,,,,
KORDS,Process Industries,2.91,132067474.96254,66.47884,0.89349,0.28841,77.61557,22.93747,59.4376,107.82,-48.3824,0.5041,0.1375,NEUTRAL,prior-research-2026-09-29+NEUTRAL,True,53.43185,0.58289,0.41667,-66.47884,-0.89349,-41.71098,18.69882,-2.58214,-4.07302,163.81882,319.1396,2.84981,-1.12009,0.0,-21.82662,0.95056,0.09538,-0.06246,-0.86375,-0.44189,0.13733,0.87831,-0.22461,-0.43208,0.73494,1.29808,-0.01421,-1.12253,-0.58521,-0.94537,2026-09-28,False,,,,,,,,,,,,,
KOTON,Consumer Non-Durables,10.18,27070215.46555,33.72844,0.81447,0.31212,80.29197,22.28247,58.58813,107.82,-49.23187,0.5162,0.1572,NEUTRAL,prior-research-2026-09-29+NEUTRAL,True,-25.01454,0.53664,0.5,-33.72844,-0.81447,-46.33632,17.11394,-17.43639,-14.3556,84.18282,417.5454,0.53405,-2.13703,0.0,-0.61991,-0.69844,-0.03744,0.25432,1.40877,-0.24242,0.05963,-0.81148,-1.16947,-1.11631,-0.46301,1.02995,-0.62613,-1.47824,-0.80094,-0.02619,2026-09-28,False,,,,,,,,,,,,,
KRDMA,Non-Energy Minerals,43.44,411593501.52058,60.98117,1.06252,0.11093,58.15085,22.25747,58.55571,107.82,-49.26429,0.4967,0.1457,NEUTRAL,prior-research-2026-09-29+NEUTRAL,False,93.36311,0.65176,0.5,-60.98117,-1.06252,-36.65416,19.83555,5.4482,8.74759,231.80056,135.67628,7.18541,-0.07132,0.0,-11.55444,1.09541,0.39668,0.13358,-0.63324,-1.01725,0.48071,0.99489,0.54327,0.97619,0.9629,0.35286,0.26999,0.55167,-0.70599,-0.34765,2026-09-28,False,,,,,,,,,,,,,
KRDMB,Non-Energy Minerals,73.0,207712417.25,71.41768,0.65186,-0.2706,21.89781,22.89747,59.38572,107.82,-48.43428,0.4905,0.1601,NEUTRAL,prior-research-2026-09-29+NEUTRAL,False,388.9462,0.50172,0.58333,-71.41768,-0.65186,-55.18901,19.15167,5.4482,8.74759,135.86595,135.67628,7.18541,-0.07132,0.0,-11.55444,2.22655,-0.29939,0.72743,-1.35732,1.05162,-0.43777,0.61741,0.54327,0.97619,0.3705,0.35286,0.26999,0.55167,-0.70599,-0.34765,2026-09-28,False,,,,,,,,,,,,,
KRDMD,Non-Energy Minerals,47.16,2289900766.41648,47.48082,1.11314,0.33474,81.99513,22.28247,58.58813,107.82,-49.23187,0.5162,0.1572,NEUTRAL,prior-research-2026-09-29+NEUTRAL,False,67.21664,0.99326,0.66667,-47.48082,-1.11314,-19.18967,21.55177,5.4482,8.74759,206.51506,135.67628,7.18541,-0.07132,0.0,-11.55444,0.7526,2.56932,1.3734,0.16106,-1.22397,2.06222,1.66526,0.54327,0.97619,0.77805,0.35286,0.26999,0.55167,-0.70599,-0.34765,2026-09-28,False,,,,,,,,,,,,,
KRGYO,Finance,3.16,37173422.11836,53.10576,0.60744,-0.15543,31.14355,22.89747,59.38572,107.82,-48.43428,0.4905,0.1601,NEUTRAL,prior-research-2026-09-29+NEUTRAL,True,1.05427,0.85175,0.5,-53.10576,-0.60744,-26.91926,17.4311,-1.75629,-1.19724,91.70927,7.87711,-0.05935,-0.0,1.21468,-47.20011,-0.12882,1.36207,0.12774,-0.38505,1.12761,0.92378,-0.6248,-0.79648,-0.9663,-0.52644,-1.44971,-1.50995,2.02761,0.40622,-1.41576,2026-09-28,False,,,,,,,,,,,,,
KRONT,Communications,18.1,37817413.28143,63.68231,0.93824,-0.29116,20.68127,22.89747,59.38572,107.82,-48.43428,0.4905,0.1601,NEUTRAL,prior-research-2026-09-29+NEUTRAL,False,64.19833,0.64413,0.58333,-63.68231,-0.93824,-35.58719,17.44828,17.37359,4.19568,29.26107,19.17649,21.19021,-0.10097,0.0,32.37949,0.96708,0.37363,0.86338,-0.85202,-0.68147,0.52617,-0.56316,0.9259,0.12635,-1.33516,-1.22407,0.82549,0.52427,-0.62966,1.0565,2026-09-28,False,,,,,,,,,,,,,
KRPLS,Consumer Non-Durables,11.84,30684747.54426,49.89628,0.79558,0.09693,55.47445,22.25747,58.55571,107.82,-49.26429,0.4967,0.1457,NEUTRAL,prior-research-2026-09-29+NEUTRAL,True,26.2662,0.86109,0.66667,-49.89628,-0.79558,-27.61905,17.23928,-3.14264,-1.4332,51.66208,104.16908,13.15228,-0.2363,0.0,4.26106,0.6612,1.6657,1.49414,-0.00113,-0.16725,1.18274,-0.70555,-0.45045,-0.35678,-1.07656,-0.27396,0.44246,0.24552,-0.80094,0.1346,2026-09-28,False,,,,,,,,,,,,,
KRSTL,Consumer Non-Durables,7.92,32262141.26408,39.26505,0.86971,0.29265,78.10219,22.93747,59.4376,107.82,-48.3824,0.5041,0.1375,NEUTRAL,prior-research-2026-09-29+NEUTRAL,False,-6.23115,0.62313,0.25,-39.26505,-0.86971,-38.70968,17.28941,17.73406,21.95026,149.7386,240.1194,11.32567,-0.05536,0.0,6.55931,-0.08188,0.33065,-1.63574,0.73287,-0.50359,0.46194,-0.62539,0.97829,1.39699,0.19047,0.46813,0.32305,0.89414,-0.80094,0.22614,2026-09-28,False,,,,,,,,,,,,,
KTLEV,Finance,11.85,4036919040.0,85.35124,0.55544,-1.40106,0.24331,22.89747,59.38572,107.82,-48.43428,0.4905,0.1601,NEUTRAL,prior-research-2026-09-29+NEUTRAL,False,1748.57257,0.17174,0.83333,-85.35124,-0.55544,-82.82609,22.11875,148.50836,34.63802,44.3761,57.16483,86.09665,-0.01493,0.72095,324.28467,3.0,-1.86116,2.85495,-2.18405,1.28726,-1.84854,2.00075,2.36069,1.15298,-1.41775,-0.06879,1.19666,1.22012,0.25766,1.99357,2026-09-28,False,,,,,,,,,,,,,
KUVVA,Consumer Durables,100.8,22711498.6003,62.1678,0.43479,-0.50606,9.73236,22.89747,59.38572,107.82,-48.43428,0.4905,0.1601,NEUTRAL,prior-research-2026-09-29+NEUTRAL,True,33.28652,0.51959,0.5,-62.1678,-0.43479,-48.04124,16.93838,-43.9169,-7.38657,17.00657,23.95775,2.43993,-1.26976,0.0,22.89506,0.78483,-0.19875,0.76112,-0.85353,2.03246,-0.17014,-1.56568,-0.88198,0.13043,-1.69948,-1.86854,0.27997,-0.08028,-0.88324,0.99715,2026-09-28,False,,,,,,,,,,,,,
KUYAS,Finance,33.1,601478272.50424,66.83276,0.90216,-0.56233,7.78589,22.89747,59.38572,107.82,-48.43428,0.4905,0.1601,NEUTRAL,prior-research-2026-09-29+NEUTRAL,True,28.51485,0.35138,0.33333,-66.83276,-0.90216,-64.862,20.2149,-116.49546,-21.83615,17.35983,8.52847,40.85338,-0.69999,0.0,-20.16729,0.46336,-1.10427,-1.07146,-1.24935,-0.4114,-1.09333,1.24551,-2.88504,-2.05077,-2.2302,-1.42648,0.55703,-0.78642,-1.02203,-0.78596,2026-09-28,False,,,,,,,,,,,,,
KZBGY,Finance,1.36,62642687.51695,47.77611,1.0446,0.42573,89.2944,22.28247,58.58813,107.82,-49.23187,0.5162,0.1572,NEUTRAL,prior-research-2026-09-29+NEUTRAL,False,-59.81789,0.26557,0.08333,-47.77611,-1.0446,-73.44269,17.95296,2.04017,8.36889,466.18248,38.49907,41.39202,-0.18925,0.0,-112.13772,-1.84549,-1.43926,-3.0,-0.08233,-1.08465,-1.44843,0.01477,-0.56595,-0.07791,1.50529,-0.40356,0.57279,0.17785,-1.02203,-2.31313,2026-09-28,False,,,,,,,,,,,,,
KZGYO,Finance,14.7,24653986.04378,57.16462,0.90893,0.10337,56.93431,22.25747,58.55571,107.82,-49.26429,0.4967,0.1457,NEUTRAL,prior-research-2026-09-29+NEUTRAL,True,-9.68309,0.47665,0.5,-57.16462,-0.90893,-52.33463,17.02045,-4.45741,-19.07947,489.90675,39.9873,7.5827,-0.02269,0.0,-18.58925,-0.4136,-0.4803,0.12774,-0.65884,-0.47569,-0.4913,-1.06818,-1.03619,-1.95011,1.6148,-0.3716,-0.83205,1.08328,-1.02203,-0.71878,2026-09-28,False,,,,,,,,,,,,,
LIDER,Finance,8.41,651456940.29277,92.01871,0.34019,-0.91042,1.70316,22.89747,59.38572,107.82,-48.43428,0.4905,0.1601,NEUTRAL,prior-research-2026-09-29+NEUTRAL,False,-51.07241,0.05616,0.58333,-92.01871,-0.34019,-94.38439,20.29472,2.85909,3.96265,180.15271,25.66329,-1.71081,-0.25305,1.52606,-53.08249,-1.62759,-2.72733,0.72159,-2.61402,2.12977,-2.7628,1.30075,-0.5194,-0.5713,0.19792,-0.70586,-1.62187,-0.00842,0.49457,-1.52492,2026-09-28,False,,,,,,,,,,,,,
LIDFA,Finance,1.53,26238220.4809,41.90141,0.7185,0.48815,92.94404,33.95347,73.72425,107.82,-34.09575,0.618,0.184,NEUTRAL,prior-research-2026-09-29+NEUTRAL,False,41.72685,0.63348,0.41667,-41.90141,-0.7185,-39.96421,17.08273,39.40329,43.70327,128.45806,254.01751,87.901,-4.04119,6.74373,8.0961,0.69752,0.14792,-0.45115,0.30777,0.59152,0.07072,-1.03712,1.28447,1.43034,-0.16468,1.21253,1.2768,-1.95153,1.64458,0.32146,2026-09-28,False,,,,,,,,,,,,,
LILAK,Consumer Non-Durables,24.12,63498854.35398,40.35179,0.90681,0.1012,56.44769,22.25747,58.55571,107.82,-49.26429,0.4967,0.1457,NEUTRAL,prior-research-2026-09-29+NEUTRAL,False,14.09283,0.60006,0.58333,-40.35179,-0.90681,-39.99359,17.96653,6.45755,7.34834,131.1995,96.55344,11.53772,-0.11421,6.32449,-21.85963,0.45923,0.24106,0.84817,0.66756,-0.7356,0.37048,0.24292,0.30341,0.48286,0.03839,-0.35481,0.35253,0.58202,1.76233,-0.88113,2026-09-28,False,,,,,,,,,,,,,
LINK,Technology Services,3.59,98013455.54217,53.72276,0.93442,-0.0698,39.65937,22.89747,59.38572,107.82,-48.43428,0.4905,0.1601,NEUTRAL,prior-research-2026-09-29+NEUTRAL,False,-31.78655,0.41057,0.33333,-53.72276,-0.93442,-58.94282,18.40062,21.86333,11.87775,68.74261,45.79345,23.73526,-0.00238,0.0,0.62495,-1.07299,-0.65276,-0.8525,0.20775,-0.2728,-0.62861,0.26811,0.88047,0.99369,-0.03801,0.04578,0.90053,0.90189,-0.33384,0.09566,2026-09-28,False,,,,,,,,,,,,,
LKMNH,Health Services,11.43,16806346.45511,36.51671,0.69111,0.46359,91.72749,33.95347,73.72425,107.82,-34.09575,0.618,0.184,NEUTRAL,prior-research-2026-09-29+NEUTRAL,False,-16.59651,0.60707,0.25,-36.51671,-0.69111,-39.29339,16.63727,4.75848,4.79625,108.69761,197.61639,12.60891,-0.99857,3.84789,15.07272,-0.92687,-0.19551,-1.5151,0.58645,0.33723,-0.162,-1.55303,0.34415,0.50208,0.2898,1.00125,0.34168,-0.9511,1.67738,0.47706,2026-09-28,False,,,,,,,,,,,,,
LMKDC,Non-Energy Minerals,22.5,96489703.10511,41.09116,0.85158,0.0115,46.95864,22.89747,59.38572,107.82,-48.43428,0.4905,0.1601,NEUTRAL,prior-research-2026-09-29+NEUTRAL,False,1.07106,0.63075,0.41667,-41.09116,-0.85158,-43.31698,18.38495,24.37859,14.84652,73.031,76.09133,31.51588,-0.01133,8.88889,-0.48649,-0.31764,0.2301,-0.44531,0.62164,0.00433,0.10891,0.21211,1.6175,1.46401,-0.36338,-0.17137,1.46559,1.20523,2.29974,0.12331,2026-09-28,False,,,,,,,,,,,,,
LOGO,Technology Services,140.7,79807923.93539,37.23763,0.81556,0.09562,54.98783,22.25747,58.55571,107.82,-49.26429,0.4967,0.1457,NEUTRAL,prior-research-2026-09-29+NEUTRAL,False,-14.65796,0.83895,0.5,-37.23763,-0.81556,-24.25287,18.19513,23.24195,6.5827,34.11721,48.89358,20.69036,-0.00428,3.7407,24.67427,-0.5236,1.40281,0.3467,1.33848,0.34192,1.35613,0.0391,0.9648,0.49049,-0.7388,0.11177,0.75568,0.86874,1.74509,0.92718,2026-09-28,False,,,,,,,,,,,,,
LRSHO,Consumer Non-Durables,1.88,37978494.14065,46.8645,1.17839,0.30171,79.31873,22.93747,59.4376,107.82,-48.3824,0.5041,0.1375,NEUTRAL,prior-research-2026-09-29+NEUTRAL,True,-59.58467,0.28485,0.16667,-46.8645,-1.17839,-71.51515,17.45253,-12.70581,-61.52549,505.05738,530.63747,2.90446,-0.23884,0.0,19.28284,-1.59111,-1.11154,-2.30778,0.20226,-1.84199,-1.03379,-0.35037,-0.92989,-1.97657,1.87128,1.20554,-0.3669,0.23227,-0.80094,0.68804,2026-09-28,False,,,,,,,,,,,,,
LYDHO,Utilities,50.05,57502806.78349,59.59157,0.76673,-1.00857,1.21655,22.89747,59.38572,107.82,-48.43428,0.4905,0.1601,NEUTRAL,prior-research-2026-09-29+NEUTRAL,True,19.42393,0.23421,0.5,-59.59157,-0.76673,-76.57932,17.86734,-4.92213,-1.3735,45.67905,0.36515,-540.51876,-8e-05,0.0,-16.06357,0.16497,-1.65668,0.01141,-0.44616,-0.14681,-1.55162,-0.31513,-0.51476,-0.21531,-1.41803,-2.19856,-2.83026,1.57461,-0.73959,-0.22871,2026-09-28,False,,,,,,,,,,,,,
MAALT,Consumer Services,833.0,32274343.5,57.27898,0.60117,-0.35753,15.81509,22.89747,59.38572,107.82,-48.43428,0.4905,0.1601,NEUTRAL,prior-research-2026-09-29+NEUTRAL,True,-1.52193,0.54409,0.33333,-57.27898,-0.60117,-45.59112,17.28978,-0.00359,-0.00223,81.61122,0.77898,-37.42302,-0.0,0.0,-6.69799,0.47148,0.03702,-0.54271,-0.39322,0.89462,0.18182,-0.56275,0.22353,0.11915,-0.13732,-2.04628,-1.10353,1.59695,-0.42857,-0.36359,2026-09-28,False,,,,,,,,,,,,,
MACKO,Commercial Services,25.06,19340039.05256,39.36999,0.62823,0.32764,81.26521,22.28247,58.58813,107.82,-49.23187,0.5162,0.1572,NEUTRAL,prior-research-2026-09-29+NEUTRAL,False,-1.72128,0.60458,0.66667,-39.36999,-0.62823,-47.09898,16.77769,50.41131,10.45067,21.36156,42.57408,43.28002,-0.08804,15.16361,-10.08772,-0.41563,0.76844,1.2206,1.5031,0.42237,0.48561,-0.76182,1.82876,0.68862,-0.60578,-0.30929,1.81443,-0.09772,2.29663,-0.4349,2026-09-28,False,,,,,,,,,,,,,
MAKIM,Electronic Technology,13.26,14948838.13801,50.29605,0.73393,0.46113,91.48418,33.95347,73.72425,107.82,-34.09575,0.618,0.184,NEUTRAL,prior-research-2026-09-29+NEUTRAL,False,-8.78568,0.66333,0.5,-50.29605,-0.73393,-38.41921,16.52014,7.97288,6.07062,87.0704,105.62358,13.29418,-0.40001,0.0,15.95872,-0.68123,0.57232,0.04056,0.5284,0.78864,0.39111,-2.50172,0.24289,0.1873,0.44904,0.31743,0.06297,-0.02161,-0.1906,0.24949,2026-09-28,False,,,,,,,,,,,,,
MARBL,Non-Energy Minerals,9.09,15081273.88321,38.85943,0.88649,0.4818,92.45742,33.95347,73.72425,107.82,-34.09575,0.618,0.184,NEUTRAL,prior-research-2026-09-29+NEUTRAL,True,-6.3643,0.59451,0.5,-38.85943,-0.88649,-40.54938,16.52896,-1.79999,-2.19138,129.11941,170.69429,5.56445,-0.49686,0.0,-2.3123,-0.50955,0.08895,0.13358,0.7748,-0.17281,0.25529,-1.96413,-0.00763,-0.07291,0.30948,0.58662,0.12817,-0.57946,-0.70599,0.07846,2026-09-28,False,,,,,,,,,,,,,
MARMR,Finance,1.44,109671188.11509,54.94261,1.06867,-0.50838,9.00243,22.89747,59.38572,107.82,-48.43428,0.4905,0.1601,NEUTRAL,prior-research-2026-09-29+NEUTRAL,False,-61.70213,0.19486,0.33333,-54.94261,-1.06867,-80.51421,18.513,,,90.78481,,,-0.0,0.0,,-1.87529,-1.78909,-1.07146,-0.53259,-1.18591,-1.80314,0.44112,0.0,0.0,-0.55278,0.0,0.0,2.02761,-1.02203,0.0,2026-09-28,False,,,,,,,,,,,,,
MARTI,Consumer Services,1.2,61922328.34246,78.47413,1.07126,0.16822,64.72019,22.25747,58.55571,107.82,-49.26429,0.4967,0.1457,NEUTRAL,prior-research-2026-09-29+NEUTRAL,True,-55.20231,0.33058,0.41667,-78.47413,-1.07126,-66.94215,17.94139,-9.11037,-31.8523,442.17593,88.95496,-22.80609,-0.67351,0.0,-7.87312,-1.03252,-0.88902,0.0776,-1.65212,-1.47826,-0.79838,0.27796,-0.40164,-1.3113,1.89519,0.32092,-0.80948,-1.17599,-0.42857,-0.41618,2026-09-28,False,,,,,,,,,,,,,
MAVI,Consumer Non-Durables,37.32,153292835.43473,36.9764,0.90614,0.10807,57.17762,22.25747,58.55571,107.82,-49.26429,0.4967,0.1457,NEUTRAL,prior-research-2026-09-29+NEUTRAL,False,4.39949,0.7748,0.5,-36.9764,-0.90614,-28.79009,18.84786,15.1499,6.98014,52.09563,176.18159,11.06703,-0.41314,4.48296,-2.78465,0.23579,1.06624,0.25432,0.9415,-0.72843,1.09248,0.79387,0.79952,0.44541,-1.05883,0.21317,0.2865,-0.14618,1.43792,-0.07105,2026-09-28,False,,,,,,,,,,,,,
MEGMT,Non-Energy Minerals,3.31,291590972.75,60.82673,0.88685,-0.22685,25.79075,22.89747,59.38572,107.82,-48.43428,0.4905,0.1601,NEUTRAL,prior-research-2026-09-29+NEUTRAL,False,45.24105,0.34076,0.5,-60.82673,-0.88685,-66.6445,19.49086,26.72105,14.14484,59.85801,354.40271,2.90919,-1.86839,0.0,19.50344,0.56046,-1.03593,0.13358,-0.61099,-0.17957,-0.97451,0.77632,1.73732,1.40795,-0.60905,1.3143,-0.10456,-1.64318,-0.70599,0.86431,2026-09-28,False,,,,,,,,,,,,,
MEKAG,Producer Manufacturing,2.07,23447042.71255,51.32152,0.48777,-0.12451,33.33333,22.89747,59.38572,107.82,-48.43428,0.4905,0.1601,NEUTRAL,prior-research-2026-09-29+NEUTRAL,True,-37.90323,0.26038,0.41667,-51.32152,-0.48777,-73.96226,16.97025,-5.43442,-4.73352,98.87525,183.65136,-2.23227,-0.20967,0.0,6.99608,-1.02658,-0.95688,-0.02274,0.12928,1.67134,-0.98942,-1.0293,-0.50022,-0.22235,0.2914,0.60585,-0.65924,0.35827,-0.48018,0.16487,2026-09-28,False,,,,,,,,,,,,,
MERCN,Process Industries,12.97,78068469.5162,64.1502,0.76988,0.05341,51.58151,22.25747,58.55571,107.82,-49.26429,0.4967,0.1457,NEUTRAL,prior-research-2026-09-29+NEUTRAL,False,-51.29973,0.34859,0.33333,-64.1502,-0.76988,-65.14114,18.1731,6.70906,6.70997,128.1714,129.62522,15.53606,-0.61502,1.62002,-7.75516,-1.55027,-0.96499,-0.68277,-0.78115,0.19503,-0.96212,0.48976,0.47132,0.5529,0.42698,0.45303,0.91079,-0.60009,1.00309,-0.33889,2026-09-28,False,,,,,,,,,,,,,
MERIT,Consumer Services,14.1,33417421.17429,36.54994,0.76766,0.15096,63.26034,22.25747,58.55571,107.82,-49.26429,0.4967,0.1457,NEUTRAL,prior-research-2026-09-29+NEUTRAL,False,-15.75597,0.59294,0.58333,-36.54994,-0.76766,-41.00084,17.32459,4.53661,15.25592,435.96447,7.43979,64.81737,-0.0,0.99291,67.0505,0.08799,0.25833,1.25034,1.07828,0.00055,0.41606,-0.52053,0.55038,1.49369,1.82384,-1.40952,2.59682,1.59695,0.94282,1.24756,2026-09-28,False,,,,,,,,,,,,,
MERKO,Consumer Non-Durables,0.94,33254161.46342,290.08995,0.61045,-0.21344,26.76399,22.89747,59.38572,107.82,-48.43428,0.4905,0.1601,NEUTRAL,prior-research-2026-09-29+NEUTRAL,False,-90.87248,0.05156,0.41667,-290.08995,-0.61045,-94.84366,17.31969,34.64881,71.09595,251.21915,74.35835,13.45241,-0.24279,0.0,-87.73758,-2.94301,-2.66129,-0.32457,-3.0,0.83559,-2.63158,-0.58291,1.66128,2.67184,0.74962,-0.58914,0.4577,0.21241,-0.80094,-2.02431,2026-09-28,False,,,,,,,,,,,,,
METRO,Consumer Non-Durables,6.88,55471214.54043,53.43779,0.75248,-0.56055,8.0292,22.89747,59.38572,107.82,-48.43428,0.4905,0.1601,NEUTRAL,prior-research-2026-09-29+NEUTRAL,False,111.40777,0.73348,0.58333,-53.43779,-0.75248,-39.3417,17.83137,1.9371,2.37252,139.97901,6.3803,36.96905,-0.0,0.0,742.17347,1.64185,0.84645,0.84817,-0.20917,0.10646,0.3964,0.07815,-0.11204,-0.08895,0.09287,-2.34573,1.38682,2.20222,-0.80094,2.28239,2026-09-28,False,,,,,,,,,,,,,
MGROS,Retail Trade,532.0,1608296827.5,36.18548,0.76572,-0.08265,38.19951,22.89747,59.38572,107.82,-48.43428,0.4905,0.1601,NEUTRAL,prior-research-2026-09-29+NEUTRAL,False,22.21963,0.73481,0.41667,-36.18548,-0.76572,-31.21547,21.19844,7.44412,6.27549,99.37611,483.85443,-2.51856,-0.42004,1.53134,6.5397,0.02518,0.03322,-0.70121,0.63792,-0.02454,0.03151,1.30515,0.55827,0.59638,0.14863,0.40256,-0.31996,-0.13429,0.43575,0.32019,2026-09-28,False,,,,,,,,,,,,,
MIATK,Technology Services,24.56,607733533.32722,78.56965,1.12566,-0.07601,39.17275,22.89747,59.38572,107.82,-48.43428,0.4905,0.1601,NEUTRAL,prior-research-2026-09-29+NEUTRAL,True,-25.65261,0.43623,0.25,-78.56965,-1.12566,-63.5524,20.22525,-25.93143,-12.81537,51.10344,20.11371,28.3358,-0.30519,0.0,-21.08258,-0.90552,-0.51043,-1.54336,-1.32962,-1.10362,-0.8651,1.18896,-1.71229,-0.92363,-0.40629,-0.63854,1.01775,-0.6137,-0.33384,-0.7808,2026-09-28,False,,,,,,,,,,,,,
MNDRS,Consumer Non-Durables,9.27,23881130.60194,35.72392,0.86068,0.76217,99.27007,39.69947,81.17624,107.82,-26.64376,0.596,0.1848,NEUTRAL,prior-research-2026-09-29+NEUTRAL,False,-20.8741,0.56871,0.25,-35.72392,-0.86068,-43.12883,16.9886,2.91735,17.47691,687.89589,341.66703,-5.75482,-0.23242,0.0,-21.70441,-0.52054,0.09561,-1.63574,1.13841,-0.46453,0.23004,-0.94049,-0.03221,1.23579,2.9741,0.84435,-1.00805,0.25216,-0.80094,-0.86291,2026-09-28,False,,,,,,,,,,,,,
MOBTL,Distribution Services,10.25,50760623.62312,47.29815,0.63481,-0.05023,42.33577,22.89747,59.38572,107.82,-48.43428,0.4905,0.1601,NEUTRAL,prior-research-2026-09-29+NEUTRAL,False,69.76745,0.62234,0.58333,-47.29815,-0.63481,-41.22647,17.74263,8.6917,6.88348,94.82505,169.6871,5.24864,-0.25058,0.0,24.80619,1.08989,0.56437,0.8235,0.59766,0.30194,0.5457,0.24317,0.00868,0.21722,0.33521,-0.01085,-0.052,0.00599,-0.43181,0.89325,2026-09-28,False,,,,,,,,,,,,,
MOGAN,Utilities,9.5,332035036.60298,77.30372,0.76532,-0.34639,17.03163,22.89747,59.38572,107.82,-48.43428,0.4905,0.1601,NEUTRAL,prior-research-2026-09-29+NEUTRAL,True,114.09043,0.45281,0.75,-77.30372,-0.76532,-60.00953,19.62075,-11.84243,-39.04874,390.37503,52.62582,-34.64205,-0.41077,0.0,-32.17871,1.25216,-0.62736,1.99666,-1.52679,-0.12767,-0.77618,0.73556,-0.85727,-1.60001,1.05255,-0.13026,-1.68529,-0.32456,-0.73959,-0.74421,2026-09-28,False,,,,,,,,,,,,,
MOPAS,Retail Trade,18.5,55689182.94435,43.80632,0.76924,-0.09504,36.73966,22.89747,59.38572,107.82,-48.43428,0.4905,0.1601,NEUTRAL,prior-research-2026-09-29+NEUTRAL,False,-21.96418,0.30175,0.33333,-43.80632,-0.76924,-69.82547,17.8353,6.11299,6.12827,115.47869,400.29282,1.98493,-0.59384,0.0,,-1.14022,-1.86777,-1.32152,-0.04649,-0.05637,-1.92027,-0.4192,0.46807,0.56077,0.31897,0.29305,-0.0028,-0.43596,-1.10105,0.0,2026-09-28,False,,,,,,,,,,,,,
MPARK,Health Services,420.5,250652734.0,36.42249,0.83632,0.19173,67.6399,22.25747,58.55571,107.82,-49.26429,0.4967,0.1457,NEUTRAL,prior-research-2026-09-29+NEUTRAL,False,32.11568,0.84949,0.5,-36.42249,-0.83632,-19.69697,19.33958,16.92,7.61545,55.895,77.0954,19.09553,-0.4907,0.0,4.51246,0.23314,1.13638,0.37496,0.6193,-0.43652,1.47276,0.98344,1.09672,0.8453,-0.5146,0.1428,0.67096,-0.30666,-0.43174,0.05598,2026-09-28,False,,,,,,,,,,,,,
MRGYO,Finance,1.01,80035799.96134,71.44407,1.04199,-0.10458,35.0365,22.89747,59.38572,107.82,-48.43428,0.4905,0.1601,NEUTRAL,prior-research-2026-09-29+NEUTRAL,False,-48.23151,0.29446,0.41667,-71.44407,-1.04199,-70.55394,18.19798,13.52431,68.38862,572.93204,11.06653,112.19755,-0.08069,0.0,25.70182,-1.53193,-1.3097,-0.45115,-1.59614,-1.04948,-1.32273,0.12921,0.25688,1.90268,1.9374,-1.19441,1.70737,0.57251,-1.02203,0.91647,2026-09-28,False,,,,,,,,,,,,,
MRSHL,Process Industries,1395.0,72033720.0,55.43023,0.75393,-0.21441,26.52068,22.89747,59.38572,107.82,-48.43428,0.4905,0.1601,NEUTRAL,prior-research-2026-09-29+NEUTRAL,True,-16.64948,0.56846,0.25,-55.43023,-0.75393,-43.15403,18.09264,-5.28775,-0.39914,8.07024,30.61163,10.44835,-0.4519,0.0,-5.44893,-0.55572,0.00068,-1.37363,-0.23832,0.32348,0.06115,0.45789,-0.45467,-0.13553,-2.1495,-0.74517,0.61071,-0.31475,-0.58521,-0.26693,2026-09-28,False,,,,,,,,,,,,,
NATEN,Industrial Services,3.95,34603149.18282,45.58393,0.73698,0.54268,94.89051,33.95347,73.72425,107.82,-34.09575,0.618,0.184,NEUTRAL,prior-research-2026-09-29+NEUTRAL,True,-36.62921,0.41103,0.25,-45.58393,-0.73698,-58.89698,17.35946,-10.42414,-26.66214,298.1841,46.21473,-21.08632,-0.85858,0.0,-74.57384,-1.95199,-1.20222,-2.27729,0.57663,0.3479,-0.96919,-1.24947,-0.70591,-1.22526,1.71481,0.16148,-1.5349,-1.19757,-0.49144,-1.79554,2026-09-28,False,,,,,,,,,,,,,
NETAS,Technology Services,75.2,43399127.14005,61.90003,0.79256,0.21541,69.58637,22.25747,58.55571,107.82,-49.26429,0.4967,0.1457,NEUTRAL,prior-research-2026-09-29+NEUTRAL,False,15.64456,0.70084,0.41667,-61.90003,-0.79256,-35.21975,17.58595,,-2.74537,,309.45002,2.98278,,0.0,8.12549,0.3006,0.6611,-0.23219,-0.29019,0.44843,0.59259,-0.48871,0.0,-0.3898,0.0,1.7195,-0.41974,0.0,-0.33384,0.37716,2026-09-28,False,,,,,,,,,,,,,
NIBAS,Industrial Services,3.02,28065244.7209,68.06959,0.54969,-0.76351,2.6764,22.89747,59.38572,107.82,-48.43428,0.4905,0.1601,NEUTRAL,prior-research-2026-09-29+NEUTRAL,True,16.71088,0.26844,0.41667,-68.06959,-0.54969,-73.15556,17.15004,-107.21257,-54.33762,27.03095,13.17026,-2.12538,-0.0,0.0,78.37975,-0.40211,-1.82013,-0.96612,-0.8447,1.21221,-1.60564,-1.51967,-2.14368,-1.59223,-0.96415,-0.74978,-0.69424,1.78392,-0.49144,1.49273,2026-09-28,False,,,,,,,,,,,,,
NTGAZ,Utilities,10.15,34887179.06924,37.97779,0.5854,0.23644,72.74939,22.93747,59.4376,107.82,-48.3824,0.5041,0.1375,NEUTRAL,prior-research-2026-09-29+NEUTRAL,False,33.78244,0.76604,0.58333,-37.97779,-0.5854,-23.39623,17.36763,21.31642,15.50443,85.87078,128.96509,17.56238,-0.08079,8.56714,2.97677,0.362,0.74285,0.60525,0.94259,0.76283,1.33273,-0.94413,1.13628,1.26161,-0.65641,0.61256,0.80355,0.55415,2.18493,0.49688,2026-09-28,False,,,,,,,,,,,,,
NTHOL,Consumer Services,38.28,86413944.18165,38.89418,0.758,0.61339,98.05353,39.69947,81.17624,107.82,-26.64376,0.596,0.1848,NEUTRAL,prior-research-2026-09-29+NEUTRAL,False,1.55963,0.73615,0.5,-38.89418,-0.758,-30.80769,18.27466,1.33839,5.33876,516.74516,139.55862,10.87439,-0.14983,0.0,-4.54659,0.59812,0.91997,0.65649,0.81449,0.05813,1.07295,0.48898,0.29765,0.58818,2.31378,0.75354,1.14664,-0.15042,-0.42857,-0.26634,2026-09-28,False,,,,,,,,,,,,,
NUHCM,Non-Energy Minerals,206.10001,10491553.94101,24.217,0.61316,0.40788,87.10462,22.28247,58.58813,107.82,-49.23187,0.5162,0.1572,NEUTRAL,prior-research-2026-09-29+NEUTRAL,False,6.71813,0.62883,0.41667,-24.217,-0.61316,-37.87948,16.16608,0.98159,0.73221,79.19764,61.15386,9.92811,-0.07162,10.91703,-4.65772,-0.1412,0.2236,-0.44531,2.55445,1.24901,0.38599,-2.62509,0.1563,0.15893,-0.27993,-0.32084,0.46905,0.5275,2.55819,0.00777,2026-09-28,False,,,,,,,,,,,,,
OBAMS,Consumer Non-Durables,4.45,180456660.08766,42.41994,0.57461,-0.29768,20.19465,22.89747,59.38572,107.82,-48.43428,0.4905,0.1601,NEUTRAL,prior-research-2026-09-29+NEUTRAL,True,-24.06263,0.4837,0.41667,-42.41994,-0.57461,-53.80435,19.011,-14.35484,-13.54237,102.46507,184.80379,-0.26847,-0.01248,0.78463,-10.52601,-0.63645,-0.21929,-0.32457,0.4793,0.93391,-0.28633,0.87041,-1.05385,-1.08336,-0.22612,0.26248,-0.65969,1.42194,0.51501,-0.42054,2026-09-28,False,,,,,,,,,,,,,
OBASE,Technology Services,27.7,23012898.29863,54.67227,0.79235,0.24431,73.96594,22.93747,59.4376,107.82,-48.3824,0.5041,0.1375,NEUTRAL,prior-research-2026-09-29+NEUTRAL,True,10.28036,0.57231,0.41667,-54.67227,-0.79235,-46.07438,16.95157,-1.22533,-0.70308,71.70634,72.21077,2.37597,-0.32874,0.0,-11.08719,0.19658,0.01716,-0.23219,0.14352,0.4547,-0.06984,-1.33645,-0.49856,-0.21111,-0.00198,0.38292,-0.51797,-0.66653,-0.33384,-0.37722,2026-09-28,False,,,,,,,,,,,,,
ODAS,Utilities,6.61,415089143.20064,52.27553,1.04215,-0.01727,44.76886,22.89747,59.38572,107.82,-48.43428,0.4905,0.1601,NEUTRAL,prior-research-2026-09-29+NEUTRAL,True,42.47619,0.6936,0.58333,-52.27553,-1.04215,-30.64008,19.844,-1.82009,-3.17898,188.42845,105.63407,-8.07444,-0.10783,0.0,-11.30834,0.5412,0.47158,0.60525,-0.01611,-1.4798,0.75672,0.89788,-0.27363,-0.38121,0.18268,0.43966,-0.9801,0.44064,-0.73959,-0.06075,2026-09-28,False,,,,,,,,,,,,,
OFSYM,Process Industries,55.1,58885443.3526,53.11275,0.68665,0.30654,80.04866,22.28247,58.58813,107.82,-49.23187,0.5162,0.1572,NEUTRAL,prior-research-2026-09-29+NEUTRAL,False,6.79482,0.69331,0.33333,-53.11275,-0.68665,-37.53161,17.8911,7.86971,4.22233,60.82379,244.25883,7.36926,-1.01105,1.51689,-18.88772,0.16477,0.6333,-0.68277,-0.06436,0.70263,0.35273,0.31215,0.56268,0.25143,-0.44106,1.02104,0.40407,-1.05445,0.91141,-0.84056,2026-09-28,False,,,,,,,,,,,,,
ONCSM,Health Technology,84.0,90873462.125,69.7743,0.66113,-0.60081,6.08273,22.89747,59.38572,107.82,-48.43428,0.4905,0.1601,NEUTRAL,prior-research-2026-09-29+NEUTRAL,False,117.2807,0.22105,0.58333,-69.7743,-0.66113,-78.68421,18.32498,17.40031,3.60502,25.4654,40.0452,30.38816,-0.34837,0.0,18.78447,1.70641,-1.29913,1.22633,-1.05091,0.54076,-1.18302,0.41204,1.04418,0.38538,-1.73079,-0.36743,1.58546,-0.37687,-0.46794,0.57338,2026-09-28,False,,,,,,,,,,,,,
ONRYT,Electronic Technology,9.65,51156347.0,58.88289,0.80867,0.03917,50.36496,22.25747,58.55571,107.82,-49.26429,0.4967,0.1457,NEUTRAL,prior-research-2026-09-29+NEUTRAL,True,-24.22713,0.4102,0.5,-58.88289,-0.80867,-58.97981,17.7504,-5.52089,-6.28638,131.63315,35.20412,-12.1434,-0.16681,0.0,-31.84599,-1.18969,-0.58175,0.04056,0.02687,0.33842,-0.5652,-0.84868,-0.82042,-0.79291,0.93055,-0.63237,-1.71437,0.50431,-0.1906,-1.44349,2026-09-28,False,,,,,,,,,,,,,
ORGE,Industrial Services,22.16,85411753.60761,53.09365,0.74783,0.2709,76.64234,22.93747,59.4376,107.82,-48.3824,0.5041,0.1375,NEUTRAL,prior-research-2026-09-29+NEUTRAL,False,69.93648,0.8556,0.58333,-53.09365,-0.74783,-26.48648,18.26299,20.20606,9.61882,60.26431,48.81092,53.24163,-0.03027,0.0,-6.39732,0.29762,0.99046,0.20662,0.13149,0.28134,0.78518,-0.32592,1.2262,1.0349,-0.16866,0.19803,1.66502,0.70892,-0.49144,-0.14642,2026-09-28,False,,,,,,,,,,,,,
OSTIM,Miscellaneous,1.27,18464920.46546,40.48671,0.62915,0.06836,52.79805,22.25747,58.55571,107.82,-49.26429,0.4967,0.1457,NEUTRAL,prior-research-2026-09-29+NEUTRAL,True,-38.67141,0.4659,0.33333,-40.48671,-0.62915,-53.41031,16.73138,-3.19956,-8.42522,315.6686,46.02613,-1.19133,-0.03841,0.0,17.18447,-1.26339,-0.42854,-0.92966,0.6826,0.94973,-0.40834,-1.51267,-0.47029,-0.81316,1.30331,-0.48208,-0.72644,0.91667,-0.62966,0.61775,2026-09-28,False,,,,,,,,,,,,,
OTKAR,Consumer Durables,298.5,140355368.25,38.22607,0.63187,-0.20513,27.25061,22.89747,59.38572,107.82,-48.43428,0.4905,0.1601,NEUTRAL,prior-research-2026-09-29+NEUTRAL,True,-32.29592,0.56321,0.41667,-38.22607,-0.63187,-48.49057,18.75969,-79.68342,-16.06432,15.64026,142.75747,-6.43727,-8.74826,0.0,-0.77741,-0.88429,-0.03272,0.18223,0.69697,1.17166,-0.17656,0.26166,-1.22056,-0.30232,-1.7701,-0.36886,-0.33317,-1.69839,-0.88324,0.12939,2026-09-28,False,,,,,,,,,,,,,
OTTO,Process Industries,86.8,38038948.59817,55.79958,0.56114,-0.50706,9.48905,22.89747,59.38572,107.82,-48.43428,0.4905,0.1601,NEUTRAL,prior-research-2026-09-29+NEUTRAL,True,-66.43478,0.16439,0.25,-55.79958,-0.56114,-83.56061,17.45412,-4.43349,-3.96533,104.91542,50.84562,-12.54973,-0.03019,0.0,15.37188,-1.87709,-1.78368,-1.37363,-0.25811,1.19917,-1.8004,-0.18528,-0.39293,-0.41682,0.24877,-0.31829,-0.98882,1.04442,-0.58521,0.49637,2026-09-28,False,,,,,,,,,,,,,
OYAKC,Non-Energy Minerals,20.64,379223019.48855,34.90992,0.94271,0.0982,55.96107,22.25747,58.55571,107.82,-49.26429,0.4967,0.1457,NEUTRAL,prior-research-2026-09-29+NEUTRAL,False,14.78938,0.74728,0.5,-34.90992,-0.94271,-29.76105,19.75364,11.04533,7.03731,74.9244,57.48508,18.66221,-0.04012,4.84496,-9.62211,0.06424,0.79051,0.13358,1.28602,-0.50923,0.9403,0.92756,0.88508,0.82976,-0.34229,-0.36239,0.95332,0.75089,1.58596,-0.20911,2026-09-28,False,,,,,,,,,,,,,
OYYAT,Finance,28.36,13466254.27164,48.10085,0.83334,0.46695,91.9708,33.95347,73.72425,107.82,-34.09575,0.618,0.184,NEUTRAL,prior-research-2026-09-29+NEUTRAL,False,-11.72296,0.40931,0.41667,-48.10085,-0.83334,-59.53037,16.4157,21.21221,27.50869,157.12512,334.34787,30.25143,-0.4292,13.30849,-26.99732,-0.48855,-0.82507,-0.45115,-0.1141,-0.06784,-0.8311,-2.09138,0.58849,0.90023,0.08575,1.53572,0.26313,-0.36177,2.4691,-1.00227,2026-09-28,False,,,,,,,,,,,,,
OZGYO,Finance,1.61,30612409.04266,53.02505,0.92556,0.01533,47.68856,22.89747,59.38572,107.82,-48.43428,0.4905,0.1601,NEUTRAL,prior-research-2026-09-29+NEUTRAL,False,7.19662,0.644,0.5,-53.02505,-0.92556,-35.6,17.23692,0.82093,3.32059,479.61484,16.93003,37.75142,-0.00088,1.04037,66.61653,0.07292,0.24758,0.12774,-0.37239,-0.54225,0.36237,-0.93027,-0.64624,-0.63888,1.57592,-1.0021,0.52631,1.52391,0.3871,1.38358,2026-09-28,False,,,,,,,,,,,,,
OZKGY,Finance,12.0,43875897.04449,35.51357,0.73769,0.35766,84.42822,22.28247,58.58813,107.82,-49.23187,0.5162,0.1572,NEUTRAL,prior-research-2026-09-29+NEUTRAL,True,7.2692,0.74882,0.5,-35.51357,-0.73769,-25.73891,17.59688,-2.95694,-11.23002,429.37091,36.69167,16.72313,-0.10347,1.65583,-20.74447,0.07925,0.69956,0.12774,0.96802,0.46755,1.01654,-0.39149,-0.89543,-1.60771,1.19694,-0.46096,-0.26023,0.46598,0.59791,-0.81205,2026-09-28,False,,,,,,,,,,,,,
OZSUB,Process Industries,35.84,101834064.5,54.34418,0.82715,0.21201,68.36983,22.25747,58.55571,107.82,-49.26429,0.4967,0.1457,NEUTRAL,prior-research-2026-09-29+NEUTRAL,False,148.98412,0.80359,0.66667,-54.34418,-0.82715,-19.64125,18.43886,41.53113,10.04444,33.19599,69.25231,12.09564,-1.2851,1.72061,-16.6967,1.83411,1.15551,1.75625,-0.1602,-0.06884,1.91701,0.7523,1.96714,0.91158,-1.02879,-0.10979,0.7724,-1.2477,1.05616,-0.74319,2026-09-28,False,,,,,,,,,,,,,
OZYSR,Producer Manufacturing,10.95,37653554.78019,47.99927,0.51936,0.38104,85.64477,22.28247,58.58813,107.82,-49.23187,0.5162,0.1572,NEUTRAL,prior-research-2026-09-29+NEUTRAL,True,50.85132,0.77385,0.58333,-47.99927,-0.51936,-23.32155,17.44394,-3.30471,-2.24896,81.03731,166.16597,2.01895,-0.90257,0.0,-15.40155,1.06602,1.31983,1.14999,0.34354,1.45141,1.77158,-0.41397,-0.35543,-0.05652,0.02589,0.50169,-0.3543,-0.78766,-0.48018,-0.71015,2026-09-28,False,,,,,,,,,,,,,
PAPIL,Electronic Technology,7.51,81702976.20756,53.14395,0.73456,-0.19634,27.49392,22.89747,59.38572,107.82,-48.43428,0.4905,0.1601,NEUTRAL,prior-research-2026-09-29+NEUTRAL,False,-13.36289,0.3667,0.5,-53.14395,-0.73456,-63.33008,18.2186,,,22.66689,,,-0.42079,0.0,,-0.81741,-0.793,0.04056,0.37085,0.77503,-0.78525,-0.44101,0.0,0.0,-0.9194,0.0,0.0,-0.08957,-0.1906,0.0,2026-09-28,False,,,,,,,,,,,,,
PARSN,Producer Manufacturing,59.65,18940478.34723,36.76537,0.87227,0.39393,86.3747,22.28247,58.58813,107.82,-49.23187,0.5162,0.1572,NEUTRAL,prior-research-2026-09-29+NEUTRAL,True,-23.78692,0.56755,0.5,-36.76537,-0.87227,-43.24453,16.75681,-9.30341,-22.85187,298.12818,108.87909,-9.99722,-0.41816,0.0,6.01479,-0.60415,0.34617,0.55615,1.19254,-0.20577,0.40531,-1.29683,-0.72966,-1.04363,1.55588,0.11997,-1.09392,-0.11356,-0.48018,0.08573,2026-09-28,False,,,,,,,,,,,,,
PATEK,Technology Services,14.36,268810378.77928,75.08549,0.9384,-0.42007,13.13869,22.89747,59.38572,107.82,-48.43428,0.4905,0.1601,NEUTRAL,prior-research-2026-09-29+NEUTRAL,True,-33.25077,0.4231,0.25,-75.08549,-0.9384,-57.69004,19.40952,-16.4083,-4.22871,43.45437,25.83412,-24.25584,-0.11208,0.0,3.2745,-1.13919,-0.58391,-1.54336,-1.11591,-0.29624,-0.5765,0.78174,-1.34808,-0.48754,-0.59138,-0.39893,-1.8209,-0.09111,-0.33384,0.17287,2026-09-28,False,,,,,,,,,,,,,
PCILT,Commercial Services,31.0,49771587.53243,52.20481,0.63894,0.47239,92.21411,33.95347,73.72425,107.82,-34.09575,0.618,0.184,NEUTRAL,prior-research-2026-09-29+NEUTRAL,False,72.69545,0.85494,0.41667,-52.20481,-0.63894,-20.08525,17.72295,23.52017,13.85194,72.07822,341.78886,5.18787,-0.03011,8.17695,44.79567,0.82191,2.14256,-0.5981,0.64537,0.3298,2.43707,0.40681,0.8927,0.91301,0.59818,1.58663,0.18771,0.33411,1.43517,1.19778,2026-09-28,False,,,,,,,,,,,,,
PENGD,Consumer Non-Durables,7.01,22176469.66216,44.78764,0.69051,0.22392,70.55961,22.93747,59.4376,107.82,-48.3824,0.5041,0.1375,NEUTRAL,prior-research-2026-09-29+NEUTRAL,True,1.43487,0.46578,0.33333,-44.78764,-0.69051,-53.42193,16.91454,-2.72607,-9.76969,415.4072,243.14916,-5.62855,-0.21193,0.0,-3.14972,0.12875,-0.30699,-0.94488,0.32723,0.41916,-0.25901,-1.08991,-0.3929,-0.93137,1.34609,0.47783,-0.98685,0.31214,-0.80094,-0.09029,2026-09-28,False,,,,,,,,,,,,,
PENTA,Distribution Services,9.69,19430265.633,38.64861,0.81955,0.52455,94.40389,33.95347,73.72425,107.82,-34.09575,0.618,0.184,NEUTRAL,prior-research-2026-09-29+NEUTRAL,False,-9.76744,0.57303,0.41667,-38.64861,-0.81955,-42.69663,16.78234,2.221,2.49237,123.24703,933.76476,3.13777,-0.32986,0.0,-0.43139,-0.31877,0.36115,-0.34923,1.20715,-0.6584,0.47568,-0.93531,-0.55763,-0.28881,0.60431,1.5399,-0.219,-0.16554,-0.43181,0.00431,2026-09-28,False,,,,,,,,,,,,,
PETKM,Process Industries,20.2,1733277402.30368,53.33534,0.74149,-0.08751,37.46959,22.89747,59.38572,107.82,-48.43428,0.4905,0.1601,NEUTRAL,prior-research-2026-09-29+NEUTRAL,True,6.03175,0.74429,0.58333,-53.33534,-0.74149,-32.01916,21.27328,-3.27339,-4.47522,151.07542,216.73231,-6.28825,-0.74546,0.0,16.41749,0.12686,0.82419,1.11028,-0.08341,0.38933,0.71845,2.05799,-0.31828,-0.44745,0.63324,0.92654,-0.6619,-0.74711,-0.58521,0.51165,2026-09-28,False,,,,,,,,,,,,,
PGSUS,Transportation,143.7,1621140736.44862,32.41884,0.98289,0.11036,57.90754,22.25747,58.55571,107.82,-49.26429,0.4967,0.1457,NEUTRAL,prior-research-2026-09-29+NEUTRAL,True,-31.7029,0.64123,0.41667,-32.41884,-0.98289,-35.87684,21.2064,-1.23886,-1.80856,158.11967,237.41575,4.04317,-2.26383,0.0,-0.15247,-1.13149,-0.2905,-0.34659,1.3388,-0.84757,-0.04782,1.02653,-0.61463,-0.83325,0.3322,0.66104,-0.73684,-0.79632,-0.85802,0.01249,2026-09-28,False,,,,,,,,,,,,,
PINSU,Consumer Non-Durables,8.79,23640299.78765,36.37062,0.37045,0.15243,63.50365,22.25747,58.55571,107.82,-49.26429,0.4967,0.1457,NEUTRAL,prior-research-2026-09-29+NEUTRAL,False,-7.61648,0.59553,0.33333,-36.37062,-0.37045,-40.44716,16.97846,5.14548,5.39732,123.2087,117.08464,6.22618,-0.22917,0.0,-3.48082,-0.13431,0.23471,-0.94488,1.06823,1.80444,0.35758,-0.96374,0.18089,0.2306,-0.04868,-0.1852,-0.04854,0.26545,-0.80094,-0.10314,2026-09-28,False,,,,,,,,,,,,,
PKART,Commercial Services,85.05,52340511.44189,73.6661,0.90279,-0.16852,29.92701,22.89747,59.38572,107.82,-48.43428,0.4905,0.1601,NEUTRAL,prior-research-2026-09-29+NEUTRAL,False,68.57507,0.48851,0.58333,-73.6661,-0.90279,-51.14877,17.77328,20.30927,5.31777,31.77901,135.19386,8.13726,-0.0,0.0,19.43077,0.7801,0.31524,0.57463,-0.73767,-1.03317,0.31196,0.48454,0.72866,0.11342,-0.19602,0.66209,0.43603,1.3884,-1.41629,0.6778,2026-09-28,False,,,,,,,,,,,,,
PKENT,Consumer Services,92.8,15699017.44985,33.70082,0.63002,-0.25849,22.87105,22.89747,59.38572,107.82,-48.43428,0.4905,0.1601,NEUTRAL,prior-research-2026-09-29+NEUTRAL,False,-42.38938,0.30327,0.33333,-33.70082,-0.63002,-69.6732,16.56911,11.53425,6.51852,2.03102,57.94043,2.81768,-0.00014,0.0,-9.9788,-0.73357,-0.96604,-0.54271,1.49078,0.75296,-0.87365,-1.51263,1.04482,0.74358,-3.0,0.03024,0.47797,1.1335,-0.42857,-0.50999,2026-09-28,False,,,,,,,,,,,,,
PLTUR,Transportation,15.1,27421789.54022,43.54602,0.73306,0.13909,61.80049,22.25747,58.55571,107.82,-49.26429,0.4967,0.1457,NEUTRAL,prior-research-2026-09-29+NEUTRAL,False,-11.67332,0.57403,0.5,-43.54602,-0.73306,-42.59734,17.12685,6.15334,14.64864,275.33589,237.12456,16.09052,-0.2549,6.54811,13.73963,-0.5227,-0.61205,0.23231,0.20865,0.4821,-0.42548,-1.59544,-0.06456,0.6561,0.96038,0.65149,0.10225,0.90459,1.75533,0.51016,2026-09-28,False,,,,,,,,,,,,,
PNSUT,Consumer Non-Durables,10.26,20781571.25799,48.61214,0.69811,0.51833,93.91727,33.95347,73.72425,107.82,-34.09575,0.618,0.184,NEUTRAL,prior-research-2026-09-29+NEUTRAL,True,-21.01501,0.5735,0.41667,-48.61214,-0.69811,-43.87926,16.84958,-8.96119,-31.15038,383.05264,471.10393,-0.40865,-0.56119,0.0,-26.60198,-0.53653,0.12085,-0.32457,0.04925,0.38204,0.14798,-1.16076,-0.83565,-1.64075,1.20168,1.08396,-0.66818,-0.43033,-0.80094,-0.99693,2026-09-28,False,,,,,,,,,,,,,
POLHO,Process Industries,18.36,42907121.38837,42.63042,0.77805,0.25848,75.42579,22.93747,59.4376,107.82,-48.3824,0.5041,0.1375,NEUTRAL,prior-research-2026-09-29+NEUTRAL,True,2.77778,0.77929,0.41667,-42.63042,-0.77805,-28.93518,17.57455,-12.97618,-17.17427,102.8929,46.19082,-2.10212,-0.15997,0.0,-28.44441,0.0324,0.99705,-0.06246,0.58444,0.14447,0.92033,-0.05206,-0.81564,-1.10247,0.21608,-0.39825,-0.39656,0.32733,-0.58521,-1.13327,2026-09-28,False,,,,,,,,,,,,,
POLTK,Process Industries,3010.0,24334020.0,45.31799,0.72493,-0.65498,4.37956,22.89747,59.38572,107.82,-48.43428,0.4905,0.1601,NEUTRAL,prior-research-2026-09-29+NEUTRAL,True,-40.07018,0.24432,0.16667,-45.31799,-0.72493,-75.56818,17.00739,-18.81343,-0.51784,2.93912,9.62255,3.85377,-0.1017,0.0,29.39477,-1.24515,-1.4009,-2.04567,0.40666,0.5119,-1.41444,-0.73777,-1.13296,-0.14246,-2.64654,-1.49244,0.09691,0.55492,-0.58521,0.95144,2026-09-28,False,,,,,,,,,,,,,
PRDGS,Finance,4.04,43628911.64769,62.38327,0.9521,-0.23731,24.81752,22.89747,59.38572,107.82,-48.43428,0.4905,0.1601,NEUTRAL,prior-research-2026-09-29+NEUTRAL,False,29.53846,0.43441,0.41667,-62.38327,-0.9521,-57.52688,17.59123,16.51284,50.53766,388.76762,15.04341,339.07255,-0.0,0.0,105.84398,0.49192,-0.68151,-0.45115,-0.98148,-0.67591,-0.73346,-0.39824,0.37941,1.71711,1.06588,-1.08551,2.14876,2.02761,-1.02203,1.57131,2026-09-28,False,,,,,,,,,,,,,
PRKAB,Producer Manufacturing,24.98,18785517.92616,51.26715,1.268,0.03228,49.39173,22.89747,59.38572,107.82,-48.43428,0.4905,0.1601,NEUTRAL,prior-research-2026-09-29+NEUTRAL,True,-4.67066,0.38669,0.25,-51.26715,-1.268,-61.33127,16.7486,-50.90291,-7.65771,13.80649,352.23029,2.0189,-0.05411,0.0,3.64561,-0.01932,-0.42906,-1.33392,0.13557,-1.93439,-0.42613,-1.31376,-1.80679,-0.37758,-1.73458,1.24701,-0.36218,0.95079,-0.48018,0.02075,2026-09-28,False,,,,,,,,,,,,,
PRKME,Non-Energy Minerals,13.99,48990517.16145,59.96954,1.11142,0.0337,49.63504,22.89747,59.38572,107.82,-48.43428,0.4905,0.1601,NEUTRAL,prior-research-2026-09-29+NEUTRAL,True,0.0,0.55648,0.41667,-59.96954,-1.11142,-44.35163,17.70714,-12.94221,-30.11817,254.66543,24.27098,-12.92814,-0.0,0.0,-54.91826,-0.34925,-0.11331,-0.44531,-0.56727,-1.20721,0.03322,-0.41819,-0.63775,-1.22415,1.0613,-1.06438,-1.11665,1.94304,-0.70599,-1.45896,2026-09-28,False,,,,,,,,,,,,,
PSDTC,Process Industries,86.0,44336772.73494,69.93785,0.50793,-0.61313,5.3528,22.89747,59.38572,107.82,-48.43428,0.4905,0.1601,NEUTRAL,prior-research-2026-09-29+NEUTRAL,False,17.18325,0.46537,0.41667,-69.93785,-0.50793,-53.4632,17.60732,12.6676,4.46485,42.76315,15.11641,1.0464,-0.40879,1.99156,156.83092,0.4105,-0.40249,-0.06246,-1.12149,1.43151,-0.42838,-0.00471,0.82719,0.29234,-0.85457,-1.24276,-0.22542,-0.22571,1.14486,1.60136,2026-09-28,False,,,,,,,,,,,,,
PSGYO,Finance,1.77,434415880.99643,71.31612,0.89335,-0.3977,14.35523,22.89747,59.38572,107.82,-48.43428,0.4905,0.1601,NEUTRAL,prior-research-2026-09-29+NEUTRAL,False,2.8908,0.44155,0.5,-71.31612,-0.89335,-55.84517,19.88951,7.94953,22.68737,385.74062,10.02435,-20.55185,-0.39798,0.57571,-22.85604,-0.05318,-0.65268,0.12774,-1.5532,-0.38345,-0.67583,1.14466,-0.05818,0.79228,1.0489,-1.28244,-2.46953,-0.27347,0.21304,-0.8844,2026-09-28,False,,,,,,,,,,,,,
QUAGR,Non-Energy Minerals,2.07,137298168.23908,66.67965,1.23855,-0.00043,46.47202,22.89747,59.38572,107.82,-48.43428,0.4905,0.1601,NEUTRAL,prior-research-2026-09-29+NEUTRAL,True,-63.31169,0.21079,0.41667,-66.67965,-1.23855,-79.0224,18.73767,-10.75839,-19.46593,201.58515,183.66902,6.0921,-0.47993,0.0,-8.16344,-2.10183,-1.61599,-0.44531,-1.00522,-1.69983,-1.52356,0.40778,-0.57898,-0.94927,0.73729,0.65175,0.18505,-0.53678,-0.70599,-0.14887,2026-09-28,False,,,,,,,,,,,,,
RAYSG,Finance,124.9,19469740.28893,36.14796,0.83259,-0.10123,35.27981,22.89747,59.38572,107.82,-48.43428,0.4905,0.1601,NEUTRAL,prior-research-2026-09-29+NEUTRAL,False,-31.58562,0.45877,0.25,-36.14796,-0.83259,-54.12305,16.78437,41.69461,17.24077,51.16344,164.50063,20.01278,-0.00212,0.0,26.96567,-1.07992,-0.5892,-1.76232,0.88342,-0.06151,-0.61281,-1.42198,1.36838,0.58485,-1.2549,0.83909,-0.06285,1.44952,-1.02203,1.01838,2026-09-28,False,,,,,,,,,,,,,
REEDR,Technology Services,3.58,86014423.52345,53.80984,0.98536,0.19017,66.66667,22.25747,58.55571,107.82,-49.26429,0.4967,0.1457,NEUTRAL,prior-research-2026-09-29+NEUTRAL,True,-43.91635,0.3403,0.25,-53.80984,-0.98536,-65.96958,18.27003,-13.04589,-30.49754,279.55882,49.26933,-16.37596,-0.04368,0.0,-70.21513,-1.43565,-0.99782,-1.54336,0.18856,-0.50858,-0.98682,0.12924,-1.22825,-1.52404,1.61274,0.1262,-1.57662,0.29479,-0.33384,-1.74073,2026-09-28,False,,,,,,,,,,,,,
RGYAS,Finance,193.8,327945555.83779,32.27531,0.50044,0.10076,56.20438,22.25747,58.55571,107.82,-49.26429,0.4967,0.1457,NEUTRAL,prior-research-2026-09-29+NEUTRAL,False,41.51361,0.89972,0.66667,-32.27531,-0.50044,-18.8691,19.60836,14.66797,31.06218,259.70408,25.41956,65.17866,-0.20576,0.84592,25.23121,0.68135,1.70633,1.36756,1.35231,1.54933,1.93756,0.95066,0.29945,1.02657,0.64246,-0.72598,0.87682,0.15094,0.31226,0.90679,2026-09-28,False,,,,,,,,,,,,,
RTALB,Health Technology,1.92,54073062.18831,57.91554,0.87744,-0.08083,38.44282,22.89747,59.38572,107.82,-48.43428,0.4905,0.1601,NEUTRAL,prior-research-2026-09-29+NEUTRAL,False,-31.23543,0.40764,0.16667,-57.91554,-0.87744,-59.23567,17.80585,13.56108,34.48106,308.78906,26.96365,-7.60031,-0.01236,0.0,19.30477,-0.84915,-0.43608,-1.92962,-0.3503,-0.58938,-0.27798,-0.04859,0.82519,2.1297,0.99097,-0.65116,-0.66197,1.07766,-0.46794,0.60599,2026-09-28,False,,,,,,,,,,,,,
RUZYE,Process Industries,4.94,44687311.95723,59.82529,1.00332,-0.39581,14.59854,22.89747,59.38572,107.82,-48.43428,0.4905,0.1601,NEUTRAL,prior-research-2026-09-29+NEUTRAL,True,-26.26914,0.31226,0.41667,-59.82529,-1.00332,-68.7737,17.6152,-7.88033,-8.77287,129.28294,19.26867,-37.36558,-0.20542,0.0,9.78857,-0.86318,-1.06992,-0.06246,-0.45731,-0.90346,-1.10472,0.00199,-0.61938,-0.73098,0.46055,-1.13483,-1.57056,0.23917,-0.58521,0.30119,2026-09-28,False,,,,,,,,,,,,,
RYGYO,Finance,49.54,101596209.71935,45.63829,0.50383,-0.14848,31.63017,22.89747,59.38572,107.82,-48.43428,0.4905,0.1601,NEUTRAL,prior-research-2026-09-29+NEUTRAL,False,106.91163,0.9752,0.66667,-45.63829,-0.50383,-19.39967,18.43652,21.6976,18.15547,109.09318,20.22789,97.1527,-0.13695,0.0,600.58587,1.35063,2.03068,1.36756,0.05985,1.51542,1.80469,0.37216,0.61059,0.62535,-0.31698,-0.91352,1.54564,0.31502,-1.02203,2.21911,2026-09-28,False,,,,,,,,,,,,,
RYSAS,Transportation,26.54,238452751.35037,60.67563,0.23747,-0.22789,25.54745,22.89747,59.38572,107.82,-48.43428,0.4905,0.1601,NEUTRAL,prior-research-2026-09-29+NEUTRAL,False,67.41017,0.87649,0.5,-60.67563,-0.23747,-27.64406,19.28968,12.83109,5.7538,54.92914,25.64883,33.32499,-0.57227,0.0,-13.29761,0.91669,0.96014,0.23231,-0.80594,2.50013,0.48512,0.23213,0.36679,-0.16108,-0.92565,-1.21849,0.821,0.29957,-0.85802,-0.55566,2026-09-28,False,,,,,,,,,,,,,
SAFKR,Producer Manufacturing,10.99,60310845.10076,49.18829,0.53559,-0.28945,20.92457,22.89747,59.38572,107.82,-48.43428,0.4905,0.1601,NEUTRAL,prior-research-2026-09-29+NEUTRAL,False,-10.53921,0.36009,0.25,-49.18829,-0.53559,-64.54784,17.91502,11.80439,6.2565,61.34239,119.10361,14.23855,-0.05891,0.0,47.10811,-0.1977,-0.52679,-1.33392,0.25502,1.42263,-0.57408,0.15057,0.74947,0.7225,-0.29134,0.20243,0.63132,0.90811,-0.48018,1.16655,2026-09-28,False,,,,,,,,,,,,,
SAHOL,Finance,86.9,2960263282.01086,37.14709,1.24823,0.45045,90.51095,33.95347,73.72425,107.82,-34.09575,0.618,0.184,NEUTRAL,prior-research-2026-09-29+NEUTRAL,False,15.68942,0.78416,0.5,-37.14709,-1.24823,-25.73516,21.80854,5.37075,10.82412,228.16213,683.5135,7.13581,-2.59882,1.62665,-11.50171,0.27914,0.87792,0.12774,0.72398,-1.87961,1.02882,1.88644,-0.26607,0.17454,0.45583,2.08662,-0.87448,-1.76142,0.57675,-0.44718,2026-09-28,False,,,,,,,,,,,,,
SANFM,Process Industries,4.34,53188962.28766,67.87855,0.63036,-0.45736,11.43552,22.89747,59.38572,107.82,-48.43428,0.4905,0.1601,NEUTRAL,prior-research-2026-09-29+NEUTRAL,False,54.49713,0.37608,0.66667,-67.87855,-0.63036,-62.39168,17.78936,2.93189,1.09941,47.44501,80.99886,1.18931,-1.05566,0.92166,17.6273,0.95975,-0.84217,1.75625,-1.00586,0.95706,-0.83551,0.1849,0.12851,-0.05309,-0.73333,0.01143,-0.20912,-1.09933,0.76755,0.54263,2026-09-28,False,,,,,,,,,,,,,
SARKY,Producer Manufacturing,20.14,110532911.99891,53.52785,1.39917,0.02396,48.90511,22.89747,59.38572,107.82,-48.43428,0.4905,0.1601,NEUTRAL,prior-research-2026-09-29+NEUTRAL,False,85.04985,0.39472,0.41667,-53.52785,-1.39917,-60.52785,18.52082,2.28295,1.35475,67.05728,485.71369,2.41578,-0.96988,1.75244,24.40876,1.4448,-0.38697,-0.02274,0.01545,-2.46219,-0.38553,0.62893,0.05887,0.24393,-0.19304,1.50216,-0.28445,-0.87887,1.19388,0.75924,2026-09-28,False,,,,,,,,,,,,,
SASA,Process Industries,1.88,0.0,63.04931,1.30811,0.61802,98.29684,39.69947,81.17624,107.82,-26.64376,0.596,0.1848,NEUTRAL,prior-research-2026-09-29+NEUTRAL,True,-26.00619,0.53107,0.25,-63.04931,-1.30811,-46.89265,0.0,-7.49333,-12.28106,216.73016,67.60689,4.54737,-0.72644,0.0,13.81665,-0.85385,-0.15163,-1.37363,-0.68711,-2.06308,-0.12826,-2.7953,-0.57657,-0.86564,0.97276,-0.13019,0.17661,-0.73857,-0.58521,0.44392,2026-09-28,False,,,,,,,,,,,,,
SAYAS,Producer Manufacturing,42.7,89904707.81047,62.79209,0.73501,-0.08398,37.7129,22.89747,59.38572,107.82,-48.43428,0.4905,0.1601,NEUTRAL,prior-research-2026-09-29+NEUTRAL,False,10.05535,0.63779,0.41667,-62.79209,-0.73501,-36.46247,18.31426,14.89675,5.87634,49.34852,78.4626,17.83398,-0.19823,0.0,17.10319,0.40539,0.69168,-0.02274,-0.55911,0.51715,0.78523,0.44558,0.90633,0.66604,-0.54293,-0.18884,0.80704,0.37841,-0.48018,0.49829,2026-09-28,False,,,,,,,,,,,,,
SDTTR,Electronic Technology,15.98,183153205.68544,56.62597,0.49479,-0.28492,21.16788,22.89747,59.38572,107.82,-48.43428,0.4905,0.1601,NEUTRAL,prior-research-2026-09-29+NEUTRAL,False,33.02875,0.61035,0.5,-56.62597,-0.49479,-38.96528,19.02583,4.75838,1.15611,29.24088,25.12797,11.40964,-0.28728,0.0973,21.34395,0.22717,0.26068,0.04056,0.13003,1.84738,0.36471,0.06839,-0.03937,-0.29694,-0.7017,-0.8567,-0.04933,0.19102,0.89773,0.47111,2026-09-28,False,,,,,,,,,,,,,
SEGMN,Consumer Non-Durables,24.4,57326858.11433,72.43174,1.22338,-0.42646,12.89538,22.89747,59.38572,107.82,-48.43428,0.4905,0.1601,NEUTRAL,prior-research-2026-09-29+NEUTRAL,False,135.06787,0.35133,0.58333,-72.43174,-1.22338,-64.86681,17.86428,1.29919,1.4066,147.97887,74.4254,7.21096,-0.0372,2.51125,17.1753,1.88406,-0.86643,0.84817,-1.44968,-2.02412,-0.79005,0.12896,-0.15217,-0.14307,0.18339,-0.58241,0.02929,1.077,1.03559,0.60045,2026-09-28,False,,,,,,,,,,,,,
SERNT,Producer Manufacturing,5.2,34893216.97036,59.43836,0.75272,0.28832,77.37226,22.93747,59.4376,107.82,-48.3824,0.5041,0.1375,NEUTRAL,prior-research-2026-09-29+NEUTRAL,False,-23.46154,0.45694,0.33333,-59.43836,-0.75272,-54.3058,17.3678,,,204.83103,,,-1.35037,0.0,,-0.57864,-0.09228,-0.64306,-0.31722,0.41086,-0.12604,-0.52756,0.0,0.0,1.0401,0.0,0.0,-1.15631,-0.48018,0.0,2026-09-28,False,,,,,,,,,,,,,
SISE,Consumer Durables,38.38,1926946953.48782,42.55679,1.26257,0.19148,67.39659,22.25747,58.55571,107.82,-49.26429,0.4967,0.1457,NEUTRAL,prior-research-2026-09-29+NEUTRAL,False,15.71341,0.74267,0.5,-42.55679,-1.26257,-26.23603,21.3792,4.44659,9.52922,235.88583,206.30039,-1.03554,-0.63551,1.53105,-8.21014,0.53503,0.81812,0.76112,0.37644,-1.73823,1.17817,1.42266,0.9832,1.58105,1.14419,-0.00886,0.01351,0.49335,0.64343,-0.13662,2026-09-28,False,,,,,,,,,,,,,
SKBNK,Finance,5.14,660820591.32669,74.84001,1.02941,-0.26183,22.62774,22.89747,59.38572,107.82,-48.43428,0.4905,0.1601,NEUTRAL,prior-research-2026-09-29+NEUTRAL,False,0.80371,0.26184,0.66667,-74.84001,-1.02941,-73.81559,20.30899,16.26301,24.91739,169.34363,422.09684,16.11012,-4.09909,1.24514,14.31473,-0.13514,-1.45338,1.36756,-1.74148,-0.95115,-1.46207,1.32984,0.37029,0.86254,0.15231,1.75268,-0.28455,-1.98414,0.41585,0.53993,2026-09-28,False,,,,,,,,,,,,,
SKTAS,Process Industries,2.29,37443675.79813,61.69295,0.98282,0.1859,65.93674,22.25747,58.55571,107.82,-49.26429,0.4967,0.1457,NEUTRAL,prior-research-2026-09-29+NEUTRAL,True,-37.45098,0.39483,0.41667,-61.69295,-0.98282,-60.51724,17.43835,-4.33754,-8.39388,228.52198,170.3339,-2.43381,-0.37023,0.0,-14.61373,-1.16532,-0.73051,-0.06246,-0.59902,-0.85702,-0.72803,-0.23656,-0.38535,-0.66838,1.07922,0.7145,-0.45142,-0.15174,-0.58521,-0.65894,2026-09-28,False,,,,,,,,,,,,,
SKYLP,Commercial Services,61.3,13076928.375,78.49196,0.65297,-0.09727,36.25304,22.89747,59.38572,107.82,-48.43428,0.4905,0.1601,NEUTRAL,prior-research-2026-09-29+NEUTRAL,True,95.13726,0.15891,0.41667,-78.49196,-0.65297,-84.10888,16.38636,-16.78719,-6.85152,49.06567,44.83152,-2.14683,-0.28836,0.0,2.13485,1.1072,-1.27509,-0.5981,-0.96226,0.28605,-1.2699,-1.50089,-1.44448,-0.81572,0.15932,-0.26327,-0.44135,-0.7201,-1.41629,0.04786,2026-09-28,False,,,,,,,,,,,,,
SKYMD,Finance,17.4,40681677.4971,56.47076,0.46507,0.18475,65.69343,22.25747,58.55571,107.82,-49.26429,0.4967,0.1457,NEUTRAL,prior-research-2026-09-29+NEUTRAL,True,3.16804,0.98584,0.5,-56.47076,-0.46507,-22.65841,17.52129,-19.08512,-7.81516,40.93877,39.4367,27.2428,-0.83322,0.0,-12.71037,-0.04689,2.33556,0.12774,-0.6251,1.70427,1.34093,-0.48754,-1.78934,-1.433,-1.5032,-0.37954,0.18442,-0.92605,-1.02203,-0.51145,2026-09-28,False,,,,,,,,,,,,,
SMART,Technology Services,15.9,23319467.1341,63.00285,1.07857,0.21503,69.34307,22.25747,58.55571,107.82,-49.26429,0.4967,0.1457,NEUTRAL,prior-research-2026-09-29+NEUTRAL,True,-0.48426,0.3878,0.5,-63.00285,-1.07857,-61.21951,16.9648,-7.29784,-6.72859,103.69923,33.06709,-13.60705,-0.43741,0.0,-57.87426,-0.14507,-0.7748,0.3467,-0.36224,-0.95552,-0.75427,-1.31128,-0.94362,-0.6145,0.48172,-0.24203,-1.46197,-0.89545,-0.33384,-1.58269,2026-09-28,False,,,,,,,,,,,,,
SMRTG,Electronic Technology,5.03,219705322.73448,70.12826,1.03204,0.22482,70.80292,22.93747,59.4376,107.82,-48.3824,0.5041,0.1375,NEUTRAL,prior-research-2026-09-29+NEUTRAL,False,11.18422,0.38782,0.33333,-70.12826,-1.03204,-62.22051,19.2078,4.03965,1.97654,59.4943,138.69214,14.70481,-3.11537,0.0,-18.06236,-0.10675,-0.68749,-1.15864,-0.69234,-0.69169,-0.7333,0.19218,-0.14587,-0.22227,-0.03092,0.56151,0.12461,-1.5449,-0.1906,-1.03749,2026-09-28,False,,,,,,,,,,,,,
SMRVA,Commercial Services,7.14,89272605.04444,72.10691,0.69544,-0.182,28.71046,22.89747,59.38572,107.82,-48.43428,0.4905,0.1601,NEUTRAL,prior-research-2026-09-29+NEUTRAL,False,-77.04716,0.07255,0.41667,-72.10691,-0.69544,-92.74491,18.30721,,,63.10999,,,-0.6774,2.63609,,-2.60393,-1.6625,-0.5981,-0.63994,0.06364,-1.69024,0.94432,0.0,0.0,0.46609,0.0,0.0,-1.39267,0.45759,0.0,2026-09-28,False,,,,,,,,,,,,,
SNGYO,Finance,2.63,67770119.15361,40.76001,1.12058,0.50082,93.18735,33.95347,73.72425,107.82,-34.09575,0.618,0.184,NEUTRAL,prior-research-2026-09-29+NEUTRAL,True,-22.15054,0.49716,0.5,-40.76001,-1.12058,-50.28355,18.03163,-0.24887,-1.30826,584.09466,71.14558,33.00879,-0.14971,0.0,-80.17903,-0.78686,-0.42076,0.12774,0.42835,-1.4009,-0.43878,0.05914,-0.71391,-0.97331,2.01941,0.08225,0.41266,0.28717,-1.02203,-1.92563,2026-09-28,False,,,,,,,,,,,,,
SOKE,Process Industries,7.04,34318629.60761,56.23023,0.87901,-0.06029,41.36253,22.89747,59.38572,107.82,-48.43428,0.4905,0.1601,NEUTRAL,prior-research-2026-09-29+NEUTRAL,True,17.64706,0.33684,0.41667,-56.23023,-0.87901,-66.31579,17.3512,-3.67192,-5.71037,189.71654,320.10133,2.11422,-0.12084,0.0,20.8385,0.41718,-1.01612,-0.06246,-0.27803,-0.31964,-1.0209,-0.38385,-0.34784,-0.51809,0.83402,1.32389,-0.10593,0.46732,-0.58521,0.69048,2026-09-28,False,,,,,,,,,,,,,
SOKM,Retail Trade,57.05,265410614.38362,37.77611,0.85687,0.02311,48.41849,22.89747,59.38572,107.82,-48.43428,0.4905,0.1601,NEUTRAL,prior-research-2026-09-29+NEUTRAL,True,59.40431,0.815,0.5,-37.77611,-0.85687,-37.4,19.39679,-6.73875,-7.24051,120.96262,926.75682,-2.47349,-0.42062,0.0,7.51452,0.53755,0.51109,-0.12231,0.39556,-0.46637,-0.41137,0.55911,-0.48863,-0.47457,0.35865,0.9541,-0.31056,-0.14112,-1.10105,0.36661,2026-09-28,False,,,,,,,,,,,,,
SRVGY,Finance,2.09,36010037.20703,29.88734,0.84665,0.07968,53.52798,22.25747,58.55571,107.82,-49.26429,0.4967,0.1457,NEUTRAL,prior-research-2026-09-29+NEUTRAL,False,-15.0292,0.56182,0.5,-29.88734,-0.84665,-43.818,17.39931,11.06835,43.89843,463.65721,67.46041,58.54492,-0.03451,3.68053,240.76651,-0.55878,-0.21526,0.12774,1.54901,-0.11231,-0.15842,-0.655,0.09692,1.47659,1.44226,0.0347,0.76875,0.91227,1.02748,1.95018,2026-09-28,False,,,,,,,,,,,,,
SURGY,Finance,20.64,131986412.39074,60.54248,0.82605,-1.20082,0.48662,22.89747,59.38572,107.82,-48.43428,0.4905,0.1601,NEUTRAL,prior-research-2026-09-29+NEUTRAL,True,-29.3617,0.25356,0.5,-60.54248,-0.82605,-74.64374,18.69821,-5.13041,-14.36449,317.18259,1.96408,-288.24817,-0.0,0.0,3260.57161,-0.99947,-1.51249,0.12774,-0.80598,-0.00478,-1.53391,0.49779,-1.06705,-1.76515,0.91054,-1.97769,-3.0,2.02761,-1.02203,2.69476,2026-09-28,False,,,,,,,,,,,,,
TABGD,Consumer Services,215.0,182044138.3723,35.89997,0.64817,0.11189,58.63747,22.25747,58.55571,107.82,-49.26429,0.4967,0.1457,NEUTRAL,prior-research-2026-09-29+NEUTRAL,False,10.72177,0.74394,0.5,-35.89997,-0.64817,-25.60554,19.01976,12.21939,4.97137,48.09687,98.17345,8.03636,-0.28291,2.32558,17.80281,0.87062,0.95334,0.65649,1.17922,0.66182,1.45721,0.93231,1.0921,0.54681,-0.74755,0.43472,0.94625,-0.48521,1.35967,0.49426,2026-09-28,False,,,,,,,,,,,,,
TARKM,Process Industries,378.0,60913487.0,51.05031,0.73535,-0.06399,40.87591,22.89747,59.38572,107.82,-48.43428,0.4905,0.1601,NEUTRAL,prior-research-2026-09-29+NEUTRAL,False,35.53517,0.6369,0.33333,-51.05031,-0.73535,-36.31003,17.92497,,,41.6703,,,-0.38309,0.0,,0.67087,0.33327,-0.68277,0.04914,0.42954,0.4417,0.35645,0.0,0.0,-0.87613,0.0,0.0,-0.16511,-0.58521,0.0,2026-09-28,False,,,,,,,,,,,,,
TATEN,Utilities,4.58,192209389.75476,68.83766,0.76502,-0.14294,31.87348,22.89747,59.38572,107.82,-48.43428,0.4905,0.1601,NEUTRAL,prior-research-2026-09-29+NEUTRAL,True,-55.09125,0.20187,0.33333,-68.83766,-0.76502,-79.81267,19.0741,-3.4974,-3.48378,109.69932,55.80899,33.39294,-1.24322,0.0,-7.07748,-1.87316,-1.77694,-1.1878,-1.0351,-0.12128,-1.70329,0.48398,-0.43162,-0.40362,-0.32798,-0.08788,1.47901,-1.28769,-0.73959,0.15541,2026-09-28,False,,,,,,,,,,,,,
TATGD,Consumer Non-Durables,16.05,43073967.15534,46.24611,0.89007,0.3229,81.0219,22.28247,58.58813,107.82,-49.23187,0.5162,0.1572,NEUTRAL,prior-research-2026-09-29+NEUTRAL,False,43.97496,0.69783,0.41667,-46.24611,-0.89007,-30.21739,17.57843,9.33751,14.36384,217.0347,231.3514,7.76917,-0.46219,0.0,10.375,0.97317,0.74456,-0.32457,0.21522,-0.63056,1.01795,-0.20309,0.50307,1.06433,0.55428,0.43008,0.05759,-0.2495,-0.80094,0.4024,2026-09-28,False,,,,,,,,,,,,,
TAVHL,Transportation,267.75,859944237.09842,41.16418,1.07095,-0.06171,41.11922,22.89747,59.38572,107.82,-48.43428,0.4905,0.1601,NEUTRAL,prior-research-2026-09-29+NEUTRAL,False,23.27436,0.73971,0.58333,-41.16418,-1.07095,-33.25153,20.57238,6.95027,5.45274,83.74567,96.5026,19.24295,-1.35353,0.67413,5.57233,0.35939,0.13371,0.82615,0.38186,-1.23236,0.15366,0.81914,-0.02313,-0.182,-0.42866,-0.16569,0.28718,-0.4649,0.41268,0.16082,2026-09-28,False,,,,,,,,,,,,,
TBORG,Consumer Non-Durables,124.6,23015660.0457,34.85117,0.6278,0.25172,74.69586,22.93747,59.4376,107.82,-48.3824,0.5041,0.1375,NEUTRAL,prior-research-2026-09-29+NEUTRAL,False,-9.2219,0.63542,0.25,-34.85117,-0.6278,-40.2691,16.95169,11.97644,7.82742,75.1733,114.36173,15.58159,-0.33383,6.41121,4.22358,-0.16083,0.40873,-1.63574,1.2837,0.76522,0.36403,-1.02458,0.63308,0.51328,-0.61965,-0.21268,0.55893,-0.0054,1.78701,0.12812,2026-09-28,False,,,,,,,,,,,,,
TCELL,Communications,98.35,2716118802.28271,35.69344,1.02546,0.2519,74.93917,22.93747,59.4376,107.82,-48.3824,0.5041,0.1375,NEUTRAL,prior-research-2026-09-29+NEUTRAL,False,6.72407,0.77137,0.41667,-35.69344,-1.02546,-25.45098,21.72247,7.34276,9.05668,145.21074,125.73458,15.28823,-0.68506,3.69737,8.2069,0.09933,0.90931,-0.30935,1.18156,-0.99819,1.23632,1.86298,0.33251,0.65766,0.38567,0.35539,0.49559,-0.71823,1.43446,0.32931,2026-09-28,False,,,,,,,,,,,,,
TCKRC,Producer Manufacturing,118.7,395459443.02585,63.10175,0.78169,-0.46491,10.7056,22.89747,59.38572,107.82,-48.43428,0.4905,0.1601,NEUTRAL,prior-research-2026-09-29+NEUTRAL,False,240.3902,0.69253,0.66667,-63.10175,-0.78169,-34.24737,19.79556,34.23456,9.36129,36.14703,26.43556,38.4863,-0.15658,0.0,212.45949,2.26612,0.97763,1.79596,-0.58381,0.20015,0.97427,1.28334,1.70069,1.0733,-0.82123,-1.00216,1.56763,0.46671,-0.48018,1.7632,2026-09-28,False,,,,,,,,,,,,,
TEKTU,Consumer Services,4.67,40872277.10176,59.20641,0.90563,-0.33726,18.00487,22.89747,59.38572,107.82,-48.43428,0.4905,0.1601,NEUTRAL,prior-research-2026-09-29+NEUTRAL,True,-64.27928,0.16015,0.16667,-59.20641,-0.90563,-83.98491,17.52596,-15.00222,-61.84715,446.92009,8.64117,-94.93203,-0.0,0.0,8.08955,-1.25715,-1.70741,-1.90561,-0.47633,-0.69762,-1.60548,-0.21102,-0.64405,-1.6401,1.92082,-1.33978,-1.5979,1.59695,-0.42857,0.16203,2026-09-28,False,,,,,,,,,,,,,
TEZOL,Consumer Non-Durables,7.17,42065788.48375,48.99226,0.68674,-0.07628,38.92944,22.89747,59.38572,107.82,-48.43428,0.4905,0.1601,NEUTRAL,prior-research-2026-09-29+NEUTRAL,True,-31.48304,0.35601,0.41667,-48.99226,-0.68674,-64.3992,17.55475,-0.62475,-1.05877,188.96504,158.2238,0.83409,-0.03419,6.27615,-26.92683,-0.84351,-0.80861,-0.32457,0.03664,0.46481,-0.7346,-0.23045,-0.25363,-0.31468,0.39054,0.11081,-0.60133,1.09683,1.73834,-1.00716,2026-09-28,False,,,,,,,,,,,,,
TGSAS,Distribution Services,96.3,61711414.70515,72.21576,0.55833,-0.50834,9.24574,22.89747,59.38572,107.82,-48.43428,0.4905,0.1601,NEUTRAL,prior-research-2026-09-29+NEUTRAL,False,42.20328,0.35866,0.5,-72.21576,-0.55833,-64.13408,17.93798,23.67422,5.59553,31.23502,21.36536,55.63953,-0.03775,0.31153,9.77455,0.81543,-0.55265,0.22966,-0.99349,0.58395,-0.49897,0.49832,0.75617,0.03812,-0.85713,-1.72139,1.72758,0.8841,0.72471,0.37894,2026-09-28,False,,,,,,,,,,,,,
THYAO,Transportation,287.0,14734731094.5,34.10183,0.98958,0.08294,53.77129,22.25747,58.55571,107.82,-49.26429,0.4967,0.1457,NEUTRAL,prior-research-2026-09-29+NEUTRAL,False,0.65466,0.82412,0.41667,-34.10183,-0.98958,-21.60804,23.41347,12.65781,28.29344,254.8205,285.94279,3.01703,-0.89761,2.39863,6.04793,-0.18884,0.63417,-0.34659,1.15912,-0.86607,1.13199,2.53372,0.31771,1.13789,0.82803,0.83632,-0.8177,-0.07238,0.95416,0.18694,2026-09-28,False,,,,,,,,,,,,,
TKFEN,Industrial Services,264.75,1023676679.02368,63.56678,0.96526,0.08841,54.25791,22.25747,58.55571,107.82,-49.26429,0.4967,0.1457,NEUTRAL,prior-research-2026-09-29+NEUTRAL,True,170.7841,0.95405,0.75,-63.56678,-0.96526,-24.58599,20.74667,-7.79252,-2.88644,42.34955,56.41872,1.98435,-0.38427,0.12535,-30.18723,1.12439,1.52082,1.59802,-0.56298,-0.85258,0.9785,0.94384,-0.57937,-0.18124,-0.58505,0.30487,-0.4496,-0.49701,0.60533,-1.03103,2026-09-28,False,,,,,,,,,,,,,
TKNSA,Retail Trade,13.55,41714072.82112,47.54663,0.74412,0.14534,62.53041,22.25747,58.55571,107.82,-49.26429,0.4967,0.1457,NEUTRAL,prior-research-2026-09-29+NEUTRAL,True,-28.30189,0.4913,0.25,-47.54663,-0.74412,-50.87019,17.54635,-526.03596,-97.64939,,3325.06085,-1.37451,,0.0,-5.97982,-1.35133,-1.02234,-2.01238,-0.30361,0.1183,-1.07254,-0.74104,-2.63386,-2.16489,0.0,1.69501,-0.20203,0.0,-1.10105,-0.11242,2026-09-28,False,,,,,,,,,,,,,
TMSN,Producer Manufacturing,59.45,35106226.65768,36.67605,0.83202,0.4194,88.80779,22.28247,58.58813,107.82,-49.23187,0.5162,0.1572,NEUTRAL,prior-research-2026-09-29+NEUTRAL,True,-29.85348,0.49916,0.25,-36.67605,-0.83202,-50.08396,17.37389,-31.95626,-73.50258,226.84689,49.2124,-40.09064,-0.62255,0.0,-71.68638,-0.76932,0.09666,-1.33392,1.22338,-0.02582,0.06836,-0.51197,-1.57519,-1.77685,1.17693,-0.51332,-1.92998,-0.47541,-0.48018,-1.93033,2026-09-28,False,,,,,,,,,,,,,
TNZTP,Health Services,26.02,89459008.71328,48.42406,1.01771,0.04137,50.60827,22.25747,58.55571,107.82,-49.26429,0.4967,0.1457,NEUTRAL,prior-research-2026-09-29+NEUTRAL,False,46.38609,0.81313,0.5,-48.42406,-1.01771,-26.95285,18.30929,5.50176,4.30555,93.79909,36.24318,29.72922,-0.07149,0.0,11.7687,0.49219,0.87231,0.37496,-0.36322,-1.25643,0.64322,0.41921,0.43176,0.46113,0.12628,-0.48629,1.0337,0.79402,-0.43174,0.37397,2026-09-28,False,,,,,,,,,,,,,
TOASO,Consumer Durables,278.75,996131260.25,41.13493,1.02638,-0.16779,30.17032,22.89747,59.38572,107.82,-48.43428,0.4905,0.1601,NEUTRAL,prior-research-2026-09-29+NEUTRAL,False,8.0827,0.80797,0.58333,-41.13493,-1.02638,-25.50725,20.71939,22.30647,9.12103,47.38077,308.90601,1.83173,-1.07034,7.17489,140.73793,0.35393,1.20133,1.35497,0.49402,-0.74879,1.26423,1.15411,2.06443,1.53102,-0.72505,0.34016,0.17078,0.03015,1.81134,1.76287,2026-09-28,False,,,,,,,,,,,,,
TRALT,Non-Energy Minerals,46.66,5907900129.59771,56.56079,1.3862,-0.57287,7.54258,22.89747,59.38572,107.82,-48.43428,0.4905,0.1601,NEUTRAL,prior-research-2026-09-29+NEUTRAL,False,114.42767,0.76242,0.66667,-56.56079,-1.3862,-35.39216,22.49956,11.25035,3.36245,37.20554,15.14152,35.43382,-0.00154,0.0,95.31431,1.25559,0.84323,1.3734,-0.40756,-2.12841,0.62293,2.02048,0.90809,0.38241,-1.07643,-1.36438,1.61241,1.42004,-0.70599,1.65727,2026-09-28,False,,,,,,,,,,,,,
TRCAS,Utilities,43.98,37783395.94931,33.21105,0.4412,-0.12033,33.81995,22.89747,59.38572,107.82,-48.43428,0.4905,0.1601,NEUTRAL,prior-research-2026-09-29+NEUTRAL,False,38.44173,0.83702,0.5,-33.21105,-0.4412,-28.49364,17.44738,7.37369,9.72045,154.32339,0.0,,-0.0,6.22704,,0.46077,1.1913,0.01141,1.56699,1.40499,0.86772,-0.81536,0.41494,0.85955,0.02611,-2.42972,0.0,2.01705,1.77634,0.0,2026-09-28,False,,,,,,,,,,,,,
TRENJ,Energy Minerals,97.7,167592194.39422,49.98541,1.1689,-0.12956,33.09002,22.89747,59.38572,107.82,-48.43428,0.4905,0.1601,NEUTRAL,prior-research-2026-09-29+NEUTRAL,False,38.13776,0.80082,0.5,-49.98541,-1.1689,-33.85246,18.93704,12.75532,6.53529,63.17336,91.59369,32.79249,-0.00738,0.0,82.43933,0.66517,1.07099,0.26954,0.01721,-1.59461,0.66115,0.62618,0.69326,0.40547,-0.57018,0.03526,1.2509,1.37791,-0.62966,1.44702,2026-09-28,False,,,,,,,,,,,,,
TRGYO,Finance,90.9,101318191.18721,24.11813,0.59494,0.40874,87.59124,22.28247,58.58813,107.82,-49.23187,0.5162,0.1572,NEUTRAL,prior-research-2026-09-29+NEUTRAL,False,38.91873,0.89381,0.58333,-24.11813,-0.59494,-11.66253,18.43378,6.70792,9.91984,172.42135,21.27019,67.72294,-0.0806,5.50055,-3.28811,0.65743,1.62087,0.72159,2.51106,1.17055,2.96263,0.36537,-0.1636,0.11194,0.1826,-0.84349,0.92491,0.58035,1.38546,-0.08149,2026-09-28,False,,,,,,,,,,,,,
TRMET,Non-Energy Minerals,136.8,765406010.78698,55.68229,1.2305,-0.30935,19.46472,22.89747,59.38572,107.82,-48.43428,0.4905,0.1601,NEUTRAL,prior-research-2026-09-29+NEUTRAL,False,65.57562,0.81043,0.5,-55.68229,-1.2305,-39.98815,20.45592,8.18577,3.9407,59.33515,43.77715,32.54706,-0.00645,0.0,82.80701,0.74269,1.16382,0.13358,-0.35427,-1.6316,0.2811,1.24934,0.75197,0.4297,-0.63302,-0.61684,1.51653,1.26539,-0.70599,1.59895,2026-09-28,False,,,,,,,,,,,,,
TSKB,Finance,10.04,179322610.22032,32.83278,1.08552,0.60803,97.81022,39.69947,81.17624,107.82,-26.64376,0.596,0.1848,NEUTRAL,prior-research-2026-09-29+NEUTRAL,False,-7.40393,0.73131,0.58333,-32.83278,-1.08552,-26.86885,19.0047,23.77065,37.98137,179.83343,157.22897,59.55179,-6.36855,5.33658,-7.92665,-0.34715,0.59069,0.72159,1.27262,-1.31699,0.93489,0.64711,0.79421,1.2427,0.19024,0.80067,0.78916,-2.50247,1.36522,-0.27011,2026-09-28,False,,,,,,,,,,,,,
TSPOR,Consumer Services,0.84,227134346.70504,43.8937,0.75598,-0.30175,19.70803,22.89747,59.38572,107.82,-48.43428,0.4905,0.1601,NEUTRAL,prior-research-2026-09-29+NEUTRAL,True,-7.37705,0.58741,0.5,-43.8937,-0.75598,-41.25874,19.24105,-23.14591,-31.32635,197.66707,59.36304,-95.95301,-0.01978,0.0,26.14539,0.34221,0.23933,0.65649,0.44623,0.08395,0.39688,1.08137,-0.96374,-1.28999,0.82294,0.03716,-1.68514,0.68804,-0.42857,0.82373,2026-09-28,False,,,,,,,,,,,,,
TTKOM,Communications,53.55,1932271316.75,41.70597,1.08355,0.09263,54.74453,22.25747,58.55571,107.82,-49.26429,0.4967,0.1457,NEUTRAL,prior-research-2026-09-29+NEUTRAL,False,3.8835,0.73457,0.66667,-41.70597,-1.08355,-31.63237,21.38196,12.72788,15.10435,143.67213,146.04213,19.83032,-0.54551,0.0,13.4777,0.02365,0.72619,1.50936,0.58309,-1.37907,0.74954,1.77293,0.66866,1.1365,0.37173,0.50734,0.77063,-0.51688,-0.62966,0.50481,2026-09-28,False,,,,,,,,,,,,,
TTRAK,Producer Manufacturing,407.75,49826325.0,24.91002,0.55372,0.4193,88.56448,22.28247,58.58813,107.82,-49.23187,0.5162,0.1572,NEUTRAL,prior-research-2026-09-29+NEUTRAL,True,-24.07407,0.65926,0.33333,-24.91002,-0.55372,-34.80194,17.72405,-4.44176,-1.85798,45.88925,119.81236,-0.137,-0.76179,18.50387,-43.43447,-0.62143,0.84075,-0.64306,2.54714,1.32918,0.94391,-0.10511,-0.43034,-0.02032,-0.6382,0.20937,-0.49223,-0.64924,3.0,-1.46087,2026-09-28,False,,,,,,,,,,,,,
TUCLK,Non-Energy Minerals,4.09,21468456.49946,44.67027,0.88794,0.51625,93.67397,33.95347,73.72425,107.82,-34.09575,0.618,0.184,NEUTRAL,prior-research-2026-09-29+NEUTRAL,True,-56.88172,0.40137,0.5,-44.67027,-0.88794,-66.53582,16.8821,-6.63023,-15.62968,251.77104,125.42393,30.20817,-0.6928,0.0,-21.08096,-1.95926,-0.75677,0.13358,0.35058,-0.19996,-0.9643,-1.45924,-0.35076,-0.78497,1.05108,0.2819,1.38189,-0.85442,-0.70599,-0.693,2026-09-28,False,,,,,,,,,,,,,
TUKAS,Consumer Non-Durables,2.19,113370756.46144,36.46725,0.82738,0.11319,58.88078,22.25747,58.55571,107.82,-49.26429,0.4967,0.1457,NEUTRAL,prior-research-2026-09-29+NEUTRAL,True,-19.53125,0.72277,0.5,-36.46725,-0.82738,-39.27393,18.54617,-7.59984,-12.88736,204.6078,100.21501,11.32834,-0.36926,0.0,6.69377,-0.48905,0.80647,0.25432,1.03501,-0.30522,0.41594,0.68476,-0.74763,-1.03051,0.46214,-0.32121,0.3304,-0.05197,-0.80094,0.23275,2026-09-28,False,,,,,,,,,,,,,
TUPRS,Energy Minerals,398.25,9377269121.875,39.90041,0.4454,-0.24397,24.08759,22.89747,59.38572,107.82,-48.43428,0.4905,0.1601,NEUTRAL,prior-research-2026-09-29+NEUTRAL,False,126.50501,0.95446,0.66667,-39.90041,-0.4454,-21.30671,22.96155,18.20968,9.05062,60.89635,143.00608,8.88237,-0.14636,4.46995,14.99658,1.58547,2.09671,1.50936,0.72262,1.69541,1.73793,2.46241,0.97591,0.64954,-0.6315,0.4777,0.11168,0.33752,1.5921,0.56415,2026-09-28,False,,,,,,,,,,,,,
TUREX,Finance,5.6,74901688.22126,51.98371,0.93337,-0.04237,43.55231,22.89747,59.38572,107.82,-48.43428,0.4905,0.1601,NEUTRAL,prior-research-2026-09-29+NEUTRAL,False,-20.46005,0.57613,0.33333,-51.98371,-0.93337,-49.07408,18.13169,7.58458,9.49845,147.90588,142.9622,17.9014,-0.06975,0.0,10.08941,-0.72288,-0.10159,-1.07146,-0.32821,-0.57268,-0.40631,0.09729,-0.09373,0.05186,0.00693,0.71849,-0.21072,0.65255,-1.02203,0.40367,2026-09-28,False,,,,,,,,,,,,,
TURSG,Finance,5.66,392306613.55644,35.66042,0.73418,-0.09323,36.98297,22.89747,59.38572,107.82,-48.43428,0.4905,0.1601,NEUTRAL,prior-research-2026-09-29+NEUTRAL,False,41.43744,0.77949,0.58333,-35.66042,-0.73418,-22.05096,19.78755,49.96642,20.87477,53.09371,83.91763,32.14195,-0.26767,2.65018,14.95732,0.67333,0.85777,0.72159,0.95544,0.50135,1.41861,1.09815,1.6282,0.74338,-1.21072,0.21658,0.37323,-0.04137,0.86454,0.56231,2026-09-28,False,,,,,,,,,,,,,
ULKER,Consumer Non-Durables,85.15,531164424.78246,30.84022,1.0273,0.36375,84.91484,22.28247,58.58813,107.82,-49.23187,0.5162,0.1572,NEUTRAL,prior-research-2026-09-29+NEUTRAL,False,-8.14165,0.64369,0.5,-30.84022,-1.0273,-35.63105,20.09058,9.91775,13.7422,161.40929,373.01109,11.44667,-1.26358,6.73264,-7.12066,-0.14092,0.48179,0.25432,1.6754,-1.22237,0.66789,1.42181,0.51794,0.98817,0.29185,0.97946,0.34514,-1.11527,1.83861,-0.24578,2026-09-28,False,,,,,,,,,,,,,
ULUFA,Finance,1.43,42412947.03227,36.68312,0.67578,0.59782,97.08029,39.69947,81.17624,107.82,-26.64376,0.596,0.1848,NEUTRAL,prior-research-2026-09-29+NEUTRAL,False,-0.1979,0.56299,0.33333,-36.68312,-0.67578,-43.70079,17.56296,37.75368,48.04901,141.28451,649.09794,74.09683,-7.69193,8.63846,1.23036,-0.16045,-0.20893,-1.07146,0.77439,0.80135,-0.13951,-0.43907,1.25881,1.58301,-0.05587,2.0054,1.03225,-2.73292,1.94194,0.06598,2026-09-28,False,,,,,,,,,,,,,
ULUSE,Producer Manufacturing,155.7,51021242.5,73.55862,0.74749,-0.40197,14.11192,22.89747,59.38572,107.82,-48.43428,0.4905,0.1601,NEUTRAL,prior-research-2026-09-29+NEUTRAL,False,35.93005,0.42893,0.41667,-73.55862,-0.74749,-57.10744,17.74775,212.73348,9.46327,8.68769,89.89189,6.18883,-1.84669,0.0,85.70719,0.82993,-0.22217,-0.02274,-1.26803,0.44368,-0.21103,-0.0791,3.0,1.08166,-1.94536,-0.07514,0.09499,-1.32708,-0.48018,1.39975,2026-09-28,False,,,,,,,,,,,,,
ULUUN,Process Industries,6.42,67725238.92589,48.49249,0.84309,0.35189,83.6983,22.28247,58.58813,107.82,-49.23187,0.5162,0.1572,NEUTRAL,prior-research-2026-09-29+NEUTRAL,False,17.11367,0.62149,0.41667,-48.49249,-0.84309,-37.85092,18.03097,2.95435,8.83353,369.05338,1683.25945,0.66373,-0.60641,0.0,39.64614,0.40383,0.22271,-0.06246,0.18759,-0.14469,0.32594,0.42613,0.13515,0.75974,1.58953,2.62931,-0.25012,-0.58451,-0.58521,1.08032,2026-09-28,False,,,,,,,,,,,,,
UNLU,Finance,13.36,13853392.74003,47.22005,0.4898,0.3398,82.48175,22.28247,58.58813,107.82,-49.23187,0.5162,0.1572,NEUTRAL,prior-research-2026-09-29+NEUTRAL,True,-25.68562,0.72451,0.5,-47.22005,-0.4898,-44.14317,16.44404,-11.20853,-13.33713,142.29401,129.93942,30.53919,-1.04056,0.0,8.46517,-0.94276,0.5667,0.12774,-0.04399,1.60342,-0.17734,-2.04717,-1.38439,-1.69956,-0.04895,0.63184,0.2986,-1.15816,-1.02203,0.34179,2026-09-28,False,,,,,,,,,,,,,
USAK,Producer Manufacturing,0.6,51952284.84148,48.37721,0.87011,0.23818,73.23601,22.93747,59.4376,107.82,-48.3824,0.5041,0.1375,NEUTRAL,prior-research-2026-09-29+NEUTRAL,True,-69.05941,0.14851,0.25,-48.37721,-0.87011,-85.14851,17.76584,-13.18381,-47.79292,496.37037,361.83818,8.22097,-0.43225,0.0,10.33847,-1.80392,-1.64054,-1.33392,0.31183,-0.1992,-1.6868,-0.04678,-0.87623,-1.39975,2.3958,1.30746,0.24362,-0.15461,-0.48018,0.30099,2026-09-28,False,,,,,,,,,,,,,
USHOL,Distribution Services,59.75,36308510.625,63.6099,0.39659,-0.51391,8.75912,22.89747,59.38572,107.82,-48.43428,0.4905,0.1601,NEUTRAL,prior-research-2026-09-29+NEUTRAL,False,84.97109,0.63564,0.5,-63.6099,-0.39659,-48.90203,17.40756,27.85602,3.57663,17.19839,7.04974,-11.59822,-0.0,0.0,-74.92649,1.28386,0.66191,0.22966,-0.43378,1.26107,0.14596,-0.13729,0.99311,-0.20111,-1.44369,-2.38785,-1.20974,2.02881,-0.43181,-1.89231,2026-09-28,False,,,,,,,,,,,,,
VAKBN,Finance,33.82,1271744862.35037,48.02051,1.17956,0.36176,84.67153,22.28247,58.58813,107.82,-49.23187,0.5162,0.1572,NEUTRAL,prior-research-2026-09-29+NEUTRAL,False,33.78487,0.80104,0.58333,-48.02051,-1.17956,-31.5964,20.96366,24.61402,22.77372,109.06471,374.6899,32.04176,-4.80392,0.0,-9.07102,0.55031,0.96269,0.72159,-0.10141,-1.58337,0.60962,1.53232,0.83576,0.80926,-0.32354,1.70108,0.36042,-2.18236,-1.02203,-0.3235,2026-09-28,False,,,,,,,,,,,,,
VAKFN,Finance,0.96,45003037.73878,28.37255,0.913,0.62692,98.54015,39.69947,81.17624,107.82,-26.64376,0.596,0.1848,NEUTRAL,prior-research-2026-09-29+NEUTRAL,False,-20.87909,0.4664,0.33333,-28.37255,-0.913,-53.36032,17.62224,22.88085,28.58118,145.3957,107.79483,91.8869,-3.39759,0.0,-43.03638,-0.75453,-0.541,-1.07146,1.67856,-0.50497,-0.55815,-0.35798,0.71647,0.96062,-0.01415,0.45834,1.42219,-1.92058,-1.02203,-1.33591,2026-09-28,False,,,,,,,,,,,,,
VAKKO,Consumer Non-Durables,58.5,10121150.81941,37.278,0.82712,0.33953,82.23844,22.28247,58.58813,107.82,-49.23187,0.5162,0.1572,NEUTRAL,prior-research-2026-09-29+NEUTRAL,True,14.3138,0.62433,0.58333,-37.278,-0.82712,-37.5667,16.13014,-1.54219,-1.54766,108.31443,229.63806,2.62029,-0.23971,10.68376,2.03093,0.46576,0.35004,0.84817,0.88343,-0.29263,0.50858,-2.40921,-0.30175,-0.38512,-0.16726,0.41146,-0.41977,0.21902,2.40286,0.07647,2026-09-28,False,,,,,,,,,,,,,
VBTYZ,Technology Services,25.56,62974637.92229,63.24742,0.89394,-0.00268,45.9854,22.89747,59.38572,107.82,-48.43428,0.4905,0.1601,NEUTRAL,prior-research-2026-09-29+NEUTRAL,False,103.43929,0.64545,0.58333,-63.24742,-0.89394,-35.45454,17.95824,16.84685,5.97811,39.47052,102.79942,8.45319,-0.59462,0.0,21.92462,1.34807,0.42452,0.94054,-0.4039,-0.08208,0.563,-0.06261,0.65237,0.3761,-0.66808,0.69129,0.03194,-1.1636,-0.33384,0.88111,2026-09-28,False,,,,,,,,,,,,,
VERUS,Finance,432.0,48588721.125,66.62876,0.10406,-0.81966,2.43309,22.89747,59.38572,107.82,-48.43428,0.4905,0.1601,NEUTRAL,prior-research-2026-09-29+NEUTRAL,True,132.0,0.57677,0.58333,-66.62876,-0.10406,-47.94997,17.6989,-16.8567,-2.85662,17.81409,2.74784,-22.68407,-0.07408,0.0,-57.95974,1.56725,-0.09527,0.72159,-1.20995,2.83784,-0.36123,-0.30507,-1.60727,-1.13141,-2.1756,-1.92235,-2.53082,0.60408,-1.02203,-1.65528,2026-09-28,False,,,,,,,,,,,,,
VESBE,Consumer Durables,4.33,56334064.90348,46.98651,0.83065,0.59845,97.3236,39.69947,81.17624,107.82,-26.64376,0.596,0.1848,NEUTRAL,prior-research-2026-09-29+NEUTRAL,True,-50.7907,0.40279,0.08333,-46.98651,-0.83065,-59.72093,17.84681,-14.10137,-78.22493,594.63618,849.67714,-7.81275,-0.66356,1.01383,-53.51763,-1.33843,-0.68708,-2.51126,0.09363,0.13921,-0.64912,-0.40528,-0.09903,-1.34486,2.74211,1.13461,-0.41265,0.48529,0.49753,-1.39816,2026-09-28,False,,,,,,,,,,,,,
VESTL,Consumer Durables,18.91,168674427.51271,49.94672,0.90602,0.60634,97.56691,39.69947,81.17624,107.82,-26.64376,0.596,0.1848,NEUTRAL,prior-research-2026-09-29+NEUTRAL,True,-36.34286,0.53722,0.16667,-49.94672,-0.90602,-46.27841,18.94348,-84.27518,-404.10415,344.77163,1743.85691,-15.06376,-4.94834,0.0,-54.24707,-0.98916,-0.1025,-1.80098,-0.10314,-0.25795,-0.04925,0.33687,-1.33659,-2.42017,1.5623,1.85128,-0.77666,-1.00973,-0.88324,-1.41878,2026-09-28,False,,,,,,,,,,,,,
VKGYO,Finance,1.61,33220085.98314,28.63428,0.84679,0.41116,87.83455,22.28247,58.58813,107.82,-49.23187,0.5162,0.1572,NEUTRAL,prior-research-2026-09-29+NEUTRAL,False,8.60343,0.67803,0.41667,-28.63428,-0.84679,-32.19679,17.31867,1.94688,6.96201,402.92209,37.08041,52.52599,-0.0,4.96894,-36.03906,0.12373,0.37925,-0.45115,1.64329,-0.11869,0.54409,-0.80679,-0.57928,-0.19965,1.15702,-0.44436,0.69199,2.02761,1.30694,-1.22307,2026-09-28,False,,,,,,,,,,,,,
VRGYO,Finance,1.38,21184894.22215,45.13803,0.78502,0.36958,85.40146,22.28247,58.58813,107.82,-49.23187,0.5162,0.1572,NEUTRAL,prior-research-2026-09-29+NEUTRAL,True,-41.95584,0.38655,0.33333,-45.13803,-0.78502,-67.78711,16.8688,-14.21432,-63.1658,435.52119,13.00335,54.40888,-0.21816,0.0,-91.30039,-1.38633,-0.94852,-1.07146,0.09291,0.15822,-1.22262,-1.34717,-1.50612,-2.68636,1.23927,-1.14596,0.72945,0.11748,-1.02203,-2.05649,2026-09-28,False,,,,,,,,,,,,,
VSNMD,Non-Energy Minerals,28.4,52996924.67175,55.34221,0.82146,-0.40317,13.86861,22.89747,59.38572,107.82,-48.43428,0.4905,0.1601,NEUTRAL,prior-research-2026-09-29+NEUTRAL,True,-50.87,0.28821,0.25,-55.34221,-0.82146,-71.17874,17.78574,-2.83899,-2.02758,52.96356,29.02577,-6.09342,-0.0193,0.88508,,-1.8025,-1.22583,-1.75648,-0.32795,0.15627,-1.11768,-0.32107,-0.08528,-0.05841,-0.75873,-0.91749,-0.76393,1.04624,0.63752,0.0,2026-09-28,False,,,,,,,,,,,,,
YAPRK,Process Industries,8.65,23708297.41944,45.27721,0.7899,-0.09745,36.00973,22.89747,59.38572,107.82,-48.43428,0.4905,0.1601,NEUTRAL,prior-research-2026-09-29+NEUTRAL,False,-18.36152,0.47882,0.25,-45.27721,-0.7899,-52.11787,16.98134,4.46923,1.2691,33.40934,10.56332,-9.33861,-0.10824,0.28902,-29.88633,-0.57839,-0.31457,-1.37363,0.41329,0.09418,-0.33455,-0.7942,0.23472,-0.01904,-1.00367,-1.41771,-0.85071,0.52536,0.56271,-1.16631,2026-09-28,False,,,,,,,,,,,,,
YATAS,Distribution Services,26.24,25061320.53822,42.7682,1.002,0.57785,96.35036,39.69947,81.17624,107.82,-26.64376,0.596,0.1848,NEUTRAL,prior-research-2026-09-29+NEUTRAL,False,-6.74556,0.53617,0.41667,-42.7682,-1.002,-46.38333,17.03684,6.95931,20.80692,350.38421,667.60502,2.66402,-0.72058,0.0,13.68689,-0.22591,0.20278,-0.34923,0.88428,-1.52128,0.27995,-0.55518,-0.14113,1.15197,1.78488,1.16926,-0.30892,-0.80195,-0.43181,0.51386,2026-09-28,False,,,,,,,,,,,,,
YEOTK,Utilities,29.5,557743332.49488,71.5727,1.18482,-0.32274,18.9781,22.89747,59.38572,107.82,-48.43428,0.4905,0.1601,NEUTRAL,prior-research-2026-09-29+NEUTRAL,False,134.33329,0.5635,0.41667,-71.5727,-1.18482,-43.68867,20.13941,58.22324,9.09454,22.65574,82.47639,22.42116,-1.88033,0.0,115.11592,1.43014,-0.20013,-0.56748,-1.27998,-2.02594,-0.05492,0.98425,2.26922,0.76709,-2.02455,0.20481,1.07974,-1.58709,-0.73959,1.97273,2026-09-28,False,,,,,,,,,,,,,
YESIL,Miscellaneous,0.85,17889677.21166,37.69684,0.48072,-0.04862,42.57908,22.89747,59.38572,107.82,-48.43428,0.4905,0.1601,NEUTRAL,prior-research-2026-09-29+NEUTRAL,True,-46.2555,0.26984,0.25,-37.69684,-0.48072,-73.01587,16.69973,-7.94209,-18.20991,258.13012,4.55442,-14.49267,-0.0,0.0,-125.3819,-1.47519,-1.279,-1.62052,0.87722,1.58432,-1.23938,-1.56877,-0.80351,-1.24645,1.03866,-1.99293,-1.44191,2.07101,-0.62966,-2.41428,2026-09-28,False,,,,,,,,,,,,,
YGGYO,Finance,207.8,23613310.18298,41.85667,0.4517,-0.14053,32.3601,22.89747,59.38572,107.82,-48.43428,0.4905,0.1601,NEUTRAL,prior-research-2026-09-29+NEUTRAL,False,79.06288,0.78936,0.75,-41.85667,-0.4517,-22.39316,16.97732,24.63314,11.38643,58.18339,6.91369,74.15689,-0.0205,5.077,5.78925,1.08606,0.88815,2.11299,0.31507,1.74938,1.37868,-1.19108,0.85007,0.21161,-1.10991,-1.52468,1.06196,1.10676,1.3454,0.18885,2026-09-28,False,,,,,,,,,,,,,
YIGIT,Producer Manufacturing,17.18,52639608.7839,42.70514,0.81168,0.33073,81.50852,22.28247,58.58813,107.82,-49.23187,0.5162,0.1572,NEUTRAL,prior-research-2026-09-29+NEUTRAL,False,-10.99071,0.62838,0.41667,-42.70514,-0.81168,-37.16167,17.77898,1.60992,2.22109,157.99604,257.43731,5.41527,-0.09387,0.0,-7.86804,-0.21134,0.6197,-0.02274,0.68894,0.07479,0.72348,-0.02748,-0.00779,0.30487,0.8469,0.90794,0.00967,0.72498,-0.48018,-0.36653,2026-09-28,False,,,,,,,,,,,,,
YKBNK,Finance,35.52,8136192361.85829,45.89766,1.46138,0.2609,75.91241,22.93747,59.4376,107.82,-48.3824,0.5041,0.1375,NEUTRAL,prior-research-2026-09-29+NEUTRAL,False,18.53504,0.80691,0.58333,-45.89766,-1.46138,-29.57747,22.81959,21.78396,18.44822,94.36923,273.83387,23.07314,-4.14077,0.0,-9.13493,0.33241,1.01963,0.72159,0.03363,-2.67184,0.73264,2.27494,0.62182,0.65339,-0.48706,1.31684,0.0701,-2.01865,-1.02203,-0.33023,2026-09-28,False,,,,,,,,,,,,,
YKSLN,Distribution Services,2.24,19884165.31901,66.67881,0.69191,0.29341,78.3455,22.93747,59.4376,107.82,-48.3824,0.5041,0.1375,NEUTRAL,prior-research-2026-09-29+NEUTRAL,True,-52.4618,0.35556,0.33333,-66.67881,-0.69191,-64.44445,16.80543,-4.96368,-3.42569,89.51867,127.13223,18.82314,-0.60094,0.0,-20.24172,-1.56842,-0.58096,-0.96955,-0.57161,0.00705,-0.52616,-0.9039,-1.05763,-0.73687,0.24313,-0.27854,0.81879,-0.65708,-0.43181,-0.79854,2026-09-28,False,,,,,,,,,,,,,
YUNSA,Process Industries,6.34,31390306.50722,41.78816,0.88779,0.11916,59.61071,22.25747,58.55571,107.82,-49.26429,0.4967,0.1457,NEUTRAL,prior-research-2026-09-29+NEUTRAL,False,24.20819,0.57376,0.41667,-41.78816,-0.88779,-42.62443,17.26201,8.61567,13.14151,170.02173,120.13431,8.99759,-0.09063,5.76459,37.32561,0.51245,0.03854,-0.06246,0.65677,-0.38683,0.09281,-0.52041,0.62039,1.12208,0.76489,0.39676,0.51755,0.61532,1.88578,1.06782,2026-09-28,False,,,,,,,,,,,,,
YYLGD,Process Industries,7.83,48936105.87784,37.17916,0.87853,0.29549,78.58881,22.93747,59.4376,107.82,-48.3824,0.5041,0.1375,NEUTRAL,prior-research-2026-09-29+NEUTRAL,False,1.08695,0.54947,0.41667,-37.17916,-0.87853,-45.05263,17.70603,16.53203,28.57915,229.59105,318.92294,8.00415,-0.98741,0.0,59.31337,-0.01801,-0.0752,-0.06246,1.0412,-0.31301,-0.04611,0.07482,1.0166,1.72195,1.0885,1.28544,0.43238,-1.022,-0.58521,1.26272,2026-09-28,False,,,,,,,,,,,,,
ZOREN,Utilities,1.97,93447529.11914,41.58846,0.85541,0.64121,99.02676,39.69947,81.17624,107.82,-26.64376,0.596,0.1848,NEUTRAL,prior-research-2026-09-29+NEUTRAL,True,-32.05883,0.53388,0.33333,-41.58846,-0.85541,-46.61247,18.35291,-18.27977,-117.11781,646.76633,352.3716,2.03534,-0.95865,0.0,-17.81625,-1.30353,-0.30807,-1.1878,0.69049,-0.56946,-0.18746,0.05669,-1.18326,-2.47613,2.40375,1.6018,-0.33336,-1.09297,-0.73959,-0.30694,2026-09-28,False,,,,,,,,,,,,,
ZRGYO,Finance,19.6,18345498.20245,35.37199,0.53606,-0.0966,36.49635,22.89747,59.38572,107.82,-48.43428,0.4905,0.1601,NEUTRAL,prior-research-2026-09-29+NEUTRAL,False,-11.45373,0.79507,0.66667,-35.37199,-0.53606,-37.12672,16.72489,7.76079,6.74111,101.94104,14.46317,80.95107,-0.11264,0.47423,202.12674,-0.46789,0.93007,1.36756,0.99376,1.37924,0.22965,-1.54084,-0.07956,-0.22179,-0.40204,-1.10022,1.09307,0.41465,0.17787,1.77415,2026-09-28,False,,,,,,,,,,,,,
A1CAP,Finance,4.26,61180359.14318,57.65731,0.88911,0.29662,77.12032,55.52847,101.70487,107.8,-6.09513,0.5284,0.2022,NEUTRAL,prior-research-2026-09-29+NEUTRAL,False,-37.9737,0.23601,0.41667,-57.65731,-0.88911,-76.6205,17.92934,17.71183,45.33387,320.50687,594.24698,36.46485,-0.35848,0.0,-44.7742,-1.25706,-1.59474,-0.28555,-0.63864,-0.50381,-1.5899,0.24779,0.63507,1.50327,0.97024,2.10399,0.62598,-0.31728,-0.95992,-1.40778,2026-09-29,False,,,,,,,,,,,,0.54533,4.9763
A1YEN,Utilities,1.58,39949810.43461,54.61073,0.74386,0.21364,66.86391,57.75347,104.59047,107.8,-3.20953,0.5026,0.1887,NEUTRAL,prior-research-2026-09-29+NEUTRAL,False,2.1103,0.39798,0.41667,-54.61073,-0.74386,-60.20151,17.50313,3.57573,12.09174,393.36093,50.22699,31.71116,-0.13419,0.0,-16.64602,-0.01245,-0.82194,-0.36991,-0.19781,0.02826,-0.71409,-0.60396,0.14685,1.02107,1.17319,-0.15886,1.35472,0.38674,-0.70725,-0.19447,2026-09-29,False,,,,,,,,,,,,0.50691,4.54546
ACSEL,Process Industries,84.55,16913029.32897,53.84926,0.66316,-0.08258,38.46154,54.15747,99.92682,107.8,-7.87318,0.4548,0.1857,NEUTRAL,prior-research-2026-09-29+NEUTRAL,True,9.03104,0.47985,0.58333,-53.84926,-0.66316,-52.01475,16.64359,-1.7472,-1.14116,74.09914,93.9782,6.00133,-0.21639,0.0,8.06507,0.37649,-0.19489,1.21683,-0.17783,0.65719,-0.22382,-0.5335,-0.09711,-0.09894,-0.46421,-0.07923,0.23363,0.07177,-0.49899,0.43762,2026-09-29,False,,,,,,,,,,,,0.44599,4.18455
ADEL,Consumer Durables,24.02,59450627.95994,58.30866,0.76239,-0.53646,10.05917,54.15747,99.92682,107.8,-7.87318,0.4548,0.1857,NEUTRAL,prior-research-2026-09-29+NEUTRAL,True,11.9501,0.42067,0.41667,-58.30866,-0.76239,-57.93345,17.90066,-27.37997,-6.01016,21.84624,46.02829,0.78032,-2.0934,2.40341,-4.2857,0.59096,-0.60665,0.33152,-0.87389,0.48504,-0.60029,-0.00553,-0.65993,0.11251,-1.53508,-1.32479,-0.03054,-0.57489,0.81148,-0.04506,2026-09-29,False,,,,,,,,,,,,0.3938,4.71338
ADESE,Finance,0.64,96656906.04516,44.11662,0.94827,-0.35907,18.54043,54.15747,99.92682,107.8,-7.87318,0.4548,0.1857,NEUTRAL,prior-research-2026-09-29+NEUTRAL,True,-72.73893,0.15094,0.16667,-44.11662,-0.94827,-84.90566,18.38668,-2.12689,-8.62485,457.7125,54.91084,11.2148,-0.01045,0.0,151.73901,-2.21005,-2.10779,-2.35767,0.18195,-0.83771,-2.08442,0.5498,-0.64899,-1.29418,1.4813,0.01213,-0.33397,1.13367,-0.95992,1.57884,2026-09-29,False,,,,,,,,,,,,0.4805,2.40964
ADGYO,Finance,46.5,44893281.3895,52.51131,1.05595,-0.08543,37.67258,54.15747,99.92682,107.8,-7.87318,0.4548,0.1857,NEUTRAL,prior-research-2026-09-29+NEUTRAL,True,14.32806,0.65493,0.5,-52.51131,-1.05595,-34.50704,17.6198,-7.92891,-3.94504,70.57622,3.44588,73.72033,-0.00226,0.0,-57.32123,0.35668,0.48891,0.33469,-0.31413,-1.2935,0.61605,-0.0513,-1.07861,-1.00564,-0.87003,-1.81886,1.07857,1.24933,-0.95992,-1.65305,2026-09-29,False,,,,,,,,,,,,0.44885,9.95169
AEFES,Consumer Non-Durables,18.12,800467938.30851,38.11604,0.9631,0.07443,54.83235,57.75347,104.59047,107.8,-3.20953,0.5026,0.1887,NEUTRAL,prior-research-2026-09-29+NEUTRAL,False,30.3537,0.81475,0.75,-38.11604,-0.9631,-26.16438,20.50071,8.89029,9.09218,117.67926,255.38466,12.00302,-0.84509,1.6399,-8.49303,0.85663,1.43611,2.32485,0.7628,-1.15725,1.39188,1.72575,0.68305,0.76346,-0.09592,0.60588,0.56719,-0.77562,0.83436,-0.17578,2026-09-29,False,,,,,,,,,,,,0.53505,5.18192
AFYON,Non-Energy Minerals,10.86,15756450.64566,26.32606,0.57433,0.54022,93.49112,63.77347,112.39781,107.8,4.59781,0.5944,0.1938,NEUTRAL,prior-research-2026-09-29+NEUTRAL,False,7.78603,0.6615,0.41667,-26.32606,-0.57433,-34.09346,16.57276,0.56397,0.9487,183.73798,103.70248,15.55647,-0.02428,13.81215,5.34548,0.15111,0.58997,-0.28003,2.1666,1.35163,0.77483,-1.31488,0.15927,0.19564,0.62972,0.01133,0.80788,0.95596,2.88743,0.35508,2026-09-29,False,,,,,,,,,,,,0.66349,1.93549
AGESA,Finance,232.2,45420987.95963,27.72698,0.66374,0.18226,64.10256,57.75347,104.59047,107.8,-3.20953,0.5026,0.1887,NEUTRAL,prior-research-2026-09-29+NEUTRAL,False,40.49238,0.87788,0.5,-27.72698,-0.66374,-17.32283,17.63148,70.45026,16.62204,31.09967,122.01233,18.96309,-0.02503,2.99072,21.17637,0.75773,1.69123,0.33469,1.9165,0.69182,2.21752,-0.03564,2.0022,0.65619,-1.67519,0.67242,0.03905,0.84546,0.97574,0.7604,2026-09-29,False,,,,,,,,,,,,0.55679,2.3622
AGHOL,Consumer Non-Durables,32.4,149255850.96325,38.59001,0.89079,0.40194,85.00986,58.09547,105.03401,107.8,-2.76599,0.5469,0.2037,NEUTRAL,prior-research-2026-09-29+NEUTRAL,False,27.18601,0.88043,0.75,-38.59001,-0.89079,-25.6481,18.82117,3.94764,5.64527,168.75644,993.12771,2.78232,-1.34033,2.15448,-0.4534,0.81954,1.97291,2.32485,0.73464,-0.79984,1.44767,0.93124,0.23637,0.42136,0.35414,1.75295,-0.23276,-1.22519,1.01474,0.16032,2026-09-29,False,,,,,,,,,,,,0.61055,5.04866
AGROT,Technology Services,1.32,59969358.08202,52.95077,0.92755,0.20257,65.68047,57.75347,104.59047,107.8,-3.20953,0.5026,0.1887,NEUTRAL,prior-research-2026-09-29+NEUTRAL,True,-46.01064,0.32234,0.16667,-52.95077,-0.92755,-67.76556,17.90934,-6.57225,-16.45898,275.06308,59.00866,-14.79813,-0.0395,0.0,-42.16333,-1.55672,-1.01826,-2.11206,0.24368,-0.18202,-1.04802,-0.09546,-0.95837,-1.12535,1.60005,0.17106,-1.46863,0.29193,-0.39583,-1.29053,2026-09-29,False,,,,,,,,,,,,0.54217,1.54639
AHGAZ,Utilities,42.22,207314157.01788,44.03367,0.37335,-0.19136,28.40237,54.15747,99.92682,107.8,-7.87318,0.4548,0.1857,NEUTRAL,prior-research-2026-09-29+NEUTRAL,False,30.38312,0.95391,0.5,-44.03367,-0.37335,-26.6621,19.14975,10.55876,4.88719,55.28715,64.03973,19.35767,-0.1372,0.13665,34.40464,0.46694,2.00326,0.25032,0.45437,1.66962,1.12632,0.47776,0.66397,0.33518,-1.1697,0.01743,0.94101,0.35313,0.42077,1.53348,2026-09-29,False,,,,,,,,,,,,0.50934,5.76923
AHSGY,Finance,8.64,33755198.69835,74.19854,0.92456,-0.42681,14.59566,54.15747,99.92682,107.8,-7.87318,0.4548,0.1857,NEUTRAL,prior-research-2026-09-29+NEUTRAL,False,44.60141,0.33334,0.41667,-74.19854,-0.92456,-66.66578,17.33465,37.19825,48.23845,190.69961,9.71932,383.14812,-1e-05,0.88229,213.30418,0.83823,-1.09294,-0.28555,-1.62787,-0.70035,-1.08708,-0.35008,1.27949,1.62485,0.22675,-1.18316,2.27734,1.51272,0.37888,1.79422,2026-09-29,False,,,,,,,,,,,,0.41656,9.97877
AKBNK,Finance,69.9,10352582520.06745,44.74755,1.38039,-0.15741,31.95266,54.15747,99.92682,107.8,-7.87318,0.4548,0.1857,NEUTRAL,prior-research-2026-09-29+NEUTRAL,False,25.47009,0.77612,0.58333,-44.74755,-1.38039,-31.60376,23.0605,22.87053,18.36294,91.03808,237.01943,30.34435,-3.14696,3.14993,-12.96313,0.52387,0.9799,0.8577,0.16037,-2.41215,0.77067,2.73178,0.81115,0.76697,-0.61164,1.26161,0.44253,-2.0072,1.00906,-0.56501,2026-09-29,False,,,,,,,,,,,,0.50799,9.73927
AKCNS,Non-Energy Minerals,190.7,80605700.47633,47.82306,0.44083,-0.11774,35.10848,54.15747,99.92682,107.8,-7.87318,0.4548,0.1857,NEUTRAL,prior-research-2026-09-29+NEUTRAL,False,76.64145,0.76433,0.75,-47.82306,-0.44083,-23.8477,18.20508,2.27568,1.5828,73.38386,74.73177,3.58169,-0.14175,0.98606,42.18659,1.01202,0.98512,2.11372,0.01875,1.86213,1.45176,0.123,0.29766,0.25468,-0.39576,-0.26157,-0.03956,0.27278,0.5803,1.36689,2026-09-29,False,,,,,,,,,,,,0.48281,10.0
AKENR,Utilities,8.0,66514351.28126,55.72281,0.8075,0.30165,77.31755,55.52847,101.70487,107.8,-6.09513,0.5284,0.2022,NEUTRAL,prior-research-2026-09-29+NEUTRAL,True,-0.75472,0.52736,0.33333,-55.72281,-0.8075,-47.26434,18.01293,-26.54323,-71.15789,276.69251,331.0416,-7.91807,-1.63512,0.0,-50.37753,-0.09431,-0.23924,-0.99772,-0.26718,-0.33584,-0.11204,-0.14632,-1.30256,-1.86904,0.7703,1.50391,-0.94946,-1.45105,-0.70725,-0.97998,2026-09-29,False,,,,,,,,,,,,0.54202,1.67158
AKFGY,Finance,2.56,41975407.89559,35.44566,0.71383,0.43285,87.96844,58.09547,105.03401,107.8,-2.76599,0.5469,0.2037,NEUTRAL,prior-research-2026-09-29+NEUTRAL,False,-1.1583,0.8245,0.41667,-35.44566,-0.71383,-23.02545,17.55259,4.95852,16.44966,398.0236,18.64301,85.09165,-0.16902,0.0,6.98429,0.00991,1.31873,-0.28555,1.041,0.43498,1.45685,-0.11935,-0.1226,0.64583,1.1881,-0.7881,1.22344,0.10149,-0.95992,0.25067,2026-09-29,False,,,,,,,,,,,,0.58867,9.96169
AKFIS,Industrial Services,16.03,257643124.87624,67.21086,0.56302,-0.1425,33.13609,54.15747,99.92682,107.8,-7.87318,0.4548,0.1857,NEUTRAL,prior-research-2026-09-29+NEUTRAL,False,378.4946,0.82501,0.75,-67.21086,-0.56302,-31.75502,19.36709,4.59804,2.4338,57.60795,18.45824,6.25257,-0.54921,0.0,,1.89715,1.25077,1.91134,-0.53621,1.05293,0.79325,0.36517,0.09465,0.15735,-0.22947,-0.54217,-0.03023,-0.89844,-0.39604,0.0,2026-09-29,False,,,,,,,,,,,,0.46327,9.96416
AKFYE,Utilities,3.26,199279219.59255,56.426,0.73412,0.06166,53.0572,57.75347,104.59047,107.8,-3.20953,0.5026,0.1887,NEUTRAL,prior-research-2026-09-29+NEUTRAL,False,33.76622,0.69263,0.41667,-56.426,-0.73412,-30.73653,19.11022,4.46643,10.76229,288.12988,26.37891,16.26949,-0.18203,0.0,-8.45052,0.50509,0.58738,-0.36991,-0.29428,0.08111,0.87355,0.46274,0.22188,0.90581,0.81894,-0.65197,0.78037,0.24315,-0.70725,0.1528,2026-09-29,False,,,,,,,,,,,,0.50022,9.95851
AKGRT,Finance,5.15,53476604.18522,27.97641,0.74608,0.11854,59.1716,57.75347,104.59047,107.8,-3.20953,0.5026,0.1887,NEUTRAL,prior-research-2026-09-29+NEUTRAL,False,0.64725,0.60093,0.41667,-27.97641,-0.74608,-39.90665,17.79475,30.7936,27.63816,103.4334,198.91476,12.04833,-0.02703,0.0,20.41462,0.07618,0.17434,-0.28555,1.87736,0.26383,0.26482,0.1157,1.11365,0.99861,-0.44107,1.11754,-0.26173,0.8213,-0.95992,0.72406,2026-09-29,False,,,,,,,,,,,,0.54558,3.67647
AKMGY,Finance,216.8,7475899.2421,40.77286,0.48214,0.28707,75.73964,55.52847,101.70487,107.8,-6.09513,0.5284,0.2022,NEUTRAL,prior-research-2026-09-29+NEUTRAL,False,19.17485,0.70466,0.41667,-40.77286,-0.48214,-29.5344,15.8272,7.80821,9.36272,140.30429,15.04848,62.19719,-0.00026,7.40775,7.36167,0.44719,0.67552,-0.28555,0.46367,1.44773,0.8891,-1.644,0.08622,0.15097,-0.13902,-0.92792,0.92426,1.38412,1.81962,0.2617,2026-09-29,False,,,,,,,,,,,,0.55841,1.79446
AKSA,Process Industries,10.29,220293734.41986,40.83936,0.77129,-0.00118,45.36489,54.15747,99.92682,107.8,-7.87318,0.4548,0.1857,NEUTRAL,prior-research-2026-09-29+NEUTRAL,False,-6.72901,0.79154,0.5,-40.83936,-0.77129,-21.69354,19.21047,18.29116,14.48541,90.49894,97.60519,6.62309,-0.75777,5.63654,10.79546,-0.06572,1.25511,0.69382,0.70151,0.06831,1.71891,1.4499,1.18536,1.22758,-0.26913,-0.02926,0.28948,-0.83633,1.95744,0.57461,2026-09-29,False,,,,,,,,,,,,0.50603,5.86618
AKSEN,Utilities,74.25,663696761.51663,51.21386,0.90263,-0.24918,24.85207,54.15747,99.92682,107.8,-7.87318,0.4548,0.1857,NEUTRAL,prior-research-2026-09-29+NEUTRAL,False,96.63199,0.64009,0.66667,-51.21386,-0.90263,-43.40517,20.31334,5.67192,3.65928,75.64188,44.03852,24.05951,-0.92409,0.0,-25.12708,1.16764,0.35174,1.30315,0.0346,-0.84353,0.08149,1.065,0.38066,0.19869,-0.78815,-0.26395,1.12991,-0.94945,-0.70725,-0.47909,2026-09-29,False,,,,,,,,,,,,0.48758,4.34783
AKSGY,Finance,9.61,37537505.38861,24.62015,0.6037,0.54149,93.68836,63.77347,112.39781,107.8,4.59781,0.5944,0.1938,NEUTRAL,prior-research-2026-09-29+NEUTRAL,False,35.29528,0.9312,0.66667,-24.62015,-0.6037,-12.51396,17.44085,7.45811,13.57851,215.48745,20.01231,67.67082,-0.03921,4.73972,6.29803,0.65564,1.92977,1.38752,2.35164,0.94498,2.68559,-0.22522,0.05709,0.50255,0.35517,-0.73922,0.99714,0.67124,1.33225,0.21238,2026-09-29,False,,,,,,,,,,,,0.64098,2.78074
AKSUE,Utilities,16.53,80965453.80594,71.02218,0.68365,-0.63209,6.70611,54.15747,99.92682,107.8,-7.87318,0.4548,0.1857,NEUTRAL,prior-research-2026-09-29+NEUTRAL,True,83.63339,0.34252,0.5,-71.02218,-0.68365,-66.24533,18.20953,-9.44025,-7.62112,103.98341,6.43299,-36.28785,-0.00436,0.0,-20.50313,1.05205,-1.10823,0.25032,-1.16852,0.33202,-1.02293,-0.0532,-0.7565,-0.59896,-0.43506,-1.65341,-1.67051,1.35845,-0.70725,-0.33635,2026-09-29,False,,,,,,,,,,,,0.35327,5.58922
AKYHO,Commercial Services,1.55,2596581.6822,39.05976,0.74484,0.71387,98.02761,128.52047,196.36819,107.8,88.56819,0.5956,0.1953,NEUTRAL,prior-research-2026-09-29+NEUTRAL,True,-35.56231,0.46407,0.16667,-39.05976,-0.74484,-53.59281,14.76971,-7.9748,-13.27042,159.43882,39.21356,-33.81827,-0.01243,0.0,-14.24096,-1.13037,0.11634,-2.48527,1.35768,-0.27439,0.14598,-1.82472,-1.1453,-1.19264,1.35782,0.02704,-1.12301,0.47318,-0.9626,-0.61632,2026-09-29,False,,,,,,,,,,,,0.6503,6.60378
ALARK,Finance,100.7,378947084.04771,37.4015,0.85482,-0.0989,36.29191,54.15747,99.92682,107.8,-7.87318,0.4548,0.1857,NEUTRAL,prior-research-2026-09-29+NEUTRAL,False,36.39799,0.85775,0.66667,-37.4015,-0.85482,-24.91365,19.75291,8.48919,16.05165,221.39267,24.74495,-27.68586,-0.43579,3.16286,21.12555,0.68211,1.56106,1.38752,0.73542,-0.35217,1.24048,1.21268,0.14562,0.63559,0.38214,-0.57947,-2.40307,-0.46572,1.02038,0.75305,2026-09-29,False,,,,,,,,,,,,0.52581,4.68451
ALBRK,Finance,8.14,106697218.10413,36.84293,1.13481,0.47739,90.33531,63.77347,112.39781,107.8,4.59781,0.5944,0.1938,NEUTRAL,prior-research-2026-09-29+NEUTRAL,False,13.71864,0.81539,0.5,-36.84293,-1.13481,-23.54085,18.48551,34.39708,45.74243,157.56671,482.45566,22.60559,-4.74527,3.21624,18.21476,0.35114,1.22894,0.33469,0.81376,-1.57101,1.37711,0.61623,1.19161,1.54076,0.00379,1.95295,0.22869,-2.29561,1.07858,0.62739,2026-09-29,False,,,,,,,,,,,,0.62671,6.88361
ALCAR,Producer Manufacturing,603.0,33400886.5,45.26947,0.778,0.19637,65.286,57.75347,104.59047,107.8,-3.20953,0.5026,0.1887,NEUTRAL,prior-research-2026-09-29+NEUTRAL,True,-26.98073,0.61374,0.33333,-45.26947,-0.778,-38.62595,17.32409,-28.86136,-8.9819,31.60232,116.96681,-5.50585,-0.90974,10.48383,-18.39441,-0.63401,0.69564,-0.49536,0.52085,0.19455,0.78025,-0.32937,-1.35504,-0.48979,-0.97535,0.0959,-0.8485,-0.74255,2.79174,-0.81557,2026-09-29,False,,,,,,,,,,,,0.52523,4.769
ALCTL,Electronic Technology,86.95,56560855.71707,54.78661,0.84108,0.35931,82.24852,58.09547,105.03401,107.8,-2.76599,0.5469,0.2037,NEUTRAL,prior-research-2026-09-29+NEUTRAL,True,-2.94118,0.47801,0.58333,-54.78661,-0.84108,-52.19901,17.85083,-2.35103,-2.20372,103.21272,147.04662,3.94018,-0.04368,0.0,-32.13186,-0.34561,-0.16286,0.56411,0.2664,0.20104,-0.21255,-0.68054,-0.53635,-0.51614,0.61376,0.56044,-0.65111,1.00543,-0.19518,-1.44781,2026-09-29,False,,,,,,,,,,,,0.55792,5.45455
ALFAS,Utilities,27.88,72203083.04007,57.3505,1.02709,-0.07749,38.65878,54.15747,99.92682,107.8,-7.87318,0.4548,0.1857,NEUTRAL,prior-research-2026-09-29+NEUTRAL,False,-7.8733,0.44044,0.33333,-57.3505,-1.02709,-55.95577,18.09499,5.25385,2.99371,64.29278,74.53115,6.92588,-0.47383,0.5848,-26.47968,-0.36326,-0.61203,-0.99772,-0.33819,-1.43137,-0.51297,-0.11374,0.33074,0.16095,-0.95354,0.11393,0.18557,-0.35333,0.52043,-0.52539,2026-09-29,False,,,,,,,,,,,,0.4945,2.90456
ALGYO,Finance,2.99,90740069.4927,62.0771,0.72207,-0.22639,27.0217,54.15747,99.92682,107.8,-7.87318,0.4548,0.1857,NEUTRAL,prior-research-2026-09-29+NEUTRAL,True,27.47681,0.36419,0.58333,-62.0771,-0.72207,-63.581,18.32351,-12.98357,-33.23579,290.87617,11.1128,51.99659,-0.28709,1.67224,-87.54212,0.55427,-0.95857,0.8577,-0.89633,0.40217,-0.9407,0.49702,-1.28705,-2.07516,0.84865,-1.07964,0.79714,-0.18839,0.62862,-2.09279,2026-09-29,False,,,,,,,,,,,,0.45483,3.38029
ALKA,Process Industries,5.99,20836511.91208,39.74331,0.80145,-0.0351,42.20907,54.15747,99.92682,107.8,-7.87318,0.4548,0.1857,NEUTRAL,prior-research-2026-09-29+NEUTRAL,True,-32.56199,0.41056,0.25,-39.74331,-0.80145,-58.94448,16.85222,-5.32489,-2.63412,55.12446,69.59505,2.75115,-0.21905,0.0,-16.66094,-0.96947,-0.51349,-1.19561,0.80302,-0.08448,-0.52205,-0.30564,-0.38894,-0.23205,-0.82415,-0.30302,-0.1136,0.06104,-0.49899,-0.51981,2026-09-29,False,,,,,,,,,,,,0.47121,3.85573
ALKIM,Process Industries,11.9,23331106.58342,35.31825,0.81192,0.25037,72.18935,55.52847,101.70487,107.8,-6.09513,0.5284,0.2022,NEUTRAL,prior-research-2026-09-29+NEUTRAL,True,-25.5053,0.56559,0.41667,-35.31825,-0.81192,-43.44107,16.9653,-10.10017,-12.6421,134.96348,152.05578,-0.17218,-0.10887,0.0,-10.43004,-0.72309,0.16274,0.07359,1.32266,-0.14585,0.17398,-0.21143,-0.66512,-0.80567,0.18206,0.39526,-0.38039,0.37623,-0.49899,-0.26416,2026-09-29,False,,,,,,,,,,,,0.55816,4.3395
ALTNY,Electronic Technology,11.68,323121817.63262,54.29126,0.87954,-0.14745,32.54438,54.15747,99.92682,107.8,-7.87318,0.4548,0.1857,NEUTRAL,prior-research-2026-09-29+NEUTRAL,False,4.78805,0.59959,0.5,-54.29126,-0.87954,-40.04106,19.59354,0.61391,0.24729,43.05332,27.32099,10.60935,-0.48269,0.0,20.75001,-0.12024,0.37619,0.0411,0.27696,0.03144,0.39595,0.27431,-0.34124,-0.32411,-0.37092,-0.73994,-0.10896,-0.16212,-0.19518,0.43043,2026-09-29,False,,,,,,,,,,,,0.46104,9.98185
ANGEN,Health Technology,6.9,17878717.19389,55.29983,0.82876,0.05758,52.26824,57.75347,104.59047,107.8,-3.20953,0.5026,0.1887,NEUTRAL,prior-research-2026-09-29+NEUTRAL,True,-30.20914,0.46939,0.33333,-55.29983,-0.82876,-54.14966,16.69912,-17.29018,-19.62672,120.16603,53.34998,-10.27015,-0.31919,0.0,6.97445,-0.64974,-0.04398,-0.48948,-0.37981,-0.57738,-0.03555,-0.70944,-1.02804,-0.98023,-0.19599,-0.20699,-0.74013,-0.55496,-0.52937,0.31709,2026-09-29,False,,,,,,,,,,,,0.43564,9.9664
ANHYT,Finance,98.0,91701126.6646,34.60085,0.7313,-0.05668,40.03945,54.15747,99.92682,107.8,-7.87318,0.4548,0.1857,NEUTRAL,prior-research-2026-09-29+NEUTRAL,False,22.58778,0.8,0.5,-34.60085,-0.7313,-20.0,18.33405,59.12137,16.84844,33.55138,86.21388,24.87596,-0.02356,8.30565,25.71276,0.48808,1.12685,0.33469,1.19947,0.35364,1.8457,0.51447,1.77729,0.66667,-1.5989,0.33096,0.28707,0.88688,1.93347,0.86854,2026-09-29,False,,,,,,,,,,,,0.52528,5.40817
ANSGR,Finance,24.08,103195700.8546,27.03034,0.70327,0.15016,61.7357,57.75347,104.59047,107.8,-3.20953,0.5026,0.1887,NEUTRAL,prior-research-2026-09-29+NEUTRAL,False,36.14473,0.77677,0.5,-27.03034,-0.70327,-22.32258,18.45214,46.75573,32.40767,83.15137,191.37354,16.73684,-0.00413,5.71013,19.11764,0.67545,0.99817,0.33469,2.00536,0.485,1.56742,0.59181,1.50275,1.15953,-0.71017,1.07675,-0.04414,1.21295,1.53316,0.66113,2026-09-29,False,,,,,,,,,,,,0.55116,2.96353
ARASE,Utilities,98.35,31486531.23605,47.80275,0.70851,0.41402,86.39053,58.09547,105.03401,107.8,-2.76599,0.5469,0.2037,NEUTRAL,prior-research-2026-09-29+NEUTRAL,False,130.11301,0.76418,0.66667,-47.80275,-0.70851,-24.86403,17.26507,13.09125,11.15252,98.87751,151.69354,26.03391,-0.09521,2.03355,-18.86025,1.43645,0.86433,1.30315,0.23864,0.19502,1.28644,-0.8767,0.8302,0.93553,-0.48793,0.74921,1.16434,0.52516,1.01608,-0.28977,2026-09-29,False,,,,,,,,,,,,0.59125,6.18812
ARCLK,Consumer Durables,84.1,128918255.74184,26.83471,0.93867,0.39615,84.61538,58.09547,105.03401,107.8,-2.76599,0.5469,0.2037,NEUTRAL,prior-research-2026-09-29+NEUTRAL,True,-22.18884,0.62158,0.25,-26.83471,-0.93867,-37.84184,18.67469,-3.20926,-4.14301,139.20448,951.46378,1.72838,-3.31783,0.0,-14.73163,-0.43926,0.34579,-0.93767,1.87834,-0.45125,0.42419,0.45315,0.33286,0.21507,0.35056,1.26487,0.04541,-0.90828,-0.99888,-0.52151,2026-09-29,False,,,,,,,,,,,,0.6169,3.33909
ARDYZ,Technology Services,62.1,340948462.65536,68.25629,1.08005,-0.40508,15.77909,54.15747,99.92682,107.8,-7.87318,0.4548,0.1857,NEUTRAL,prior-research-2026-09-29+NEUTRAL,False,220.05104,0.64687,0.66667,-68.25629,-1.08005,-37.1875,19.64724,24.26834,6.26118,36.42484,37.00316,33.43116,-0.29479,0.05225,175.07322,1.97138,0.5479,1.63314,-0.70472,-0.86775,0.52356,0.81806,0.92966,0.33961,-0.68904,-0.17071,1.20357,-0.5696,0.70431,1.67858,2026-09-29,False,,,,,,,,,,,,0.42901,7.5
ARENA,Distribution Services,15.03,20272290.03141,59.06432,0.88359,0.37002,83.23471,58.09547,105.03401,107.8,-2.76599,0.5469,0.2037,NEUTRAL,prior-research-2026-09-29+NEUTRAL,True,-32.70725,0.35315,0.25,-59.06432,-0.88359,-64.80263,16.82477,-45.98657,-71.96903,124.46578,1847.31658,0.49078,-2.64084,0.0,-50.4201,-0.71051,-0.51189,-1.23142,-0.16979,-0.77362,-0.51799,-0.37954,-1.8456,-1.82018,0.54984,1.55223,-0.44829,-1.48283,-0.43794,-1.30279,2026-09-29,False,,,,,,,,,,,,0.54546,4.42843
ARMGD,Consumer Non-Durables,144.2,216082898.81347,71.1279,0.66829,-0.84295,2.76134,54.15747,99.92682,107.8,-7.87318,0.4548,0.1857,NEUTRAL,prior-research-2026-09-29+NEUTRAL,False,441.66665,0.66605,0.66667,-71.1279,-0.66829,-43.87991,19.19117,33.83604,6.2271,25.4539,41.12959,13.00409,-1.02443,0.0,84.90208,2.83061,0.77542,1.60416,-1.35646,0.38293,0.26912,1.11731,1.64807,0.48375,-1.67303,-0.97273,0.61623,-0.98966,-0.73703,1.57512,2026-09-29,False,,,,,,,,,,,,0.35675,9.98752
ARSAN,Process Industries,3.37,66305829.08657,51.27332,0.88129,-0.3812,16.96252,54.15747,99.92682,107.8,-7.87318,0.4548,0.1857,NEUTRAL,prior-research-2026-09-29+NEUTRAL,False,56.02838,0.69772,0.41667,-51.27332,-0.88129,-35.81781,18.00979,3.41929,6.51313,239.95385,6.72794,-14.78173,-0.01331,0.0,205.94054,1.01023,0.82495,0.07359,0.00249,-0.49305,0.66335,0.77418,0.2401,0.52381,0.90169,-1.91947,-1.09726,1.13938,-0.49899,1.8982,2026-09-29,False,,,,,,,,,,,,0.47441,7.87172
ARTMS,Retail Trade,35.38,38525843.25,52.44286,0.68272,-0.13128,34.31953,54.15747,99.92682,107.8,-7.87318,0.4548,0.1857,NEUTRAL,prior-research-2026-09-29+NEUTRAL,False,-4.91725,0.6273,0.41667,-52.44286,-0.68272,-43.26241,17.46684,4.33332,4.05621,104.47331,16.69734,-4.46351,-0.21204,0.0,-95.83283,-0.28516,-0.15975,-0.44184,-0.5886,0.34748,-0.45072,-0.26315,0.3854,0.28421,0.06607,-2.56615,-0.43492,0.31191,-1.06628,-2.12577,2026-09-29,False,,,,,,,,,,,,0.47394,6.50001
ARZUM,Distribution Services,1.16,20723481.46933,53.56122,0.80761,0.14012,60.94675,57.75347,104.59047,107.8,-3.20953,0.5026,0.1887,NEUTRAL,prior-research-2026-09-29+NEUTRAL,False,-45.87459,0.31956,0.33333,-53.56122,-0.80761,-68.04408,16.84678,,-121.90996,,583.72576,-13.54507,,0.0,-63.59992,-1.16231,-0.65277,-0.59003,0.14762,-0.38312,-0.6783,-0.36541,0.0,-2.2378,0.0,0.63627,-1.12709,0.0,-0.43794,-1.61874,2026-09-29,False,,,,,,,,,,,,0.50229,4.20168
ASELS,Electronic Technology,338.5,12723221272.375,49.92888,1.19191,-0.46823,12.62327,54.15747,99.92682,107.8,-7.87318,0.4548,0.1857,NEUTRAL,prior-research-2026-09-29+NEUTRAL,False,84.60245,0.77995,0.58333,-49.92888,-1.19191,-22.52304,23.26669,15.60281,2.4045,19.44175,13.52668,23.1344,-0.23894,0.06932,24.73247,0.88768,1.22395,0.56411,0.5855,-1.31475,1.65722,2.06929,0.63372,-0.16838,-1.02218,-1.25181,0.54315,0.31736,0.91191,0.53576,2026-09-29,False,,,,,,,,,,,,0.4218,5.48611
ASGYO,Finance,9.95,33651722.53414,34.47216,0.60674,0.14888,61.53846,57.75347,104.59047,107.8,-3.20953,0.5026,0.1887,NEUTRAL,prior-research-2026-09-29+NEUTRAL,False,-7.43238,0.75208,0.41667,-34.47216,-0.60674,-25.85033,17.33157,25.40273,88.36261,441.115,4.15387,-37.45274,-1e-05,1.69165,203.16517,-0.20296,0.84472,-0.28555,1.2121,0.93743,1.14656,-0.35562,0.99128,2.69876,1.36808,-1.70192,-2.59021,1.49531,0.63727,1.71316,2026-09-29,False,,,,,,,,,,,,0.54985,3.1968
ASTOR,Producer Manufacturing,211.7,8791400121.5,71.16674,1.54088,-0.847,2.5641,54.15747,99.92682,107.8,-7.87318,0.4548,0.1857,NEUTRAL,prior-research-2026-09-29+NEUTRAL,False,247.46667,0.58239,0.66667,-71.16674,-1.54088,-41.76066,22.89704,29.08552,4.81514,23.02413,18.57212,29.76055,-0.13567,0.71426,11.87617,2.3824,0.57372,1.80551,-1.08099,-3.0,0.61066,2.54787,1.54991,0.54854,-1.29976,-1.33478,1.23693,0.55247,0.8328,0.38362,2026-09-29,False,,,,,,,,,,,,0.36849,5.54435
ASUZU,Consumer Durables,42.06,16393582.02328,36.38049,0.77759,0.34615,81.45957,58.09547,105.03401,107.8,-2.76599,0.5469,0.2037,NEUTRAL,prior-research-2026-09-29+NEUTRAL,True,-13.47049,0.59906,0.41667,-36.38049,-0.77759,-40.09424,16.6124,-1.40074,-1.83789,146.52117,299.61835,-0.62203,-0.95413,5.66085,34.93923,-0.1163,0.20549,0.33152,0.68528,0.41351,0.26156,-1.283,0.4939,0.3921,0.41569,0.2896,-0.10943,-3e-05,1.4757,1.16557,2026-09-29,False,,,,,,,,,,,,0.60093,4.51264
ATAKP,Consumer Non-Durables,33.98,15634834.22762,37.7026,0.79555,0.21337,66.66667,57.75347,104.59047,107.8,-3.20953,0.5026,0.1887,NEUTRAL,prior-research-2026-09-29+NEUTRAL,True,-13.61501,0.54265,0.25,-37.7026,-0.79555,-45.73503,16.56501,-7.3573,-9.62976,150.68796,84.98643,2.78232,-0.03791,2.06004,-8.93544,-0.13922,0.09167,-1.33809,0.79891,-0.30829,0.18259,-0.8943,-0.52451,-0.71945,0.1832,-0.42993,-0.23865,0.9262,0.99572,-0.19731,2026-09-29,False,,,,,,,,,,,,0.53278,3.44037
ATATP,Technology Services,219.5,284833929.66484,68.05203,0.53084,-0.27733,23.07692,54.15747,99.92682,107.8,-7.87318,0.4548,0.1857,NEUTRAL,prior-research-2026-09-29+NEUTRAL,False,122.2345,0.65522,0.58333,-68.05203,-0.53084,-34.47761,19.46742,46.0081,39.72436,30.95557,47.9213,22.45992,-0.01101,0.45558,-0.77874,1.51319,0.60184,1.10332,-0.69569,1.77165,0.69341,0.73771,1.48683,1.88367,-0.8374,0.02791,0.83325,0.75772,0.80303,0.03196,2026-09-29,False,,,,,,,,,,,,0.47229,7.61246
ATLAS,Miscellaneous,4.68,5478602.9394,57.21017,0.54441,0.43893,88.56016,58.09547,105.03401,107.8,-2.76599,0.5469,0.2037,NEUTRAL,prior-research-2026-09-29+NEUTRAL,True,-4.20477,0.39661,0.41667,-57.21017,-0.54441,-60.33899,15.51636,-4.81252,-8.39147,197.90065,1561.14857,2.59609,-0.0,0.61483,9.33897,-0.02235,-0.67353,-0.14443,-0.42305,1.14793,-0.64235,-1.92821,-0.50345,-0.72281,0.63878,2.36888,-0.39475,2.00446,0.65448,0.41775,2026-09-29,False,,,,,,,,,,,,0.55266,9.87654
AVGYO,Finance,14.53,22577857.55014,67.67152,0.63063,-0.1587,31.55819,54.15747,99.92682,107.8,-7.87318,0.4548,0.1857,NEUTRAL,prior-research-2026-09-29+NEUTRAL,False,-8.83978,0.75402,0.41667,-67.67152,-0.63063,-51.21952,16.93248,10.48137,13.2713,139.05864,45.85816,72.70968,-0.0,0.0,327.10864,-0.29528,0.86875,-0.28555,-1.27024,0.83648,-0.32382,-0.74121,0.22549,0.45044,-0.14979,-0.13982,1.05727,1.88426,-0.95992,2.0063,2026-09-29,False,,,,,,,,,,,,0.43576,10.0
AVHOL,Health Services,24.98,57205274.37231,45.96074,0.67051,-0.03273,42.40631,54.15747,99.92682,107.8,-7.87318,0.4548,0.1857,NEUTRAL,prior-research-2026-09-29+NEUTRAL,True,-18.67277,0.49465,0.5,-45.96074,-0.67051,-50.53465,17.86216,-48.81176,-73.7555,131.23961,39.444,-23.96724,-0.78524,0.0,-42.66949,-0.90118,-0.56469,0.13743,-0.17589,0.48798,-0.6998,-0.00033,-1.69509,-1.78286,0.43708,-0.38901,-1.73556,-0.65994,-0.43513,-1.43436,2026-09-29,False,,,,,,,,,,,,0.47895,2.45803
AVOD,Consumer Non-Durables,2.95,19187273.45992,48.81738,0.50724,0.22567,69.03353,57.75347,104.59047,107.8,-3.20953,0.5026,0.1887,NEUTRAL,prior-research-2026-09-29+NEUTRAL,True,-13.73874,0.51394,0.33333,-48.81738,-0.50724,-48.60627,16.76976,-17.53657,-26.15963,159.03707,209.11968,-3.23532,-0.91068,0.0,-23.18144,-0.14455,-0.0254,-0.69671,0.01088,1.04723,0.04566,-0.68628,-0.97555,-1.25494,0.26162,0.42379,-0.72158,-0.86137,-0.73703,-0.77983,2026-09-29,False,,,,,,,,,,,,0.53898,9.79899
AVPGY,Finance,51.05,30337428.44922,31.72468,0.65981,0.33651,81.26233,58.09547,105.03401,107.8,-2.76599,0.5469,0.2037,NEUTRAL,prior-research-2026-09-29+NEUTRAL,False,-2.6655,0.76909,0.33333,-31.72468,-0.65981,-24.59777,17.22789,4.45166,9.15326,234.84175,35.15864,19.15372,-0.0,9.79432,5.77232,-0.03572,0.94436,-0.91335,1.46976,0.71709,1.26585,-0.48607,-0.20938,0.1111,0.5029,-0.35152,0.06776,1.88426,2.14686,0.1745,2026-09-29,False,,,,,,,,,,,,0.58201,4.02194
AYCES,Consumer Services,348.75,37220413.25,69.8729,0.51608,-0.53136,10.45365,54.15747,99.92682,107.8,-7.87318,0.4548,0.1857,NEUTRAL,prior-research-2026-09-29+NEUTRAL,True,5.21383,0.26724,0.41667,-69.8729,-0.51608,-73.27586,17.43237,-2.60273,-1.46924,64.75518,4.33174,-43.71564,-0.02291,0.0,-19.44058,0.78747,-1.11861,0.02967,-1.16607,1.02214,-1.02298,-0.13703,0.04506,0.05256,-0.45413,-1.69413,-1.16332,0.65641,-0.45994,-0.84872,2026-09-29,False,,,,,,,,,,,,0.38124,9.95289
AYDEM,Utilities,24.12,54859225.83252,40.20386,0.65974,0.27947,74.55621,55.52847,101.70487,107.8,-6.09513,0.5284,0.2022,NEUTRAL,prior-research-2026-09-29+NEUTRAL,False,42.96578,0.75375,0.5,-40.20386,-0.65974,-29.1875,17.82028,4.67446,11.25714,288.17173,81.702,11.60381,-0.5157,0.0,33.72425,0.69117,0.80648,0.25032,0.7874,0.46695,0.93932,-0.30581,0.276,0.95065,0.82898,0.18674,0.5593,-0.45209,-0.70725,1.50453,2026-09-29,False,,,,,,,,,,,,0.58316,4.44271
AYEN,Utilities,25.9,23342444.59105,51.89973,0.75174,0.47613,90.13807,63.77347,112.39781,107.8,4.59781,0.5944,0.1938,NEUTRAL,prior-research-2026-09-29+NEUTRAL,False,16.557,0.5725,0.41667,-51.89973,-0.75174,-42.74978,16.96578,1.07482,2.64871,276.27179,97.09374,14.53769,-0.36557,3.01557,-34.53924,0.27125,0.01048,-0.36991,-0.01641,-0.02912,0.16456,-1.13083,-0.02873,0.12871,0.76086,0.30905,0.69562,-0.1538,1.25052,-0.72443,2026-09-29,False,,,,,,,,,,,,0.62139,3.09677
AYGAZ,Utilities,291.0,374625518.375,42.70279,0.44023,0.05351,51.67653,57.75347,104.59047,107.8,-3.20953,0.5026,0.1887,NEUTRAL,prior-research-2026-09-29+NEUTRAL,False,89.98936,0.8635,0.75,-42.70279,-0.44023,-28.24742,19.74144,11.73819,13.07244,131.34106,151.77687,2.28684,-0.03772,4.31271,-14.87676,1.0963,1.54721,2.02384,0.55386,1.38716,1.00061,0.75046,0.73495,1.05377,-0.21328,0.75526,-0.28785,0.86881,1.52625,-0.13975,2026-09-29,False,,,,,,,,,,,,0.54406,3.07692
AZTEK,Distribution Services,3.16,23029704.50971,58.63106,0.8717,0.17891,63.70809,57.75347,104.59047,107.8,-3.20953,0.5026,0.1887,NEUTRAL,prior-research-2026-09-29+NEUTRAL,True,-25.14852,0.55439,0.33333,-58.63106,-0.8717,-44.73684,16.9523,-38.72883,-24.10065,60.48182,295.10326,2.2667,-1.40163,4.29965,-17.21732,-0.41999,0.4187,-0.59003,-0.15233,-0.71145,0.42085,-0.27034,-1.80149,-1.11716,-0.23731,0.05284,-0.26077,-1.12498,1.7814,-0.53521,2026-09-29,False,,,,,,,,,,,,0.4897,9.84127
BAGFS,Process Industries,21.44,17085813.38532,42.00852,0.75049,0.373,83.62919,58.09547,105.03401,107.8,-2.76599,0.5469,0.2037,NEUTRAL,prior-research-2026-09-29+NEUTRAL,False,-23.97929,0.51638,0.25,-42.00852,-0.75049,-48.36223,16.65376,2.86938,7.71054,306.06197,177.68401,2.21486,-0.72348,0.0,12.52732,-0.65868,-0.06607,-1.19561,0.60001,0.19687,-0.07526,-0.50862,0.20813,0.66078,1.26619,0.52651,-0.17921,-0.80179,-0.49899,0.63435,2026-09-29,False,,,,,,,,,,,,0.58111,6.03576
BAHKM,Process Industries,172.89999,108820711.05241,67.64546,0.85579,-0.54972,9.27022,54.15747,99.92682,107.8,-7.87318,0.4548,0.1857,NEUTRAL,prior-research-2026-09-29+NEUTRAL,True,216.6994,0.90052,0.75,-67.64546,-0.85579,-28.46365,18.50521,-17.7412,-2.50012,16.11092,9.61971,12.06007,-0.048,0.0,-18.11403,2.03187,1.99758,2.46734,-1.00242,-0.39853,1.08925,1.13064,-0.95832,-0.22641,-1.94766,-1.68681,0.71641,0.6805,-0.49899,-0.57653,2026-09-29,False,,,,,,,,,,,,0.37147,10.0
BALSU,Consumer Non-Durables,6.74,660449067.79854,76.91368,0.7232,-0.59541,7.49507,54.15747,99.92682,107.8,-7.87318,0.4548,0.1857,NEUTRAL,prior-research-2026-09-29+NEUTRAL,False,-54.82488,0.29748,0.25,-76.91368,-0.7232,-72.37035,20.30843,,,83.40324,,,-2.37924,0.0,,-1.48993,-1.05305,-1.33809,-1.62983,0.10653,-1.07578,1.66751,0.0,0.0,-0.47512,0.0,0.0,-1.59181,-0.73703,0.0,2026-09-29,False,,,,,,,,,,,,0.34551,9.97443
BANVT,Process Industries,130.2,14955143.0,35.21563,0.61622,0.44096,88.7574,58.09547,105.03401,107.8,-2.76599,0.5469,0.2037,NEUTRAL,prior-research-2026-09-29+NEUTRAL,True,-17.47573,0.70113,0.16667,-35.21563,-0.61622,-31.39472,16.52057,-27.16284,-25.01247,98.17743,257.08087,-8.44696,-0.35523,0.0,-24.90196,-0.44545,0.83855,-1.99854,1.33342,0.86682,0.92438,-0.63006,-1.21646,-1.21968,-0.14062,0.89249,-0.85638,-0.22795,-0.49899,-0.79071,2026-09-29,False,,,,,,,,,,,,0.5962,2.87241
BASGZ,Utilities,39.3,12481470.61113,29.1091,0.61344,0.74746,99.01381,128.52047,196.36819,107.8,88.56819,0.5956,0.1953,NEUTRAL,prior-research-2026-09-29+NEUTRAL,False,17.37002,0.76758,0.5,-29.1091,-0.61344,-23.24219,16.33976,12.74162,14.05044,130.12394,199.63687,6.88732,-0.0476,5.08906,0.12995,0.29964,0.88147,0.25032,2.01186,0.66597,1.44127,-1.78458,0.80235,1.15809,-0.22924,1.02614,0.17998,0.77766,1.68003,0.51497,2026-09-29,False,,,,,,,,,,,,0.66777,3.67647
BAYRK,Consumer Non-Durables,2.77,20578499.32819,45.71621,0.47013,-0.23934,25.64103,54.15747,99.92682,107.8,-7.87318,0.4548,0.1857,NEUTRAL,prior-research-2026-09-29+NEUTRAL,True,-41.92313,0.32021,0.41667,-45.71621,-0.47013,-68.09421,16.83976,-81.58515,-17.90134,34.46764,35.73314,-34.94994,-1.14655,0.0,-32.67456,-1.12343,-0.9023,-0.0689,0.20779,1.21223,-0.88416,-0.63591,-1.9951,-1.03082,-1.3341,-1.0734,-1.65949,-1.04569,-0.73703,-1.01928,2026-09-29,False,,,,,,,,,,,,0.45766,2.4055
BEGYO,Finance,2.6,14228714.67808,35.03513,0.78861,0.40929,85.79882,58.09547,105.03401,107.8,-2.76599,0.5469,0.2037,NEUTRAL,prior-research-2026-09-29+NEUTRAL,True,-34.97813,0.4266,0.33333,-35.03513,-0.78861,-57.34008,16.47077,-5.15869,-12.84756,274.94225,34.99722,26.25558,-0.0,0.0,-61.37316,-1.18193,-0.62538,-0.91335,1.10519,0.01755,-0.60189,-1.23092,-0.89526,-1.48367,0.74152,-0.35857,0.33949,1.88426,-0.95992,-1.72637,2026-09-29,False,,,,,,,,,,,,0.54044,9.89011
BERA,Producer Manufacturing,10.82,88199649.71024,41.77363,0.89951,0.42065,86.98225,58.09547,105.03401,107.8,-2.76599,0.5469,0.2037,NEUTRAL,prior-research-2026-09-29+NEUTRAL,True,-24.27616,0.5128,0.5,-41.77363,-0.89951,-48.72038,18.29511,-1.2578,-5.44805,456.71876,292.54437,10.84703,-0.03947,0.0,-4.87464,-0.52901,0.19565,0.75268,0.74872,-0.42901,0.20539,0.49984,-0.11825,-0.23617,2.11083,0.93856,0.43645,1.01564,-0.45352,-0.24043,2026-09-29,False,,,,,,,,,,,,0.60419,3.73984
BESLR,Consumer Non-Durables,10.99,29376971.7328,39.85292,0.99408,0.626,96.25247,128.52047,196.36819,107.8,88.56819,0.5956,0.1953,NEUTRAL,prior-research-2026-09-29+NEUTRAL,False,-7.17911,0.67589,0.41667,-39.85292,-0.99408,-32.41083,17.19572,7.37633,17.05636,273.98643,503.18067,8.36956,-0.69917,0.0,6.39328,0.08371,0.81352,-0.0689,0.64702,-1.26626,0.97941,-0.32944,0.53421,1.33617,0.95631,1.25019,0.28197,-0.59917,-0.73703,0.37307,2026-09-29,True,,,,,,,,,,,,0.67026,3.52234
BEYAZ,Retail Trade,16.28,14680816.86478,49.87948,0.9679,0.23066,69.82249,57.75347,104.59047,107.8,-3.20953,0.5026,0.1887,NEUTRAL,prior-research-2026-09-29+NEUTRAL,True,-26.13818,0.46425,0.41667,-49.87948,-0.9679,-53.57464,16.50205,-7.77672,-5.91854,82.78306,1295.96886,1.54414,-0.35778,1.84853,-5.4015,-0.99632,-0.95708,-0.44184,-0.4255,-1.14839,-0.96868,-1.26001,-0.44243,-0.43811,-0.2247,0.94727,-0.07608,0.00141,0.61997,-0.05919,2026-09-29,False,,,,,,,,,,,,0.48094,7.21283
BFREN,Producer Manufacturing,105.0,17504277.29002,34.74361,0.76381,-0.02886,42.80079,54.15747,99.92682,107.8,-7.87318,0.4548,0.1857,NEUTRAL,prior-research-2026-09-29+NEUTRAL,False,-25.05855,0.59591,0.25,-34.74361,-0.76381,-40.40863,16.67796,34.5354,1.66208,6.32597,24.01229,6.02624,-0.05083,0.0,-1.05146,-0.561,0.61566,-1.13674,1.53817,0.26093,0.66421,-0.93038,1.69062,0.27269,-2.27368,-1.13277,0.09626,0.93998,-0.45352,-0.11003,2026-09-29,False,,,,,,,,,,,,0.52385,2.06842
BIENY,Non-Energy Minerals,15.2,34388514.46404,44.93493,0.92615,0.20231,65.48323,57.75347,104.59047,107.8,-3.20953,0.5026,0.1887,NEUTRAL,prior-research-2026-09-29+NEUTRAL,True,-45.83333,0.35055,0.41667,-44.93493,-0.92615,-64.94465,17.35323,-6.97292,-16.40363,262.37596,247.96608,8.92028,-0.50848,0.0,42.13136,-1.63576,-0.96577,-0.28003,0.2019,-0.46762,-0.87872,-0.57775,-0.34815,-0.7852,1.0979,0.82929,0.41033,-0.50329,-0.78904,1.35575,2026-09-29,False,,,,,,,,,,,,0.53905,2.14511
BIGCH,Consumer Services,3.59,35807274.9708,51.06536,0.87932,0.08716,56.41026,57.75347,104.59047,107.8,-3.20953,0.5026,0.1887,NEUTRAL,prior-research-2026-09-29+NEUTRAL,False,-51.30143,0.25204,0.25,-51.06536,-0.87932,-74.79585,17.39366,1.82378,1.2832,78.25318,261.00971,5.89991,-0.57772,4.06111,-3.76282,-1.0785,-1.24908,-1.23952,-0.04909,-0.72251,-1.14948,-0.1747,0.33136,0.22583,-0.28394,1.33,0.8107,-0.95306,1.70461,-0.18224,2026-09-29,False,,,,,,,,,,,,0.48746,7.4074
BIMAS,Retail Trade,421.75,3594803267.13603,30.82861,0.81115,-0.28129,22.68245,54.15747,99.92682,107.8,-7.87318,0.4548,0.1857,NEUTRAL,prior-research-2026-09-29+NEUTRAL,False,45.05878,0.97233,0.66667,-30.82861,-0.81115,-13.31899,22.00276,16.10651,5.42593,40.07238,164.56455,2.85222,-0.31126,1.5412,10.63851,0.68748,1.81173,1.23123,1.31193,-0.35866,1.99015,2.01384,1.12287,0.41601,-0.97561,-0.7629,0.12311,0.08212,0.45461,0.54818,2026-09-29,False,,,,,,,,,,,,0.4884,3.15664
BINBN,Commercial Services,65.1,45072150.69183,62.97766,0.75564,-0.42097,14.99014,54.15747,99.92682,107.8,-7.87318,0.4548,0.1857,NEUTRAL,prior-research-2026-09-29+NEUTRAL,True,19.78097,0.31059,0.5,-62.97766,-0.75564,-68.94084,17.62378,-35.66658,-9.33721,28.02502,7.07555,-81.01752,-0.0231,0.0,-51.7304,0.52856,-0.61984,0.20709,-0.17748,-0.34714,-0.60178,0.71362,-2.08239,-1.05634,-0.52429,-1.14034,-1.66553,0.28745,-0.9626,-1.57533,2026-09-29,False,,,,,,,,,,,,0.40613,2.33918
BINHO,Technology Services,5.67,270348476.92403,59.67301,0.90557,-0.17728,29.98028,54.15747,99.92682,107.8,-7.87318,0.4548,0.1857,NEUTRAL,prior-research-2026-09-29+NEUTRAL,True,-4.22812,0.47408,0.41667,-59.67301,-0.90557,-52.59197,19.41522,-28.32854,-55.79907,193.4777,-15.07521,,-0.01645,0.0,-570.24371,-0.10158,-0.28409,-0.03993,-0.17643,-0.06631,-0.29971,0.72915,-1.7824,-1.79392,1.08844,-2.86455,0.0,0.65647,-0.39583,-3.0,2026-09-29,False,,,,,,,,,,,,0.44466,7.52688
BIOEN,Utilities,11.33,135912364.07311,61.86178,0.74358,-0.32493,20.71006,54.15747,99.92682,107.8,-7.87318,0.4548,0.1857,NEUTRAL,prior-research-2026-09-29+NEUTRAL,True,-23.90438,0.45104,0.5,-61.86178,-0.74358,-60.15127,18.72752,-18.10895,-11.85456,60.4156,53.34489,-22.91721,-1.91592,0.0,-17.23678,-0.87859,-0.56804,0.25032,-0.5973,0.03351,-0.70805,0.28805,-1.06631,-0.81657,-1.06124,-0.11684,-1.466,-1.52552,-0.70725,-0.23192,2026-09-29,False,,,,,,,,,,,,0.40442,7.35294
BIZIM,Retail Trade,19.2,5997682.07839,38.62473,0.88232,0.60047,95.46351,128.52047,196.36819,107.8,88.56819,0.5956,0.1953,NEUTRAL,prior-research-2026-09-29+NEUTRAL,True,-8.54766,0.57519,0.33333,-38.62473,-0.88232,-42.48053,15.60688,-494.33635,-31.42298,,2538.10741,-4.72309,,0.0,-26.34359,-0.43814,-0.42224,-1.06964,0.34737,-0.71667,-0.37252,-1.9233,-2.30969,-1.33603,0.0,1.54151,-0.45052,0.0,-1.06628,-0.8514,2026-09-29,False,,,,,,,,,,,,0.60122,4.93724
BJKAS,Consumer Services,1.55,377828652.64426,79.82195,0.91744,-0.43534,14.00394,54.15747,99.92682,107.8,-7.87318,0.4548,0.1857,NEUTRAL,prior-research-2026-09-29+NEUTRAL,True,9.40594,0.52721,0.33333,-79.82195,-0.91744,-47.27891,19.74995,-38.15208,-18.60683,50.99387,97.59304,-97.50653,-0.90674,0.0,-9.94913,0.87785,0.08795,-0.59813,-1.67329,-0.94971,0.21108,1.30165,-1.35534,-0.85568,-0.78497,0.3779,-1.58868,-1.33351,-0.45994,-0.45243,2026-09-29,False,,,,,,,,,,,,0.41095,10.0
BLCYT,Process Industries,1.77,38891376.70058,66.55897,0.40578,-0.30288,22.09073,54.15747,99.92682,107.8,-7.87318,0.4548,0.1857,NEUTRAL,prior-research-2026-09-29+NEUTRAL,False,-17.96227,0.29256,0.5,-66.55897,-0.40578,-73.05785,17.47628,1.80175,4.39373,269.08619,39.0991,3.40183,-1e-05,0.0,-10.00327,-0.49654,-1.15345,0.69382,-0.90253,1.73841,-1.24294,0.29547,0.11775,0.3164,1.05865,-0.71396,-0.00315,1.54026,-0.49899,-0.24218,2026-09-29,False,,,,,,,,,,,,0.44578,9.81595
BLUME,Consumer Services,34.64,92919712.73728,54.1778,0.65656,-0.72389,5.91716,54.15747,99.92682,107.8,-7.87318,0.4548,0.1857,NEUTRAL,prior-research-2026-09-29+NEUTRAL,True,-32.50604,0.55826,0.41667,-54.1778,-0.65656,-49.94359,18.34725,-18.59316,-1.49051,9.34181,6.4408,-2.79154,-0.09277,0.0,194.29697,-0.47083,0.22505,0.02967,-0.27077,0.4741,0.07882,0.62508,-0.79802,0.04707,-2.10895,-1.58023,0.01995,0.12066,-0.45994,1.59758,2026-09-29,False,,,,,,,,,,,,0.38036,9.83506
BMSCH,Producer Manufacturing,8.6,14737633.52203,47.57123,0.52083,0.35508,81.85404,58.09547,105.03401,107.8,-2.76599,0.5469,0.2037,NEUTRAL,prior-research-2026-09-29+NEUTRAL,True,-31.26189,0.25718,0.33333,-47.57123,-0.52083,-75.0299,16.50591,-1.32517,-1.89513,160.04364,283.51842,-1.2764,-0.51257,0.0,-25.33051,-0.75558,-1.03219,-0.49536,0.37432,1.37696,-1.09162,-1.14285,-0.12367,-0.00447,0.72637,0.9119,-0.60294,-0.2518,-0.45352,-1.03846,2026-09-29,False,,,,,,,,,,,,0.5462,9.93117
BMSTL,Producer Manufacturing,40.54,104444485.96858,41.52753,0.12499,-0.57101,8.08679,54.15747,99.92682,107.8,-7.87318,0.4548,0.1857,NEUTRAL,prior-research-2026-09-29+NEUTRAL,True,22.35956,0.64146,0.5,-41.52753,-0.12499,-47.7057,18.46417,-2.93344,-0.34429,6.90363,23.01447,3.24815,-0.39934,0.0,1.32377,0.71981,0.87474,0.75268,0.77818,2.79951,0.26124,0.63522,-0.25039,0.13274,-2.17742,-1.17557,-0.16317,-0.03665,-0.45352,2e-05,2026-09-29,False,,,,,,,,,,,,0.4081,9.96912
BNTAS,Process Industries,5.34,19098058.43401,37.33522,0.82104,0.40648,85.60158,58.09547,105.03401,107.8,-2.76599,0.5469,0.2037,NEUTRAL,prior-research-2026-09-29+NEUTRAL,False,-6.48012,0.71295,0.5,-37.33522,-0.82104,-31.10814,16.7651,16.55876,20.22639,141.48998,110.26628,7.99591,-0.02387,0.0,-4.9608,-0.05557,0.8732,0.69382,1.00853,-0.18185,0.94753,-0.39178,1.06969,1.49847,0.22513,0.08786,0.36787,0.95699,-0.49899,-0.02352,2026-09-29,False,,,,,,,,,,,,0.61885,3.72772
BOBET,Non-Energy Minerals,16.03,85271515.20972,46.88345,0.71446,0.09586,57.79093,57.75347,104.59047,107.8,-3.20953,0.5026,0.1887,NEUTRAL,prior-research-2026-09-29+NEUTRAL,True,6.47194,0.64481,0.41667,-46.88345,-0.71446,-35.88094,18.26135,-14.74505,-16.50149,117.06543,202.66997,-6.91254,-0.87175,2.49532,-5.09523,0.12983,0.48733,-0.28003,0.09113,0.68195,0.64449,0.17327,-0.7053,-0.80316,0.09187,0.65197,-0.81193,-0.96044,1.0414,-0.00185,2026-09-29,False,,,,,,,,,,,,0.52927,8.37887
BORLS,Finance,1.55,54352121.89616,93.35725,0.80956,-0.31628,21.10454,54.15747,99.92682,107.8,-7.87318,0.4548,0.1857,NEUTRAL,prior-research-2026-09-29+NEUTRAL,True,-83.42477,0.05119,0.25,-93.35725,-0.80956,-94.88111,17.81099,-2642.088,-260.95288,,584.10436,-5.08402,,0.0,-44.02208,-2.72173,-2.77261,-1.55474,-2.47739,-0.09468,-2.78017,0.12093,-3.0,-3.0,0.0,2.08558,-1.6478,0.0,-0.95992,-1.39562,2026-09-29,False,,,,,,,,,,,,0.45165,1.0
BORSK,Process Industries,5.45,41122902.75215,45.78557,0.68492,0.0998,58.38264,57.75347,104.59047,107.8,-3.20953,0.5026,0.1887,NEUTRAL,prior-research-2026-09-29+NEUTRAL,True,12.71543,0.68553,0.5,-45.78557,-0.68492,-31.44654,17.53208,-5.50181,-7.4743,149.73389,105.54354,4.42624,-0.11989,3.82262,-9.04654,0.43625,0.77836,0.69382,0.35195,0.54174,0.91677,0.34304,-0.40113,-0.54424,0.30705,0.04868,0.0822,0.34173,1.60077,-0.19866,2026-09-29,False,,,,,,,,,,,,0.54356,3.9088
BOSSA,Process Industries,6.07,16645423.36501,35.39508,0.61963,0.53925,93.29389,63.77347,112.39781,107.8,4.59781,0.5944,0.1938,NEUTRAL,prior-research-2026-09-29+NEUTRAL,False,-7.98859,0.77325,0.25,-35.39508,-0.61963,-23.05732,16.62765,0.32798,0.4509,164.88633,82.97894,2.80111,-0.16808,0.0,-31.38885,-0.14218,1.14078,-1.19561,1.30155,0.84501,1.57114,-0.54192,0.02177,0.00405,0.46005,-0.15704,-0.09595,0.19643,-0.49899,-0.95217,2026-09-29,False,,,,,,,,,,,,0.62827,5.03144
BRISA,Consumer Durables,70.7,12738654.31693,32.426,0.78542,0.60566,95.66075,128.52047,196.36819,107.8,88.56819,0.5956,0.1953,NEUTRAL,prior-research-2026-09-29+NEUTRAL,False,-4.55965,0.69931,0.41667,-32.426,-0.78542,-30.06924,16.36015,1.5093,1.71402,132.16575,212.04332,11.06498,-0.55443,3.01216,-1.11985,0.167,0.70357,0.33152,1.20512,0.36769,0.88287,-1.56229,0.67099,0.66348,0.31297,-0.00862,0.90093,0.48267,0.94779,0.04878,2026-09-29,False,,,,,,,,,,,,0.63877,5.6338
BRKSN,Process Industries,5.82,2300934.25205,29.59217,0.6585,0.79922,99.21105,128.52047,196.36819,107.8,88.56819,0.5956,0.1953,NEUTRAL,prior-research-2026-09-29+NEUTRAL,False,-4.73065,0.62522,0.41667,-29.59217,-0.6585,-37.47788,14.64883,1.46417,2.17032,169.30241,155.91118,12.63751,-0.03183,0.0,-8.86175,-0.0201,0.48505,0.07359,1.96643,0.6954,0.56012,-2.22578,0.09115,0.12213,0.48942,0.40134,0.74098,0.85291,-0.49899,-0.18787,2026-09-29,False,,,,,,,,,,,,0.69543,1.96375
BRKVY,Finance,48.26,23575547.375,50.3722,1.04218,-0.0904,37.08087,54.15747,99.92682,107.8,-7.87318,0.4548,0.1857,NEUTRAL,prior-research-2026-09-29+NEUTRAL,False,12.46222,0.37141,0.41667,-50.3722,-1.04218,-62.85936,16.97572,24.95954,12.05379,55.34797,67.86381,49.33497,-0.80962,1.0936,-0.18619,0.32364,-0.93063,-0.28555,-0.19169,-1.23748,-0.90664,-0.66898,0.97881,0.38456,-1.16341,0.15123,0.76838,-0.98654,0.46393,0.02078,2026-09-29,False,,,,,,,,,,,,0.4851,4.5082
BRLSM,Non-Energy Minerals,11.46,89425378.76326,76.13166,0.84104,-0.37195,17.94872,54.15747,99.92682,107.8,-7.87318,0.4548,0.1857,NEUTRAL,prior-research-2026-09-29+NEUTRAL,True,66.64398,0.45476,0.58333,-76.13166,-0.84104,-54.52381,18.30892,-30.06729,-18.73594,62.4672,237.51817,6.52726,-1.20465,0.0,43.46927,0.90811,-0.43405,0.86321,-1.6474,-0.01909,-0.36819,0.21877,-1.24755,-0.86863,-0.57025,0.78285,0.2303,-1.21168,-0.78904,1.37819,2026-09-29,False,,,,,,,,,,,,0.41023,9.95851
BRSAN,Non-Energy Minerals,645.0,1011172351.0,58.78986,1.19467,-0.42853,14.20118,54.15747,99.92682,107.8,-7.87318,0.4548,0.1857,NEUTRAL,prior-research-2026-09-29+NEUTRAL,False,77.77778,0.83821,0.58333,-58.78986,-1.19467,-43.07992,20.73438,6.34789,2.70181,48.24963,93.90824,5.96522,-0.38663,0.0,25.79396,1.03228,1.46363,0.86321,-0.66061,-1.56504,0.20269,1.35976,0.62874,0.34584,-0.87617,-0.09983,0.17445,-0.27211,-0.78904,1.07338,2026-09-29,False,,,,,,,,,,,,0.43326,4.47059
BRYAT,Miscellaneous,1443.0,83261250.0,36.10523,0.89631,-0.34276,19.72387,54.15747,99.92682,107.8,-7.87318,0.4548,0.1857,NEUTRAL,prior-research-2026-09-29+NEUTRAL,False,-17.64983,0.59113,0.33333,-36.10523,-0.89631,-40.88675,18.23749,14.37603,10.82862,83.14665,11.29609,94.03806,-0.0,11.51392,3768.22892,-0.49617,0.25032,-0.77223,1.09627,-0.55109,0.32871,0.39446,0.80779,0.84249,-0.34754,-1.46635,2.25424,2.00446,2.82021,2.76178,2026-09-29,False,,,,,,,,,,,,0.48386,2.45803
BSOKE,Non-Energy Minerals,7.86,164005480.73096,65.07405,0.76472,-0.68293,6.31164,54.15747,99.92682,107.8,-7.87318,0.4548,0.1857,NEUTRAL,prior-research-2026-09-29+NEUTRAL,True,62.24553,0.19899,0.5,-65.07405,-0.76472,-80.10127,18.91541,-8.95758,-8.64844,118.76215,46.38833,-8.42212,-0.22814,0.0,10.70718,0.8559,-1.75123,0.3402,-1.02372,0.39235,-1.66189,0.53574,-0.50104,-0.46077,0.11295,-0.60123,-0.90069,0.06591,-0.78904,0.60613,2026-09-29,False,,,,,,,,,,,,0.36404,9.29808
BTCIM,Non-Energy Minerals,2.03,511536844.88246,50.78463,1.0379,-0.24882,25.04931,54.15747,99.92682,107.8,-7.87318,0.4548,0.1857,NEUTRAL,prior-research-2026-09-29+NEUTRAL,True,-6.83371,0.29293,0.33333,-50.78463,-1.0379,-70.70707,20.05293,-3.97603,-7.46439,224.42116,128.17556,-1.53023,-0.25085,0.0,-17.26926,-0.27476,-1.2553,-0.90784,-0.15979,-0.96362,-1.17523,1.08605,-0.16082,-0.3677,0.82337,0.21479,-0.5218,-0.03025,-0.78904,-0.52001,2026-09-29,False,,,,,,,,,,,,0.46093,5.64516
BUCIM,Non-Energy Minerals,4.94,17467107.98149,28.81814,0.62089,0.65866,97.04142,128.52047,196.36819,107.8,88.56819,0.5956,0.1953,NEUTRAL,prior-research-2026-09-29+NEUTRAL,True,-9.06201,0.6175,0.41667,-28.81814,-0.62089,-38.375,16.67583,-2.00352,-4.52886,276.69755,182.44066,3.43708,-0.37846,1.34953,-5.68207,-0.40277,0.31278,-0.28003,1.82729,1.12407,0.48944,-1.23095,0.00242,-0.18892,1.20666,0.5309,-0.05101,-0.25574,0.68272,-0.02285,2026-09-29,False,,,,,,,,,,,,0.65667,3.37302
BULGS,Finance,13.6,83259826.27792,57.40946,0.90629,-0.22012,27.21893,54.15747,99.92682,107.8,-7.87318,0.4548,0.1857,NEUTRAL,prior-research-2026-09-29+NEUTRAL,False,-3.99331,0.25897,0.41667,-57.40946,-0.90629,-74.10278,18.23748,2.25832,4.08744,229.86192,17.04024,117.75441,-0.00183,0.0,-64.30505,-0.09138,-1.46515,-0.28555,-0.62186,-0.6239,-1.46269,0.4116,-0.35356,-0.38647,0.45186,-0.87168,1.85849,1.27451,-0.95992,-1.80948,2026-09-29,False,,,,,,,,,,,,0.43496,9.93426
BURCE,Non-Energy Minerals,24.8,49103637.50912,53.36455,0.4638,-0.34873,19.32939,54.15747,99.92682,107.8,-7.87318,0.4548,0.1857,NEUTRAL,prior-research-2026-09-29+NEUTRAL,True,77.25887,0.30636,0.41667,-53.36455,-0.4638,-69.3638,17.70944,-14.27337,-9.05152,79.11481,38.62592,-9.09402,-0.10571,0.0,-51.26322,1.02209,-1.15214,-0.28003,-0.3237,1.78389,-1.09264,-0.24911,-0.68892,-0.5095,-0.32733,-0.73562,-0.92877,0.41509,-0.78904,-1.31611,2026-09-29,False,,,,,,,,,,,,0.40886,4.76912
BURVA,Producer Manufacturing,388.75,15106858.5,84.23387,0.42171,-0.75906,4.33925,54.15747,99.92682,107.8,-7.87318,0.4548,0.1857,NEUTRAL,prior-research-2026-09-29+NEUTRAL,True,468.30817,0.30019,0.66667,-84.23387,-0.42171,-69.98069,16.53066,-29.23607,-0.96741,3.64245,9.80258,-12.45437,-0.32888,0.0,-4.50727,2.97252,-0.80787,1.80551,-1.56733,1.8335,-0.82404,-1.06698,-1.413,0.09469,-2.39822,-1.70411,-1.14431,0.08812,-0.45352,-0.21953,2026-09-29,False,,,,,,,,,,,,0.34647,9.99454
BVSAN,Producer Manufacturing,73.25,61241369.705,63.29119,0.93349,0.04139,49.90138,54.15747,99.92682,107.8,-7.87318,0.4548,0.1857,NEUTRAL,prior-research-2026-09-29+NEUTRAL,True,-17.38261,0.48033,0.41667,-63.29119,-0.93349,-51.96721,17.93033,-0.2002,-0.17455,95.5428,119.14999,10.83294,-0.31499,1.3114,-8.413,-0.28713,0.0976,0.13245,-0.59586,-0.65133,0.08235,0.29048,-0.06966,0.13816,0.14618,0.11866,0.4306,0.10959,1.00214,-0.39362,2026-09-29,False,,,,,,,,,,,,0.52035,9.94249
BYDNR,Consumer Services,22.22,23929687.18394,53.38391,0.32031,0.08316,56.01578,57.75347,104.59047,107.8,-3.20953,0.5026,0.1887,NEUTRAL,prior-research-2026-09-29+NEUTRAL,True,80.2817,0.48792,0.5,-53.38391,-0.32031,-53.49144,16.99063,-2.29597,-1.84981,93.19319,233.23528,-3.80698,-0.55307,3.20887,-3.88475,1.74758,-0.05552,0.64991,-0.20291,1.84478,-0.06648,-0.53201,0.07275,-0.00822,-0.08605,1.18797,-0.03274,-0.90432,1.56669,-0.19789,2026-09-29,False,,,,,,,,,,,,0.4785,4.0
CANTE,Utilities,1.01,303720631.96146,46.02311,0.83834,-0.1423,33.33333,54.15747,99.92682,107.8,-7.87318,0.4548,0.1857,NEUTRAL,prior-research-2026-09-29+NEUTRAL,True,-33.00971,0.37269,0.33333,-46.02311,-0.83834,-62.73063,19.53162,-8.69875,-24.93295,330.48333,70.00019,-14.60818,-0.01689,0.0,-16.25872,-1.2285,-0.97795,-0.99772,0.34245,-0.50691,-0.86655,0.63979,-0.70714,-1.24964,0.9951,0.06874,-1.20608,1.17153,-0.70725,-0.17604,2026-09-29,False,,,,,,,,,,,,0.49429,6.29922
CATES,Utilities,31.2,144763685.83248,62.26071,0.72891,-0.15523,32.1499,54.15747,99.92682,107.8,-7.87318,0.4548,0.1857,NEUTRAL,prior-research-2026-09-29+NEUTRAL,False,112.7886,0.43213,0.58333,-62.26071,-0.72891,-57.06371,18.79061,15.03716,35.50448,294.96061,158.55324,-11.49526,-0.01138,0.0,12.1584,1.30404,-0.63994,0.77333,-0.63582,0.11321,-0.55729,0.30126,0.89502,1.87446,0.85977,0.79191,-1.08491,1.27066,-0.70725,0.94142,2026-09-29,False,,,,,,,,,,,,0.48842,8.7742
CCOLA,Consumer Non-Durables,78.6,449178733.88228,35.48304,0.70793,-0.12112,34.91124,54.15747,99.92682,107.8,-7.87318,0.4548,0.1857,NEUTRAL,prior-research-2026-09-29+NEUTRAL,False,62.03004,0.85111,0.66667,-35.48304,-0.70793,-18.57066,19.92293,26.9016,9.41986,41.79811,97.21781,15.79495,-0.63324,1.81934,11.07178,1.22118,1.77283,1.60416,1.13148,0.16688,2.41907,1.48145,1.53193,0.8302,-1.23914,-0.32993,0.75021,-0.54679,0.94009,0.58237,2026-09-29,False,,,,,,,,,,,,0.50088,5.09804
CELHA,Non-Energy Minerals,26.98,69105904.39764,75.37715,0.49719,-0.33472,19.9211,54.15747,99.92682,107.8,-7.87318,0.4548,0.1857,NEUTRAL,prior-research-2026-09-29+NEUTRAL,True,167.53811,0.91458,0.58333,-75.37715,-0.49719,-29.17949,18.05115,-17.22933,-6.31193,44.75739,21.17913,-10.73397,-0.09064,0.0,-10.21607,1.70384,1.91762,0.86321,-1.61781,1.66165,1.03288,0.06266,-0.7734,-0.29797,-0.98263,-1.16072,-0.99735,0.47421,-0.78904,-0.22125,2026-09-29,False,,,,,,,,,,,,0.4249,6.22441
CEMAS,Non-Energy Minerals,3.14,38937293.37211,44.0174,0.7364,0.07903,55.22682,57.75347,104.59047,107.8,-3.20953,0.5026,0.1887,NEUTRAL,prior-research-2026-09-29+NEUTRAL,True,-39.8827,0.41425,0.33333,-44.0174,-0.7364,-58.5752,17.47746,-36.80615,-54.8699,158.77993,62.93133,-40.68391,-0.17175,0.0,-37.59324,-1.36922,-0.61359,-0.90784,0.24506,0.57416,-0.51746,-0.43783,-1.40229,-1.44217,0.45388,-0.37518,-1.77606,0.1847,-0.78904,-1.07605,2026-09-29,False,,,,,,,,,,,,0.49762,4.29448
CEMTS,Non-Energy Minerals,7.69,13279253.88155,29.81058,0.83112,0.71792,98.22485,128.52047,196.36819,107.8,88.56819,0.5956,0.1953,NEUTRAL,prior-research-2026-09-29+NEUTRAL,True,-24.59252,0.60733,0.41667,-29.81058,-0.83112,-39.26724,16.40171,-4.30039,-7.43085,188.44705,169.58128,4.45627,-0.24801,3.90117,-12.35028,-0.8753,0.27501,-0.28003,1.71533,0.02838,0.43853,-1.57385,-0.18996,-0.36125,0.64198,0.46055,0.03426,-0.00891,1.34913,-0.33933,2026-09-29,False,,,,,,,,,,,,0.66007,4.25806
CEMZY,Consumer Non-Durables,6.26,220431217.13555,72.88707,0.67077,-0.91025,1.97239,54.15747,99.92682,107.8,-7.87318,0.4548,0.1857,NEUTRAL,prior-research-2026-09-29+NEUTRAL,True,191.92321,0.36608,0.66667,-72.88707,-0.67077,-63.39181,19.2111,-10.55624,-2.89233,32.31807,19.97766,20.30203,-0.18253,0.0,-8.64031,2.13602,-0.72053,1.60416,-1.47441,0.36445,-0.65979,1.14853,-0.7301,-0.27738,-1.40681,-1.49857,0.96798,0.30409,-0.73703,-0.18115,2026-09-29,False,,,,,,,,,,,,0.31488,9.97892
CEOEM,Consumer Services,18.47,34101239.41925,65.26994,0.68872,0.01867,48.12623,54.15747,99.92682,107.8,-7.87318,0.4548,0.1857,NEUTRAL,prior-research-2026-09-29+NEUTRAL,False,-25.92811,0.5442,0.41667,-65.26994,-0.68872,-45.58044,17.34484,15.2275,8.67463,64.98523,149.43901,10.17162,-0.00169,0.0,26.12065,-0.2391,0.14889,0.02967,-0.9052,0.27757,0.28712,-0.24015,1.21675,0.92862,-0.44195,0.7898,1.13828,1.05301,-0.45994,0.83416,2026-09-29,False,,,,,,,,,,,,0.4969,9.96198
CGCAM,Consumer Durables,19.88,85816994.14667,61.88159,1.08363,-0.21106,27.61341,54.15747,99.92682,107.8,-7.87318,0.4548,0.1857,NEUTRAL,prior-research-2026-09-29+NEUTRAL,False,-2.94281,0.37831,0.5,-61.88159,-1.08363,-62.16936,18.26773,4.04403,5.46842,160.92473,74.37073,9.63454,-0.09524,0.0,-10.071,0.23277,-0.8548,0.95175,-1.04904,-1.10314,-0.84834,0.21343,0.85206,0.97838,0.55542,-0.99018,0.81388,1.50192,-0.99888,-0.31625,2026-09-29,False,,,,,,,,,,,,0.47459,3.86691
CIMSA,Non-Energy Minerals,43.2,369176643.12687,32.60859,0.94261,0.09854,57.98817,57.75347,104.59047,107.8,-3.20953,0.5026,0.1887,NEUTRAL,prior-research-2026-09-29+NEUTRAL,False,3.82072,0.7322,0.41667,-32.60859,-0.94261,-31.22034,19.72679,12.02244,9.77198,92.54048,119.16285,8.59726,-0.83047,1.71361,6.05207,0.05636,0.82623,-0.28003,1.40415,-0.55659,0.91944,0.92804,0.98157,1.05301,-0.15175,0.17463,0.38194,-0.89981,0.82558,0.39279,2026-09-29,False,,,,,,,,,,,,0.54396,3.74568
CLEBI,Transportation,1353.0,34256103.0,30.98017,0.87032,0.26543,73.37278,55.52847,101.70487,107.8,-6.09513,0.5284,0.2022,NEUTRAL,prior-research-2026-09-29+NEUTRAL,False,-8.01527,0.62064,0.41667,-30.98017,-0.87032,-37.93578,17.34938,60.92492,10.44541,21.4336,55.84627,23.52111,-1.52296,7.61271,-45.36089,-0.38344,-0.01904,-0.3369,1.63994,-0.44827,0.14125,-1.05785,1.82525,0.43357,-1.70688,-0.43238,0.57168,-0.76484,2.08505,-1.32525,2026-09-29,False,,,,,,,,,,,,0.54172,3.88563
CMBTN,Non-Energy Minerals,1216.0,30947715.0,42.19026,0.68129,0.0742,54.63511,57.75347,104.59047,107.8,-3.20953,0.5026,0.1887,NEUTRAL,prior-research-2026-09-29+NEUTRAL,True,-32.14756,0.52189,0.25,-42.19026,-0.68129,-47.81116,17.24781,-84.08543,-13.03793,11.69066,214.91257,-7.72117,-1.46852,0.0,-37.46467,-1.13379,-0.14733,-1.54923,0.37897,0.86477,-0.05741,-0.71807,-1.88102,-0.6513,-2.07837,0.71598,-0.85544,-1.47111,-0.78904,-1.06573,2026-09-29,False,,,,,,,,,,,,0.49476,4.92228
CONSE,Utilities,1.61,14952545.53494,37.3604,1.00426,0.5532,93.8856,63.77347,112.39781,107.8,4.59781,0.5944,0.1938,NEUTRAL,prior-research-2026-09-29+NEUTRAL,False,-29.93827,0.40863,0.25,-37.3604,-1.00426,-59.13706,16.52039,3.6341,5.8798,175.90629,129.93368,-5.32362,-3.13553,0.0,-24.63703,-1.06624,-0.76128,-1.63911,1.01002,-1.2829,-0.64868,-1.56522,0.15753,0.40219,0.17259,0.60746,-0.81252,-1.81361,-0.70725,-0.46406,2026-09-29,False,,,,,,,,,,,,0.64714,1.76991
CRDFA,Finance,8.09,51482348.64326,69.22373,0.53845,-0.53463,10.25641,54.15747,99.92682,107.8,-7.87318,0.4548,0.1857,NEUTRAL,prior-research-2026-09-29+NEUTRAL,False,163.34271,0.18123,0.66667,-69.22373,-0.53845,-81.87724,17.75675,115.34318,79.33006,120.74801,123.34179,90.61896,-0.80905,0.0,185.97561,1.7791,-1.89285,1.38752,-1.31583,1.19089,-1.85846,0.06343,2.17633,2.15481,-0.30406,0.67814,1.41364,-0.9792,-0.95992,1.64221,2026-09-29,False,,,,,,,,,,,,0.39534,10.0
CRFSA,Retail Trade,192.60001,364513795.63918,84.79016,0.78386,-0.56201,8.48126,54.15747,99.92682,107.8,-7.87318,0.4548,0.1857,NEUTRAL,prior-research-2026-09-29+NEUTRAL,False,162.5,0.5694,0.66667,-84.79016,-0.78386,-43.05987,19.71407,,-26.60129,,349.95336,-5.29943,,0.0,-11.53102,1.59493,-0.47372,1.23123,-2.28088,-0.21587,-0.42481,1.10371,0.0,-1.24456,0.0,0.0448,-0.4823,0.0,-1.06628,-0.3458,2026-09-29,False,,,,,,,,,,,,0.3717,9.95671
CUSAN,Non-Energy Minerals,18.21,16937081.58515,53.67492,0.82234,0.33201,80.27613,58.09547,105.03401,107.8,-2.76599,0.5469,0.2037,NEUTRAL,prior-research-2026-09-29+NEUTRAL,True,-10.64781,0.5535,0.33333,-53.67492,-0.82234,-44.65046,16.64502,-37.02629,-22.49164,60.41589,185.74445,-15.76417,-2.90801,0.0,-39.81076,-0.42872,-0.02545,-0.90784,-0.36007,0.1012,0.07955,-1.26375,-1.42193,-0.97063,-0.62788,0.55711,-1.18738,-1.81974,-0.78904,-1.12964,2026-09-29,False,,,,,,,,,,,,0.54335,2.90456
CVKMD,Non-Energy Minerals,12.77,497214863.81137,150.60747,1.0454,-0.95729,1.77515,54.15747,99.92682,107.8,-7.87318,0.4548,0.1857,NEUTRAL,prior-research-2026-09-29+NEUTRAL,False,-3.45622,0.26715,0.5,-150.60747,-1.0454,-73.28452,20.02453,3.62597,0.77891,27.634,8.73107,20.88569,-0.33916,0.0,2.6683,-0.17852,-1.34964,0.3402,-2.78421,-0.99592,-1.27684,1.06326,0.37222,0.18488,-1.42535,-1.77113,1.0605,-0.19615,-0.78904,0.29646,2026-09-29,False,,,,,,,,,,,,0.34345,5.71429
CWENE,Electronic Technology,20.06,1928115398.77505,70.53136,1.07235,-0.28932,22.48521,54.15747,99.92682,107.8,-7.87318,0.4548,0.1857,NEUTRAL,prior-research-2026-09-29+NEUTRAL,False,41.48312,0.42863,0.5,-70.53136,-1.07235,-57.13675,21.37981,20.17003,13.40419,89.83497,87.55319,16.33445,-0.55867,0.0,26.58631,0.47939,-0.40684,0.0411,-0.67791,-0.86341,-0.4488,1.08453,0.83109,0.84848,0.43749,0.08373,0.22546,-0.29804,-0.19518,0.63469,2026-09-29,False,,,,,,,,,,,,0.47791,5.12821
DAGI,Consumer Non-Durables,4.81,81545126.53759,65.91745,0.78308,-0.35764,18.73767,54.15747,99.92682,107.8,-7.87318,0.4548,0.1857,NEUTRAL,prior-research-2026-09-29+NEUTRAL,True,30.25,0.42946,0.5,-65.91745,-0.78308,-57.05357,18.21667,-5.9345,-5.07687,97.77197,191.50983,2.15343,-1.40949,0.0,22.79723,0.85039,-0.3773,0.55133,-1.01297,-0.24213,-0.3179,0.57459,-0.45534,-0.42409,-0.28061,0.33372,-0.31619,-1.28584,-0.73703,0.94553,2026-09-29,False,,,,,,,,,,,,0.41579,9.76395
DAPGM,Finance,3.25,603630276.37772,66.64863,0.91158,-0.40991,15.38462,54.15747,99.92682,107.8,-7.87318,0.4548,0.1857,NEUTRAL,prior-research-2026-09-29+NEUTRAL,False,-45.27665,0.21104,0.25,-66.64863,-0.91158,-78.8961,20.21847,5.19978,9.19017,228.00683,104.7832,71.28005,-0.15557,0.0,-7.28618,-1.49304,-1.71841,-1.55474,-1.16871,-0.63638,-1.69438,1.42637,-0.10065,0.12428,0.42355,0.50325,1.03664,0.15094,-0.95992,-0.26175,2026-09-29,False,,,,,,,,,,,,0.46273,3.60824
DARDL,Consumer Non-Durables,1.13,23398571.56801,36.19322,1.00109,0.42615,87.37673,58.09547,105.03401,107.8,-2.76599,0.5469,0.2037,NEUTRAL,prior-research-2026-09-29+NEUTRAL,True,-37.40458,0.41852,0.33333,-36.19322,-1.00109,-58.14815,16.96819,-22.54934,-59.09972,273.22232,544.10702,2.9529,-0.93932,0.0,-3.85689,-0.96629,-0.42897,-0.69671,0.99907,-1.30802,-0.3573,-0.50124,-1.11373,-1.73358,0.94722,1.26653,-0.18022,-0.89415,-0.73703,0.02991,2026-09-29,False,,,,,,,,,,,,0.59567,1.91083
DCTTR,Distribution Services,3.29,59082190.42675,64.68434,0.27059,-0.36029,18.3432,54.15747,99.92682,107.8,-7.87318,0.4548,0.1857,NEUTRAL,prior-research-2026-09-29+NEUTRAL,True,-40.87591,0.2269,0.25,-64.68434,-0.27059,-77.31035,17.89444,-28.05095,-22.44729,84.64228,98.23674,-9.44009,-0.45435,0.0,-93.23483,-0.94331,-1.12652,-1.23142,-0.49918,2.0257,-1.15339,0.65345,-1.47203,-1.06219,0.14557,-0.98376,-0.9916,-0.10477,-0.43794,-2.05067,2026-09-29,False,,,,,,,,,,,,0.41372,9.86394
DENGE,Finance,1.69,35400230.51944,47.03465,0.77737,-0.04457,40.8284,54.15747,99.92682,107.8,-7.87318,0.4548,0.1857,NEUTRAL,prior-research-2026-09-29+NEUTRAL,True,-18.75001,0.4225,0.33333,-47.03465,-0.77737,-57.75,17.38223,-18.9635,-27.0912,152.77048,51.19251,-17.38505,-0.13392,0.0,-38.3231,-0.63883,-0.64261,-0.91335,0.0181,0.08882,-0.61316,-0.28442,-1.55067,-1.95118,-0.02413,-0.02355,-2.15707,0.22348,-0.95992,-1.30449,2026-09-29,False,,,,,,,,,,,,0.45589,8.47458
DERHL,Consumer Non-Durables,1.6,34426235.67165,42.44551,0.58854,0.17343,63.31361,57.75347,104.59047,107.8,-3.20953,0.5026,0.1887,NEUTRAL,prior-research-2026-09-29+NEUTRAL,True,-40.91087,0.4507,0.16667,-42.44551,-0.58854,-56.3383,17.35433,-0.14198,-0.15746,131.65425,282.39612,14.67357,-1.28891,0.0,-9.99118,-1.06773,-0.29376,-2.14103,0.41027,0.72505,-0.28466,-0.14292,-0.04083,-0.05041,0.02594,0.68131,0.69175,-1.17962,-0.73703,-0.24076,2026-09-29,False,,,,,,,,,,,,0.53414,2.58065
DERIM,Consumer Non-Durables,26.7,10783583.87168,43.2109,0.75388,0.36184,82.643,58.09547,105.03401,107.8,-2.76599,0.5469,0.2037,NEUTRAL,prior-research-2026-09-29+NEUTRAL,False,-11.94103,0.61777,0.41667,-43.2109,-0.75388,-38.22304,16.19354,16.35216,6.79771,51.02605,303.51157,5.86655,-0.0,0.0,-17.13754,-0.08112,0.49661,-0.0689,0.34288,-0.06798,0.64969,-1.32515,1.01058,0.55928,-1.0413,0.76198,0.08593,2.12497,-0.73703,-0.54255,2026-09-29,False,,,,,,,,,,,,0.59448,2.50875
DESA,Consumer Non-Durables,8.73597,17295329.34037,44.32744,0.70482,0.28488,75.34517,55.52847,101.70487,107.8,-6.09513,0.5284,0.2022,NEUTRAL,prior-research-2026-09-29+NEUTRAL,False,-31.70724,0.57723,0.41667,-44.32744,-0.70482,-43.12827,16.66595,12.74192,11.96678,112.32053,95.60941,8.86146,-0.12402,2.72219,-10.62413,-0.74461,0.31637,-0.0689,0.26648,0.18359,0.34628,-0.80971,0.87206,1.02756,-0.13806,-0.34659,0.32161,0.48682,1.14497,-0.27926,2026-09-29,False,,,,,,,,,,,,0.55577,2.14505
DESPC,Distribution Services,29.6,19602999.51664,57.78419,0.81412,0.3274,79.68442,55.52847,101.70487,107.8,-6.09513,0.5284,0.2022,NEUTRAL,prior-research-2026-09-29+NEUTRAL,True,-34.12146,0.47742,0.33333,-57.78419,-0.81412,-52.25806,16.79119,-28.74812,-17.33818,61.5879,1006.67583,9.33217,-0.0242,0.0,-60.33223,-0.74414,0.1219,-0.59003,-0.10081,-0.41902,0.09959,-0.39381,-1.49891,-0.93298,-0.21795,1.10767,0.4106,1.25921,-0.43794,-1.53837,2026-09-29,False,,,,,,,,,,,,0.52633,6.12648
DEVA,Health Technology,92.05,39685488.10129,42.7915,0.68915,0.33533,80.86785,58.09547,105.03401,107.8,-2.76599,0.5469,0.2037,NEUTRAL,prior-research-2026-09-29+NEUTRAL,True,29.79903,0.87583,0.5,-42.7915,-0.68915,-26.84439,17.4965,-2.9903,-4.57219,173.44017,118.86646,4.69905,-0.19018,0.0,0.876,0.87921,2.02494,0.75856,0.40313,0.16767,1.51759,0.05987,-0.33239,-0.27699,0.2792,0.44823,0.29397,-0.26057,-0.52937,0.12945,2026-09-29,False,,,,,,,,,,,,0.55942,9.99476
DGATE,Distribution Services,59.75,27546823.97205,64.85218,0.66906,-0.18694,28.79684,54.15747,99.92682,107.8,-7.87318,0.4548,0.1857,NEUTRAL,prior-research-2026-09-29+NEUTRAL,False,36.01695,0.46534,0.5,-64.85218,-0.66906,-53.46573,17.1314,33.322,6.27382,25.01779,1065.66457,6.73368,-0.55644,0.0,34.34457,1.05393,0.06396,0.65801,-0.50649,0.36828,0.0473,-0.08961,1.45136,0.57428,-1.11633,1.1465,0.20748,-0.2859,-0.43794,1.21414,2026-09-29,False,,,,,,,,,,,,0.48807,5.99104
DGGYO,Finance,27.04,4005673.93317,63.01995,0.60943,0.29081,76.33136,55.52847,101.70487,107.8,-6.09513,0.5284,0.2022,NEUTRAL,prior-research-2026-09-29+NEUTRAL,False,1.85414,0.57119,0.5,-63.01995,-0.60943,-42.88128,15.20322,0.18528,0.29621,183.06431,14.61683,80.4135,-0.24479,0.0,9.50102,0.10697,0.0338,0.33469,-0.94908,0.92994,0.09985,-2.22959,-0.5134,-0.6823,0.19606,-0.93959,1.14691,-0.08702,-0.95992,0.35154,2026-09-29,False,,,,,,,,,,,,0.52026,5.33981
DGNMO,Consumer Durables,3.94,28326909.65463,70.85459,0.88777,0.0905,57.00197,57.75347,104.59047,107.8,-3.20953,0.5026,0.1887,NEUTRAL,prior-research-2026-09-29+NEUTRAL,True,15.03164,0.39798,0.25,-70.85459,-0.88777,-60.20202,17.15932,-62.77338,-96.22983,120.88186,919.20439,-10.55,-6.03491,0.0,-25.37857,0.64591,-0.7322,-0.93767,-1.60329,-0.16821,-0.73502,-0.74738,-1.24623,-1.50941,0.19618,1.17301,-0.62945,-1.34901,-0.99888,-0.88975,2026-09-29,False,,,,,,,,,,,,0.50088,3.85145
DITAS,Producer Manufacturing,10.02,51912794.54012,89.74049,0.70678,-0.4376,13.80671,54.15747,99.92682,107.8,-7.87318,0.4548,0.1857,NEUTRAL,prior-research-2026-09-29+NEUTRAL,True,-16.20112,0.17893,0.41667,-89.74049,-0.70678,-83.28571,17.76508,-31.77007,-12.51695,81.46519,136.79735,-9.17981,-0.25835,0.0,-0.36364,-0.24307,-1.45852,0.13245,-1.93474,0.57857,-1.44765,0.10599,-1.49271,-0.61519,-0.06069,0.19928,-1.03324,0.21111,-0.45352,-0.05777,2026-09-29,False,,,,,,,,,,,,0.3896,10.00001
DMRGD,Consumer Non-Durables,8.34,318166666.58433,68.81426,0.58283,-0.9591,1.57791,54.15747,99.92682,107.8,-7.87318,0.4548,0.1857,NEUTRAL,prior-research-2026-09-29+NEUTRAL,False,261.66925,0.60391,0.58333,-68.81426,-0.58283,-39.60898,19.57809,8.63924,1.40124,18.98642,11.97158,9.03153,-0.06177,0.0,14.40541,2.47349,0.42658,1.07434,-1.20581,0.76615,0.54297,1.27405,0.65852,0.06262,-1.90502,-1.78885,0.34437,0.74423,-0.73703,0.68578,2026-09-29,False,,,,,,,,,,,,0.34775,10.0
DMSAS,Producer Manufacturing,5.91,22793786.2087,50.19788,0.50118,0.27269,74.16174,55.52847,101.70487,107.8,-6.09513,0.5284,0.2022,NEUTRAL,prior-research-2026-09-29+NEUTRAL,True,-1.14942,0.42826,0.5,-50.19788,-0.50118,-62.02899,16.942,-7.58125,-9.08201,127.17414,282.69073,-2.22543,-0.55422,0.0,-29.27504,0.25262,-0.16251,0.75268,0.2108,1.51269,-0.42185,-0.69048,-0.58035,-0.50396,0.42615,0.90314,-0.66598,-0.31139,-0.45352,-1.15048,2026-09-29,False,,,,,,,,,,,,0.51868,10.0
DNISI,Process Industries,3.82,14920736.04288,42.82542,0.69106,0.10578,58.77712,57.75347,104.59047,107.8,-3.20953,0.5026,0.1887,NEUTRAL,prior-research-2026-09-29+NEUTRAL,False,-10.40987,0.67884,0.25,-42.82542,-0.69106,-32.1157,16.51826,2.839,1.98586,81.84085,29.69095,-1.58769,-0.07938,0.0,2.54524,-0.21436,0.75885,-1.19561,0.52017,0.48948,0.87211,-0.66761,0.19748,0.10069,-0.3791,-0.89478,-0.47515,0.51936,-0.49899,0.25377,2026-09-29,False,,,,,,,,,,,,0.51922,4.74139
DOAS,Retail Trade,149.8,127517519.85268,27.09409,0.67903,0.2956,76.72584,55.52847,101.70487,107.8,-6.09513,0.5284,0.2022,NEUTRAL,prior-research-2026-09-29+NEUTRAL,False,8.11239,0.72337,0.58333,-27.09409,-0.67903,-27.66259,18.66376,3.74584,8.5134,229.40612,852.59071,4.2141,-0.45385,20.0267,-9.83938,0.10042,0.2489,0.70141,1.67934,0.36544,0.48463,0.60887,0.35327,0.74092,0.92716,0.62461,0.26671,-0.17492,3.0,-0.23505,2026-09-29,False,,,,,,,,,,,,0.59746,2.589
DOCO,Consumer Services,10595.0,49637850.0,35.84762,0.70431,0.24221,71.20316,55.52847,101.70487,107.8,-6.09513,0.5284,0.2022,NEUTRAL,prior-research-2026-09-29+NEUTRAL,False,4.87585,0.88,0.41667,-35.84762,-0.70431,-27.32864,17.72026,23.71943,5.1158,24.22934,115.74976,8.63075,-0.48311,1.3312,-11.17609,0.77699,1.99408,0.02967,1.1404,0.19771,1.41391,0.11539,1.61808,0.56136,-1.47244,0.54561,1.02944,-0.80415,1.00375,-0.52964,2026-09-29,False,,,,,,,,,,,,0.56584,2.55422
DOFER,Non-Energy Minerals,20.88,13831121.66887,31.57075,0.5199,0.35612,82.05128,58.09547,105.03401,107.8,-2.76599,0.5469,0.2037,NEUTRAL,prior-research-2026-09-29+NEUTRAL,False,-50.92642,0.31972,0.41667,-31.57075,-0.5199,-68.02823,16.44243,,,146.61416,,,-0.64738,0.90959,,-1.75636,-1.08351,-0.28003,1.56001,1.524,-1.0165,-1.51798,0.0,0.0,0.35377,0.0,0.0,-0.70631,0.56498,0.0,2026-09-29,False,,,,,,,,,,,,0.54916,2.88249
DOFRB,Producer Manufacturing,76.4,577694464.51412,73.26889,0.75533,-0.77566,3.74753,54.15747,99.92682,107.8,-7.87318,0.4548,0.1857,NEUTRAL,prior-research-2026-09-29+NEUTRAL,False,-29.9723,0.38489,0.5,-73.26889,-0.75533,-65.59194,20.17456,22.52897,2.58178,20.51477,10.11059,22.22649,-0.47841,0.0,,-0.71128,-0.39952,0.75268,-1.20074,0.32263,-0.58698,1.43845,1.26626,0.34775,-1.39048,-1.68876,1.02002,-0.17647,-0.45352,0.0,2026-09-29,False,,,,,,,,,,,,0.35519,5.85626
DOGUB,Non-Energy Minerals,21.5,25059146.55589,89.35459,0.42794,-1.03162,0.98619,54.15747,99.92682,107.8,-7.87318,0.4548,0.1857,NEUTRAL,prior-research-2026-09-29+NEUTRAL,True,175.92426,0.15786,0.41667,-89.35459,-0.42794,-84.21439,17.03675,-49.36437,-3.97691,7.98724,6.60282,-48.14249,-0.0,0.0,-27.73167,1.73229,-1.93207,-0.28003,-2.22729,1.95075,-1.82973,-0.84271,-1.58007,-0.17125,-2.34816,-1.98254,-1.86799,1.97838,-0.78904,-0.84726,2026-09-29,False,,,,,,,,,,,,0.30957,9.96732
DOHOL,Retail Trade,19.72,193030518.91624,38.12212,0.9047,0.2251,68.83629,57.75347,104.59047,107.8,-3.20953,0.5026,0.1887,NEUTRAL,prior-research-2026-09-29+NEUTRAL,False,23.09406,0.80032,0.5,-38.12212,-0.9047,-20.08928,19.07836,7.04257,12.60406,207.21212,209.7458,7.58501,-0.45968,1.55017,-18.64569,0.33565,0.64032,0.1784,0.37538,-0.86421,1.26434,0.82048,0.64456,1.09036,0.80567,-0.49169,0.55813,-0.19189,0.46293,-0.61058,2026-09-29,False,,,,,,,,,,,,0.56458,2.11694
DOKTA,Producer Manufacturing,16.1,8914895.09662,46.4742,0.75408,0.60758,95.85799,128.52047,196.36819,107.8,88.56819,0.5956,0.1953,NEUTRAL,prior-research-2026-09-29+NEUTRAL,True,-7.64228,0.51176,0.5,-46.4742,-0.75408,-48.8239,16.00323,-4.09348,-5.49655,144.85041,304.29303,5.28022,-1.30705,0.0,-1.67212,0.01937,0.18027,0.75268,0.44175,0.3278,0.19521,-1.55504,-0.34731,-0.24835,0.5817,0.98448,0.0068,-1.08002,-0.45352,-0.12046,2026-09-29,False,,,,,,,,,,,,0.65385,2.59392
DURDO,Process Industries,4.4,9956218.0584,43.67191,0.76903,0.41216,85.99606,58.09547,105.03401,107.8,-2.76599,0.5469,0.2037,NEUTRAL,prior-research-2026-09-29+NEUTRAL,True,41.24294,0.7971,0.5,-43.67191,-0.76903,-23.00725,16.11371,-9.20608,-6.44525,72.09209,125.57555,1.05574,-0.73477,0.0,-0.51226,0.86647,1.27567,0.69382,0.45933,0.08363,1.60502,-1.07656,-0.64364,-0.47427,-0.49321,0.21832,-0.31553,-0.81551,-0.49899,0.15391,2026-09-29,False,,,,,,,,,,,,0.56223,9.88235
DURKN,Consumer Non-Durables,10.83,37923277.90252,61.1484,0.94322,-0.0986,36.48915,54.15747,99.92682,107.8,-7.87318,0.4548,0.1857,NEUTRAL,prior-research-2026-09-29+NEUTRAL,True,45.27875,0.44938,0.58333,-61.1484,-0.94322,-55.06224,17.45108,-0.38726,-0.64178,194.76412,78.83187,22.04949,-0.5447,0.60384,9.21333,1.12488,-0.30473,1.07434,-0.73219,-1.10636,-0.24642,-0.02972,-0.06235,-0.08839,0.46938,-0.49132,1.02183,-0.39217,0.50519,0.49539,2026-09-29,False,,,,,,,,,,,,0.46062,5.06912
DYOBY,Process Industries,10.35,18623298.78168,52.24478,0.71005,0.43579,88.16568,58.09547,105.03401,107.8,-2.76599,0.5469,0.2037,NEUTRAL,prior-research-2026-09-29+NEUTRAL,False,-7.44467,0.47477,0.33333,-52.24478,-0.71005,-52.66055,16.73992,1.83759,4.54967,289.01738,333.74851,11.18113,-0.71929,0.0,-20.98716,-0.10641,-0.2158,-0.55422,-0.0537,0.4051,-0.24461,-0.41425,0.12838,0.3438,1.19174,1.15848,0.62619,-0.78819,-0.49899,-0.67595,2026-09-29,False,,,,,,,,,,,,0.60053,1.514
DZGYO,Finance,6.44,11248876.41282,39.73636,0.8238,0.57924,94.47732,63.77347,112.39781,107.8,4.59781,0.5944,0.1938,NEUTRAL,prior-research-2026-09-29+NEUTRAL,False,-1.12045,0.63636,0.58333,-39.73636,-0.8238,-36.36364,16.23578,4.39927,9.77666,260.86421,20.68491,37.47582,-0.03455,0.0,-39.47113,0.02008,0.38289,0.8577,0.55942,-0.16678,0.50747,-1.44328,-0.22551,0.21979,0.65327,-0.71095,0.65017,0.7292,-0.95992,-1.31534,2026-09-29,False,,,,,,,,,,,,0.62748,7.47531
EBEBK,Retail Trade,78.55,42306451.79971,37.30036,0.68726,0.09062,57.19921,57.75347,104.59047,107.8,-3.20953,0.5026,0.1887,NEUTRAL,prior-research-2026-09-29+NEUTRAL,False,61.64847,0.86509,0.66667,-37.30036,-0.68726,-15.13234,17.56045,10.09143,3.99818,45.7978,262.11237,2.0525,-0.75469,1.27307,24.22734,0.77476,1.12537,1.23123,0.4943,0.30622,1.86882,-0.17875,0.8355,0.27337,-0.87975,-0.27542,-0.00806,-0.59459,0.38138,0.95779,2026-09-29,False,,,,,,,,,,,,0.52077,4.15647
ECILC,Health Technology,64.1,318435367.31059,52.53833,1.02375,-0.29795,22.28797,54.15747,99.92682,107.8,-7.87318,0.4548,0.1857,NEUTRAL,prior-research-2026-09-29+NEUTRAL,True,-12.29736,0.49837,0.33333,-52.53833,-1.02375,-55.37194,19.57893,-2.74395,-3.80301,158.01734,23.21793,-2.54139,-0.05747,2.73192,-14.60031,-0.06183,0.04456,-0.48948,-0.19174,-1.51935,-0.10041,1.33544,-0.30433,-0.24169,0.12275,-0.81443,-0.37736,0.22799,1.36318,-0.52841,2026-09-29,False,,,,,,,,,,,,0.42401,9.93031
ECZYT,Finance,224.3,109890708.75042,57.75971,1.04783,-0.26189,23.66864,54.15747,99.92682,107.8,-7.87318,0.4548,0.1857,NEUTRAL,prior-research-2026-09-29+NEUTRAL,True,-2.59912,0.55935,0.5,-57.75971,-1.04783,-47.25686,18.515,-1.5421,-1.80756,135.97525,1.57999,86.15523,-0.0,2.54761,-63.58057,-0.03065,-0.04793,0.33469,-0.6499,-1.27063,-0.14035,0.65976,-0.6052,-0.82959,-0.16592,-1.96854,1.31087,1.53058,0.88067,-1.76651,2026-09-29,False,,,,,,,,,,,,0.4038,9.97636
EDIP,Finance,28.22,32418870.64221,47.48358,0.9921,0.36146,82.44576,58.09547,105.03401,107.8,-2.76599,0.5469,0.2037,NEUTRAL,prior-research-2026-09-29+NEUTRAL,False,20.82833,0.6575,0.41667,-47.48358,-0.9921,-34.24977,17.29425,4.4822,17.25423,441.32086,65.05008,61.01835,-0.155,0.0,33.15755,0.47045,0.50109,-0.28555,-0.0026,-0.9679,0.63608,-0.41153,-0.18782,0.69884,1.38913,0.1341,0.90714,0.15646,-0.95992,1.01661,2026-09-29,False,,,,,,,,,,,,0.59058,3.11689
EFOR,Consumer Non-Durables,14.05,1410607660.9878,85.8426,0.25229,-1.20273,0.59172,54.15747,99.92682,107.8,-7.87318,0.4548,0.1857,NEUTRAL,prior-research-2026-09-29+NEUTRAL,False,-13.98568,0.43934,0.41667,-85.8426,-0.25229,-83.30206,21.06729,0.19253,0.03131,18.38563,45.0818,12.04072,-0.62943,0.16339,9.6369,-0.1606,-0.33238,-0.0689,-1.95135,2.17739,-1.63443,1.89668,-0.01936,-0.03419,-1.97281,-0.90216,0.57327,-0.53394,0.40503,0.51251,2026-09-29,False,,,,,,,,,,,,0.31504,6.70213
EGEEN,Producer Manufacturing,5180.0,56815080.0,54.92057,0.85046,0.04214,50.4931,57.75347,104.59047,107.8,-3.20953,0.5026,0.1887,NEUTRAL,prior-research-2026-09-29+NEUTRAL,True,-36.93694,0.61832,0.33333,-54.92057,-0.85046,-43.74813,17.85531,-3.01657,-1.50393,56.09666,27.23109,3.05087,-0.16858,1.02317,-37.90781,-0.99053,0.73371,-0.49536,-0.09346,-0.21454,0.4493,0.20556,-0.2729,0.05088,-0.45832,-1.02032,-0.17469,0.45844,0.93901,-1.36709,2026-09-29,False,,,,,,,,,,,,0.47482,9.99088
EGEGY,Finance,15.15,75516994.51367,59.54316,0.73809,-0.40286,15.97633,54.15747,99.92682,107.8,-7.87318,0.4548,0.1857,NEUTRAL,prior-research-2026-09-29+NEUTRAL,False,16.67015,0.4382,0.41667,-59.54316,-0.73809,-57.51018,18.13987,61.27778,38.16719,88.8496,167.82406,31.48926,-0.27832,1.9802,951.53564,0.40146,-0.56895,-0.28555,-0.75398,0.30583,-0.60751,0.35062,1.93525,1.29417,-0.64421,0.94062,0.48267,-0.16703,0.75406,2.30177,2026-09-29,False,,,,,,,,,,,,0.43123,6.73317
EGEPO,Health Services,6.74,56184810.14304,54.93736,0.58449,-0.52495,10.84813,54.15747,99.92682,107.8,-7.87318,0.4548,0.1857,NEUTRAL,prior-research-2026-09-29+NEUTRAL,True,101.13208,0.33835,0.58333,-54.93736,-0.58449,-66.16466,17.84416,-3.14187,-1.76304,62.47095,48.49944,4.11882,-0.03321,0.0,14.34343,1.0697,-1.31348,0.66045,-0.74259,0.8669,-1.43502,-0.0214,-0.23817,-0.01582,-0.33511,-0.23136,-0.31432,1.04989,-0.43513,0.45014,2026-09-29,False,,,,,,,,,,,,0.36813,7.78098
EGGUB,Process Industries,98.0,46379183.00974,48.27397,0.73961,-0.07578,39.05325,54.15747,99.92682,107.8,-7.87318,0.4548,0.1857,NEUTRAL,prior-research-2026-09-29+NEUTRAL,False,-2.26876,0.68917,0.33333,-48.27397,-0.73961,-35.54852,17.65236,8.18761,7.2932,104.80526,41.49257,33.88779,-0.1336,2.55102,17.75738,0.09126,0.80479,-0.55422,0.19102,0.25965,0.69499,0.46343,0.65209,0.63029,-0.06663,-0.67478,1.57447,0.30764,1.35183,0.76682,2026-09-29,False,,,,,,,,,,,,0.5022,5.65656
EGPRO,Process Industries,32.48,32578529.18135,56.29702,1.02715,0.02564,48.91519,54.15747,99.92682,107.8,-7.87318,0.4548,0.1857,NEUTRAL,prior-research-2026-09-29+NEUTRAL,False,42.42184,0.71238,0.5,-56.29702,-1.02715,-28.76214,17.29916,17.05508,8.6454,59.3841,80.01717,19.02854,-0.13635,3.95445,6.25656,0.90996,0.86619,0.69382,-0.29481,-1.22588,1.0715,0.07754,1.10964,0.74235,-0.73501,-0.20167,1.01821,0.27392,1.65229,0.36082,2026-09-29,False,,,,,,,,,,,,0.48761,5.6551
EGSER,Producer Manufacturing,2.48,5390587.81391,41.13594,0.6939,0.65978,97.23866,128.52047,196.36819,107.8,88.56819,0.5956,0.1953,NEUTRAL,prior-research-2026-09-29+NEUTRAL,True,-14.91228,0.65782,0.41667,-41.13594,-0.6939,-34.21751,15.50017,-28.90711,-34.87896,117.20675,302.02162,-1.18243,-1.22247,0.0,34.50525,-0.22132,0.96437,0.13245,0.82023,0.62919,1.0816,-1.89599,-1.36911,-1.23739,0.34692,0.96588,-0.58925,-0.99434,-0.45352,0.99157,2026-09-29,False,,,,,,,,,,,,0.65954,3.07693
EKGYO,Finance,18.77,2644394274.44858,46.16283,1.34741,-0.08553,37.47535,54.15747,99.92682,107.8,-7.87318,0.4548,0.1857,NEUTRAL,prior-research-2026-09-29+NEUTRAL,True,4.96462,0.73638,0.58333,-46.16283,-1.34741,-30.44232,21.69571,-1.37264,-2.72162,224.51062,146.7076,21.5547,-0.62336,3.19659,9.74711,0.18999,0.78308,0.8577,0.0702,-2.33484,0.85623,1.98522,-0.59432,-0.91354,0.4027,0.81837,0.16513,-0.76826,1.05496,0.363,2026-09-29,False,,,,,,,,,,,,0.50891,9.98043
EKOS,Producer Manufacturing,3.31,47692232.62824,58.06609,1.01371,0.00698,46.35108,54.15747,99.92682,107.8,-7.87318,0.4548,0.1857,NEUTRAL,prior-research-2026-09-29+NEUTRAL,True,-16.4297,0.3686,0.41667,-58.06609,-1.01371,-63.14031,17.68028,-15.3555,-13.88219,96.79756,77.50532,-5.08152,-0.31215,0.0,-35.38699,-0.25401,-0.48736,0.13245,-0.28535,-0.98176,-0.48816,0.02256,-0.91102,-0.67882,0.16214,-0.29498,-0.81633,0.11495,-0.45352,-1.30548,2026-09-29,False,,,,,,,,,,,,0.47994,2.76596
EKSUN,Process Industries,4.45,26120105.28473,52.58431,0.84449,0.20379,66.07495,57.75347,104.59047,107.8,-3.20953,0.5026,0.1887,NEUTRAL,prior-research-2026-09-29+NEUTRAL,True,-3.1348,0.54938,0.33333,-52.58431,-0.84449,-46.79013,17.07822,-5.87472,-5.45664,103.3567,455.73862,1.43722,-0.80536,0.0,-12.29405,0.03556,0.06608,-0.55422,-0.07422,-0.33377,0.01094,-0.08581,-0.4134,-0.42496,-0.09301,1.43735,-0.28385,-0.89338,-0.49899,-0.37098,2026-09-29,False,,,,,,,,,,,,0.50277,5.15695
ELITE,Consumer Non-Durables,19.66,31478202.61601,40.42251,0.8616,-0.00097,45.56213,54.15747,99.92682,107.8,-7.87318,0.4548,0.1857,NEUTRAL,prior-research-2026-09-29+NEUTRAL,False,-18.89599,0.46478,0.33333,-40.42251,-0.8616,-53.5461,17.26481,4.63556,4.14675,108.16245,102.08558,17.99126,-0.10986,0.25432,17.82863,-0.37331,-0.21813,-0.69671,0.59566,-0.66974,-0.17143,-0.26576,0.32793,0.28876,-0.16966,-0.25766,0.83803,0.53264,0.41912,0.77598,2026-09-29,False,,,,,,,,,,,,0.50558,1.86501
EMKEL,Producer Manufacturing,7.77,57278023.42129,58.12879,0.78194,-0.34523,19.52663,54.15747,99.92682,107.8,-7.87318,0.4548,0.1857,NEUTRAL,prior-research-2026-09-29+NEUTRAL,True,-75.5,0.09706,0.25,-58.12879,-0.78194,-90.29357,17.86343,-24.60607,-20.10117,85.32285,99.20234,9.68876,-0.48278,0.0,10.85832,-2.06968,-1.89975,-1.13674,-0.29678,0.16909,-1.93304,0.21611,-1.22692,-0.91583,0.01676,-0.06677,0.36686,-0.19942,-0.45352,0.34789,2026-09-29,False,,,,,,,,,,,,0.44695,1.08611
ENDAE,Finance,13.47,68358951.78367,58.26347,0.57453,-0.08768,37.27811,54.15747,99.92682,107.8,-7.87318,0.4548,0.1857,NEUTRAL,prior-research-2026-09-29+NEUTRAL,False,15.18424,0.61395,0.5,-58.26347,-0.57453,-38.60529,18.04028,,,224.89303,,,-0.01728,0.0,,0.37337,0.24388,0.33469,-0.68975,1.09046,0.35392,0.31241,0.0,0.0,0.40961,0.0,0.0,0.99326,-0.95992,0.0,2026-09-29,False,,,,,,,,,,,,0.49802,2.12514
ENERY,Utilities,13.08,519182494.77196,48.87494,0.50123,-0.25552,24.26036,54.15747,99.92682,107.8,-7.87318,0.4548,0.1857,NEUTRAL,prior-research-2026-09-29+NEUTRAL,False,-2.95511,0.96817,0.5,-48.87494,-0.50123,-27.48899,20.06777,9.89807,4.72791,57.29507,35.21243,13.12626,-0.05359,0.12742,11.29213,-0.18053,2.11198,0.25032,0.16695,1.12801,1.06611,0.92218,0.63264,0.3131,-1.12126,-0.44973,0.63891,0.74404,0.41377,0.91745,2026-09-29,False,,,,,,,,,,,,0.47745,6.50337
ENJSA,Utilities,106.5,391320133.0,36.23517,0.78915,0.21585,67.25838,57.75347,104.59047,107.8,-3.20953,0.5026,0.1887,NEUTRAL,prior-research-2026-09-29+NEUTRAL,False,43.38491,0.83858,0.58333,-36.23517,-0.78915,-21.65354,19.78504,6.38889,4.87746,84.48179,193.88822,18.48982,-0.86298,4.76995,-10.86795,0.69862,1.36696,0.77333,1.15656,-0.24407,1.64247,0.82151,0.41436,0.32965,-0.67081,0.98501,0.86221,-0.87792,1.60014,0.03842,2026-09-29,False,,,,,,,,,,,,0.55228,3.91426
ENKAI,Industrial Services,84.75,1031891609.32872,35.85537,0.93333,0.0798,55.42406,57.75347,104.59047,107.8,-3.20953,0.5026,0.1887,NEUTRAL,prior-research-2026-09-29+NEUTRAL,False,31.57004,0.76077,0.5,-35.85537,-0.93333,-28.05206,20.75466,10.56946,7.86309,80.82218,35.60605,15.37143,-0.01846,4.81809,12.31264,0.16951,0.80336,0.13782,1.6348,-0.83325,1.01377,0.97404,0.51066,0.6807,0.13648,-0.0644,0.54551,0.73635,1.94252,0.4001,2026-09-29,False,,,,,,,,,,,,0.53851,4.63698
ENSRI,Consumer Non-Durables,2.95,91449319.34697,85.40167,0.31215,-0.68527,6.1144,54.15747,99.92682,107.8,-7.87318,0.4548,0.1857,NEUTRAL,prior-research-2026-09-29+NEUTRAL,True,-75.9899,0.07788,0.41667,-85.40167,-0.31215,-92.21225,18.3313,-5.18602,-4.70699,101.72253,30.94262,-5.68647,-0.25054,0.0,-41.36597,-2.09321,-2.1834,-0.0689,-1.92539,1.87871,-2.15527,0.68281,-0.41261,-0.39403,-0.23295,-1.15857,-0.8473,0.12701,-0.73703,-1.18222,2026-09-29,False,,,,,,,,,,,,0.36485,2.41757
ENTRA,Utilities,4.08,88280950.90703,48.70641,0.78575,0.24432,71.59763,55.52847,101.70487,107.8,-6.09513,0.5284,0.2022,NEUTRAL,prior-research-2026-09-29+NEUTRAL,True,-6.66808,0.76204,0.5,-48.70641,-0.78575,-27.71789,18.29603,-3.45978,-7.61303,267.79583,21.00641,2.05617,-0.26754,0.0,-32.57224,-0.28685,0.85586,0.25032,0.18738,-0.22371,1.02812,0.02573,-0.35205,-0.59243,0.69719,-0.78863,-0.32412,0.01787,-0.70725,-0.6868,2026-09-29,False,,,,,,,,,,,,0.53733,4.13438
EPLAS,Producer Manufacturing,5.1,22038200.55419,54.02251,0.69027,0.53695,93.09665,63.77347,112.39781,107.8,4.59781,0.5944,0.1938,NEUTRAL,prior-research-2026-09-29+NEUTRAL,True,-12.14815,0.66841,0.33333,-54.02251,-0.69027,-33.15859,16.90829,-2.46402,-8.96293,405.74784,260.99938,-1.72572,-0.05561,0.0,27.25997,-0.12538,1.02051,-0.49536,-0.05125,0.65206,1.13711,-0.73102,-0.21138,-0.47577,1.93179,0.84366,-0.63766,0.90022,-0.45352,0.87964,2026-09-29,False,,,,,,,,,,,,0.58958,10.0
ERBOS,Non-Energy Minerals,115.5,8541635.91083,36.13875,0.79824,0.66328,97.4359,128.52047,196.36819,107.8,88.56819,0.5956,0.1953,NEUTRAL,prior-research-2026-09-29+NEUTRAL,True,-18.57299,0.51539,0.33333,-36.13875,-0.79824,-48.90674,15.96046,-2.29592,-3.38639,172.43724,251.50677,12.32313,-0.30648,2.33766,-8.0106,-0.72362,-0.18301,-0.90784,0.95946,0.21909,-0.12347,-1.88154,-0.00859,-0.12473,0.58742,0.84514,0.67508,-0.12099,1.00151,-0.10223,2026-09-29,False,,,,,,,,,,,,0.6495,1.44347
ERCB,Non-Energy Minerals,35.44,30888079.20651,49.59185,0.94047,0.39001,84.22091,58.09547,105.03401,107.8,-2.76599,0.5469,0.2037,NEUTRAL,prior-research-2026-09-29+NEUTRAL,True,-41.99357,0.36878,0.33333,-49.59185,-0.94047,-63.12175,17.24588,-17.46237,-21.52504,196.11255,210.62873,-2.5316,-1.63131,0.0,-50.81588,-1.50877,-0.87951,-0.90784,-0.07838,-0.53552,-0.79497,-0.72963,-0.80011,-0.94931,0.68552,0.70152,-0.60718,-1.51178,-0.78904,-1.30213,2026-09-29,False,,,,,,,,,,,,0.54316,5.64947
EREGL,Non-Energy Minerals,36.76,5220621418.11612,42.892,1.07322,-0.00957,44.77318,54.15747,99.92682,107.8,-7.87318,0.4548,0.1857,NEUTRAL,prior-research-2026-09-29+NEUTRAL,False,35.54239,0.83167,0.66667,-42.892,-1.07322,-21.31222,22.37588,2.63594,3.04387,129.09711,94.14413,4.71572,-0.50549,1.49619,-11.51995,0.5599,1.41888,1.39303,0.31666,-1.10128,1.796,1.94941,0.30829,0.38348,0.19228,-0.08873,0.06244,-0.49158,0.71533,-0.28807,2026-09-29,False,,,,,,,,,,,,0.5347,4.17536
ERSU,Consumer Non-Durables,11.79,7082435.60086,55.08388,0.66125,0.0509,51.47929,57.75347,104.59047,107.8,-3.20953,0.5026,0.1887,NEUTRAL,prior-research-2026-09-29+NEUTRAL,True,34.43145,0.39564,0.58333,-55.08388,-0.66125,-60.43624,15.77313,-7.36041,-7.82034,125.73673,27.21829,-22.58088,-0.27968,0.0,-37.36888,0.9075,-0.57423,1.07434,-0.39592,0.4142,-0.51085,-1.54553,-0.53094,-0.5949,-0.03252,-1.24118,-1.4292,0.06833,-0.73703,-1.09697,2026-09-29,False,,,,,,,,,,,,0.45026,5.01767
ESCAR,Finance,16.11,84505445.68619,63.54614,0.73242,-0.64959,6.50888,54.15747,99.92682,107.8,-7.87318,0.4548,0.1857,NEUTRAL,prior-research-2026-09-29+NEUTRAL,True,121.31401,0.28923,0.58333,-63.54614,-0.73242,-71.0772,18.25233,-22.76129,-18.73985,91.08814,52.56151,-19.58398,-0.39419,2.23464,-6.7175,1.47523,-1.33345,0.8577,-1.01095,0.34296,-1.30329,0.42283,-1.62398,-1.71859,-0.60624,-0.01757,-2.21169,-0.37169,0.81111,-0.24062,2026-09-29,False,,,,,,,,,,,,0.35369,5.18934
ESCOM,Electronic Technology,4.24,108610207.15665,60.9061,0.83049,0.1298,60.15779,57.75347,104.59047,107.8,-3.20953,0.5026,0.1887,NEUTRAL,prior-research-2026-09-29+NEUTRAL,False,85.42372,0.63759,0.58333,-60.9061,-0.83049,-36.99248,18.50328,47.88966,49.70405,145.006,86.34804,99.4014,-0.0,0.0,567.00249,0.89867,0.59577,0.56411,-0.07174,0.2643,0.62439,-0.20252,1.69425,2.03628,0.97519,0.07261,1.99542,2.26728,-0.19518,1.80228,2026-09-29,False,,,,,,,,,,,,0.54816,3.28948
ESEN,Utilities,2.51,101921812.33171,43.46676,0.62702,-0.14274,32.93886,54.15747,99.92682,107.8,-7.87318,0.4548,0.1857,NEUTRAL,prior-research-2026-09-29+NEUTRAL,True,-74.54418,0.15437,0.33333,-43.46676,-0.62702,-84.56335,18.43972,-4.23149,-12.27196,345.88893,33.07139,1.22766,-0.51345,0.0,-25.86669,-2.38079,-2.13011,-0.99772,0.4926,0.59389,-2.02098,0.14327,-0.40413,-0.8242,1.03268,-0.49951,-0.41082,-0.44617,-0.70725,-0.50975,2026-09-29,False,,,,,,,,,,,,0.47942,4.73372
ETILR,Consumer Services,7.61,51354959.1645,71.05058,0.69455,0.23859,70.80868,55.52847,101.70487,107.8,-6.09513,0.5284,0.2022,NEUTRAL,prior-research-2026-09-29+NEUTRAL,True,25.11111,1.0,0.58333,-71.05058,-0.69455,-25.26316,17.75427,-14.91654,-3.29828,29.8149,114.84928,11.27006,-1.20811,0.0,-27.35739,1.11009,2.97868,1.17292,-1.26806,0.22589,1.58966,0.1571,-0.62673,-0.11564,-1.24633,0.52869,1.23225,-1.56313,-0.45994,-1.10315,2026-09-29,False,,,,,,,,,,,,0.49542,9.96732
ETYAT,Finance,10.47,11225320.24086,66.52454,0.34703,-0.47441,12.2288,54.15747,99.92682,107.8,-7.87318,0.4548,0.1857,NEUTRAL,prior-research-2026-09-29+NEUTRAL,True,91.21952,0.6475,0.5,-66.52454,-0.34703,-53.18491,16.23368,-13.99351,-1.55645,12.83219,10.8746,6.14456,-0.08154,0.0,6.8199,1.26769,0.4529,0.33469,-1.14479,2.01692,-0.39651,-1.4569,-1.31069,-0.81854,-2.46588,-1.12234,-0.71607,0.41633,-0.95992,0.23968,2026-09-29,False,,,,,,,,,,,,0.36704,9.97596
EUKYO,Finance,9.51,11650698.8616,49.86393,0.20687,-0.42717,14.39842,54.15747,99.92682,107.8,-7.87318,0.4548,0.1857,NEUTRAL,prior-research-2026-09-29+NEUTRAL,True,153.5761,0.66042,0.66667,-49.86393,-0.20687,-33.95833,16.27088,-23.01075,-3.18278,14.5313,5.01272,8.46294,-0.03396,0.0,23.83485,1.70489,0.51951,1.38752,-0.14082,2.56175,0.66326,-1.4038,-1.63496,-0.942,-2.39387,-1.57592,-0.54782,0.7516,-0.95992,0.8055,2026-09-29,False,,,,,,,,,,,,0.4131,4.53649
EUPWR,Producer Manufacturing,55.65,1398046830.8054,81.8861,1.00953,-0.76883,4.14201,54.15747,99.92682,107.8,-7.87318,0.4548,0.1857,NEUTRAL,prior-research-2026-09-29+NEUTRAL,False,273.90669,0.52699,0.75,-81.8861,-1.00953,-47.58523,21.05834,8.39946,2.53508,39.61906,42.25348,22.2869,-0.32947,0.0,49.8887,2.50524,0.26196,2.5262,-1.50345,-0.94545,0.27645,1.74067,0.59883,0.34238,-0.81329,-0.71439,1.02799,0.08275,-0.45352,1.16719,2026-09-29,False,,,,,,,,,,,,0.36655,9.96472
EUREN,Producer Manufacturing,2.88,91957564.15287,40.03385,0.80147,-0.03824,41.61736,54.15747,99.92682,107.8,-7.87318,0.4548,0.1857,NEUTRAL,prior-research-2026-09-29+NEUTRAL,False,-55.05747,0.31135,0.16667,-40.03385,-0.80147,-68.86486,18.33684,0.65584,1.1661,203.04441,145.07848,5.42868,-0.16961,0.0,26.49919,-1.54349,-0.73542,-1.93968,0.92053,0.06726,-0.76163,0.55766,-0.00539,0.21366,0.96707,0.26984,0.0236,0.44751,-0.45352,0.85358,2026-09-29,False,,,,,,,,,,,,0.54037,2.67379
EUYO,Finance,3.85,4229942.72026,55.44582,0.33645,-0.10687,35.7002,54.15747,99.92682,107.8,-7.87318,0.4548,0.1857,NEUTRAL,prior-research-2026-09-29+NEUTRAL,True,3.33577,0.55716,0.5,-55.44582,-0.33645,-49.34877,15.2577,-24.8963,-8.51833,37.62324,18.35271,8.83228,-0.03375,0.0,12.54934,0.14311,-0.0581,0.33469,-0.52341,2.08731,-0.26739,-2.18202,-1.70406,-1.28738,-1.49998,-0.81861,-0.52516,0.75915,-0.95992,0.48113,2026-09-29,False,,,,,,,,,,,,0.42189,10.0
EYGYO,Finance,1.95,18935607.08891,51.66855,0.46542,0.12382,59.56607,57.75347,104.59047,107.8,-3.20953,0.5026,0.1887,NEUTRAL,prior-research-2026-09-29+NEUTRAL,True,-41.84502,0.39779,0.25,-51.66855,-0.46542,-60.2208,16.75655,-29.13079,-44.0523,147.46616,77.57364,-10.89292,-0.48249,1.46518,-72.09529,-1.38338,-0.78014,-1.55474,-0.26299,1.51678,-0.75963,-0.89014,-1.84867,-2.18838,-0.06831,0.24724,-1.92598,-0.53939,0.53624,-1.90617,2026-09-29,False,,,,,,,,,,,,0.49232,1.94552
FADE,Consumer Non-Durables,11.44,34774226.27743,46.27754,0.70136,0.1002,58.57988,57.75347,104.59047,107.8,-3.20953,0.5026,0.1887,NEUTRAL,prior-research-2026-09-29+NEUTRAL,False,4.6466,0.60242,0.5,-46.27754,-0.70136,-40.60032,17.36439,3.11406,6.12849,231.32282,113.0047,9.78946,-0.06115,0.0,18.35616,0.4457,0.41064,0.55133,0.16046,0.20042,0.47786,-0.132,0.19365,0.46091,0.69021,-0.17375,0.39597,0.75062,-0.73703,0.79604,2026-09-29,False,,,,,,,,,,,,0.54975,2.7904
FENER,Consumer Services,2.3,323703955.36441,56.57593,0.90012,-0.61778,7.29783,54.15747,99.92682,107.8,-7.87318,0.4548,0.1857,NEUTRAL,prior-research-2026-09-29+NEUTRAL,True,-69.96161,0.18977,0.5,-56.57593,-0.90012,-81.0231,19.59534,-152.90214,-29.13563,45.13817,89.59198,-56.27748,-0.94737,0.0,26.19956,-1.57561,-1.57157,0.64991,-0.39397,-0.83258,-1.47642,1.22578,-2.0976,-1.13349,-0.91374,0.30572,-1.26033,-1.39069,-0.45994,0.85102,2026-09-29,False,,,,,,,,,,,,0.39385,1.93799
FLAP,Consumer Services,12.19,9560230.74411,57.35056,0.77834,0.44921,89.15187,58.09547,105.03401,107.8,-2.76599,0.5469,0.2037,NEUTRAL,prior-research-2026-09-29+NEUTRAL,True,10.65737,0.76187,0.58333,-57.35056,-0.77834,-39.3125,16.07312,-6.31201,-5.60661,99.71992,32.01974,-2.80884,-0.08582,0.56877,-32.681,0.88325,1.17974,1.17292,-0.43252,-0.20816,0.67051,-1.4771,-0.21744,-0.26378,0.00453,-0.46011,0.01254,0.16276,0.75329,-1.25122,2026-09-29,False,,,,,,,,,,,,0.55714,9.46058
FMIZP,Producer Manufacturing,267.25,13364694.0,37.35991,0.8581,0.23105,70.01972,55.52847,101.70487,107.8,-6.09513,0.5284,0.2022,NEUTRAL,prior-research-2026-09-29+NEUTRAL,False,-2.81507,0.74503,0.33333,-37.35991,-0.8581,-27.93658,16.40813,21.79471,3.69877,18.72414,19.86358,15.66662,-0.016,1.77962,-3.13007,0.19684,1.28615,-0.49536,1.13789,-0.24716,1.41748,-1.25854,1.22687,0.42849,-1.49599,-1.2951,0.72604,1.38279,1.19652,-0.16217,2026-09-29,False,,,,,,,,,,,,0.51615,9.96132
FONET,Technology Services,4.06,98650400.56384,50.59057,0.78591,-0.18446,29.38856,54.15747,99.92682,107.8,-7.87318,0.4548,0.1857,NEUTRAL,prior-research-2026-09-29+NEUTRAL,False,101.6129,0.65378,0.66667,-50.59057,-0.78591,-34.94364,18.40709,16.78262,7.58241,55.66833,26.928,26.09632,-0.02805,0.0,71.00776,1.36219,0.58971,1.63314,0.38163,0.5791,0.67357,0.24045,0.57155,0.4935,-0.30716,-0.39502,0.94326,0.44816,-0.39583,1.40377,2026-09-29,False,,,,,,,,,,,,0.4849,8.16832
FORMT,Non-Energy Minerals,0.96,33079687.81527,32.07456,0.48139,0.0491,51.28205,57.75347,104.59047,107.8,-3.20953,0.5026,0.1887,NEUTRAL,prior-research-2026-09-29+NEUTRAL,True,-60.90226,0.2243,0.16667,-32.07456,-0.48139,-77.5701,17.31443,-4.82593,-10.18411,256.90323,86.78093,-14.37513,-0.12555,0.0,-2.08198,-1.96973,-1.59575,-2.35216,1.48614,1.71349,-1.52925,-0.64421,-0.23136,-0.55998,1.05574,-0.14427,-1.11576,0.33456,-0.78904,0.1339,2026-09-29,False,,,,,,,,,,,,0.50769,1.9802
FORTE,Technology Services,89.65,165416777.23022,54.18534,0.68129,-0.13203,33.92505,54.15747,99.92682,107.8,-7.87318,0.4548,0.1857,NEUTRAL,prior-research-2026-09-29+NEUTRAL,False,69.28783,0.62692,0.75,-54.18534,-0.68129,-37.30769,18.92398,131.43685,43.30637,51.62383,64.83115,27.09712,-0.79724,0.0,100.3384,1.05185,0.42758,2.35383,0.12924,1.16967,0.51165,0.47055,2.3105,1.91317,-0.40095,0.24036,0.96113,-1.3226,-0.39583,1.52692,2026-09-29,False,,,,,,,,,,,,0.52319,4.66786
FRIGO,Consumer Non-Durables,1.42,82221196.55516,66.81207,0.39244,-0.44702,13.60947,54.15747,99.92682,107.8,-7.87318,0.4548,0.1857,NEUTRAL,prior-research-2026-09-29+NEUTRAL,True,39.82537,0.39334,0.58333,-66.81207,-0.39244,-60.66555,18.22492,-8.67662,-8.94824,122.56857,104.93527,-12.33121,-0.32463,0.0,-14.46095,1.00807,-0.59332,1.07434,-1.09244,1.5579,-0.53571,0.58017,-0.63743,-0.66279,-0.06426,-0.24094,-1.11609,-0.01191,-0.73703,-0.43914,2026-09-29,False,,,,,,,,,,,,0.38575,5.34979
FROTO,Consumer Durables,74.4,1717298324.70464,31.93101,0.99912,-0.14617,32.74162,54.15747,99.92682,107.8,-7.87318,0.4548,0.1857,NEUTRAL,prior-research-2026-09-29+NEUTRAL,False,-12.87479,0.573,0.25,-31.93101,-0.99912,-42.70035,21.26402,18.75488,11.48129,68.82038,326.19598,3.29877,-0.93768,13.02419,-7.67296,-0.10041,0.11158,-0.93767,1.27319,-0.67954,0.15495,1.59611,1.76332,1.58352,-0.41675,0.39527,0.29534,0.02501,2.49656,-0.18163,2026-09-29,False,,,,,,,,,,,,0.52462,3.9548
FZLGY,Consumer Durables,5.06,195008528.53288,64.16939,0.97337,-0.83518,3.15582,54.15747,99.92682,107.8,-7.87318,0.4548,0.1857,NEUTRAL,prior-research-2026-09-29+NEUTRAL,True,-36.76075,0.27001,0.25,-64.16939,-0.97337,-72.99893,19.08855,-20.36247,-13.65226,69.50986,66.88147,-8.76319,-0.31024,0.0,1167.55015,-0.93505,-1.33334,-0.93767,-1.22504,-0.59043,-1.34498,0.66578,-0.4877,-0.27715,-0.40476,-1.06388,-0.56151,0.93112,-0.99888,2.48558,2026-09-29,False,,,,,,,,,,,,0.32129,9.98796
GARAN,Finance,129.10001,3928372753.75,37.6685,1.20233,0.00833,46.74556,54.15747,99.92682,107.8,-7.87318,0.4548,0.1857,NEUTRAL,prior-research-2026-09-29+NEUTRAL,False,1.25635,0.81404,0.5,-37.6685,-1.20233,-24.33375,22.09149,27.66141,22.19003,90.73703,206.49729,24.95417,-1.36053,4.0797,-3.11995,0.09155,1.19345,0.33469,0.70554,-1.84348,1.2921,2.121,1.05682,0.86744,-0.61706,1.15936,0.29564,-1.50175,1.21807,-0.08364,2026-09-29,False,,,,,,,,,,,,0.5214,9.5947
GARFA,Finance,22.68,27182913.25761,40.37939,0.8376,0.23688,70.21696,55.52847,101.70487,107.8,-6.09513,0.5284,0.2022,NEUTRAL,prior-research-2026-09-29+NEUTRAL,False,3.39622,0.63601,0.5,-40.37939,-0.8376,-36.90409,17.1181,48.15993,29.09576,75.23243,156.86712,91.33618,-5.68177,0.0,64.1283,0.14829,0.37716,0.33469,0.50126,-0.24511,0.48907,-0.53318,1.59025,1.04816,-0.80031,0.87875,1.45251,-2.44089,-0.95992,1.30438,2026-09-29,False,,,,,,,,,,,,0.56043,3.22339
GATEG,Commercial Services,175.3,4669697.0,64.03579,0.51573,-0.1577,31.75542,54.15747,99.92682,107.8,-7.87318,0.4548,0.1857,NEUTRAL,prior-research-2026-09-29+NEUTRAL,False,20.85211,0.47636,0.5,-64.03579,-0.51573,-56.71196,15.3566,38.40171,3.12834,17.43541,23.03264,26.06451,-0.37219,0.0,4349.20246,0.54608,0.20106,0.20709,-0.27453,0.76619,0.03764,-1.33874,1.26493,-0.13657,-0.90667,-0.36716,1.63918,-0.95232,-0.9626,3.0,2026-09-29,False,,,,,,,,,,,,0.43668,10.0
GEDIK,Finance,4.83,44484366.41936,56.37395,0.68874,0.03232,49.5069,54.15747,99.92682,107.8,-7.87318,0.4548,0.1857,NEUTRAL,prior-research-2026-09-29+NEUTRAL,False,-8.60144,0.62891,0.5,-56.37395,-0.68874,-37.10937,17.61065,26.21295,17.22564,82.12634,124.93268,62.47985,-2.92616,7.76398,34.32877,-0.28495,0.34313,0.33469,-0.55584,0.54766,0.46484,-0.06174,1.01683,0.68799,-0.72686,0.68388,0.9418,-1.93591,1.8744,1.03561,2026-09-29,False,,,,,,,,,,,,0.51082,5.21043
GEDZA,Process Industries,21.88,11856351.21324,45.54461,0.86116,0.23828,70.61144,55.52847,101.70487,107.8,-6.09513,0.5284,0.2022,NEUTRAL,prior-research-2026-09-29+NEUTRAL,False,-2.57627,0.55959,0.5,-45.54461,-0.86116,-44.04092,16.28837,2.03308,2.25391,128.14039,116.75593,22.62872,-0.0229,0.0,12.66996,0.07605,0.12705,0.69382,0.36253,-0.41495,0.12274,-0.90765,0.15495,0.13285,0.11276,0.14986,1.2089,0.99101,-0.49899,0.64653,2026-09-29,False,,,,,,,,,,,,0.59074,1.45667
GENIL,Health Technology,6.5,363393081.10252,63.13483,0.55087,-0.55179,9.07298,54.15747,99.92682,107.8,-7.87318,0.4548,0.1857,NEUTRAL,prior-research-2026-09-29+NEUTRAL,False,-14.6567,0.45059,0.5,-63.13483,-0.55087,-54.94063,19.711,11.20394,4.2113,48.16639,81.24622,11.13136,-0.40814,0.7446,18.98698,-0.13632,-0.17278,0.75856,-0.83506,0.77891,-0.0732,1.39071,0.67652,0.39886,-1.19823,0.07947,0.79793,-0.71234,0.77182,0.72623,2026-09-29,False,,,,,,,,,,,,0.39848,8.88889
GENTS,Producer Manufacturing,4.06,31953427.77116,40.93377,0.85386,0.24482,71.79487,55.52847,101.70487,107.8,-6.09513,0.5284,0.2022,NEUTRAL,prior-research-2026-09-29+NEUTRAL,False,-43.18937,0.3048,0.16667,-40.93377,-0.85386,-69.51952,17.27979,11.32977,13.36515,137.76453,180.36537,11.18501,-0.16848,5.34145,-2.08623,-1.19259,-0.78005,-1.93968,0.82633,-0.22537,-0.79679,-0.38551,0.75462,1.32907,0.5168,0.46766,0.48358,0.46391,1.95057,-0.14132,2026-09-29,False,,,,,,,,,,,,0.57145,1.73411
GEREL,Producer Manufacturing,23.72,259396382.07191,69.93462,1.01688,-0.40189,16.17357,54.15747,99.92682,107.8,-7.87318,0.4548,0.1857,NEUTRAL,prior-research-2026-09-29+NEUTRAL,False,90.35784,0.50727,0.58333,-69.93462,-1.01688,-49.27288,19.37387,25.9053,6.95518,51.68333,33.38068,22.13267,-0.5872,0.0,-1.70683,1.46993,0.16486,1.27569,-0.96674,-1.00044,0.16972,1.06848,1.46917,0.78891,-0.558,-0.92368,1.01211,-0.36027,-0.45352,-0.12568,2026-09-29,False,,,,,,,,,,,,0.42002,10.0
GESAN,Electronic Technology,43.48,762374224.87056,75.46573,1.02489,-0.11295,35.50296,54.15747,99.92682,107.8,-7.87318,0.4548,0.1857,NEUTRAL,prior-research-2026-09-29+NEUTRAL,False,109.79498,0.46453,0.66667,-75.46573,-1.02489,-53.54701,20.45195,11.78163,8.55765,93.24365,106.15337,18.08195,-0.46586,0.0,-5.08713,1.09941,-0.24733,1.09394,-0.94821,-0.68692,-0.29644,0.67839,0.45038,0.42935,0.49681,0.26726,0.29366,-0.13352,-0.19518,-0.49411,2026-09-29,False,,,,,,,,,,,,0.48988,9.90338
GIPTA,Producer Manufacturing,30.14,190164697.23354,79.34942,0.85915,-0.45455,13.21499,54.15747,99.92682,107.8,-7.87318,0.4548,0.1857,NEUTRAL,prior-research-2026-09-29+NEUTRAL,True,-30.35632,0.22202,0.33333,-79.34942,-0.85915,-77.79771,19.0634,-8.22629,-6.96644,93.39344,56.99934,13.00581,-0.0402,8.59436,-12.90279,-0.72586,-1.21222,-0.49536,-1.44556,-0.25263,-1.23089,0.91304,-0.65401,-0.32939,0.11413,-0.49505,0.60483,0.99462,2.53852,-0.62669,2026-09-29,False,,,,,,,,,,,,0.39195,9.9639
GLCVY,Finance,41.18,24421960.46133,38.36558,0.83216,0.23758,70.4142,55.52847,101.70487,107.8,-6.09513,0.5284,0.2022,NEUTRAL,prior-research-2026-09-29+NEUTRAL,False,-11.50435,0.51777,0.33333,-38.36558,-0.83216,-48.22285,17.01099,39.86844,25.06758,72.67217,143.00131,47.59539,-1.47483,6.08395,-5.00003,-0.33683,-0.22576,-0.91335,0.64791,-0.23459,-0.19612,-0.60599,1.38105,0.96739,-0.82911,0.75924,0.74062,-1.57855,1.59113,-0.18806,2026-09-29,False,,,,,,,,,,,,0.52874,5.45809
GLRMK,Industrial Services,136.3,643808528.0,55.34305,1.05699,0.0011,45.75937,54.15747,99.92682,107.8,-7.87318,0.4548,0.1857,NEUTRAL,prior-research-2026-09-29+NEUTRAL,False,-7.57493,0.55655,0.41667,-55.34305,-1.05699,-44.34463,20.28291,17.07576,8.28802,64.46682,112.90941,10.11927,-0.63296,0.0,20.93393,-0.66047,-0.14999,-0.48242,0.16932,-1.37803,0.00878,0.79478,0.85958,0.71803,-0.0624,0.83657,0.2413,-1.02867,-0.39604,0.67685,2026-09-29,False,,,,,,,,,,,,0.53839,3.49004
GLRYH,Finance,1.72,23263556.03271,50.31209,0.90914,0.83323,99.40828,128.52047,196.36819,107.8,88.56819,0.5956,0.1953,NEUTRAL,prior-research-2026-09-29+NEUTRAL,False,-30.88553,0.34747,0.33333,-50.31209,-0.90914,-65.25252,16.9624,7.86773,36.1876,559.99882,740.44419,81.27249,-0.71001,0.0,-61.47433,-0.9857,-1.0313,-0.91335,-0.18661,-0.63013,-1.00437,-0.7014,0.09209,1.2696,2.03586,2.27252,1.19687,-0.85323,-0.95992,-1.74612,2026-09-29,False,,,,,,,,,,,,0.65169,3.5533
GLYHO,Finance,16.3,50133875.21278,42.16965,0.80431,0.29068,76.13412,55.52847,101.70487,107.8,-6.09513,0.5284,0.2022,NEUTRAL,prior-research-2026-09-29+NEUTRAL,False,68.36215,0.87026,0.5,-42.16965,-0.80431,-19.00694,17.73021,42.31324,18.25324,53.73435,97.54076,25.11467,-4.73021,0.39327,-8.37901,1.03762,1.64463,0.33469,0.33247,-0.05888,1.99707,0.03213,1.45105,0.75523,-1.19889,0.43093,0.30428,-2.25505,0.23177,-0.31495,2026-09-29,False,,,,,,,,,,,,0.56799,4.02042
GMTAS,Retail Trade,49.24,96922184.95875,61.48352,0.44713,-0.59176,7.69231,54.15747,99.92682,107.8,-7.87318,0.4548,0.1857,NEUTRAL,prior-research-2026-09-29+NEUTRAL,True,121.56514,0.95612,0.66667,-61.48352,-0.44713,-22.77158,18.38942,-2.32259,-0.62904,31.29011,41.22116,8.01037,-0.0259,0.60601,40.7966,1.33316,1.61143,1.23123,-1.11874,1.33443,0.97217,0.48586,-0.04926,-0.06032,-1.16729,-1.88883,0.58059,1.14258,0.18324,1.28181,2026-09-29,False,,,,,,,,,,,,0.36434,9.99522
GOKNR,Consumer Non-Durables,14.64,80105086.02407,51.01116,0.79019,0.19601,65.08876,57.75347,104.59047,107.8,-3.20953,0.5026,0.1887,NEUTRAL,prior-research-2026-09-29+NEUTRAL,False,-21.06674,0.55247,0.33333,-51.01116,-0.79019,-44.75297,18.19885,4.14942,8.32138,227.12127,311.70445,9.80681,-0.33052,4.53167,-15.07848,-0.41499,0.14242,-0.69671,-0.1215,-0.28793,0.21815,0.54682,0.25244,0.7056,0.64054,0.79025,0.40174,-0.03879,1.52538,-0.47498,2026-09-29,False,,,,,,,,,,,,0.53066,9.95875
GOLTS,Non-Energy Minerals,255.75,24636153.375,26.31929,0.7193,0.65085,96.84418,128.52047,196.36819,107.8,88.56819,0.5956,0.1953,NEUTRAL,prior-research-2026-09-29+NEUTRAL,False,-8.22029,0.66079,0.33333,-26.31929,-0.7193,-33.92078,17.01973,5.97153,13.25354,251.73006,169.65927,5.65713,-0.22795,1.6292,5.45828,-0.35639,0.58376,-0.90784,2.23249,0.66008,0.78856,-0.85499,0.61188,1.28223,1.02314,0.47317,0.13534,0.07127,0.77383,0.36044,2026-09-29,True,,,,,,,,,,,,0.679,2.41779
GOODY,Consumer Durables,2.11,31681340.15139,46.83786,0.5646,0.09517,57.59369,57.75347,104.59047,107.8,-3.20953,0.5026,0.1887,NEUTRAL,prior-research-2026-09-29+NEUTRAL,True,-17.17399,0.53749,0.5,-46.83786,-0.5646,-46.25104,17.27124,-117.77051,-101.44721,50.66114,876.70446,-2.13893,-2.26029,0.0,-12.06648,-0.22999,-0.10776,0.95175,-0.13431,1.44661,-0.07621,-0.66052,-1.65818,-1.61018,-0.79324,1.14528,-0.20609,-0.64373,-0.99888,-0.4281,2026-09-29,False,,,,,,,,,,,,0.48905,2.26415
GOZDE,Finance,19.48,35420232.59941,41.52157,0.94083,0.14792,61.34122,57.75347,104.59047,107.8,-3.20953,0.5026,0.1887,NEUTRAL,prior-research-2026-09-29+NEUTRAL,True,6.01145,0.68495,0.41667,-41.52157,-0.94083,-36.28692,17.38279,-23.18598,-82.72647,370.34261,0.34883,-23531.59305,-0.05021,0.0,-128.91188,0.21628,0.60194,-0.28555,0.39689,-0.79497,0.51365,-0.279,-1.6688,-2.704,1.07143,-2.18279,-3.0,0.59523,-0.95992,-2.68255,2026-09-29,False,,,,,,,,,,,,0.51878,5.17241
GRNYO,Finance,7.09,4266574.59997,65.95337,1.14329,-0.05815,39.84221,54.15747,99.92682,107.8,-7.87318,0.4548,0.1857,NEUTRAL,prior-research-2026-09-29+NEUTRAL,True,-7.71369,0.3357,0.41667,-65.95337,-1.14329,-66.42992,15.26632,-35.66612,-11.66267,31.69257,7.83294,-16.33416,-0.0167,0.0,-76.99743,-0.22847,-1.08505,-0.28555,-1.12139,-1.60593,-1.06393,-2.13854,-2.0106,-1.43747,-1.64167,-1.36156,-2.11835,1.0121,-0.95992,-1.9914,2026-09-29,False,,,,,,,,,,,,0.43034,9.93789
GRSEL,Consumer Services,257.0,111169084.0,35.97803,0.63347,-0.02081,43.58974,54.15747,99.92682,107.8,-7.87318,0.4548,0.1857,NEUTRAL,prior-research-2026-09-29+NEUTRAL,False,-12.13585,0.65032,0.33333,-35.97803,-0.63347,-34.96799,18.52656,30.75266,12.81042,50.79238,48.07373,31.21898,-0.03072,0.57221,1.86844,0.23448,0.73692,-0.59813,1.11252,0.54101,0.95786,0.76497,1.83179,1.26059,-0.79262,-0.13654,2.03276,0.53461,0.76051,0.01657,2026-09-29,False,,,,,,,,,,,,0.51211,4.29505
GRTHO,Distribution Services,127.0,203505009.55027,71.22907,0.76958,-0.75793,4.53649,54.15747,99.92682,107.8,-7.87318,0.4548,0.1857,NEUTRAL,prior-research-2026-09-29+NEUTRAL,False,-60.98673,0.18823,0.33333,-71.22907,-0.76958,-84.34883,19.1312,22.87154,11.31269,64.26191,43.5353,10.36077,-0.09681,0.7072,19.34913,-1.50598,-1.37373,-0.59003,-0.92469,-0.18435,-1.53395,1.35033,1.12892,1.06775,-0.1488,-1.59641,0.46826,0.73352,0.84097,0.85064,2026-09-29,False,,,,,,,,,,,,0.34877,9.97493
GSDDE,Transportation,11.17,53027945.19866,69.98916,0.92089,0.15684,62.32742,57.75347,104.59047,107.8,-3.20953,0.5026,0.1887,NEUTRAL,prior-research-2026-09-29+NEUTRAL,False,35.00501,0.64195,0.41667,-69.98916,-0.92089,-35.8046,17.78633,17.39877,30.74139,204.6271,37.73095,27.88786,-0.41928,0.0,-4.89598,0.5146,0.11136,-0.3369,-1.27204,-0.7155,0.29159,-0.61385,0.56675,1.2651,0.63794,-0.71887,0.6858,0.39498,-0.72139,-0.07746,2026-09-29,False,,,,,,,,,,,,0.52516,4.02735
GSDHO,Transportation,3.99,56379876.32919,53.71015,0.78943,0.45045,89.34911,58.09547,105.03401,107.8,-2.76599,0.5469,0.2037,NEUTRAL,prior-research-2026-09-29+NEUTRAL,False,3.14608,0.60455,0.41667,-53.71015,-0.78943,-39.54545,17.84762,1.96939,6.47288,401.64268,173.64498,51.27496,-0.54382,0.0,-16.70552,-0.00174,-0.11115,-0.3369,-0.32582,-0.0337,0.03977,-0.56662,-0.43157,0.01142,1.56226,0.50954,1.0926,0.20033,-0.72139,-0.59666,2026-09-29,False,,,,,,,,,,,,0.60703,5.33333
GSRAY,Consumer Services,0.8,169444115.77531,30.02679,0.62158,-0.00357,44.97041,54.15747,99.92682,107.8,-7.87318,0.4548,0.1857,NEUTRAL,prior-research-2026-09-29+NEUTRAL,False,-22.14285,0.51948,0.25,-30.02679,-0.62158,-48.05195,18.94803,4.47213,4.47293,155.82469,180.7755,-7.36707,-0.17264,0.0,54.84689,-0.12455,0.06251,-1.23952,1.81646,0.58281,0.17051,0.9175,0.53954,0.5117,0.4749,0.95216,-0.18731,-0.16235,-0.45994,1.19808,2026-09-29,False,,,,,,,,,,,,0.56746,1.96078
GUBRF,Process Industries,417.0,1231643197.125,52.09239,1.23529,-0.519,11.04536,54.15747,99.92682,107.8,-7.87318,0.4548,0.1857,NEUTRAL,prior-research-2026-09-29+NEUTRAL,False,71.74688,0.6753,0.5,-52.09239,-1.23529,-35.46559,20.93162,24.81766,5.49583,28.52934,45.81005,19.26327,-0.24737,0.0,-12.53402,1.17681,0.74599,0.69382,-0.04346,-1.97041,0.7014,2.15,1.49098,0.42141,-1.44456,-0.61741,1.05435,-0.01918,-0.49899,-0.38249,2026-09-29,False,,,,,,,,,,,,0.41184,6.44974
GWIND,Utilities,20.24,80729501.71908,38.92407,0.7978,0.22152,68.04734,57.75347,104.59047,107.8,-3.20953,0.5026,0.1887,NEUTRAL,prior-research-2026-09-29+NEUTRAL,False,-2.28509,0.63768,0.33333,-38.92407,-0.7978,-36.23188,18.20661,14.34481,19.8382,164.94762,24.83654,27.60185,-0.18254,3.16572,-21.19196,-0.14002,0.34018,-0.99772,0.86655,-0.2848,0.55323,-0.05875,0.85862,1.44413,0.11328,-0.67643,1.21799,0.22687,1.28446,-0.37754,2026-09-29,False,,,,,,,,,,,,0.55954,2.78846
GZNMI,Consumer Services,29.38,66168746.30603,67.17258,1.22835,-0.23392,26.42998,54.15747,99.92682,107.8,-7.87318,0.4548,0.1857,NEUTRAL,prior-research-2026-09-29+NEUTRAL,True,-77.25025,0.09926,0.41667,-67.17258,-1.22835,-90.07432,18.00772,-22.5988,-15.11696,69.7571,175.57479,-3.54971,-0.91279,0.0,0.517,-1.8379,-1.9813,0.02967,-1.03158,-2.15238,-1.90607,0.38426,-0.88037,-0.74685,-0.3999,0.92638,-0.02509,-1.35767,-0.45994,-0.02557,2026-09-29,False,,,,,,,,,,,,0.46068,2.22008
HALKB,Finance,45.14,1620363094.84067,61.14192,1.18167,-0.13029,34.51677,54.15747,99.92682,107.8,-7.87318,0.4548,0.1857,NEUTRAL,prior-research-2026-09-29+NEUTRAL,False,61.73313,0.83054,0.58333,-61.14192,-1.18167,-35.571,21.20592,15.23186,9.929,72.58549,345.88782,11.16581,-4.70571,0.0,-5.60645,0.94141,1.34652,0.8577,-0.82671,-1.76884,0.55759,1.80551,0.49148,0.22686,-0.83491,1.69456,-0.35176,-2.21736,-0.95992,-0.21429,2026-09-29,False,,,,,,,,,,,,0.48467,9.98043
HATEK,Process Industries,8.13,23888485.08707,58.50198,0.86557,0.24246,71.40039,55.52847,101.70487,107.8,-6.09513,0.5284,0.2022,NEUTRAL,prior-research-2026-09-29+NEUTRAL,False,-17.08414,0.34625,0.5,-58.50198,-0.86557,-65.7155,16.98891,7.95379,24.05443,334.38185,199.59465,-24.62844,-0.97952,0.0,-11.98036,-0.4065,-0.86894,0.69382,-0.4511,-0.43148,-0.89534,-0.15377,0.63425,1.5931,1.36004,0.65313,-1.39554,-1.09871,-0.49899,-0.35381,2026-09-29,False,,,,,,,,,,,,0.53205,5.11231
HATSN,Producer Manufacturing,31.18,219518110.37416,86.96962,0.94476,-0.45287,13.41223,54.15747,99.92682,107.8,-7.87318,0.4548,0.1857,NEUTRAL,prior-research-2026-09-29+NEUTRAL,True,66.18793,0.35716,0.5,-86.96962,-0.94476,-64.28408,19.20695,-12.84212,-11.1608,94.42553,61.78987,-17.80948,-0.13476,0.0,-28.20402,1.23034,-0.53722,0.75268,-1.72066,-0.70737,-0.52258,0.99598,-0.79102,-0.56955,0.13017,-0.4485,-1.34689,0.56369,-0.45352,-1.12548,2026-09-29,False,,,,,,,,,,,,0.38897,10.0
HDFGS,Finance,0.89,106221708.6922,71.40932,1.10658,-0.11632,35.30572,54.15747,99.92682,107.8,-7.87318,0.4548,0.1857,NEUTRAL,prior-research-2026-09-29+NEUTRAL,False,-9.9631,0.1476,0.5,-71.40932,-1.10658,-85.24047,18.48104,17.37283,60.66921,466.47683,34.04153,329.39036,-0.00067,0.0,-51.49206,-0.30563,-2.14172,0.33469,-1.50229,-1.47598,-2.11626,0.61009,0.60156,1.78499,1.56114,-0.36564,1.95895,1.35522,-0.95992,-1.52706,2026-09-29,False,,,,,,,,,,,,0.49169,2.86885
HEKTS,Process Industries,2.08,938992842.4023,63.06604,1.30004,-0.5662,8.28402,54.15747,99.92682,107.8,-7.87318,0.4548,0.1857,NEUTRAL,prior-research-2026-09-29+NEUTRAL,True,-19.70588,0.43064,0.41667,-63.06604,-1.30004,-56.93582,20.66032,-30.70515,-27.37034,94.41594,37.04563,-32.0823,-0.79289,0.0,-16.60885,-0.55488,-0.43275,0.07359,-0.70564,-2.2522,-0.44294,2.06598,-1.40049,-1.29384,-0.19917,-0.74726,-1.44948,-0.87171,-0.49899,-0.50747,2026-09-29,False,,,,,,,,,,,,0.35784,6.76157
HKTM,Producer Manufacturing,9.01,55093939.07806,61.97385,0.81207,0.05908,52.66272,57.75347,104.59047,107.8,-3.20953,0.5026,0.1887,NEUTRAL,prior-research-2026-09-29+NEUTRAL,True,3.22581,0.54939,0.41667,-61.97385,-0.81207,-45.06097,17.82455,-21.95048,-22.9951,110.0846,89.23009,4.07581,-0.54738,0.0,-23.13691,0.37555,0.35843,0.13245,-0.50263,0.00586,0.37788,0.17926,-1.1266,-0.96884,0.29952,-0.17786,-0.10601,-0.29335,-0.45352,-1.00099,2026-09-29,False,,,,,,,,,,,,0.50111,3.29154
HLGYO,Finance,3.97,96271392.16352,37.33496,0.79734,0.22985,69.62525,57.75347,104.59047,107.8,-3.20953,0.5026,0.1887,NEUTRAL,prior-research-2026-09-29+NEUTRAL,False,32.42224,0.66215,0.5,-37.33496,-0.79734,-34.4519,18.38268,23.73976,84.41789,438.10831,133.98284,20.13946,-0.28514,22.65117,141.09114,0.62322,0.53815,0.33469,0.7661,-0.02318,0.62937,0.53796,0.89646,2.33666,1.34771,0.73007,0.11936,-0.18305,3.0,1.5591,2026-09-29,False,,,,,,,,,,,,0.57187,4.96615
HOROZ,Transportation,43.8,66983389.37846,60.91227,0.90402,-0.01174,44.57594,54.15747,99.92682,107.8,-7.87318,0.4548,0.1857,NEUTRAL,prior-research-2026-09-29+NEUTRAL,True,-3.15091,0.46895,0.41667,-60.91227,-0.90402,-53.10493,18.01996,-1.57077,-1.55096,112.75102,358.55811,-0.73468,-1.21536,0.0,20.13612,-0.20564,-0.71877,-0.3369,-0.72265,-0.63417,-0.63307,-0.42274,-0.66754,-0.64945,-0.01498,1.29591,-1.08245,-0.50839,-0.72139,0.8047,2026-09-29,False,,,,,,,,,,,,0.47107,4.23952
HRKET,Transportation,7.89,191603212.05279,66.935,0.57073,-0.40102,16.37081,54.15747,99.92682,107.8,-7.87318,0.4548,0.1857,NEUTRAL,prior-research-2026-09-29+NEUTRAL,True,18.53753,0.84064,0.41667,-66.935,-0.57073,-39.1172,19.07094,-17.5686,-10.69724,59.13862,54.57622,4.10838,-0.84762,0.0,32.92104,0.30692,1.15813,-0.3369,-1.10972,1.06689,0.0843,0.15871,-1.5249,-1.24402,-0.75994,-0.4501,-0.60818,-0.19662,-0.72139,1.10214,2026-09-29,False,,,,,,,,,,,,0.40224,9.98613
HTTBT,Technology Services,30.92,17772026.11907,34.74208,0.83197,0.3027,77.90927,55.52847,101.70487,107.8,-6.09513,0.5284,0.2022,NEUTRAL,prior-research-2026-09-29+NEUTRAL,False,-26.73469,0.61939,0.16667,-34.74208,-0.83197,-39.14263,16.69314,13.75316,4.43284,37.27117,20.83782,19.14295,-0.05165,0.0,8.07194,-0.84636,0.38887,-2.11206,1.74629,0.32204,0.39642,-1.27903,0.43608,0.1662,-0.66015,-0.58053,0.6732,0.21662,-0.39583,0.34212,2026-09-29,False,,,,,,,,,,,,0.54942,4.53241
HUBVC,Finance,1.52,4688921.95172,57.70393,0.61829,0.08321,56.21302,57.75347,104.59047,107.8,-3.20953,0.5026,0.1887,NEUTRAL,prior-research-2026-09-29+NEUTRAL,True,-17.34694,0.29515,0.41667,-57.70393,-0.61829,-71.65049,15.36071,-29.14188,-40.70334,131.4189,3.76338,1123.63127,-0.00386,0.0,-73.38592,-0.5192,-1.29372,-0.28555,-0.64426,0.90042,-1.31305,-2.06116,-1.86329,-2.1215,-0.20336,-1.77707,2.65253,1.2249,-0.95992,-1.93315,2026-09-29,False,,,,,,,,,,,,0.44767,6.37451
HUNER,Utilities,4.47,137476031.663,49.65212,0.63231,0.15783,62.52465,57.75347,104.59047,107.8,-3.20953,0.5026,0.1887,NEUTRAL,prior-research-2026-09-29+NEUTRAL,True,8.69565,1.0,0.5,-49.65212,-0.63231,-25.38071,18.73896,-6.91801,-7.81407,117.63641,20.7074,20.00188,-0.44237,0.0,-33.66744,0.14492,2.6464,0.25032,0.13128,0.57305,1.24931,0.29464,-0.56184,-0.61869,-0.32442,-0.80692,0.95579,-0.30805,-0.70725,-0.71488,2026-09-29,False,,,,,,,,,,,,0.49057,8.55615
HURGZ,Consumer Services,5.0,52291441.15862,63.40212,0.75863,-0.2096,27.81065,54.15747,99.92682,107.8,-7.87318,0.4548,0.1857,NEUTRAL,prior-research-2026-09-29+NEUTRAL,True,-4.19581,0.52301,0.33333,-63.40212,-0.75863,-47.69875,17.77234,-64.45246,-48.90234,63.39016,41.84966,-72.71246,-0.0255,0.0,-19.49238,0.4958,0.07778,-0.59813,-0.81178,-0.10076,0.19587,0.17798,-1.63964,-1.36259,-0.47872,-0.24917,-1.37736,0.58986,-0.45994,-0.85534,2026-09-29,False,,,,,,,,,,,,0.44608,5.54745
ICBCT,Finance,15.95,37080510.72927,60.23897,0.7378,0.07011,54.24063,57.75347,104.59047,107.8,-3.20953,0.5026,0.1887,NEUTRAL,prior-research-2026-09-29+NEUTRAL,False,19.36078,0.61346,0.41667,-60.23897,-0.7378,-39.07692,17.4286,49.86481,19.21381,47.81986,87.88723,48.755,-12.96179,0.0,-20.11343,0.45298,0.23308,-0.28555,-0.78392,0.31111,0.33695,-0.24129,1.62276,0.79095,-1.31948,0.3532,0.75438,-3.0,-0.95992,-0.79466,2026-09-29,False,,,,,,,,,,,,0.52412,3.12013
ICUGS,Finance,1.56,58406631.18382,83.13894,1.16924,-0.53867,9.86193,54.15747,99.92682,107.8,-7.87318,0.4548,0.1857,NEUTRAL,prior-research-2026-09-29+NEUTRAL,False,56.76568,0.22642,0.41667,-83.13894,-1.16924,-77.35849,17.88294,,,87.00714,,,-0.11525,0.0,,0.92487,-1.63856,-0.28555,-1.91125,-1.72388,-1.63278,0.19992,0.0,0.0,-0.64966,0.0,0.0,0.26893,-0.95992,0.0,2026-09-29,False,,,,,,,,,,,,0.3612,9.80927
IDGYO,Finance,2.12,4765486.05467,67.66994,0.4325,-0.16902,30.76923,54.15747,99.92682,107.8,-7.87318,0.4548,0.1857,NEUTRAL,prior-research-2026-09-29+NEUTRAL,True,-13.96011,0.39042,0.41667,-67.66994,-0.4325,-60.95764,15.37691,-4.13156,-3.26945,65.88365,8.69957,-338.91733,-2.20541,0.0,,-0.42664,-0.83074,-0.28555,-1.26138,1.67957,-0.80917,-2.02632,-0.81834,-0.95346,-0.92378,-1.3032,-3.0,-1.77745,-0.95992,0.0,2026-09-29,False,,,,,,,,,,,,0.42488,7.72358
IHAAS,Commercial Services,20.86,49978386.25504,83.30201,0.65092,-0.77452,3.94477,54.15747,99.92682,107.8,-7.87318,0.4548,0.1857,NEUTRAL,prior-research-2026-09-29+NEUTRAL,True,65.34055,0.19962,0.58333,-83.30201,-0.65092,-80.03828,17.7271,-31.43326,-2.84589,9.96108,17.47398,-18.86887,-0.15768,0.0,3.48803,1.04509,-1.20853,0.7301,-1.16762,0.22024,-1.16167,0.78662,-1.99451,-0.61578,-1.23486,-0.58699,-0.86649,-0.47351,-0.9626,0.08727,2026-09-29,False,,,,,,,,,,,,0.35485,1.979
IHGZT,Consumer Services,0.97,14620296.81407,37.45279,0.90206,0.92246,99.80276,128.52047,196.36819,107.8,88.56819,0.5956,0.1953,NEUTRAL,prior-research-2026-09-29+NEUTRAL,False,-32.38636,0.4686,0.25,-37.45279,-0.90206,-53.14009,16.49792,4.65542,23.86256,603.90521,337.64614,-4.39283,-0.06326,0.0,1.70805,-0.45492,-0.13392,-1.23952,0.89861,-0.86262,-0.02972,-1.10125,0.57744,1.75224,2.6028,1.59231,-0.04043,0.24968,-0.45994,0.01129,2026-09-29,False,,,,,,,,,,,,0.66332,5.93221
IHLAS,Finance,0.88,75014693.3516,61.51773,0.80102,-0.31158,21.69625,54.15747,99.92682,107.8,-7.87318,0.4548,0.1857,NEUTRAL,prior-research-2026-09-29+NEUTRAL,True,-69.60227,0.23158,0.33333,-61.51773,-0.80102,-76.84211,18.13319,-78.02669,-124.04169,148.28161,739.64517,-24.83313,-0.88858,0.0,47.64247,-2.12892,-1.60905,-0.91335,-0.84539,-0.03847,-1.60391,0.34514,-2.40699,-3.0,-0.06282,2.24896,-2.3851,-1.06235,-0.95992,1.22834,2026-09-29,False,,,,,,,,,,,,0.42499,9.48276
IHLGM,Finance,1.2,25316555.15255,39.24612,0.83956,0.04046,49.70414,54.15747,99.92682,107.8,-7.87318,0.4548,0.1857,NEUTRAL,prior-research-2026-09-29+NEUTRAL,False,-45.36083,0.38835,0.25,-39.24612,-0.83956,-61.16505,17.04697,46.97465,68.45956,200.03361,159.91933,-61.22611,-0.08925,0.0,278.86471,-1.50626,-0.84366,-1.55474,0.57934,-0.26096,-0.8218,-0.57531,1.53044,1.93247,0.28332,0.9033,-2.85694,0.3921,-0.95992,1.92551,2026-09-29,False,,,,,,,,,,,,0.53438,4.84849
IMASM,Producer Manufacturing,1.52,37719924.30511,47.0679,1.05895,0.17813,63.51085,57.75347,104.59047,107.8,-3.20953,0.5026,0.1887,NEUTRAL,prior-research-2026-09-29+NEUTRAL,True,-44.36274,0.2585,0.16667,-47.0679,-1.05895,-74.14966,17.4457,-19.56558,-43.05868,250.82733,198.80086,4.24326,-0.18249,0.0,-3.85416,-1.2171,-1.01999,-1.93968,0.40015,-1.21316,-1.0425,-0.18254,-1.1058,-1.30125,1.26492,0.57407,-0.07764,0.42029,-0.45352,-0.19344,2026-09-29,False,,,,,,,,,,,,0.5095,9.90991
INDES,Distribution Services,10.42,58328809.254,41.19187,0.90083,0.40583,85.40434,58.09547,105.03401,107.8,-2.76599,0.5469,0.2037,NEUTRAL,prior-research-2026-09-29+NEUTRAL,False,49.39893,0.83977,0.58333,-41.19187,-0.90083,-21.34232,17.88161,12.5281,11.38418,110.85882,1493.19381,4.07785,-0.80504,2.08575,31.47036,1.26975,1.93424,1.18102,0.96959,-0.86152,2.11866,0.63225,0.65669,1.07543,0.44434,1.28316,-0.03937,-0.57556,1.30428,1.14859,2026-09-29,False,,,,,,,,,,,,0.62198,2.95238
INFO,Finance,0.88,226063787.16559,89.21014,1.12015,-0.50315,11.43984,54.15747,99.92682,107.8,-7.87318,0.4548,0.1857,NEUTRAL,prior-research-2026-09-29+NEUTRAL,False,67.13881,0.20755,0.58333,-89.21014,-1.12015,-79.24528,19.23633,,,269.11625,,,-1.33469,0.0,,1.0194,-1.73559,0.8577,-2.20403,-1.53784,-1.71069,0.9823,0.0,0.0,0.71424,0.0,0.0,-1.45427,-0.95992,0.0,2026-09-29,False,,,,,,,,,,,,0.38026,10.0
INGRM,Distribution Services,300.75,13532973.25,48.41184,0.60167,0.19521,64.89152,57.75347,104.59047,107.8,-3.20953,0.5026,0.1887,NEUTRAL,prior-research-2026-09-29+NEUTRAL,False,-13.50114,0.58172,0.33333,-48.41184,-0.60167,-41.82785,16.42064,0.04295,0.0119,29.19301,462.65313,2.52158,-2.81442,0.0,11.22727,-0.02018,0.60847,-0.59003,0.49046,0.6539,0.63815,-0.83606,-0.21122,0.03946,-0.96018,0.49178,-0.23083,-1.50347,-0.43794,0.60191,2026-09-29,False,,,,,,,,,,,,0.53028,9.95962
INTEM,Producer Manufacturing,198.5,11434340.5,40.90968,1.15473,0.13433,60.35503,57.75347,104.59047,107.8,-3.20953,0.5026,0.1887,NEUTRAL,prior-research-2026-09-29+NEUTRAL,False,-7.22222,0.40907,0.41667,-40.90968,-1.15473,-59.11386,16.25213,5.61931,1.35534,28.43651,54.44593,15.3584,-0.07501,0.0,8.08772,0.04485,-0.23802,0.13245,0.83244,-1.52692,-0.23841,-1.39255,0.41442,0.25124,-1.13394,-0.53632,0.69345,0.7985,-0.45352,0.22172,2026-09-29,False,,,,,,,,,,,,0.50793,2.9857
INVEO,Finance,5.68,29659709.59352,45.48095,0.88694,0.21531,67.06114,57.75347,104.59047,107.8,-3.20953,0.5026,0.1887,NEUTRAL,prior-research-2026-09-29+NEUTRAL,False,-34.26104,0.49564,0.33333,-45.48095,-0.88694,-50.4363,17.2053,,,230.42214,,,-0.50193,0.0,,-1.1465,-0.32324,-0.91335,0.12297,-0.48644,-0.30838,-0.4919,0.0,0.0,0.45903,0.0,0.0,-0.57986,-0.95992,0.0,2026-09-29,False,,,,,,,,,,,,0.51102,3.73984
INVES,Finance,694.5,41488141.5,47.85326,0.02613,-0.40814,15.58185,54.15747,99.92682,107.8,-7.87318,0.4548,0.1857,NEUTRAL,prior-research-2026-09-29+NEUTRAL,False,160.81193,0.81039,0.75,-47.85326,-0.02613,-41.71598,17.54092,35.32312,7.92129,29.27713,-0.00604,,-0.0,0.0,-140.90666,1.72858,1.17064,2.10821,-0.03864,3.0,0.18397,-0.13512,1.26097,0.00912,-1.75908,-2.60146,0.0,1.88426,-0.95992,-2.85714,2026-09-29,False,,,,,,,,,,,,0.45156,1.97368
ISCTR,Finance,12.95,6915519540.41763,40.7602,1.30844,0.04141,50.09862,57.75347,104.59047,107.8,-3.20953,0.5026,0.1887,NEUTRAL,prior-research-2026-09-29+NEUTRAL,False,2.24924,0.74398,0.66667,-40.7602,-1.30844,-30.9452,22.65703,16.67947,19.45235,142.66929,365.8398,18.77893,-3.18825,4.16619,-4.8567,0.11727,0.8212,1.38752,0.46988,-2.26893,0.82434,2.36383,0.55312,0.80321,-0.11739,1.77637,0.02489,-2.03295,1.23167,-0.16189,2026-09-29,False,,,,,,,,,,,,0.51908,9.96169
ISDMR,Non-Energy Minerals,62.35,89640845.32577,44.13211,0.92139,0.3028,78.10651,55.52847,101.70487,107.8,-6.09513,0.5284,0.2022,NEUTRAL,prior-research-2026-09-29+NEUTRAL,False,51.20098,0.98266,0.58333,-44.13211,-0.92139,-20.39526,18.31132,8.49194,6.80248,86.10269,73.70204,6.02494,-0.24959,7.21732,-12.91144,0.79823,2.46095,0.86321,0.2288,-0.4284,1.87371,0.23027,0.79755,0.75244,-0.22756,-0.2841,0.18562,-0.01425,1.93935,-0.36249,2026-09-29,False,,,,,,,,,,,,0.53898,8.37696
ISFIN,Finance,17.78,29143172.26052,22.13835,0.71165,0.72502,98.61933,128.52047,196.36819,107.8,88.56819,0.5956,0.1953,NEUTRAL,prior-research-2026-09-29+NEUTRAL,False,17.05847,0.81935,0.33333,-22.13835,-0.71165,-18.65672,17.18773,34.43064,33.07922,113.69097,206.32538,90.55673,-7.44075,0.0,25.9867,0.4128,1.26612,-0.91335,3.0,0.44049,2.09448,-0.50949,1.20829,1.20127,-0.3515,1.15232,1.3773,-2.74638,-0.95992,0.89315,2026-09-29,True,,,,,,,,,,,,0.66609,3.41353
ISGYO,Finance,23.82,58851517.31823,43.85757,0.64715,0.2247,68.63905,57.75347,104.59047,107.8,-3.20953,0.5026,0.1887,NEUTRAL,prior-research-2026-09-29+NEUTRAL,True,39.51207,0.83992,0.58333,-43.85757,-0.64715,-23.06065,17.89053,-4.2305,-9.65184,257.8441,13.35352,21.31354,-0.0226,0.3503,-67.86789,0.72972,1.45345,0.8577,0.20369,0.77553,1.42381,0.20522,-0.82417,-1.38561,0.64484,-1.02599,0.1574,0.92991,0.22463,-1.83219,2026-09-29,False,,,,,,,,,,,,0.52107,7.24106
ISKPL,Producer Manufacturing,2.96,385566607.2782,91.71257,0.53433,-0.79195,3.5503,54.15747,99.92682,107.8,-7.87318,0.4548,0.1857,NEUTRAL,prior-research-2026-09-29+NEUTRAL,False,-1.31925,0.1277,0.58333,-91.71257,-0.53433,-87.22959,19.77022,10.52856,6.79979,75.05033,68.80729,14.28744,-0.61442,0.01456,9.93315,0.24246,-1.75987,1.27569,-1.98117,1.31651,-1.79336,1.28046,0.697,0.75917,-0.1287,-0.374,0.65503,-0.39775,0.63969,0.30698,2026-09-29,False,,,,,,,,,,,,0.34632,9.90415
ISMEN,Finance,30.8,213350710.64123,32.56784,0.97138,0.22931,69.42801,57.75347,104.59047,107.8,-3.20953,0.5026,0.1887,NEUTRAL,prior-research-2026-09-29+NEUTRAL,False,-17.77441,0.62715,0.33333,-32.56784,-0.97138,-37.2854,19.17845,22.17374,14.5391,77.76903,3951.39557,1.18,-1.21262,10.28139,8.71114,-0.58672,0.32631,-0.91335,1.36752,-0.90477,0.44688,0.93546,0.78114,0.56683,-0.77751,3.0,-1.27484,-1.32559,2.18986,0.32878,2026-09-29,False,,,,,,,,,,,,0.54152,8.45154
ISSEN,Process Industries,5.38,5686322.24566,40.62393,0.59203,0.72163,98.42209,128.52047,196.36819,107.8,88.56819,0.5956,0.1953,NEUTRAL,prior-research-2026-09-29+NEUTRAL,False,-17.55135,0.51413,0.41667,-40.62393,-0.59203,-49.82925,15.55357,4.60684,11.92194,306.03653,205.21982,8.29805,-0.60773,0.74349,-31.62908,-0.46234,-0.0814,0.07359,0.73253,0.95833,-0.14149,-1.39543,0.35829,1.03096,1.25516,0.674,0.40727,-0.66441,0.79475,-0.96977,2026-09-29,False,,,,,,,,,,,,0.66966,2.47619
IZENR,Utilities,3.42,256206532.63464,63.65133,0.89792,-0.16698,30.96647,54.15747,99.92682,107.8,-7.87318,0.4548,0.1857,NEUTRAL,prior-research-2026-09-29+NEUTRAL,False,-18.1916,0.27294,0.5,-63.65133,-0.89792,-72.70551,19.36149,1.4999,3.0079,241.60275,91.22005,5.84531,-0.05435,0.0,-35.21968,-0.7285,-1.41868,0.25032,-0.75101,-0.79553,-1.31979,0.57214,-0.0021,0.16633,0.55682,0.27019,0.08502,0.73079,-0.70725,-0.74384,2026-09-29,False,,,,,,,,,,,,0.49057,6.4915
IZINV,Consumer Non-Durables,30.84,13929232.92532,49.41389,0.54696,-0.17412,30.57199,54.15747,99.92682,107.8,-7.87318,0.4548,0.1857,NEUTRAL,prior-research-2026-09-29+NEUTRAL,True,-32.30769,0.38406,0.25,-49.41389,-0.54696,-61.59402,16.4495,-16.41613,-10.73403,71.09023,17.53227,-4.96389,-0.20606,0.0,-8.79591,-0.76789,-0.63225,-1.33809,-0.01972,0.87222,-0.56735,-1.06725,-0.91319,-0.75609,-0.63429,-1.58925,-0.79082,0.25547,-0.73703,-0.18653,2026-09-29,False,,,,,,,,,,,,0.43639,4.23388
IZMDC,Non-Energy Minerals,6.69,146015342.32383,70.40404,0.87697,-0.01506,44.3787,54.15747,99.92682,107.8,-7.87318,0.4548,0.1857,NEUTRAL,prior-research-2026-09-29+NEUTRAL,True,90.88147,0.46523,0.58333,-70.40404,-0.87697,-53.47705,18.79922,-7.44835,-14.04399,212.95449,670.03555,-3.11102,-1.41914,0.0,-4.93979,1.14161,-0.38042,0.86321,-1.34154,-0.17709,-0.30435,0.49521,-0.38664,-0.70793,0.77606,1.69663,-0.63674,-1.44512,-0.78904,0.01911,2026-09-29,False,,,,,,,,,,,,0.47425,9.95934
JANTS,Producer Manufacturing,13.31,46015636.04114,45.90413,0.73488,0.15682,62.13018,57.75347,104.59047,107.8,-3.20953,0.5026,0.1887,NEUTRAL,prior-research-2026-09-29+NEUTRAL,False,-28.30713,0.61563,0.33333,-45.90413,-0.73488,-38.43663,17.64449,8.73834,6.76637,91.49963,75.68628,3.55731,-0.3105,0.2305,8.08132,-0.67557,0.70647,-0.49536,0.47319,0.44293,0.79161,0.01213,0.64729,0.7415,0.08728,-0.30621,-0.14023,0.12566,0.69558,0.21614,2026-09-29,False,,,,,,,,,,,,0.52827,9.94962
KAREL,Electronic Technology,5.64,106187997.96086,59.48832,1.0415,0.04651,50.69034,57.75347,104.59047,107.8,-3.20953,0.5026,0.1887,NEUTRAL,prior-research-2026-09-29+NEUTRAL,True,-5.83058,0.40634,0.33333,-59.48832,-1.0415,-59.366,18.48072,-52.90356,-16.17403,25.15152,448.17367,1.73319,-6.26191,0.0,11.37827,-0.44684,-0.51791,-1.20694,-0.00565,-0.7488,-0.54631,-0.23952,-2.14537,-1.25299,-0.84692,1.63051,-0.93486,-2.18582,-0.19518,0.14414,2026-09-29,False,,,,,,,,,,,,0.47862,3.34987
KARSN,Producer Manufacturing,9.11,135492653.06911,67.41133,1.04947,-0.0491,40.23669,54.15747,99.92682,107.8,-7.87318,0.4548,0.1857,NEUTRAL,prior-research-2026-09-29+NEUTRAL,False,-6.8803,0.55179,0.41667,-67.41133,-1.04947,-45.54815,18.72443,3.38668,2.94895,99.85444,254.36644,10.45926,-1.15124,0.0,53.08417,0.06011,0.3635,0.13245,-0.83946,-1.16606,0.36772,0.75477,0.17552,0.37998,0.19928,0.81093,0.41894,-0.94457,-0.45352,1.17954,2026-09-29,False,,,,,,,,,,,,0.50846,10.0
KARTN,Process Industries,88.1,159048838.85751,80.64106,0.80711,-0.73782,5.12821,54.15747,99.92682,107.8,-7.87318,0.4548,0.1857,NEUTRAL,prior-research-2026-09-29+NEUTRAL,True,97.73135,0.37682,0.5,-80.64106,-0.80711,-62.31822,18.88472,-18.37348,-7.75948,46.64894,59.55331,-34.83573,-0.26699,0.0,-25.3571,1.4064,-0.74017,0.69382,-1.62062,-0.11512,-0.7556,1.25394,-0.99652,-0.56381,-0.99827,-0.4064,-1.50791,-0.06718,-0.49899,-0.81348,2026-09-29,False,,,,,,,,,,,,0.34301,6.09524
KATMR,Producer Manufacturing,1.47,135209007.79735,42.13125,0.92229,0.0214,48.32347,54.15747,99.92682,107.8,-7.87318,0.4548,0.1857,NEUTRAL,prior-research-2026-09-29+NEUTRAL,False,-27.04626,0.3731,0.16667,-42.13125,-0.92229,-62.69036,18.72233,5.30778,15.20515,322.94106,82.0072,13.53628,-0.23811,0.0,41.76443,-0.64771,-0.45972,-1.93968,0.72547,-0.57141,-0.46126,0.74826,0.37559,1.43887,1.65956,-0.23906,0.63607,0.29651,-0.45352,1.07475,2026-09-29,False,,,,,,,,,,,,0.51126,5.06329
KAYSE,Health Technology,3.14,29405597.31858,33.10096,0.6681,0.57936,94.67456,63.77347,112.39781,107.8,4.59781,0.5944,0.1938,NEUTRAL,prior-research-2026-09-29+NEUTRAL,True,-3.03784,0.51223,0.5,-33.10096,-0.6681,-48.77651,17.1967,-12.87366,-55.87165,478.37311,262.26204,-7.65366,-0.40537,0.0,-34.97055,0.24541,0.09082,0.75856,1.43455,0.30513,0.20328,-0.27111,-0.86377,-1.56607,1.73465,1.20406,-0.60945,-0.70683,-0.52937,-1.14063,2026-09-29,True,,,,,,,,,,,,0.65183,1.73268
KBORU,Producer Manufacturing,11.36,159630335.65166,63.50854,0.95639,-0.32956,20.31558,54.15747,99.92682,107.8,-7.87318,0.4548,0.1857,NEUTRAL,prior-research-2026-09-29+NEUTRAL,False,48.08219,0.40922,0.58333,-63.50854,-0.95639,-59.07781,18.88837,5.8378,4.17981,83.37771,101.54913,9.77705,-0.99158,1.89103,36.36451,1.11439,-0.2321,1.27569,-0.60971,-0.72905,-0.23262,0.81463,0.42559,0.4882,-0.02728,-0.05564,0.37262,-0.84317,1.24192,1.01163,2026-09-29,False,,,,,,,,,,,,0.41809,9.94765
KCAER,Non-Energy Minerals,10.75,185436347.3297,50.59191,1.11339,0.04727,50.88757,57.75347,104.59047,107.8,-3.20953,0.5026,0.1887,NEUTRAL,prior-research-2026-09-29+NEUTRAL,False,20.55438,0.64565,0.58333,-50.59191,-1.11339,-35.43543,19.03822,5.08162,3.19399,70.91572,116.76531,9.04526,-0.56832,1.57873,-16.28281,0.36229,0.49321,0.86321,-0.1547,-1.26938,0.69524,0.59166,0.52878,0.39426,-0.43658,0.14049,0.42743,-0.59916,0.75692,-0.46393,2026-09-29,False,,,,,,,,,,,,0.50667,6.71574
KCHOL,Energy Minerals,214.10001,5330833788.25539,33.7496,1.03376,0.30467,78.30375,55.52847,101.70487,107.8,-6.09513,0.5284,0.2022,NEUTRAL,prior-research-2026-09-29+NEUTRAL,False,30.90726,0.94945,0.66667,-33.7496,-1.03376,-16.42857,22.39677,5.12588,6.55124,145.77021,577.1817,4.73031,-2.20139,3.1901,1.10514,0.67694,2.08167,1.52864,1.43592,-1.22948,2.4179,2.22941,0.25621,0.42303,0.28345,1.64966,-0.1358,-1.63984,1.40088,0.13471,2026-09-29,False,,,,,,,,,,,,0.58547,5.90799
KFEIN,Technology Services,5.98,31152638.07592,50.55723,0.97682,0.33333,80.67061,58.09547,105.03401,107.8,-2.76599,0.5469,0.2037,NEUTRAL,prior-research-2026-09-29+NEUTRAL,False,-18.23647,0.49833,0.25,-50.55723,-0.97682,-50.16667,17.25441,0.3648,0.37883,121.65544,285.88075,5.41003,-0.01538,0.33868,21.46122,-0.60473,-0.21122,-1.30912,0.38672,-0.38451,-0.22227,-0.77862,-0.48683,-0.16248,0.55576,1.5693,-0.19842,0.67588,0.77449,0.83349,2026-09-29,False,,,,,,,,,,,,0.56508,2.95566
KGYO,Finance,9.2,189541832.43537,79.32204,0.29803,-1.14265,0.78895,54.15747,99.92682,107.8,-7.87318,0.4548,0.1857,NEUTRAL,prior-research-2026-09-29+NEUTRAL,True,223.82133,0.67399,0.58333,-79.32204,-0.29803,-47.64438,19.06012,-46.82421,-8.14978,15.07586,23.11758,-39.83104,-1.04062,0.0,448.02114,2.04753,0.56971,0.8577,-1.81461,2.21536,-0.16062,0.86843,-2.17644,-1.26046,-2.36116,-0.62165,-2.64018,-1.24869,-0.95992,2.05226,2026-09-29,False,,,,,,,,,,,,0.31044,9.93549
KIMMR,Retail Trade,10.75167,11967999.93653,34.70177,0.77441,0.44658,88.95464,58.09547,105.03401,107.8,-2.76599,0.5469,0.2037,NEUTRAL,prior-research-2026-09-29+NEUTRAL,False,-11.61039,0.54429,0.33333,-34.70177,-0.77441,-45.57064,16.29775,14.47198,24.25387,205.34387,617.34144,1.08305,-0.7179,1.90085,18.3548,-0.5004,-0.62138,-1.06964,0.89523,-0.15474,-0.58882,-1.43611,1.06345,1.61899,0.79919,0.45053,-0.10767,-0.54667,0.6384,0.77867,2026-09-29,False,,,,,,,,,,,,0.62194,1.96581
KLGYO,Finance,3.64,36694556.24801,39.95395,0.99712,0.3257,79.48718,55.52847,101.70487,107.8,-6.09513,0.5284,0.2022,NEUTRAL,prior-research-2026-09-29+NEUTRAL,True,-25.15151,0.45902,0.33333,-39.95395,-0.99712,-55.35939,17.41814,-3.71532,-17.72236,486.73075,26.89403,-22.00216,-0.04027,0.0,-110.32445,-0.81162,-0.47592,-0.91335,0.53978,-0.99256,-0.52992,-0.24665,-0.80094,-1.68029,1.68881,-0.51484,-2.25523,0.6362,-0.95992,-2.3926,2026-09-29,False,,,,,,,,,,,,0.54161,2.82486
KLKIM,Process Industries,22.18,39220782.34632,34.11497,0.88267,0.01023,47.33728,54.15747,99.92682,107.8,-7.87318,0.4548,0.1857,NEUTRAL,prior-research-2026-09-29+NEUTRAL,False,-17.43209,0.51987,0.41667,-34.11497,-0.88267,-48.01319,17.48472,11.45925,7.16713,71.89799,110.02452,17.34231,-0.05907,2.94037,4.20468,-0.43425,-0.04058,0.07359,1.50147,-0.50442,-0.05496,0.31137,0.82039,0.62424,-0.49906,0.08225,0.93467,0.59484,1.42575,0.29095,2026-09-29,False,,,,,,,,,,,,0.5255,2.25857
KLMSN,Producer Manufacturing,21.4,18199566.94466,41.73256,0.88501,0.69083,97.83037,128.52047,196.36819,107.8,88.56819,0.5956,0.1953,NEUTRAL,prior-research-2026-09-29+NEUTRAL,True,-26.18427,0.557,0.33333,-41.73256,-0.88501,-44.29984,16.71691,-10.49138,-23.7069,237.32047,430.81529,1.62369,-1.00657,0.0,-11.38164,-0.60701,0.39398,-0.49536,0.76634,-0.36476,0.40842,-0.89095,-0.7462,-0.99096,1.18771,1.34383,-0.41359,-0.86087,-0.45352,-0.54683,2026-09-29,False,,,,,,,,,,,,0.6669,2.33603
KLRHO,Consumer Non-Durables,11.27778,161312323.37198,123.95531,1.13944,-0.62676,6.90335,54.15747,99.92682,107.8,-7.87318,0.4548,0.1857,NEUTRAL,prior-research-2026-09-29+NEUTRAL,False,-45.48841,0.01713,0.33333,-123.95531,-1.13944,-98.28735,18.89885,4.88155,8.66306,229.5374,76.7614,17.64938,-0.12297,0.0,-18.69051,-1.24833,-3.0,-0.69671,-2.61395,-1.87844,-3.0,0.95826,0.36061,0.73751,0.6687,-0.51374,0.81737,0.49251,-0.73703,-0.60644,2026-09-29,False,,,,,,,,,,,,0.41281,1.76707
KLSER,Producer Manufacturing,18.95,24123683.48689,34.84082,0.71451,0.25768,72.78107,55.52847,101.70487,107.8,-6.09513,0.5284,0.2022,NEUTRAL,prior-research-2026-09-29+NEUTRAL,True,-18.74163,0.58344,0.33333,-34.84082,-0.71451,-41.99507,16.9987,-27.92481,-19.93637,70.47686,167.67358,-6.92445,-1.27457,0.0,19.63008,-0.39535,0.57894,-0.49536,1.52649,0.53993,0.60005,-0.58106,-1.30125,-0.89546,-0.19858,0.39775,-0.91545,-1.04693,-0.45352,0.62943,2026-09-29,False,,,,,,,,,,,,0.54614,2.87206
KLSYN,Consumer Durables,14.0,44570689.48237,60.11114,0.7876,-0.0952,36.68639,54.15747,99.92682,107.8,-7.87318,0.4548,0.1857,NEUTRAL,prior-research-2026-09-29+NEUTRAL,False,147.07863,0.82353,0.66667,-60.11114,-0.7876,-33.87335,17.61259,0.5616,0.32784,64.84014,33.44397,4.54682,-0.22962,1.07143,-29.83925,1.94387,1.34695,2.00459,-0.95027,0.35242,0.69558,-0.28851,0.60168,0.56143,-0.44096,-1.5836,0.39772,1.11266,0.4171,-0.99491,2026-09-29,False,,,,,,,,,,,,0.48242,5.0
KLYPV,Producer Manufacturing,54.5,107313253.37366,43.90824,0.84972,0.06537,53.84615,57.75347,104.59047,107.8,-3.20953,0.5026,0.1887,NEUTRAL,prior-research-2026-09-29+NEUTRAL,False,0.16103,0.79043,0.41667,-43.90824,-0.84972,-23.71283,18.49126,4.51466,2.70284,84.11195,28.47298,-19.46531,-0.75816,0.0,,0.30868,1.5223,0.13245,0.58548,-0.20913,1.79421,0.6659,0.28281,0.36385,-0.00519,-0.99742,-1.37419,-0.57037,-0.45352,0.0,2026-09-29,False,,,,,,,,,,,,0.52047,3.74288
KMPUR,Producer Manufacturing,13.77,42147559.87696,55.3644,0.94786,0.30919,78.69822,55.52847,101.70487,107.8,-6.09513,0.5284,0.2022,NEUTRAL,prior-research-2026-09-29+NEUTRAL,False,-0.69893,0.59456,0.41667,-55.3644,-0.94786,-40.93264,17.55669,18.93353,9.57759,63.25321,218.71142,13.97373,-1.43335,0.0,-14.38477,0.27297,0.61039,0.13245,-0.13081,-0.71456,0.63197,-0.07676,1.14371,1.03788,-0.29546,0.67299,0.64237,-1.20065,-0.45352,-0.6618,2026-09-29,False,,,,,,,,,,,,0.5548,3.79746
KNFRT,Consumer Non-Durables,9.7,39133159.40346,61.90958,0.98445,-0.16189,31.16371,54.15747,99.92682,107.8,-7.87318,0.4548,0.1857,NEUTRAL,prior-research-2026-09-29+NEUTRAL,True,-32.42105,0.51053,0.33333,-61.90958,-0.98445,-48.94737,17.48248,-10.2301,-5.81473,60.06404,288.38023,-0.42107,-0.24676,0.0,46.4772,-0.78368,-0.05102,-0.69671,-0.7763,-1.234,0.0202,-0.00318,-0.70814,-0.45458,-0.85114,0.71645,-0.53122,0.14835,-0.73703,1.35982,2026-09-29,False,,,,,,,,,,,,0.46559,9.18282
KOCMT,Non-Energy Minerals,2.44,350302298.55178,87.95372,0.91415,-0.231,26.82446,54.15747,99.92682,107.8,-7.87318,0.4548,0.1857,NEUTRAL,prior-research-2026-09-29+NEUTRAL,True,66.30824,0.39418,0.41667,-87.95372,-0.91415,-60.58158,19.67431,-7.37114,-15.67989,210.27252,324.781,2.92998,-0.28875,0.0,-22.15095,0.89921,-0.75988,-0.28003,-2.08581,-0.3965,-0.67823,0.89946,-0.38016,-0.76754,0.75623,1.09259,-0.10867,-0.10495,-0.78904,-0.70183,2026-09-29,False,,,,,,,,,,,,0.45028,10.0
KONKA,Process Industries,6.98,27719409.05434,43.17745,0.74819,0.14644,61.14398,57.75347,104.59047,107.8,-3.20953,0.5026,0.1887,NEUTRAL,prior-research-2026-09-29+NEUTRAL,True,-40.81712,0.38387,0.16667,-43.17745,-0.74819,-61.6132,17.13764,-8.01165,-25.15058,339.43865,115.15495,2.86147,-0.00642,0.0,-21.87219,-1.21622,-0.69995,-1.99854,0.49788,0.21248,-0.70993,-0.03788,-0.57433,-1.23159,1.37257,0.1216,-0.07254,1.24528,-0.49899,-0.72489,2026-09-29,False,,,,,,,,,,,,0.52819,3.26797
KONTR,Utilities,2.04,16608444.42473,98.47312,0.65429,0.00259,45.95661,54.15747,99.92682,107.8,-7.87318,0.4548,0.1857,NEUTRAL,prior-research-2026-09-29+NEUTRAL,True,-88.18663,0.0593,0.25,-98.47312,-0.65429,-94.06977,16.62542,-23.41373,-51.813,245.73824,628.43595,-4.65706,-2.09232,0.77917,25.93332,-3.0,-2.61142,-1.63911,-2.27627,0.50582,-2.53169,-1.47631,-1.25451,-1.61471,0.56461,2.03712,-0.76486,-1.54137,0.60142,1.36335,2026-09-29,False,,,,,,,,,,,,0.47549,9.95671
KONYA,Non-Energy Minerals,3562.5,43268450.0,42.9745,0.75836,-0.03255,42.60355,54.15747,99.92682,107.8,-7.87318,0.4548,0.1857,NEUTRAL,prior-research-2026-09-29+NEUTRAL,False,-21.13821,0.68247,0.33333,-42.9745,-0.75836,-32.18391,17.58293,7.75529,1.99978,30.83131,41.43221,11.72257,-0.1563,0.0,8.93153,-0.79475,0.65349,-0.90784,0.31108,0.43854,0.85223,-0.34307,0.71461,0.27612,-1.28254,-0.6963,0.63848,0.23953,-0.78904,0.53115,2026-09-29,False,,,,,,,,,,,,0.50262,6.5
KOPOL,Process Industries,3.12,52657248.76207,52.83213,0.98917,0.01602,47.92899,54.15747,99.92682,107.8,-7.87318,0.4548,0.1857,NEUTRAL,prior-research-2026-09-29+NEUTRAL,False,-16.15854,0.43154,0.66667,-52.83213,-0.98917,-56.84647,17.77931,5.61151,6.69755,138.0682,144.51612,9.28112,-0.49512,0.0,-12.28214,-0.3736,-0.42146,1.74665,-0.0845,-1.00072,-0.43739,0.57819,0.46808,0.54708,0.19817,0.3292,0.49245,-0.48972,-0.49899,-0.36524,2026-09-29,False,,,,,,,,,,,,0.52506,2.34833
KORDS,Process Industries,2.89,131928194.43346,65.02616,0.77735,-0.04225,41.22288,54.15747,99.92682,107.8,-7.87318,0.4548,0.1857,NEUTRAL,prior-research-2026-09-29+NEUTRAL,True,43.46711,0.57888,0.41667,-65.02616,-0.77735,-42.11159,18.69777,-2.58214,-4.1012,164.96842,321.3482,2.84981,-1.12009,0.0,-21.82662,0.93232,0.26563,0.07359,-0.8184,0.053,0.28849,1.17497,-0.15768,-0.34719,0.47175,1.09776,-0.08422,-1.19831,-0.49899,-0.71072,2026-09-29,False,,,,,,,,,,,,0.51208,3.97351
KOTON,Consumer Non-Durables,10.13,27070215.46555,33.64397,0.80368,0.28473,75.14793,55.52847,101.70487,107.8,-6.09513,0.5284,0.2022,NEUTRAL,prior-research-2026-09-29+NEUTRAL,True,-28.67689,0.534,0.41667,-33.64397,-0.80368,-46.59989,17.11394,-17.43639,-14.42646,83.68421,419.60634,0.53405,-2.13703,0.0,-0.61991,-0.65595,0.07137,-0.0689,1.39341,-0.34398,0.16231,-0.37096,-0.94836,-0.90597,-0.4696,1.11693,-0.48514,-1.50235,-0.73703,0.13941,2026-09-29,False,,,,,,,,,,,,0.55743,1.73992
KRDMA,Non-Energy Minerals,40.2,386439127.21395,61.61856,1.08937,-0.01542,44.18146,54.15747,99.92682,107.8,-7.87318,0.4548,0.1857,NEUTRAL,prior-research-2026-09-29+NEUTRAL,False,113.62179,0.60315,0.5,-61.61856,-1.08937,-39.68492,19.77248,5.4482,9.28583,238.78952,144.02438,7.18541,-0.07132,0.0,-11.55444,1.35701,0.24299,0.3402,-0.80572,-1.19453,0.38871,0.99831,0.57286,0.97782,0.96057,0.29641,0.26944,0.57232,-0.78904,-0.30504,2026-09-29,False,,,,,,,,,,,,0.5253,6.2069
KRDMB,Non-Energy Minerals,65.8,209272158.0,72.36564,0.69671,-0.31281,21.30178,54.15747,99.92682,107.8,-7.87318,0.4548,0.1857,NEUTRAL,prior-research-2026-09-29+NEUTRAL,False,392.63624,0.45223,0.58333,-72.36564,-0.69671,-55.18901,19.15915,5.4482,9.28583,160.40208,144.02438,7.18541,-0.07132,0.0,-11.55444,2.33577,-0.43947,0.86321,-1.48561,0.75438,-0.40062,0.67264,0.57286,0.97782,0.4823,0.29641,0.26944,0.57232,-0.78904,-0.30504,2026-09-29,False,,,,,,,,,,,,0.45605,10.0
KRDMD,Non-Energy Minerals,45.18,2279021976.33363,46.95614,1.12281,0.20941,66.46943,57.75347,104.59047,107.8,-3.20953,0.5026,0.1887,NEUTRAL,prior-research-2026-09-29+NEUTRAL,False,69.94262,0.95156,0.75,-46.95614,-1.12281,-19.18967,21.54701,5.4482,9.28583,212.80392,144.02438,7.18541,-0.07132,0.0,-11.55444,0.95389,2.0692,2.11372,0.08073,-1.30175,2.07321,1.70072,0.57286,0.97782,0.76942,0.29641,0.26944,0.57232,-0.78904,-0.30504,2026-09-29,False,,,,,,,,,,,,0.5625,6.06352
KRGYO,Finance,3.05,35816186.3249,53.35557,0.61911,-0.02263,43.3925,54.15747,99.92682,107.8,-7.87318,0.4548,0.1857,NEUTRAL,prior-research-2026-09-29+NEUTRAL,True,1.68884,0.8221,0.41667,-53.35557,-0.61911,-26.91926,17.39391,-1.75629,-1.24042,91.70927,8.1612,-0.05935,-0.0,1.25849,-47.20011,0.10182,1.29196,-0.28555,-0.37078,0.89315,1.0724,-0.26819,-0.62704,-0.77458,-0.58469,-1.32211,-1.33928,1.88426,0.47977,-1.44545,2026-09-29,False,,,,,,,,,,,,0.45547,9.83606
KRONT,Communications,18.37,35982494.30831,63.52875,0.9296,-0.30632,21.89349,54.15747,99.92682,107.8,-7.87318,0.4548,0.1857,NEUTRAL,prior-research-2026-09-29+NEUTRAL,False,70.37542,0.65374,0.66667,-63.52875,-0.9296,-35.58719,17.39854,17.37359,4.13401,30.11493,18.89463,21.19021,-0.10097,0.0,32.37949,1.14479,0.58967,1.52864,-0.83284,-0.76399,0.67463,-0.28555,0.9777,0.1822,-1.35388,-1.17859,0.86428,0.45874,-0.60236,1.0699,2026-09-29,False,,,,,,,,,,,,0.44865,7.41526
KRPLS,Consumer Non-Durables,11.64,31080752.06253,49.97529,0.79524,0.10692,58.97436,57.75347,104.59047,107.8,-3.20953,0.5026,0.1887,NEUTRAL,prior-research-2026-09-29+NEUTRAL,True,23.5363,0.84655,0.66667,-49.97529,-0.79524,-27.61905,17.2521,-3.14264,-1.45783,52.88138,105.95892,13.15228,-0.2363,0.0,4.26106,0.77133,1.75416,1.60416,-0.06045,-0.3032,1.29027,-0.28295,-0.26076,-0.12663,-0.98938,-0.22419,0.63487,0.19108,-0.73703,0.29757,2026-09-29,False,,,,,,,,,,,,0.45676,10.0
KRSTL,Consumer Non-Durables,7.75,32262141.26408,39.37743,0.86976,0.3066,78.50099,55.52847,101.70487,107.8,-6.09513,0.5284,0.2022,NEUTRAL,prior-research-2026-09-29+NEUTRAL,False,-8.51703,0.60976,0.25,-39.37743,-0.86976,-39.02439,17.28941,17.73406,22.43175,151.86667,245.38654,11.32567,-0.05536,0.0,6.55931,-0.00324,0.45332,-1.33809,0.66676,-0.6863,0.60978,-0.24301,1.13229,1.53985,0.19428,0.55803,0.51903,0.79601,-0.73703,0.38398,2026-09-29,False,,,,,,,,,,,,0.60261,2.42346
KRTEK,Process Industries,6.33,3355470.51613,189.70557,0.84905,0.28454,74.95069,55.52847,101.70487,107.8,-6.09513,0.5284,0.2022,NEUTRAL,prior-research-2026-09-29+NEUTRAL,True,-83.14176,0.1709,0.41667,-189.70557,-0.84905,-86.52808,15.0261,-4.60677,-8.96536,254.71042,245.14693,-3.27267,-0.4551,0.0,-14.98719,-2.49897,-1.79434,0.07359,-2.76294,-0.3552,-2.05535,-1.92535,-0.3409,-0.66548,0.9651,0.82868,-0.59816,-0.42099,-0.49899,-0.46491,2026-09-29,False,,,,,,,,,,,,0.50011,10.0
KRVGD,Consumer Non-Durables,2.08,16411655.61087,37.43644,0.75571,0.56864,94.08284,63.77347,112.39781,107.8,4.59781,0.5944,0.1938,NEUTRAL,prior-research-2026-09-29+NEUTRAL,False,-6.98448,0.61939,0.5,-37.43644,-0.75571,-39.5496,16.6135,8.55697,13.34131,181.77644,349.46543,4.63728,-0.76829,1.75269,-7.38985,0.0888,0.51852,0.55133,0.82861,-0.09382,0.54846,-0.86821,0.64637,1.12644,0.41395,0.95604,-0.02617,-0.69527,0.90408,-0.11179,2026-09-29,False,,,,,,,,,,,,0.6526,4.92612
KTLEV,Finance,10.67,4006890305.0,86.44386,0.59804,-1.43245,0.19724,54.15747,99.92682,107.8,-7.87318,0.4548,0.1857,NEUTRAL,prior-research-2026-09-29+NEUTRAL,False,1546.09125,0.15464,0.83333,-86.44386,-0.59804,-84.53623,22.11128,148.50836,38.46866,49.27086,63.48671,86.09665,-0.01493,0.80067,324.28467,3.0,-2.04581,3.0,-2.07929,0.96791,-2.02586,2.16111,2.47934,1.34657,-1.29595,0.11692,1.28029,1.05091,0.35624,1.96427,2026-09-29,False,,,,,,,,,,,,0.33987,9.99474
KTSKR,Process Industries,59.0,37250080.41008,65.68759,0.96902,-0.04321,41.02564,54.15747,99.92682,107.8,-7.87318,0.4548,0.1857,NEUTRAL,prior-research-2026-09-29+NEUTRAL,True,12.98652,0.41785,0.41667,-65.68759,-0.96902,-58.35694,17.43316,-2.94756,-6.60345,249.46224,62.52753,-17.0985,-0.03609,11.05379,-52.02887,0.44175,-0.49591,0.07359,-0.84828,-0.93804,-0.49916,0.25285,-0.19677,-0.49309,0.93296,-0.37165,-1.17194,0.80033,2.85863,-1.39715,2026-09-29,False,,,,,,,,,,,,0.47135,3.7037
KUTPO,Consumer Durables,66.0,12337742.40916,30.15201,0.92496,0.52498,91.91321,63.77347,112.39781,107.8,4.59781,0.5944,0.1938,NEUTRAL,prior-research-2026-09-29+NEUTRAL,True,-30.68965,0.56122,0.25,-30.15201,-0.92496,-44.04762,16.32817,-0.28243,-0.48815,197.33073,173.91157,7.40863,-0.02486,0.0,-0.18464,-0.68717,0.00907,-0.93767,1.43604,-0.37711,0.00514,-1.58605,0.54802,0.50734,0.75923,-0.2315,0.64966,2.0052,-0.99888,0.11674,2026-09-29,False,,,,,,,,,,,,0.63547,2.11674
KUVVA,Consumer Durables,90.75,22711498.6003,63.8988,0.47335,-0.52743,10.65089,54.15747,99.92682,107.8,-7.87318,0.4548,0.1857,NEUTRAL,prior-research-2026-09-29+NEUTRAL,True,26.1745,0.46778,0.5,-63.8988,-0.47335,-53.22165,16.93838,-43.9169,-8.20458,18.8904,26.61093,2.43993,-1.26976,0.0,22.89506,0.81358,-0.37554,0.95175,-1.21063,1.81816,-0.38322,-0.96649,-1.03703,-0.02882,-1.6558,-1.7344,0.15502,-0.23606,-0.99888,0.88858,2026-09-29,False,,,,,,,,,,,,0.37315,5.36504
KUYAS,Finance,29.8,601478272.50424,67.5422,0.9415,-0.96637,1.38067,54.15747,99.92682,107.8,-7.87318,0.4548,0.1857,NEUTRAL,prior-research-2026-09-29+NEUTRAL,True,29.44664,0.31635,0.33333,-67.5422,-0.9415,-68.36518,20.2149,-116.49546,-24.25424,19.2887,9.4729,40.85338,-0.69999,0.0,-20.16729,0.56658,-1.17529,-0.91335,-1.24389,-0.802,-1.1765,1.41364,-2.68489,-1.86655,-2.10794,-1.24931,0.68776,-0.84654,-0.95992,-0.80135,2026-09-29,False,,,,,,,,,,,,0.3106,9.99402
KZBGY,Finance,1.37,60125761.25294,47.78674,1.02466,0.26681,73.57002,55.52847,101.70487,107.8,-6.09513,0.5284,0.2022,NEUTRAL,prior-research-2026-09-29+NEUTRAL,False,-62.11677,0.26753,0.16667,-47.78674,-1.02466,-73.44269,17.91195,2.04017,8.30781,462.80435,38.21805,41.39202,-0.18925,0.0,-112.13772,-1.9158,-1.38581,-2.35767,-0.02322,-1.15493,-1.41712,0.23712,-0.36419,0.04038,1.50672,-0.2559,0.70066,0.05255,-0.95992,-2.46905,2026-09-29,False,,,,,,,,,,,,0.51291,5.63381
KZGYO,Finance,13.9,23984219.09776,57.62105,0.92557,0.22883,69.23077,57.75347,104.59047,107.8,-3.20953,0.5026,0.1887,NEUTRAL,prior-research-2026-09-29+NEUTRAL,True,-13.76875,0.45071,0.41667,-57.62105,-0.92557,-54.92867,16.99291,-4.45741,-20.17757,490.25869,42.28873,7.5827,-0.02269,0.0,-18.58925,-0.42129,-0.51929,-0.28555,-0.63304,-0.71347,-0.50277,-0.62464,-0.85943,-1.77908,1.72602,-0.17141,-0.621,0.92117,-0.95992,-0.74871,2026-09-29,False,,,,,,,,,,,,0.47156,9.96955
LIDER,Finance,7.57,651456940.29277,91.95728,0.37849,-0.86999,2.36686,54.15747,99.92682,107.8,-7.87318,0.4548,0.1857,NEUTRAL,prior-research-2026-09-29+NEUTRAL,False,-51.53475,0.05055,0.5,-91.95728,-0.37849,-94.94528,20.29472,2.85909,4.40236,199.96422,28.511,-1.71081,-0.25305,1.6954,-53.08249,-1.68786,-2.94883,0.33469,-2.41976,1.89892,-2.95615,1.47947,-0.32165,-0.34831,0.27695,-0.45327,-1.45416,-0.1297,0.64596,-1.57163,2026-09-29,False,,,,,,,,,,,,0.35701,3.4331
LIDFA,Finance,1.53,26234276.66988,41.88291,0.71482,0.37048,83.43195,58.09547,105.03401,107.8,-2.76599,0.5469,0.2037,NEUTRAL,prior-research-2026-09-29+NEUTRAL,False,41.51507,0.63348,0.5,-41.88291,-0.71482,-39.96421,17.08258,39.40329,43.70327,130.99342,254.01751,87.901,-4.04119,6.74373,8.0961,0.78638,0.36576,0.33469,0.35565,0.41853,0.25936,-0.56318,1.35939,1.43525,-0.22466,1.33949,1.34313,-2.11771,1.74408,0.30624,2026-09-29,False,,,,,,,,,,,,0.57766,7.33333
LILAK,Consumer Non-Durables,23.88,62618458.45251,40.34249,0.90027,0.09312,57.39645,57.75347,104.59047,107.8,-3.20953,0.5026,0.1887,NEUTRAL,prior-research-2026-09-29+NEUTRAL,False,9.03544,0.59409,0.58333,-40.34249,-0.90027,-40.59067,17.95257,6.45755,7.42219,132.083,97.52384,11.53772,-0.11421,6.38805,-21.85963,0.55163,0.37372,1.07434,0.61472,-0.84706,0.48323,0.43803,0.48281,0.62508,0.03663,-0.32438,0.54301,0.51537,1.87618,-0.72184,2026-09-29,False,,,,,,,,,,,,0.55473,1.75439
LINK,Technology Services,3.52,97563394.44076,53.77009,0.93657,-0.06817,39.44773,54.15747,99.92682,107.8,-7.87318,0.4548,0.1857,NEUTRAL,prior-research-2026-09-29+NEUTRAL,False,-32.58055,0.40257,0.33333,-53.77009,-0.93657,-59.74337,18.39601,21.86333,12.11395,69.73314,46.70411,23.73526,-0.00238,0.0,0.62495,-1.07424,-0.63636,-0.66773,0.16073,-0.22275,-0.64079,0.23447,0.78184,0.90971,-0.04448,0.00947,0.88277,0.87184,-0.39583,0.11051,2026-09-29,False,,,,,,,,,,,,0.51084,3.91645
LKMNH,Health Services,11.39,16947382.14174,36.35781,0.68293,0.45849,89.74359,58.09547,105.03401,107.8,-2.76599,0.5469,0.2037,NEUTRAL,prior-research-2026-09-29+NEUTRAL,False,-19.80964,0.60494,0.33333,-36.35781,-0.68293,-39.50584,16.64562,4.75848,4.81309,110.20468,198.31039,12.60891,-0.99857,3.8614,15.07272,-0.9365,-0.03003,-1.1106,0.61563,0.42757,-0.09396,-1.1741,0.37207,0.49837,0.28385,0.94433,0.36094,-0.92032,1.69009,0.47529,2026-09-29,False,,,,,,,,,,,,0.60413,6.83962
LMKDC,Non-Energy Minerals,23.3,96489703.10511,41.45847,0.82251,-0.02827,42.99803,54.15747,99.92682,107.8,-7.87318,0.4548,0.1857,NEUTRAL,prior-research-2026-09-29+NEUTRAL,False,-5.07469,0.65317,0.5,-41.45847,-0.82251,-43.31698,18.38495,24.37859,14.33677,70.20034,73.47875,31.51588,-0.01133,8.58369,-0.48649,-0.23419,0.52887,0.3402,0.4611,0.09604,0.18199,0.28869,1.57665,1.37903,-0.45429,-0.28975,1.41141,1.20639,2.16859,0.19654,2026-09-29,False,,,,,,,,,,,,0.49168,9.99011
LOGO,Technology Services,136.7,79807923.93539,37.48028,0.81785,0.16199,62.72189,57.75347,104.59047,107.8,-3.20953,0.5026,0.1887,NEUTRAL,prior-research-2026-09-29+NEUTRAL,False,-17.5286,0.8151,0.41667,-37.48028,-0.81785,-24.25287,18.19513,23.24195,6.77532,34.04256,50.32427,20.69036,-0.00428,3.85015,24.67427,-0.55336,1.32378,-0.03993,1.29644,0.41559,1.3763,0.03437,0.86327,0.40352,-0.72898,0.07041,0.74713,0.83598,1.71659,0.88697,2026-09-29,False,,,,,,,,,,,,0.53278,8.63422
LRSHO,Consumer Non-Durables,1.83,37978494.14065,46.95521,1.16859,0.25254,72.38659,55.52847,101.70487,107.8,-6.09513,0.5284,0.2022,NEUTRAL,prior-research-2026-09-29+NEUTRAL,True,-62.42424,0.27727,0.25,-46.95521,-1.16859,-72.27273,17.45253,-12.70581,-63.20652,507.83242,545.13579,2.90446,-0.23884,0.0,19.28284,-1.69728,-1.123,-1.33809,0.13439,-1.99281,-1.0657,-0.0244,-0.75998,-1.78377,2.03346,1.28325,-0.19765,0.18039,-0.73703,0.82323,2026-09-29,False,,,,,,,,,,,,0.54099,3.7037
LUKSK,Process Industries,64.5,6677393.40988,42.44937,0.76915,0.21737,67.8501,57.75347,104.59047,107.8,-3.20953,0.5026,0.1887,NEUTRAL,prior-research-2026-09-29+NEUTRAL,False,-24.81949,0.5043,0.41667,-42.44937,-0.76915,-50.70368,15.71424,1.52357,1.27228,97.91742,28.78125,-0.95822,-0.05605,0.0,-15.24227,-0.68411,-0.12756,0.07359,0.55403,0.07852,-0.18766,-1.29952,0.10711,0.04707,-0.14592,-0.9096,-0.42714,0.62073,-0.49899,-0.47697,2026-09-29,False,,,,,,,,,,,,0.51366,3.38855
MAALT,Consumer Services,831.0,31192870.5,57.23953,0.59597,-0.25712,24.06312,54.15747,99.92682,107.8,-7.87318,0.4548,0.1857,NEUTRAL,prior-research-2026-09-29+NEUTRAL,True,-8.37084,0.54278,0.5,-57.23953,-0.59597,-45.72175,17.2557,-0.00359,-0.00224,81.31227,0.78086,-37.42302,-0.0,0.0,-6.69799,0.32789,0.14381,0.64991,-0.42144,0.70964,0.28205,-0.34675,0.20863,0.13967,-0.25575,-2.08862,-1.00635,1.63678,-0.45994,-0.30267,2026-09-29,False,,,,,,,,,,,,0.47331,2.73973
MACKO,Commercial Services,25.3,19340039.05256,39.34071,0.61534,0.2386,71.00592,55.52847,101.70487,107.8,-6.09513,0.5284,0.2022,NEUTRAL,prior-research-2026-09-29+NEUTRAL,False,-7.70186,0.61037,0.66667,-39.34071,-0.61534,-47.09898,16.77769,50.41131,10.35154,22.14678,42.17022,43.28002,-0.08804,15.01976,-10.08772,-0.15359,0.80921,1.25992,1.33757,0.36641,0.4703,-0.07893,1.64107,0.57028,-0.69745,0.07893,2.03121,-0.20977,2.83289,-0.44618,2026-09-29,False,,,,,,,,,,,,0.54963,5.70588
MAGEN,Utilities,13.05,514388759.04053,77.30131,0.6584,-0.97713,1.18343,54.15747,99.92682,107.8,-7.87318,0.4548,0.1857,NEUTRAL,prior-research-2026-09-29+NEUTRAL,True,56.57656,0.19121,0.75,-77.30131,-0.6584,-80.87912,20.05849,-7.00912,-2.70761,45.91379,3.97375,4.30564,-0.51321,0.0,-31.44539,0.79214,-1.88334,2.02384,-1.47954,0.48625,-1.78478,0.91038,-0.57453,-0.2794,-1.3673,-1.84346,-0.04413,-0.44027,-0.70725,-0.64177,2026-09-29,False,,,,,,,,,,,,0.31893,6.59026
MAKIM,Electronic Technology,13.15,14948838.13801,50.2042,0.72935,0.63622,96.64694,128.52047,196.36819,107.8,88.56819,0.5956,0.1953,NEUTRAL,prior-research-2026-09-29+NEUTRAL,False,-12.42306,0.65783,0.41667,-50.2042,-0.72935,-38.41921,16.52014,7.97288,6.12141,91.18187,106.50713,13.29418,-0.40001,0.0,15.95872,-0.6733,0.72049,-0.57913,0.55498,0.84227,0.51279,-1.97557,0.25043,0.15991,0.46455,0.27285,0.0898,-0.01061,-0.19518,0.26774,2026-09-29,False,,,,,,,,,,,,0.65717,9.4902
MAKTK,Producer Manufacturing,6.5,26697481.18041,43.26915,1.00497,0.27587,74.35897,55.52847,101.70487,107.8,-6.09513,0.5284,0.2022,NEUTRAL,prior-research-2026-09-29+NEUTRAL,True,-43.06957,0.34519,0.33333,-43.26915,-1.00497,-65.48062,17.10008,-6.45595,-8.91875,162.14256,78.35385,5.23826,-0.09241,0.0,-22.25483,-1.18062,-0.58923,-0.49536,0.62386,-0.9278,-0.57966,-0.51981,-0.4974,-0.46188,0.75504,-0.28377,-0.00442,0.72559,-0.45352,-0.97906,2026-09-29,False,,,,,,,,,,,,0.52455,3.52941
MARBL,Non-Energy Minerals,8.75,14804434.57024,39.16816,0.8941,0.50187,91.51874,63.77347,112.39781,107.8,4.59781,0.5944,0.1938,NEUTRAL,prior-research-2026-09-29+NEUTRAL,True,-8.83857,0.57227,0.41667,-39.16816,-0.8941,-42.77305,16.51044,-1.79999,-2.27653,131.797,177.32698,5.56445,-0.49686,0.0,-2.3123,-0.39243,0.11758,-0.28003,0.6383,-0.26886,0.24436,-1.42555,0.01339,-0.05072,0.23488,0.50504,0.12974,-0.47993,-0.78904,0.12348,2026-09-29,False,,,,,,,,,,,,0.6328,2.25564
MARMR,Finance,1.58,108955286.3448,54.857,0.99655,-0.45866,13.01775,54.15747,99.92682,107.8,-7.87318,0.4548,0.1857,NEUTRAL,prior-research-2026-09-29+NEUTRAL,False,-66.36905,0.2138,0.25,-54.857,-0.99655,-80.51421,18.50645,,,97.57823,,,-0.0,0.0,,-2.02715,-1.68533,-1.55474,-0.47539,-0.98427,-1.79895,0.65348,0.0,0.0,-0.50989,0.0,0.0,1.88426,-0.95992,0.0,2026-09-29,False,,,,,,,,,,,,0.37526,9.72222
MARTI,Consumer Services,1.08,62880056.87285,78.57229,1.10999,0.09962,58.1854,57.75347,104.59047,107.8,-3.20953,0.5026,0.1887,NEUTRAL,prior-research-2026-09-29+NEUTRAL,True,-50.0,0.29752,0.41667,-78.57229,-1.10999,-70.24793,17.95674,-9.11037,-35.39145,463.64078,98.83884,-22.80609,-0.67351,0.0,-7.87312,-1.04552,-0.99642,0.02967,-1.60148,-1.78791,-0.90374,0.36812,-0.42825,-1.26214,2.02119,0.40013,-0.74106,-1.06096,-0.45994,-0.35561,2026-09-29,False,,,,,,,,,,,,0.47865,10.0
MAVI,Consumer Non-Durables,37.5,153292835.43473,36.90388,0.89218,0.00672,46.15385,54.15747,99.92682,107.8,-7.87318,0.4548,0.1857,NEUTRAL,prior-research-2026-09-29+NEUTRAL,False,-0.77319,0.77853,0.58333,-36.90388,-0.89218,-28.79009,18.84786,15.1499,6.94663,52.09563,175.33592,11.06703,-0.41314,4.46145,-2.78465,0.29656,1.23845,1.07434,0.89837,-0.80568,1.19892,0.93795,0.96522,0.58895,-1.004,0.22882,0.47164,-0.18049,1.51083,0.07682,2026-09-29,False,,,,,,,,,,,,0.51589,9.97085
MEDTR,Health Technology,18.26,7235667.15531,31.01193,0.68688,0.59123,95.06903,128.52047,196.36819,107.8,88.56819,0.5956,0.1953,NEUTRAL,prior-research-2026-09-29+NEUTRAL,False,-16.6487,0.56087,0.41667,-31.01193,-0.68688,-43.91335,15.79453,0.58342,0.79086,157.54062,130.61706,2.08049,-0.02074,1.38062,-13.0818,-0.1907,0.31972,0.13832,1.65517,0.1967,0.43181,-1.43549,-0.0812,0.10812,0.11153,0.52293,-0.0138,0.63102,0.95049,-0.49894,2026-09-29,False,,,,,,,,,,,,0.67068,2.15903
MEGAP,Process Industries,1.25,1243517.83214,47.71995,0.85235,1.16367,100.0,128.52047,196.36819,107.8,88.56819,0.5956,0.1953,NEUTRAL,prior-research-2026-09-29+NEUTRAL,True,-60.13986,0.25304,0.08333,-47.71995,-0.85235,-74.69636,14.03346,-30.65916,-224.64923,668.7232,1961.27499,4.84022,-0.85771,0.0,-79.25662,-1.743,-1.34445,-2.85005,0.23211,-0.37679,-1.36765,-2.40679,-1.38457,-2.60752,2.86967,2.61269,0.12727,-0.95296,-0.49899,-1.86377,2026-09-29,False,,,,,,,,,,,,0.65135,4.61539
MEGMT,Non-Energy Minerals,3.52,291590972.75,61.56762,0.83951,-0.39407,16.56805,54.15747,99.92682,107.8,-7.87318,0.4548,0.1857,NEUTRAL,prior-research-2026-09-29+NEUTRAL,False,27.18389,0.36238,0.5,-61.56762,-0.83951,-66.6445,19.49086,26.72105,13.30098,53.69377,333.25936,2.90919,-1.86839,0.0,19.50344,0.43973,-0.91472,0.3402,-0.79941,-0.0032,-0.96089,0.81839,1.67584,1.29919,-0.77854,1.13306,-0.11448,-1.56961,-0.78904,0.89241,2026-09-29,False,,,,,,,,,,,,0.42817,9.87654
MEKAG,Producer Manufacturing,2.02,23353505.61949,50.96422,0.49215,0.00976,47.14004,54.15747,99.92682,107.8,-7.87318,0.4548,0.1857,NEUTRAL,prior-research-2026-09-29+NEUTRAL,True,-40.52419,0.25409,0.5,-50.96422,-0.49215,-74.59119,16.96626,-5.43442,-4.85068,100.87273,188.19718,-2.23227,-0.20967,0.0,6.99608,-1.05949,-1.04458,0.75268,0.17011,1.55059,-1.05449,-0.64453,-0.45427,-0.20602,0.20457,0.52009,-0.67314,0.36086,-0.45352,0.18287,2026-09-29,False,,,,,,,,,,,,0.51382,4.40678
MEPET,Retail Trade,19.41,6666687.31759,62.8883,0.3976,0.29615,76.92308,55.52847,101.70487,107.8,-6.09513,0.5284,0.2022,NEUTRAL,prior-research-2026-09-29+NEUTRAL,False,17.14621,0.61815,0.41667,-62.8883,-0.3976,-43.15286,15.71263,3.87553,6.99804,207.93969,319.14552,5.85559,-0.00179,0.0,-10.95858,0.26014,-0.2262,-0.44184,-1.2153,1.54252,-0.44554,-1.87543,0.35861,0.62957,0.8187,-0.11309,0.41277,1.60068,-1.06628,-0.30099,2026-09-29,False,,,,,,,,,,,,0.50612,10.0
MERCN,Process Industries,11.68,78068469.5162,65.77224,0.81494,-0.17555,30.37475,54.15747,99.92682,107.8,-7.87318,0.4548,0.1857,NEUTRAL,prior-research-2026-09-29+NEUTRAL,False,-51.57513,0.31902,0.41667,-65.77224,-0.81494,-68.09833,18.1731,6.70906,7.45106,134.62608,143.94171,15.53606,-0.61502,1.79894,-7.75516,-1.60381,-0.9884,0.07359,-0.85588,-0.1664,-1.02865,0.83954,0.52993,0.64243,0.17671,0.29967,0.85495,-0.67703,1.16002,-0.11835,2026-09-29,False,,,,,,,,,,,,0.48676,7.86052
MERIT,Consumer Services,13.94,33281030.73549,35.72174,0.75873,0.29138,76.5286,55.52847,101.70487,107.8,-6.09513,0.5284,0.2022,NEUTRAL,prior-research-2026-09-29+NEUTRAL,False,-20.71247,0.58621,0.41667,-35.72174,-0.75873,-41.37931,17.3205,4.53661,15.43102,435.96447,7.52519,64.81737,-0.0,1.0043,67.0505,-0.08814,0.40507,0.02967,1.16916,-0.1059,0.55085,-0.27895,0.55575,1.45901,1.81586,-1.44077,2.52004,1.63678,0.91711,1.26422,2026-09-29,False,,,,,,,,,,,,0.57767,2.35669
MERKO,Consumer Non-Durables,0.94,32638847.17687,290.09881,0.59699,-0.076,38.85602,54.15747,99.92682,107.8,-7.87318,0.4548,0.1857,NEUTRAL,prior-research-2026-09-29+NEUTRAL,False,-91.28102,0.05156,0.25,-290.09881,-0.59699,-94.84366,17.30101,34.64881,71.09595,253.92043,74.35835,13.45241,-0.24279,0.0,-87.73758,-2.97597,-2.42011,-1.33809,-3.0,0.68546,-2.39166,-0.22609,1.73162,2.68832,0.82761,-0.54187,0.64739,0.15902,-0.73703,-1.9763,2026-09-29,False,,,,,,,,,,,,0.48816,4.20168
METRO,Consumer Non-Durables,6.61,54631060.67582,52.99618,0.76056,-0.5008,11.63708,54.15747,99.92682,107.8,-7.87318,0.4548,0.1857,NEUTRAL,prior-research-2026-09-29+NEUTRAL,False,105.86854,0.70469,0.66667,-52.99618,-0.76056,-39.3417,17.81611,1.9371,2.46943,141.46364,6.64092,36.96905,-0.0,0.0,742.17347,1.64232,0.91341,1.60416,-0.24424,-0.12982,0.57058,0.30559,0.09791,0.13767,0.09035,-2.22149,1.47908,2.12497,-0.73703,2.38057,2026-09-29,False,,,,,,,,,,,,0.43893,5.23883
MGROS,Retail Trade,520.5,1580087538.0,36.28172,0.76715,-0.26069,23.86588,54.15747,99.92682,107.8,-7.87318,0.4548,0.1857,NEUTRAL,prior-research-2026-09-29+NEUTRAL,False,15.85246,0.71892,0.58333,-36.28172,-0.76715,-31.21547,21.18075,7.44412,6.41415,100.91384,494.54477,-2.51856,-0.42004,1.56517,6.5397,0.22061,0.23445,0.70141,0.60126,-0.12409,0.28929,1.69276,0.66758,0.52362,0.0291,0.31158,-0.34481,-0.12455,0.47128,0.36788,2026-09-29,False,,,,,,,,,,,,0.52266,5.32129
MHRGY,Finance,1.77,10060905.04774,45.80066,0.58017,0.28497,75.54241,55.52847,101.70487,107.8,-6.09513,0.5284,0.2022,NEUTRAL,prior-research-2026-09-29+NEUTRAL,False,-17.52356,0.53714,0.33333,-45.80066,-0.58017,-46.58946,16.12417,4.71714,12.00262,297.73943,35.30543,97.92126,-3e-05,2.5648,63.1087,-0.55271,-0.15456,-0.91335,0.09649,1.06477,-0.0998,-1.54433,-0.14444,0.37658,0.86954,-0.33752,1.64411,1.44554,0.90121,1.29116,2026-09-29,False,,,,,,,,,,,,0.55313,2.66666
MIATK,Technology Services,22.9,607733533.32722,79.09387,1.14995,-0.38043,17.15976,54.15747,99.92682,107.8,-7.87318,0.4548,0.1857,NEUTRAL,prior-research-2026-09-29+NEUTRAL,True,-26.93899,0.40675,0.33333,-79.09387,-1.14995,-63.5524,20.22525,-25.93143,-13.74434,56.03529,21.57174,28.3358,-0.30519,0.0,-21.08258,-0.85985,-0.61219,-0.66773,-1.21343,-1.07274,-0.86311,1.11206,-1.70566,-1.01453,-0.29329,-0.54455,0.99778,-0.57495,-0.39583,-0.79081,2026-09-29,False,,,,,,,,,,,,0.38187,10.00001
MNDRS,Consumer Non-Durables,9.23,23881130.60194,35.61801,0.8544,0.86698,99.60552,128.52047,196.36819,107.8,88.56819,0.5956,0.1953,NEUTRAL,prior-research-2026-09-29+NEUTRAL,False,-22.9443,0.56626,0.25,-35.61801,-0.8544,-43.37423,16.9886,2.91735,17.55265,708.60178,343.14774,-5.75482,-0.23242,0.0,-21.70441,-0.4639,0.22896,-1.33809,1.11135,-0.63693,0.32045,-0.46933,0.17767,1.37987,3.0,0.91186,-0.85558,0.19644,-0.73703,-0.70775,2026-09-29,True,,,,,,,,,,,,0.68721,4.27427
MOBTL,Distribution Services,9.42,50760623.62312,48.72382,0.67383,-0.13142,34.12229,54.15747,99.92682,107.8,-7.87318,0.4548,0.1857,NEUTRAL,prior-research-2026-09-29+NEUTRAL,False,73.09238,0.57195,0.66667,-48.72382,-0.67383,-42.8051,17.74263,8.6917,7.48998,96.71956,184.6383,5.24864,-0.25058,0.0,24.80619,1.47966,0.5515,1.71084,0.47,0.3377,0.58552,0.4854,0.48349,0.71631,0.29111,-0.39449,0.06214,0.27005,-0.43794,1.01335,2026-09-29,False,,,,,,,,,,,,0.5149,6.81818
MOGAN,Utilities,9.04,325961421.43727,77.4687,0.77919,-0.27846,22.87968,54.15747,99.92682,107.8,-7.87318,0.4548,0.1857,NEUTRAL,prior-research-2026-09-29+NEUTRAL,True,98.3368,0.43089,0.75,-77.4687,-0.77919,-60.00953,19.60229,-11.84243,-41.03574,403.06659,55.30368,-34.64205,-0.41077,0.0,-32.17871,1.20596,-0.65119,2.02384,-1.49592,-0.19318,-0.69003,0.69357,-0.81524,-1.50915,1.23798,-0.08719,-1.60855,-0.24676,-0.70725,-0.67762,2026-09-29,False,,,,,,,,,,,,0.42187,9.9851
MOPAS,Retail Trade,18.55,55262451.94892,42.4109,0.76038,-0.19512,28.20513,54.15747,99.92682,107.8,-7.87318,0.4548,0.1857,NEUTRAL,prior-research-2026-09-29+NEUTRAL,False,-27.12095,0.30256,0.41667,-42.4109,-0.76038,-69.82547,17.8276,6.11299,6.11175,114.54941,399.21388,1.98493,-0.59384,0.0,,-1.0506,-1.75293,-0.44184,0.03566,-0.08821,-1.76633,0.07728,0.58786,0.46653,0.15036,0.15441,-0.03257,-0.40466,-1.06628,0.0,2026-09-29,False,,,,,,,,,,,,0.52793,2.10608
MPARK,Health Services,406.0,251366179.5,36.60721,0.84116,0.08799,56.6075,57.75347,104.59047,107.8,-3.20953,0.5026,0.1887,NEUTRAL,prior-research-2026-09-29+NEUTRAL,False,24.74074,0.8202,0.5,-36.60721,-0.84116,-19.69697,19.34242,16.92,7.88743,55.6915,79.84881,19.09553,-0.4907,0.0,4.51246,0.23782,1.04266,0.13743,0.58182,-0.45501,1.4933,0.83262,1.08269,0.81117,-0.49306,0.10453,0.65149,-0.2793,-0.43513,0.07353,2026-09-29,False,,,,,,,,,,,,0.53774,4.94572
MRGYO,Finance,1.05,80035799.96134,70.40979,1.00747,-0.08427,38.06706,54.15747,99.92682,107.8,-7.87318,0.4548,0.1857,NEUTRAL,prior-research-2026-09-29+NEUTRAL,False,-49.36709,0.30612,0.41667,-70.40979,-1.00747,-70.55394,18.19798,13.52431,65.78334,556.71698,10.64495,112.19755,-0.08069,0.0,25.70182,-1.60632,-1.22812,-0.28555,-1.40404,-1.05251,-1.2841,0.36713,0.41137,1.85286,1.90952,-1.13711,1.77599,0.42855,-0.95992,0.86046,2026-09-29,False,,,,,,,,,,,,0.47193,9.87654
MRSHL,Process Industries,1382.0,70206636.0,55.44813,0.75162,-0.54945,9.46746,54.15747,99.92682,107.8,-7.87318,0.4548,0.1857,NEUTRAL,prior-research-2026-09-29+NEUTRAL,True,-14.39037,0.56316,0.25,-55.44813,-0.75162,-43.68378,18.06695,-5.28775,-0.40289,8.26578,30.89959,10.44835,-0.4519,0.0,-5.44893,-0.33573,0.15763,-1.19561,-0.27862,0.19168,0.16884,0.80671,-0.38288,-0.05539,-2.35499,-0.88743,0.56165,-0.40405,-0.49899,-0.04974,2026-09-29,False,,,,,,,,,,,,0.37548,9.9631
MSGYO,Finance,5.1,10921763.91058,51.81054,0.66081,0.01459,47.73176,54.15747,99.92682,107.8,-7.87318,0.4548,0.1857,NEUTRAL,prior-research-2026-09-29+NEUTRAL,True,0.12842,0.54552,0.41667,-51.81054,-0.66081,-50.36836,16.20627,-1.00563,-2.02621,238.73545,46.79781,11.67147,-0.0,8.34788,272.49503,0.06595,-0.11396,-0.28555,-0.2783,0.71073,-0.30325,-1.47077,-0.56722,-0.86294,0.52541,-0.09634,-0.28602,1.88426,1.96488,1.88948,2026-09-29,False,,,,,,,,,,,,0.45679,9.91379
MTRKS,Technology Services,20.82,32904410.95611,53.4087,1.04626,0.19026,64.69428,57.75347,104.59047,107.8,-3.20953,0.5026,0.1887,NEUTRAL,prior-research-2026-09-29+NEUTRAL,False,34.68533,0.57833,0.58333,-53.4087,-1.04626,-42.16667,17.30912,29.01781,13.50988,61.78071,70.71685,5.81279,-0.12569,0.95606,15.416,0.64757,0.1974,1.10332,0.19718,-0.70805,0.22292,-0.72188,1.08112,1.00272,-0.16118,0.30292,-0.16484,-0.13041,0.96584,0.62039,2026-09-29,False,,,,,,,,,,,,0.5381,6.6881
NATEN,Industrial Services,3.91,34603149.18282,45.32384,0.72835,0.59841,95.26627,128.52047,196.36819,107.8,88.56819,0.5956,0.1953,NEUTRAL,prior-research-2026-09-29+NEUTRAL,True,-40.0,0.40687,0.16667,-45.32384,-0.72835,-59.31321,17.35946,-10.42414,-26.9349,298.1841,46.68752,-21.08632,-0.85858,0.0,-74.57384,-1.7292,-0.79476,-2.55455,0.81029,0.30228,-0.65046,-0.96931,-0.93786,-1.25459,1.7659,0.15749,-1.57136,-1.28674,-0.39604,-2.03039,2026-09-29,False,,,,,,,,,,,,0.62778,3.2258
NETAS,Technology Services,73.85,43399127.14005,61.9669,0.79496,0.26487,73.17554,55.52847,101.70487,107.8,-6.09513,0.5284,0.2022,NEUTRAL,prior-research-2026-09-29+NEUTRAL,False,16.75159,0.68826,0.5,-61.9669,-0.79496,-35.21975,17.58595,,-2.79555,,315.10685,2.98278,,0.0,8.12549,0.4121,0.72847,0.58031,-0.29994,0.54348,0.66049,-0.4099,0.0,-0.41018,0.0,1.66158,-0.40285,0.0,-0.39583,0.3701,2026-09-29,False,,,,,,,,,,,,0.51112,5.88235
NIBAS,Industrial Services,2.92,27162882.17637,66.74636,0.55404,-0.50609,11.2426,54.15747,99.92682,107.8,-7.87318,0.4548,0.1857,NEUTRAL,prior-research-2026-09-29+NEUTRAL,True,3.65959,0.25956,0.41667,-66.74636,-0.55404,-74.04444,17.11736,-107.21257,-56.1985,28.18121,13.6213,-2.12538,-0.0,0.0,78.37975,-0.29384,-1.53505,-0.48242,-0.50295,1.07108,-1.41359,-1.19683,-2.36008,-1.66216,-0.93917,-0.7094,-0.80618,1.63665,-0.39604,1.30544,2026-09-29,False,,,,,,,,,,,,0.36497,9.9537
NTGAZ,Utilities,10.07,34887179.06924,37.98259,0.5796,0.33071,80.0789,58.09547,105.03401,107.8,-2.76599,0.5469,0.2037,NEUTRAL,prior-research-2026-09-29+NEUTRAL,False,31.26188,0.76,0.41667,-37.98259,-0.5796,-24.0,17.36763,21.31642,15.62761,83.8026,129.98964,17.56238,-0.08079,8.6352,2.97677,0.47955,0.82268,-0.36991,0.93621,0.81674,1.35271,-0.7432,1.15902,1.25394,-0.68731,0.61325,0.8208,0.59133,2.32095,0.58353,2026-09-29,False,,,,,,,,,,,,0.58334,3.07693
NTHOL,Consumer Services,38.52,85557503.38631,38.67382,0.74685,0.57888,94.28008,63.77347,112.39781,107.8,4.59781,0.5944,0.1938,NEUTRAL,prior-research-2026-09-29+NEUTRAL,False,-1.5625,0.74077,0.41667,-38.67382,-0.74685,-30.80769,18.2647,1.33839,5.3055,519.75585,138.68909,10.87439,-0.14983,0.0,-4.54659,0.592,1.08387,0.02967,0.78457,-0.02308,1.19379,0.53865,0.2888,0.56691,2.34488,0.68312,1.17908,-0.08548,-0.45994,-0.21877,2026-09-29,False,,,,,,,,,,,,0.65696,4.07311
NUGYO,Finance,7.25,13318975.2514,40.04612,0.81709,0.39548,84.41815,58.09547,105.03401,107.8,-2.76599,0.5469,0.2037,NEUTRAL,prior-research-2026-09-29+NEUTRAL,True,-13.20389,0.62232,0.25,-40.04612,-0.81709,-37.76824,16.4047,-16.22366,-43.10931,284.99515,35.99881,-7.87562,-9e-05,0.0,-29.21204,-0.39467,0.30961,-1.55474,0.52683,-0.13063,0.4115,-1.30719,-1.38471,-2.17105,0.80827,-0.30988,-1.79177,1.42969,-0.95992,-1.06876,2026-09-29,False,,,,,,,,,,,,0.58417,1.80588
NUHCM,Non-Energy Minerals,209.39999,10491553.94101,24.32469,0.58847,0.48694,90.53254,63.77347,112.39781,107.8,4.59781,0.5944,0.1938,NEUTRAL,prior-research-2026-09-29+NEUTRAL,False,-2.39423,0.6389,0.33333,-24.32469,-0.58847,-37.87948,16.16608,0.98159,0.72067,79.00826,60.19012,9.92811,-0.07162,10.74499,-4.65772,-0.12284,0.45821,-0.90784,2.52568,1.27581,0.51827,-1.7692,0.18596,0.1795,-0.33296,-0.41562,0.48487,0.55355,2.50988,0.04003,2026-09-29,False,,,,,,,,,,,,0.60298,3.14815
OBAMS,Consumer Non-Durables,4.3,172407382.67786,42.61928,0.58435,-0.27373,23.4714,54.15747,99.92682,107.8,-7.87318,0.4548,0.1857,NEUTRAL,prior-research-2026-09-29+NEUTRAL,True,-19.28252,0.46739,0.5,-42.61928,-0.58435,-53.80435,18.96537,-14.35484,-14.01478,104.61469,191.25042,-0.26847,-0.01248,0.812,-10.52601,-0.37921,-0.19156,0.55133,0.39324,0.7578,-0.198,0.99978,-0.85431,-0.881,-0.20128,0.32028,-0.51794,1.31163,0.58666,-0.27373,2026-09-29,False,,,,,,,,,,,,0.46902,3.2258
OBASE,Technology Services,24.94,23012898.29863,56.63066,0.8262,0.25648,72.58383,55.52847,101.70487,107.8,-6.09513,0.5284,0.2022,NEUTRAL,prior-research-2026-09-29+NEUTRAL,True,2.26644,0.51529,0.41667,-56.63066,-0.8262,-48.47107,16.95157,-1.22533,-0.78089,74.82661,80.20202,2.37597,-0.32874,0.0,-11.08719,0.1274,-0.13933,-0.03993,0.00584,0.36904,-0.14065,-1.0418,-0.56214,-0.24371,0.03748,0.38719,-0.52054,-0.62317,-0.39583,-0.39292,2026-09-29,False,,,,,,,,,,,,0.52551,8.78806
ODAS,Utilities,6.0,415089143.20064,54.0704,1.07687,-0.04869,40.63116,54.15747,99.92682,107.8,-7.87318,0.4548,0.1857,NEUTRAL,prior-research-2026-09-29+NEUTRAL,True,38.3743,0.62959,0.58333,-54.0704,-1.07687,-37.04092,19.844,-1.82009,-3.50217,190.64899,116.37354,-8.07444,-0.10783,0.0,-11.30834,0.58455,0.29456,0.77333,-0.17674,-1.64881,0.50424,0.84288,-0.21212,-0.34804,0.2213,0.51028,-0.95858,0.48403,-0.70725,0.01056,2026-09-29,False,,,,,,,,,,,,0.51255,3.7594
OFSYM,Process Industries,57.4,57317621.65939,53.44078,0.65889,0.02693,49.11243,54.15747,99.92682,107.8,-7.87318,0.4548,0.1857,NEUTRAL,prior-research-2026-09-29+NEUTRAL,False,5.66308,0.72225,0.5,-53.44078,-0.65889,-37.53161,17.86412,7.86971,4.05314,62.35671,234.47144,7.36926,-1.01105,1.45611,-18.88772,0.30739,0.90881,0.69382,-0.14653,0.68897,0.55424,0.66748,0.62243,0.26743,-0.65078,0.78276,0.33982,-1.1428,0.989,-0.61549,2026-09-29,False,,,,,,,,,,,,0.51236,4.96688
ONCSM,Health Technology,81.0,90873462.125,69.86732,0.65764,-0.82857,3.35306,54.15747,99.92682,107.8,-7.87318,0.4548,0.1857,NEUTRAL,prior-research-2026-09-29+NEUTRAL,False,78.62839,0.21316,0.5,-69.86732,-0.65764,-78.68421,18.32498,17.40031,3.73853,27.25158,41.52836,30.38816,-0.34837,0.0,18.78447,1.45134,-1.3442,0.75856,-1.20718,0.37505,-1.24347,0.72946,1.02669,0.33911,-1.75396,-0.39836,1.60802,-0.60877,-0.52937,0.71945,2026-09-29,False,,,,,,,,,,,,0.34007,10.0
ONRYT,Electronic Technology,9.33,50441971.33511,58.91746,0.81236,0.21706,67.45562,57.75347,104.59047,107.8,-3.20953,0.5026,0.1887,NEUTRAL,prior-research-2026-09-29+NEUTRAL,True,-27.28972,0.3966,0.41667,-58.91746,-0.81236,-60.34006,17.73633,-5.52089,-6.50199,131.34946,36.41155,-12.1434,-0.16681,0.0,-31.84599,-1.19896,-0.58549,-0.57913,0.01781,0.36271,-0.6244,-0.80093,-0.79701,-0.78712,0.8567,-0.56695,-1.65689,0.50641,-0.19518,-1.43881,2026-09-29,False,,,,,,,,,,,,0.51623,2.87648
ORGE,Industrial Services,21.88,85411753.60761,52.82483,0.74534,0.3333,80.47337,58.09547,105.03401,107.8,-2.76599,0.5469,0.2037,NEUTRAL,prior-research-2026-09-29+NEUTRAL,False,67.62038,0.84479,0.58333,-52.82483,-0.74534,-26.48648,18.26299,20.20606,9.74192,61.1131,49.43555,53.24163,-0.03027,0.0,-6.39732,0.58115,1.40565,0.66083,0.35247,0.19622,1.14085,-0.22358,0.97169,0.88972,-0.15027,0.20648,1.49607,0.54221,-0.39604,-0.29896,2026-09-29,False,,,,,,,,,,,,0.58307,3.33025
OSMEN,Finance,5.0,25292668.81438,51.2328,0.74323,0.22341,68.44181,57.75347,104.59047,107.8,-3.20953,0.5026,0.1887,NEUTRAL,prior-research-2026-09-29+NEUTRAL,False,-15.16653,0.46717,0.41667,-51.2328,-0.74323,-53.28321,17.04603,8.40552,11.62305,162.71751,1351.79594,2.73508,-0.83106,3.66946,133.62185,-0.46437,-0.42786,-0.28555,-0.24259,0.29529,-0.40699,-0.58141,0.13961,0.35296,0.08347,2.66496,-1.09154,-1.00135,1.10269,1.52138,2026-09-29,False,,,,,,,,,,,,0.54015,2.60869
OSTIM,Miscellaneous,1.22,17819651.25711,40.75895,0.6387,0.2048,66.27219,57.75347,104.59047,107.8,-3.20953,0.5026,0.1887,NEUTRAL,prior-research-2026-09-29+NEUTRAL,True,-41.32102,0.44755,0.25,-40.75895,-0.6387,-55.24455,16.69581,-3.19956,-8.77052,318.29917,47.91244,-1.19133,-0.03841,0.0,17.18447,-1.28181,-0.42839,-1.41362,0.6472,0.79197,-0.40108,-0.96666,-0.38726,-0.75008,1.315,-0.49065,-0.70501,0.79855,-0.60236,0.66633,2026-09-29,False,,,,,,,,,,,,0.51232,3.28948
OTKAR,Consumer Durables,287.25,135680495.25,37.74231,0.64658,-0.35693,18.93491,54.15747,99.92682,107.8,-7.87318,0.4548,0.1857,NEUTRAL,prior-research-2026-09-29+NEUTRAL,True,-33.03477,0.54198,0.41667,-37.74231,-0.64658,-48.49057,18.72581,-79.68342,-16.69347,16.07852,148.3485,-6.43727,-8.74826,0.0,-0.77741,-0.82863,-0.10268,0.33152,0.51249,1.11196,-0.19792,0.49197,-1.35032,-0.41417,-1.83531,-0.36736,-0.4456,-1.90385,-0.99888,0.06966,2026-09-29,False,,,,,,,,,,,,0.43144,4.01891
OTTO,Process Industries,90.6,36679618.04095,56.31912,0.53005,-0.54792,9.66469,54.15747,99.92682,107.8,-7.87318,0.4548,0.1857,NEUTRAL,prior-research-2026-09-29+NEUTRAL,True,-67.39296,0.17159,0.25,-56.31912,-0.53005,-83.56061,17.41773,-4.43349,-3.79902,88.94418,48.71302,-12.54973,-0.03019,0.0,15.37188,-1.95729,-1.76956,-1.19561,-0.30023,1.1995,-1.79341,0.2314,-0.32316,-0.32377,-0.28542,-0.53707,-1.00652,0.87614,-0.49899,0.71507,2026-09-29,False,,,,,,,,,,,,0.37324,4.37787
OYAKC,Non-Energy Minerals,20.8,379223019.48855,34.84428,0.92738,-0.00175,45.16765,54.15747,99.92682,107.8,-7.87318,0.4548,0.1857,NEUTRAL,prior-research-2026-09-29+NEUTRAL,False,10.82205,0.75308,0.5,-34.84428,-0.92738,-29.76105,19.75364,11.04533,6.98318,76.3835,57.04289,18.66221,-0.04012,4.80769,-9.62211,0.19411,0.91072,0.3402,1.17999,-0.47426,0.99095,0.96753,0.90305,0.78226,-0.35563,-0.43894,0.9363,0.74423,1.53381,-0.17752,2026-09-29,False,,,,,,,,,,,,0.5082,5.25773
OYLUM,Consumer Non-Durables,6.21,2767299.21843,31.66411,0.39601,0.61719,96.05523,128.52047,196.36819,107.8,88.56819,0.5956,0.1953,NEUTRAL,prior-research-2026-09-29+NEUTRAL,True,-34.81818,0.51793,0.25,-31.66411,-0.39601,-49.9583,14.83338,-8.10067,-15.578,232.55646,167.54161,2.98829,-0.135,0.0,3.22466,-0.90155,0.01034,-1.33809,1.5892,1.53408,-0.02067,-2.31379,-0.62371,-0.94016,0.71208,0.17835,-0.16864,0.4473,-0.73703,0.26562,2026-09-29,False,,,,,,,,,,,,0.63344,3.0
OYYAT,Finance,28.1,14318016.88833,47.22262,0.8276,0.51333,91.71598,63.77347,112.39781,107.8,4.59781,0.5944,0.1938,NEUTRAL,prior-research-2026-09-29+NEUTRAL,False,-15.54394,0.40556,0.41667,-47.22262,-0.8276,-59.53037,16.47703,21.21221,27.76322,161.74306,337.44148,30.25143,-0.4292,13.43163,-26.99732,-0.4698,-0.73108,-0.28555,0.00257,-0.19274,-0.69967,-1.22055,0.72382,1.01474,0.06619,1.64029,0.43274,-0.45454,2.61883,-1.02774,2026-09-29,False,,,,,,,,,,,,0.60591,9.96441
OZGYO,Finance,1.58,30612409.04266,53.04915,0.92404,0.13879,60.74951,57.75347,104.59047,107.8,-3.20953,0.5026,0.1887,NEUTRAL,prior-research-2026-09-29+NEUTRAL,False,6.17082,0.632,0.41667,-53.04915,-0.92404,-36.8,17.23692,0.82093,3.38363,470.50823,17.25149,37.75142,-0.00088,1.06013,66.61653,0.22156,0.36008,-0.28555,-0.35012,-0.69382,0.49518,-0.48025,-0.46528,-0.44059,1.59042,-0.86083,0.66252,1.34117,0.44821,1.31784,2026-09-29,False,,,,,,,,,,,,0.50445,3.7267
OZKGY,Finance,12.03,42669886.4444,35.50832,0.72604,0.41421,86.58777,58.09547,105.03401,107.8,-2.76599,0.5469,0.2037,NEUTRAL,prior-research-2026-09-29+NEUTRAL,True,2.47414,0.75069,0.58333,-35.50832,-0.72604,-25.73891,17.569,-2.95694,-11.20202,429.72812,36.60017,16.72313,-0.10347,1.6517,-20.74447,0.12758,0.83682,0.8577,1.02063,0.38051,1.15771,-0.09836,-0.72685,-1.42994,1.3088,-0.29623,-0.05089,0.32682,0.62002,-0.82159,2026-09-29,False,,,,,,,,,,,,0.58589,3.0303
OZRDN,Process Industries,16.85,7181538.48676,63.8949,0.33668,-0.35103,19.13215,54.15747,99.92682,107.8,-7.87318,0.4548,0.1857,NEUTRAL,prior-research-2026-09-29+NEUTRAL,True,231.80826,0.43563,0.75,-63.8949,-0.33668,-56.43743,15.78702,-18.31027,-4.87816,30.93876,50.26834,0.7584,-0.00602,0.0,-3.49322,2.19534,-0.40464,2.46734,-0.77493,2.01002,-0.42634,-1.19733,-0.98683,-0.39473,-1.34496,-0.5189,-0.34123,1.2566,-0.49899,0.0496,2026-09-29,False,,,,,,,,,,,,0.40348,5.84374
OZSUB,Process Industries,35.28,101834064.5,53.89853,0.82841,-0.09389,36.88363,54.15747,99.92682,107.8,-7.87318,0.4548,0.1857,NEUTRAL,prior-research-2026-09-29+NEUTRAL,False,144.15596,0.79103,0.66667,-53.89853,-0.82841,-20.89686,18.43886,41.53113,10.20388,34.21239,70.35155,12.09564,-1.2851,1.74792,-16.6967,1.74068,1.24501,1.74665,-0.18307,-0.23886,1.85921,1.06314,1.92796,0.91844,-1.21476,-0.28601,0.72253,-1.33078,1.12441,-0.52602,2026-09-29,False,,,,,,,,,,,,0.47623,6.71073
OZYSR,Producer Manufacturing,10.99,37827672.80504,47.96879,0.51845,0.34768,81.6568,58.09547,105.03401,107.8,-2.76599,0.5469,0.2037,NEUTRAL,prior-research-2026-09-29+NEUTRAL,True,41.82704,0.77668,0.41667,-47.96879,-0.51845,-23.32155,17.44855,-3.30471,-2.24077,78.65386,165.56118,2.01895,-0.90257,0.0,-15.40155,1.03859,1.44616,0.13245,0.33833,1.40885,1.82433,-0.17188,-0.30699,-0.03245,-0.08883,0.38528,-0.3703,-0.72661,-0.45352,-0.71564,2026-09-29,False,,,,,,,,,,,,0.55438,5.86206
PAGYO,Finance,123.0,14813879.85053,53.42221,0.55702,0.12233,59.36884,57.75347,104.59047,107.8,-3.20953,0.5026,0.1887,NEUTRAL,prior-research-2026-09-29+NEUTRAL,False,80.95991,0.71304,0.66667,-53.42221,-0.55702,-32.28985,16.51108,10.771,15.21616,168.05651,21.98956,86.01868,-1e-05,5.86727,29.14877,1.16591,0.71035,1.38752,-0.39151,1.1348,0.71938,-1.16065,0.25077,0.5957,0.12428,-0.64771,1.2512,1.47833,1.57138,0.9618,2026-09-29,False,,,,,,,,,,,,0.51906,4.88013
PAMEL,Utilities,46.26,15367737.94396,51.70904,0.72479,-0.18581,28.99408,54.15747,99.92682,107.8,-7.87318,0.4548,0.1857,NEUTRAL,prior-research-2026-09-29+NEUTRAL,True,-20.48319,0.45531,0.33333,-51.70904,-0.72479,-54.4685,16.54778,-59.06506,-30.81854,45.30695,4.30464,-127.16291,-0.0,0.0,-50.49577,-0.79895,-0.5409,-0.99772,-0.00109,0.13479,-0.44786,-1.52872,-1.8833,-1.37535,-1.38397,-1.77301,-2.36794,2.05316,-0.70725,-1.00665,2026-09-29,False,,,,,,,,,,,,0.44765,1.58472
PAPIL,Electronic Technology,7.3,81443946.51711,53.23461,0.72986,-0.13491,33.53057,54.15747,99.92682,107.8,-7.87318,0.4548,0.1857,NEUTRAL,prior-research-2026-09-29+NEUTRAL,False,-17.38873,0.35645,0.41667,-53.23461,-0.72986,-64.35547,18.21543,,,22.66689,,,-0.42079,0.0,,-0.83008,-0.79454,-0.57913,0.37606,0.83691,-0.8141,-0.44865,0.0,0.0,-0.92891,0.0,0.0,-0.06595,-0.19518,0.0,2026-09-29,False,,,,,,,,,,,,0.47544,1.55642
PARSN,Producer Manufacturing,59.05,18476751.80379,36.77505,0.86446,0.53303,92.89941,63.77347,112.39781,107.8,4.59781,0.5944,0.1938,NEUTRAL,prior-research-2026-09-29+NEUTRAL,True,-26.81535,0.56185,0.41667,-36.77505,-0.86446,-43.81541,16.73202,-9.30341,-23.08407,300.41756,109.98541,-9.99722,-0.41816,0.0,6.01479,-0.62044,0.42961,0.13245,1.21737,-0.26912,0.44417,-0.87555,-0.71,-0.97983,1.56827,0.01135,-1.06234,-0.07525,-0.45352,0.11197,2026-09-29,False,,,,,,,,,,,,0.62504,5.20314
PASEU,Transportation,26.58,1432922328.5,105.01552,0.41629,-1.3122,0.39448,54.15747,99.92682,107.8,-7.87318,0.4548,0.1857,NEUTRAL,prior-research-2026-09-29+NEUTRAL,False,113.07421,0.09918,0.41667,-105.01552,-0.41629,-90.08209,21.08298,32.77655,5.84733,25.93505,13.44552,3.63455,-0.39722,0.0,-21.98274,1.3093,-2.61774,-0.3369,-2.52882,1.71698,-2.5609,1.01796,1.07714,-0.06836,-1.54022,-1.46942,-0.64233,0.4501,-0.72139,-0.79645,2026-09-29,False,,,,,,,,,,,,0.33566,-9.94074
PATEK,Technology Services,12.93,268810378.77928,76.51255,0.9723,-0.47696,12.03156,54.15747,99.92682,107.8,-7.87318,0.4548,0.1857,NEUTRAL,prior-research-2026-09-29+NEUTRAL,True,-37.92691,0.38097,0.25,-76.51255,-0.9723,-61.90336,19.40952,-16.4083,-4.69639,43.8957,28.69126,-24.25584,-0.11208,0.0,3.2745,-1.24234,-0.76962,-1.30912,-1.13143,-0.36109,-0.77667,0.72067,-1.38276,-0.53793,-0.56956,-0.33379,-1.73777,-0.07902,-0.39583,0.17392,2026-09-29,False,,,,,,,,,,,,0.36693,9.96504
PCILT,Commercial Services,30.66,49771587.53243,52.23264,0.64377,0.40517,85.2071,58.09547,105.03401,107.8,-2.76599,0.5469,0.2037,NEUTRAL,prior-research-2026-09-29+NEUTRAL,False,75.86552,0.84556,0.66667,-52.23264,-0.64377,-20.08525,17.72295,23.52017,14.00555,72.40821,345.57908,5.18787,-0.03011,8.26763,44.79567,1.17415,2.08653,1.25992,0.46614,0.26037,2.41438,0.7814,0.81022,0.83532,0.47376,1.94656,0.48391,0.19755,1.90067,1.15922,2026-09-29,False,,,,,,,,,,,,0.61245,4.8583
PENGD,Consumer Non-Durables,6.8,22089487.95447,44.83349,0.69696,0.27029,73.76726,55.52847,101.70487,107.8,-6.09513,0.5284,0.2022,NEUTRAL,prior-research-2026-09-29+NEUTRAL,True,-0.11062,0.45183,0.33333,-44.83349,-0.69696,-54.81728,16.91061,-2.72607,-10.0714,420.97068,250.65818,-5.62855,-0.21193,0.0,-3.14972,0.33224,-0.27194,-0.69671,0.25573,0.20606,-0.2248,-0.58735,-0.21016,-0.73399,1.49604,0.57378,-0.83908,0.2447,-0.73703,0.06119,2026-09-29,False,,,,,,,,,,,,0.54903,2.68757
PENTA,Distribution Services,9.73,19256141.67234,38.64974,0.80683,0.45106,89.54635,58.09547,105.03401,107.8,-2.76599,0.5469,0.2037,NEUTRAL,prior-research-2026-09-29+NEUTRAL,False,-12.87129,0.5754,0.41667,-38.64974,-0.80683,-42.69663,16.77334,2.221,2.48212,123.37542,929.92606,3.13777,-0.32986,0.0,-0.43139,0.00631,0.57732,0.03777,1.17479,-0.36777,0.60648,-0.40823,-0.05134,0.22208,0.53926,1.00498,-0.10798,0.11497,-0.43794,0.17918,2026-09-29,False,,,,,,,,,,,,0.64491,1.84473
PETKM,Process Industries,19.44,1733277402.30368,53.15153,0.74923,-0.31791,20.9073,54.15747,99.92682,107.8,-7.87318,0.4548,0.1857,NEUTRAL,prior-research-2026-09-29+NEUTRAL,True,3.93783,0.71629,0.5,-53.15153,-0.74923,-32.01916,21.27328,-3.27339,-4.65018,154.37504,225.20538,-6.28825,-0.74546,0.0,16.41749,0.26552,0.89444,0.69382,-0.1051,0.20207,0.87943,2.33499,-0.24204,-0.37084,0.33478,0.75297,-0.74137,-0.82241,-0.49899,0.73428,2026-09-29,False,,,,,,,,,,,,0.45887,9.97281
PETUN,Consumer Non-Durables,10.07,15208038.19674,34.11538,0.64385,0.73614,98.81657,128.52047,196.36819,107.8,88.56819,0.5956,0.1953,NEUTRAL,prior-research-2026-09-29+NEUTRAL,False,-8.30131,0.66689,0.41667,-34.11538,-0.64385,-33.31055,16.53733,2.66608,8.34048,372.46734,384.20847,8.52201,-0.36699,2.43297,0.53353,0.01219,0.7817,-0.0689,1.33872,0.51208,0.95819,-0.92107,0.15638,0.71193,1.30902,1.06414,0.29893,-0.08742,1.08333,0.20226,2026-09-29,False,,,,,,,,,,,,0.67917,5.04274
PGSUS,Transportation,142.39999,1594762428.09409,32.38842,0.97366,0.12629,59.96055,57.75347,104.59047,107.8,-3.20953,0.5026,0.1887,NEUTRAL,prior-research-2026-09-29+NEUTRAL,True,-34.40429,0.63543,0.33333,-32.38842,-0.97366,-36.45694,21.18999,-1.23886,-1.82507,158.90023,239.58318,4.04317,-2.26383,0.0,-0.15247,-1.28973,0.05939,-0.96471,1.50839,-0.96909,0.25429,1.05941,-0.62948,-0.67157,0.37376,0.83591,-0.62522,-0.98639,-0.72139,0.12615,2026-09-29,False,,,,,,,,,,,,0.54392,4.083
PINSU,Consumer Non-Durables,8.91,23640299.78765,36.40825,0.35926,0.15112,61.93294,57.75347,104.59047,107.8,-3.20953,0.5026,0.1887,NEUTRAL,prior-research-2026-09-29+NEUTRAL,False,-4.29339,0.60366,0.33333,-36.40825,-0.35926,-40.44716,16.97846,5.14548,5.32463,124.04972,115.50775,6.22618,-0.22917,0.0,-3.48082,0.15978,0.42126,-0.69671,0.9559,1.69474,0.494,-0.48202,0.38253,0.38781,-0.04311,-0.15121,0.13619,0.20714,-0.73703,0.05076,2026-09-29,False,,,,,,,,,,,,0.53224,2.67063
PKART,Commercial Services,82.05,52298948.84631,73.84954,0.90177,-0.2186,27.41617,54.15747,99.92682,107.8,-7.87318,0.4548,0.1857,NEUTRAL,prior-research-2026-09-29+NEUTRAL,False,46.452,0.47128,0.5,-73.84954,-0.90177,-52.87191,17.77249,20.30927,5.5122,32.75803,140.13696,8.13726,-0.0,0.0,19.43077,0.93096,0.18532,0.20709,-0.84943,-1.12357,0.21968,0.84401,0.66133,0.07164,-0.30554,1.01065,0.7414,1.27636,-0.9626,0.655,2026-09-29,False,,,,,,,,,,,,0.49816,3.30912
PKENT,Consumer Services,92.75,15536667.66094,33.65378,0.62071,-0.20124,28.00789,54.15747,99.92682,107.8,-7.87318,0.4548,0.1857,NEUTRAL,prior-research-2026-09-29+NEUTRAL,False,-44.6696,0.3031,0.33333,-33.65378,-0.62071,-69.68954,16.55871,11.53425,6.52203,2.02548,57.97166,2.81768,-0.00014,0.0,-9.9788,-0.87504,-0.96833,-0.59813,1.45685,0.59706,-0.87623,-0.97842,1.03524,0.70301,-3.0,-0.00533,0.49816,1.1667,-0.45994,-0.45788,2026-09-29,False,,,,,,,,,,,,0.48813,1.46771
PLTUR,Transportation,15.03,27067213.68637,43.5451,0.72517,0.49594,91.3215,63.77347,112.39781,107.8,4.59781,0.5944,0.1938,NEUTRAL,prior-research-2026-09-29+NEUTRAL,False,-16.41923,0.57137,0.5,-43.5451,-0.72517,-42.86345,17.11383,6.15334,14.71686,281.48761,238.22894,16.09052,-0.2549,6.5786,13.73963,-0.62066,-0.27312,0.28333,0.30635,0.34484,-0.14196,-1.27544,-0.07423,0.73993,1.14023,0.82819,0.22569,0.69223,1.93595,0.60054,2026-09-29,False,,,,,,,,,,,,0.62686,3.12501
PNLSN,Non-Energy Minerals,31.84,33386322.6989,45.00852,0.88766,0.3195,79.0927,55.52847,101.70487,107.8,-6.09513,0.5284,0.2022,NEUTRAL,prior-research-2026-09-29+NEUTRAL,False,-0.38565,0.59442,0.41667,-45.00852,-0.88766,-40.55759,17.32366,8.83172,11.13995,148.32183,143.90514,11.09069,-0.10866,2.16065,-0.90469,-0.04659,0.20602,-0.28003,0.19655,-0.23975,0.33984,-0.62746,0.83412,1.1398,0.37024,0.27875,0.55488,0.39763,0.97232,0.1652,2026-09-29,False,,,,,,,,,,,,0.60333,2.64076
PNSUT,Consumer Non-Durables,10.15,20781571.25799,47.89639,0.69195,0.53156,92.30769,63.77347,112.39781,107.8,4.59781,0.5944,0.1938,NEUTRAL,prior-research-2026-09-29+NEUTRAL,True,-17.72505,0.56736,0.41667,-47.89639,-0.69195,-43.87926,16.84958,-8.96119,-31.48797,390.68317,476.20951,-0.40865,-0.56119,0.0,-26.60198,-0.30962,0.2443,-0.0689,0.05695,0.22875,0.27424,-0.62186,-0.66528,-1.38691,1.36612,1.18814,-0.52457,-0.44646,-0.73703,-0.85651,2026-09-29,False,,,,,,,,,,,,0.61346,9.53654
POLHO,Process Industries,18.43,40757440.14132,42.32039,0.76767,0.0891,56.80473,57.75347,104.59047,107.8,-3.20953,0.5026,0.1887,NEUTRAL,prior-research-2026-09-29+NEUTRAL,True,1.01946,0.78226,0.33333,-42.32039,-0.76767,-28.86932,17.52315,-12.97618,-17.10904,105.15429,46.01538,-2.10212,-0.15997,0.0,-28.44441,0.18806,1.19616,-0.55422,0.57115,0.08874,1.05408,0.33777,-0.75481,-0.9915,-0.06136,-0.59862,-0.49616,0.20741,-0.49899,-0.90113,2026-09-29,False,,,,,,,,,,,,0.48558,9.12653
POLTK,Process Industries,2987.5,24208191.25,45.19551,0.71739,-0.83947,2.95858,54.15747,99.92682,107.8,-7.87318,0.4548,0.1857,NEUTRAL,prior-research-2026-09-29+NEUTRAL,True,-41.72462,0.24249,0.25,-45.19551,-0.71739,-75.75081,17.0022,-18.81343,-0.52174,3.16295,9.69503,3.85377,-0.1017,0.0,29.39477,-1.27045,-1.41082,-1.19561,0.38912,0.37215,-1.44514,-0.12876,-1.01621,-0.06625,-2.90284,-1.67046,0.02544,0.41119,-0.49899,1.13002,2026-09-29,False,,,,,,,,,,,,0.36759,2.18613
PRDGS,Finance,3.85,43628911.64769,62.65372,0.95997,-0.15305,32.34714,54.15747,99.92682,107.8,-7.87318,0.4548,0.1857,NEUTRAL,prior-research-2026-09-29+NEUTRAL,False,17.3913,0.41398,0.41667,-62.65372,-0.95997,-58.60215,17.59123,16.51284,53.03172,392.83848,15.78581,339.07255,-0.0,0.0,105.84398,0.42992,-0.6775,-0.28555,-0.91588,-0.85229,-0.64159,-0.07742,0.52963,1.72562,1.15714,-0.90501,2.08891,1.88426,-0.95992,1.48578,2026-09-29,False,,,,,,,,,,,,0.49538,1.41243
PRKAB,Producer Manufacturing,24.5,18570221.63276,51.28652,1.26113,0.03176,49.30966,54.15747,99.92682,107.8,-7.87318,0.4548,0.1857,NEUTRAL,prior-research-2026-09-29+NEUTRAL,True,-8.37759,0.37926,0.25,-51.28652,-1.26113,-62.0743,16.73707,-50.90291,-7.80774,14.29917,359.13112,2.0189,-0.05411,0.0,3.64561,-0.03186,-0.43264,-1.13674,0.13445,-1.99755,-0.42834,-0.86792,-1.78717,-0.38768,-1.75132,1.2276,-0.37644,0.91998,-0.45352,0.05301,2026-09-29,False,,,,,,,,,,,,0.47313,10.0
PRKME,Non-Energy Minerals,13.81,48692016.83877,59.38413,1.10668,0.0817,55.6213,57.75347,104.59047,107.8,-3.20953,0.5026,0.1887,NEUTRAL,prior-research-2026-09-29+NEUTRAL,True,6.55022,0.54932,0.41667,-59.38413,-1.10668,-45.06762,17.70103,-12.94221,-30.51073,257.28122,24.58733,-12.92814,-0.0,0.0,-54.91826,0.14045,-0.05083,-0.28003,-0.67812,-1.23847,0.05921,-0.25954,-0.62564,-1.15009,1.06404,-1.07414,-1.07097,1.97838,-0.78904,-1.42259,2026-09-29,False,,,,,,,,,,,,0.49565,4.83252
PSDTC,Process Industries,94.6,44336772.73494,71.32326,0.45061,-0.75712,4.73373,54.15747,99.92682,107.8,-7.87318,0.4548,0.1857,NEUTRAL,prior-research-2026-09-29+NEUTRAL,False,6.4563,0.5119,0.41667,-71.32326,-0.45061,-53.4632,17.60732,12.6676,4.05896,36.5939,13.74219,1.0464,-0.40879,1.81051,156.83092,0.3285,-0.10188,0.07359,-1.2406,1.52075,-0.28123,0.41646,0.8872,0.27828,-1.17524,-1.43472,-0.32193,-0.33162,1.16904,1.75853,2026-09-29,False,,,,,,,,,,,,0.34781,10.0
PSGYO,Finance,1.6,426544429.42542,72.478,0.93121,-0.37054,18.14596,54.15747,99.92682,107.8,-7.87318,0.4548,0.1857,NEUTRAL,prior-research-2026-09-29+NEUTRAL,False,-0.50541,0.39914,0.5,-72.478,-0.93121,-60.08603,19.87123,7.94953,25.0979,380.9784,11.08944,-20.55185,-0.39798,0.63688,-22.85604,0.04553,-0.76157,0.33469,-1.56251,-0.75361,-0.7354,1.29625,0.10388,0.98283,1.09892,-1.09362,-2.22594,-0.38264,0.30425,-0.92032,2026-09-29,False,,,,,,,,,,,,0.45126,3.70371
QUAGR,Non-Energy Minerals,2.02,134828147.29143,66.34433,1.23573,-0.10383,36.09467,54.15747,99.92682,107.8,-7.87318,0.4548,0.1857,NEUTRAL,prior-research-2026-09-29+NEUTRAL,True,-64.93936,0.2057,0.41667,-66.34433,-1.23573,-79.42973,18.71951,-10.75839,-19.94776,210.98549,188.21528,6.0921,-0.47993,0.0,-8.16344,-2.09945,-1.69518,-0.28003,-1.08468,-1.70901,-1.609,0.44925,-0.58028,-0.91824,0.76281,0.57701,0.19679,-0.43955,-0.78904,-0.10757,2026-09-29,False,,,,,,,,,,,,0.47435,7.28156
RALYH,Industrial Services,94.8,510729077.50384,89.27342,0.75661,-0.72719,5.71992,54.15747,99.92682,107.8,-7.87318,0.4548,0.1857,NEUTRAL,prior-research-2026-09-29+NEUTRAL,False,65.90214,0.24449,0.58333,-89.27342,-0.75661,-75.55126,20.05135,39.08937,8.11098,29.6576,26.88906,16.48078,-0.50648,0.0,39.20453,0.53665,-1.64867,0.66083,-1.5584,0.11839,-1.52521,0.67208,1.6047,0.70551,-0.86082,-0.25657,0.61147,-0.83916,-0.39604,1.03658,2026-09-29,False,,,,,,,,,,,,0.36654,5.85366
RAYSG,Finance,124.8,19076775.59982,36.1136,0.82197,0.05779,52.46548,57.75347,104.59047,107.8,-3.20953,0.5026,0.1887,NEUTRAL,prior-research-2026-09-29+NEUTRAL,False,-34.76431,0.4584,0.33333,-36.1136,-0.82197,-54.15978,16.76398,41.69461,17.25459,51.663,164.63244,20.01278,-0.00212,0.0,26.96567,-1.16405,-0.4813,-0.91335,0.91615,-0.1461,-0.47588,-0.88265,1.42681,0.70983,-1.24276,0.91568,0.11188,1.26182,-0.95992,0.94419,2026-09-29,False,,,,,,,,,,,,0.51552,4.70199
REEDR,Technology Services,3.47,86014423.52345,53.29613,0.98775,0.18088,63.90533,57.75347,104.59047,107.8,-3.20953,0.5026,0.1887,NEUTRAL,prior-research-2026-09-29+NEUTRAL,True,-45.08119,0.32985,0.25,-53.29613,-0.98775,-67.01521,18.27003,-13.04589,-31.46432,266.36431,50.83118,-16.37596,-0.04368,0.0,-70.21513,-1.47507,-1.00205,-1.30912,0.21789,-0.4004,-1.03208,0.12386,-1.28438,-1.52253,1.53695,0.08243,-1.51839,0.26411,-0.39583,-1.79757,2026-09-29,False,,,,,,,,,,,,0.5407,1.32575
RGYAS,Finance,190.3,313548666.88069,32.39569,0.50243,0.1368,60.55227,57.75347,104.59047,107.8,-3.20953,0.5026,0.1887,NEUTRAL,prior-research-2026-09-29+NEUTRAL,False,41.39697,0.88347,0.66667,-32.39569,-0.50243,-18.8691,19.56347,14.66797,31.63347,261.34865,25.88708,65.17866,-0.20576,0.86147,25.23121,0.77197,1.76905,1.38752,1.39988,1.37249,2.04332,1.09104,0.45446,1.13962,0.66177,-0.563,0.97821,0.02015,0.37131,0.85244,2026-09-29,False,,,,,,,,,,,,0.54001,5.04202
RNPOL,Producer Manufacturing,1.85,6590842.10876,58.07588,0.77654,0.45988,89.94083,58.09547,105.03401,107.8,-2.76599,0.5469,0.2037,NEUTRAL,prior-research-2026-09-29+NEUTRAL,False,38.20225,0.57994,0.5,-58.07588,-0.77654,-42.00627,15.70119,7.02699,6.88989,115.388,187.25374,9.57004,-1.22808,0.0,73.15008,0.93994,0.55811,0.75268,-0.29105,0.21494,0.59476,-1.79166,0.48779,0.77697,0.33639,0.51346,0.35538,-1.00462,-0.45352,1.28646,2026-09-29,False,,,,,,,,,,,,0.60513,6.82927
RODRG,Consumer Non-Durables,16.59,5329131.63724,66.00475,0.35996,-0.1618,31.36095,54.15747,99.92682,107.8,-7.87318,0.4548,0.1857,NEUTRAL,prior-research-2026-09-29+NEUTRAL,False,11.59052,0.51747,0.41667,-66.00475,-0.35996,-48.25328,15.4887,19.99687,2.81692,17.02469,17.8801,-13.44549,-0.18096,0.0,-37.63366,0.57325,0.00014,-0.0689,-1.02841,1.66455,0.06598,-1.8194,1.17607,0.17524,-2.04918,-1.57876,-1.15932,0.32039,-0.73703,-1.12795,2026-09-29,False,,,,,,,,,,,,0.46983,6.5625
RTALB,Health Technology,1.88,52745001.51591,57.9536,0.87172,-0.04881,40.43393,54.15747,99.92682,107.8,-7.87318,0.4548,0.1857,NEUTRAL,prior-research-2026-09-29+NEUTRAL,False,-35.36036,0.39915,0.25,-57.9536,-0.87172,-60.08493,17.78098,13.56108,35.2147,317.04545,27.53735,-7.60031,-0.01236,0.0,19.30477,-0.88456,-0.39796,-1.13087,-0.53369,-0.79257,-0.29441,0.33186,0.81855,1.98132,1.04869,-0.66974,-0.60069,0.78365,-0.52937,0.74677,2026-09-29,False,,,,,,,,,,,,0.47481,9.78261
RUBNS,Process Industries,16.29,59017841.62094,70.13893,0.53132,-0.23853,25.83826,54.15747,99.92682,107.8,-7.87318,0.4548,0.1857,NEUTRAL,prior-research-2026-09-29+NEUTRAL,True,47.46543,0.34223,0.5,-70.13893,-0.53132,-65.77731,17.89335,-0.61429,-2.06461,421.2044,182.54428,46.02802,-0.08757,0.0,20.39015,0.97059,-0.89181,0.69382,-1.12348,1.16946,-0.90276,0.69394,-0.03197,-0.19835,1.64353,0.55246,1.69912,0.4827,-0.49899,0.87622,2026-09-29,False,,,,,,,,,,,,0.46888,4.3248
RUZYE,Process Industries,4.66,44040056.40999,60.24731,1.01996,-0.46255,12.82051,54.15747,99.92682,107.8,-7.87318,0.4548,0.1857,NEUTRAL,prior-research-2026-09-29+NEUTRAL,True,-29.68111,0.29456,0.41667,-60.24731,-1.01996,-70.54362,17.60061,-7.88033,-9.3,127.9192,20.42645,-37.36558,-0.20542,0.0,9.78857,-0.83285,-1.13359,0.07359,-0.53979,-1.16677,-1.14364,0.41123,-0.54749,-0.6938,0.10745,-1.19159,-1.57184,0.10406,-0.49899,0.53382,2026-09-29,False,,,,,,,,,,,,0.39244,9.92823
RYGYO,Finance,49.3,108249348.27145,45.53433,0.50774,-0.17688,30.17751,54.15747,99.92682,107.8,-7.87318,0.4548,0.1857,NEUTRAL,prior-research-2026-09-29+NEUTRAL,False,130.90909,0.97047,0.66667,-45.53433,-0.50774,-19.39967,18.49995,21.6976,18.24385,106.18701,20.32636,97.1527,-0.13695,0.0,600.58587,1.5988,2.2319,1.38752,0.11766,1.32608,1.9158,0.63476,0.74255,0.74366,-0.40416,-0.72971,1.58926,0.18981,-0.95992,2.16013,2026-09-29,False,,,,,,,,,,,,0.48568,8.52352
RYSAS,Transportation,25.22,238452751.35037,61.097,0.26961,-0.24589,25.24655,54.15747,99.92682,107.8,-7.87318,0.4548,0.1857,NEUTRAL,prior-research-2026-09-29+NEUTRAL,False,91.10816,0.83289,0.66667,-61.097,-0.26961,-27.64406,19.28968,12.83109,6.05495,59.17182,26.99128,33.32499,-0.57227,0.0,-13.29761,1.12122,1.06337,1.33616,-0.7288,2.34921,0.76651,0.27403,0.34587,-0.05709,-0.75324,-0.9555,0.8782,0.12784,-0.72139,-0.48183,2026-09-29,False,,,,,,,,,,,,0.42568,10.0
SAFKR,Producer Manufacturing,11.1,59173491.10076,49.24193,0.51946,-0.31218,21.49901,54.15747,99.92682,107.8,-7.87318,0.4548,0.1857,NEUTRAL,prior-research-2026-09-29+NEUTRAL,False,-14.76733,0.3637,0.25,-49.24193,-0.51946,-64.54784,17.89598,11.80439,6.1945,60.27557,117.92329,14.23855,-0.05891,0.0,47.10811,-0.21591,-0.50849,-1.13674,0.27698,1.39809,-0.54368,0.25848,0.78753,0.66629,-0.39118,0.10158,0.64869,0.8807,-0.45352,1.14305,2026-09-29,False,,,,,,,,,,,,0.47868,4.47761
SAHOL,Finance,86.8,2960263282.01086,36.87547,1.23229,0.26117,72.9783,55.52847,101.70487,107.8,-6.09513,0.5284,0.2022,NEUTRAL,prior-research-2026-09-29+NEUTRAL,False,12.26712,0.78325,0.5,-36.87547,-1.23229,-25.73516,21.80854,5.37075,10.83659,229.4734,684.30094,7.13581,-2.59882,1.62853,-11.50171,0.31272,1.03583,0.33469,0.80567,-1.89931,1.16902,2.04889,-0.08411,0.2921,0.43764,2.22622,-0.6602,-1.85191,0.59447,-0.47913,2026-09-29,False,,,,,,,,,,,,0.56974,7.4733
SAMAT,Commercial Services,3.86,5342921.24481,59.74109,0.64439,0.6341,96.4497,128.52047,196.36819,107.8,88.56819,0.5956,0.1953,NEUTRAL,prior-research-2026-09-29+NEUTRAL,False,-17.88991,0.4819,0.41667,-59.74109,-0.64439,-51.81024,15.49128,22.955,32.85198,176.61973,9.58595,-39.64534,-0.00134,0.0,-97.28383,-0.52267,0.22715,-0.41314,-0.001,0.24686,0.25604,-1.20295,0.78892,1.49487,1.49237,-0.9691,-1.29726,0.71947,-0.9626,-2.36114,2026-09-29,False,,,,,,,,,,,,0.61545,9.87951
SANEL,Producer Manufacturing,35.12,19171774.75,88.24679,0.27804,-0.23227,26.62722,54.15747,99.92682,107.8,-7.87318,0.4548,0.1857,NEUTRAL,prior-research-2026-09-29+NEUTRAL,False,93.14382,0.40885,0.41667,-88.24679,-0.27804,-59.11525,16.76895,105.87968,29.54332,45.19744,60.52238,28.38955,-0.03661,0.0,-0.60256,1.51747,-0.24395,0.13245,-1.78279,2.38266,-0.24423,-0.83047,2.54593,1.93616,-0.71579,-0.46008,1.21796,1.06595,-0.45352,-0.08393,2026-09-29,False,,,,,,,,,,,,0.44243,5.88808
SANFM,Process Industries,3.91,51191784.01534,69.35958,0.67341,-0.57707,7.88955,54.15747,99.92682,107.8,-7.87318,0.4548,0.1857,NEUTRAL,prior-research-2026-09-29+NEUTRAL,False,40.22426,0.33882,0.58333,-69.35958,-0.67341,-66.11785,17.75109,2.93189,1.22032,52.40395,89.90666,1.18931,-1.05566,1.02302,17.6273,0.85231,-0.89954,1.21683,-1.07504,0.60154,-0.91022,0.53642,0.21878,0.0417,-0.8673,-0.10144,-0.29647,-1.17947,0.88578,0.76025,2026-09-29,False,,,,,,,,,,,,0.39485,2.33546
SANKO,Process Industries,18.13,7160200.10445,38.4523,0.57939,0.58065,94.87179,63.77347,112.39781,107.8,4.59781,0.5944,0.1938,NEUTRAL,prior-research-2026-09-29+NEUTRAL,True,-17.60869,0.71603,0.33333,-38.4523,-0.57939,-29.38389,15.78405,-8.02926,-6.88013,95.10144,195.52195,5.815,-0.0,0.0,-56.25465,-0.468,0.88732,-0.55422,0.89107,1.04091,1.0285,-1.21651,-0.58111,-0.4994,-0.18316,0.62572,0.20011,1.96278,-0.49899,-1.47665,2026-09-29,False,,,,,,,,,,,,0.62068,4.25056
SARKY,Producer Manufacturing,20.16,106912891.33474,53.52878,1.38065,-0.1052,35.89744,54.15747,99.92682,107.8,-7.87318,0.4548,0.1857,NEUTRAL,prior-research-2026-09-29+NEUTRAL,False,72.75555,0.39511,0.5,-53.52878,-1.38065,-60.52785,18.48752,2.28295,1.35341,66.62401,485.23182,2.41578,-0.96988,1.7507,24.40876,1.32243,-0.3544,0.75268,-0.01467,-2.39038,-0.35841,0.65972,0.12229,0.24587,-0.24039,1.43169,-0.30372,-0.81714,1.17871,0.74762,2026-09-29,False,,,,,,,,,,,,0.47179,9.02318
SASA,Process Industries,1.88,0.0,62.65336,1.29293,0.67019,97.63314,128.52047,196.36819,107.8,88.56819,0.5956,0.1953,NEUTRAL,prior-research-2026-09-29+NEUTRAL,True,-27.01864,0.53107,0.33333,-62.65336,-1.29293,-46.89265,0.0,-7.49333,-12.28106,220.22581,67.60689,4.54737,-0.72644,0.0,13.81665,-0.77683,-0.00498,-0.55422,-0.65916,-2.20082,0.00587,-2.76735,-0.51459,-0.79018,0.7287,-0.32578,0.09913,-0.80863,-0.49899,0.67114,2026-09-29,False,,,,,,,,,,,,0.60061,9.96016
SAYAS,Producer Manufacturing,40.6,89904707.81047,63.19302,0.74849,-0.1846,29.19132,54.15747,99.92682,107.8,-7.87318,0.4548,0.1857,NEUTRAL,prior-research-2026-09-29+NEUTRAL,False,5.36852,0.60642,0.41667,-63.19302,-0.74849,-39.35773,18.31426,14.89675,6.18029,51.05874,82.52102,17.83398,-0.19823,0.0,17.10319,0.43811,0.66876,0.13245,-0.58215,0.36411,0.72985,0.52857,0.927,0.66059,-0.58037,-0.23349,0.80663,0.38241,-0.45352,0.50811,2026-09-29,False,,,,,,,,,,,,0.47768,3.81395
SDTTR,Electronic Technology,15.4,176943491.74632,56.84551,0.50509,-0.25509,24.45759,54.15747,99.92682,107.8,-7.87318,0.4548,0.1857,NEUTRAL,prior-research-2026-09-29+NEUTRAL,False,24.636,0.58819,0.58333,-56.84551,-0.50509,-41.18056,18.99134,4.75838,1.19966,29.18407,26.07435,11.40964,-0.28728,0.10096,21.34395,0.20612,0.33937,0.56411,0.14786,1.83854,0.3421,-0.00377,-0.00428,-0.27027,-0.71936,-0.81875,-0.02032,0.18929,0.91887,0.46699,2026-09-29,False,,,,,,,,,,,,0.4583,5.9804
SEGMN,Consumer Non-Durables,21.96,57326858.11433,72.30531,1.25718,-0.42325,14.7929,54.15747,99.92682,107.8,-7.87318,0.4548,0.1857,NEUTRAL,prior-research-2026-09-29+NEUTRAL,False,109.32277,0.3162,0.5,-72.30531,-1.25718,-68.38013,17.86428,1.29919,1.56289,164.37107,82.69489,7.21096,-0.0372,2.79028,17.1753,1.65631,-0.9529,0.55133,-1.4251,-2.36123,-0.91784,0.36351,0.03939,0.06798,0.32484,-0.44107,0.20328,0.94787,1.16616,0.74316,2026-09-29,False,,,,,,,,,,,,0.4407,3.35622
SEGYO,Finance,2.77,13420007.83577,43.54279,0.69135,-0.06663,39.64497,54.15747,99.92682,107.8,-7.87318,0.4548,0.1857,NEUTRAL,prior-research-2026-09-29+NEUTRAL,True,-14.73214,0.4242,0.33333,-43.54279,-0.69135,-58.95865,16.41226,-23.02806,-70.18092,306.1364,19.02786,-215.29049,-0.0463,0.0,31.69868,-0.44814,-0.63111,-0.91335,0.22011,0.52466,-0.65883,-1.28471,-1.64609,-2.46946,0.92401,-0.76827,-3.0,0.61558,-0.95992,0.98881,2026-09-29,False,,,,,,,,,,,,0.47448,9.70149
SEKUR,Process Industries,3.2,14349147.83597,84.50302,0.84802,-0.17938,29.5858,54.15747,99.92682,107.8,-7.87318,0.4548,0.1857,NEUTRAL,prior-research-2026-09-29+NEUTRAL,False,221.77372,0.24634,0.66667,-84.50302,-0.84802,-75.36567,16.4792,4.41466,3.82051,91.18722,325.62145,9.1838,-1.85931,0.0,7.87988,2.10697,-1.38355,1.74665,-1.72728,-0.34446,-1.41841,-0.72687,0.30432,0.2566,-0.24211,1.1176,0.48673,-1.57033,-0.49899,0.43207,2026-09-29,False,,,,,,,,,,,,0.45952,9.94975
SELVA,Consumer Non-Durables,1.12,33630589.94033,51.73856,0.84254,-0.0843,37.86982,54.15747,99.92682,107.8,-7.87318,0.4548,0.1857,NEUTRAL,prior-research-2026-09-29+NEUTRAL,True,-49.07976,0.26667,0.25,-51.73856,-0.84254,-73.33333,17.33095,-35.52672,-71.82599,218.68584,183.15892,1.59441,-0.34819,0.0,6.28039,-1.31972,-1.18786,-1.33809,-0.17247,-0.57772,-1.13893,-0.18699,-1.50391,-1.86812,0.58583,0.28054,-0.40224,-0.05496,-0.73703,0.36219,2026-09-29,False,,,,,,,,,,,,0.49588,2.58065
SERNT,Producer Manufacturing,5.06,34028273.89418,59.51299,0.75398,0.20301,65.87771,57.75347,104.59047,107.8,-3.20953,0.5026,0.1887,NEUTRAL,prior-research-2026-09-29+NEUTRAL,False,-24.85822,0.44464,0.25,-59.51299,-0.75398,-55.53603,17.3427,,,207.289,,,-1.35037,0.0,,-0.55455,-0.08959,-1.13674,-0.36082,0.33297,-0.10886,-0.30722,0.0,0.0,0.99293,0.0,0.0,-1.1262,-0.45352,0.0,2026-09-29,False,,,,,,,,,,,,0.49876,1.91617
SEYKM,Health Technology,2.46,6696466.62906,56.48375,0.47839,0.16834,63.11637,57.75347,104.59047,107.8,-3.20953,0.5026,0.1887,NEUTRAL,prior-research-2026-09-29+NEUTRAL,False,-30.73323,0.35912,0.25,-56.48375,-0.47839,-64.08759,15.71709,1.97244,2.05161,123.26695,56.62285,-3.32058,-0.00019,0.0,-15.47441,-0.67182,-0.62247,-1.13087,-0.43921,1.10035,-0.51264,-1.53451,0.02527,0.20469,-0.16431,-0.16564,-0.42216,1.09128,-0.52937,-0.57649,2026-09-29,False,,,,,,,,,,,,0.47681,5.54217
SISE,Consumer Durables,38.22,1919648983.69904,42.46611,1.25062,0.07212,54.43787,57.75347,104.59047,107.8,-3.20953,0.5026,0.1887,NEUTRAL,prior-research-2026-09-29+NEUTRAL,False,13.63232,0.73957,0.5,-42.46611,-1.25062,-26.23603,21.37541,4.44659,9.56911,239.00932,207.16403,-1.03554,-0.63551,1.53746,-8.21014,0.62929,0.83233,0.95175,0.11979,-1.70208,1.1325,1.64398,0.8789,1.41645,1.03562,-0.03726,-0.12969,0.35763,0.51374,-0.21889,2026-09-29,False,,,,,,,,,,,,0.51947,9.9856
SKBNK,Finance,5.19,649212694.67914,74.81406,1.012,-0.33242,20.11834,54.15747,99.92682,107.8,-7.87318,0.4548,0.1857,NEUTRAL,prior-research-2026-09-29+NEUTRAL,False,-7.22736,0.26439,0.66667,-74.81406,-1.012,-73.81559,20.29127,16.26301,24.67734,171.32812,418.03038,16.11012,-4.09909,1.23314,14.31473,-0.19786,-1.43019,1.38752,-1.64167,-1.07033,-1.42827,1.46585,0.51423,0.95227,0.142,1.85318,-0.07764,-2.14899,0.47183,0.51804,2026-09-29,False,,,,,,,,,,,,0.46309,8.48
SKTAS,Process Industries,2.3,36646303.9631,60.65268,0.9658,0.07465,55.02959,57.75347,104.59047,107.8,-3.20953,0.5026,0.1887,NEUTRAL,prior-research-2026-09-29+NEUTRAL,True,-40.0,0.39655,0.25,-60.65268,-0.9658,-60.51724,17.41682,-4.33754,-8.35738,232.53114,169.59332,-2.43381,-0.37023,0.0,-14.61373,-1.18024,-0.62903,-1.19561,-0.55195,-0.91541,-0.6532,0.22602,-0.31727,-0.60368,0.83413,0.48189,-0.53181,-0.26046,-0.49899,-0.44697,2026-09-29,False,,,,,,,,,,,,0.48607,7.69231
SKYMD,Finance,19.14,40681677.4971,57.96517,0.41703,0.06329,53.45168,57.75347,104.59047,107.8,-3.20953,0.5026,0.1887,NEUTRAL,prior-research-2026-09-29+NEUTRAL,True,1.3986,1.0,0.5,-57.96517,-0.41703,-22.33749,17.52129,-19.08512,-7.1047,39.8974,35.85155,27.2428,-0.83322,0.0,-12.71037,0.09668,2.70061,0.33469,-0.66689,1.73748,1.5476,-0.15092,-1.56079,-1.18866,-1.48138,-0.31675,0.35751,-1.00881,-0.95992,-0.54758,2026-09-29,False,,,,,,,,,,,,0.454,10.0
SMART,Technology Services,15.5,22965984.13087,62.74335,1.07754,0.24586,71.99211,55.52847,101.70487,107.8,-6.09513,0.5284,0.2022,NEUTRAL,prior-research-2026-09-29+NEUTRAL,True,-5.30547,0.37805,0.41667,-62.74335,-1.07754,-62.19512,16.94952,-7.29784,-6.90223,105.53762,33.92043,-13.60705,-0.43741,0.0,-57.87426,-0.13195,-0.79643,-0.03993,-0.33896,-0.85421,-0.80271,-1.04842,-0.99629,-0.66688,0.43984,-0.26078,-1.41013,-0.83652,-0.39583,-1.61237,2026-09-29,False,,,,,,,,,,,,0.5017,2.99824
SMRTG,Electronic Technology,4.92,216149264.89331,70.16061,1.02898,0.02457,48.71795,54.15747,99.92682,107.8,-7.87318,0.4548,0.1857,NEUTRAL,prior-research-2026-09-29+NEUTRAL,False,12.30937,0.37934,0.41667,-70.16061,-1.02898,-62.22051,19.19148,4.03965,2.02073,60.85771,141.79298,14.70481,-3.11537,0.0,-18.06236,0.01841,-0.67598,-0.57913,-0.64718,-0.71731,-0.73252,0.10737,-0.11225,-0.19518,0.02293,0.48948,0.14684,-1.57576,-0.19518,-1.03024,2026-09-29,False,,,,,,,,,,,,0.47335,10.0
SMRVA,Commercial Services,6.74,88017924.64896,72.44696,0.70528,-0.41564,15.18738,54.15747,99.92682,107.8,-7.87318,0.4548,0.1857,NEUTRAL,prior-research-2026-09-29+NEUTRAL,False,-78.95931,0.06849,0.33333,-72.44696,-0.70528,-93.15136,18.29305,,,62.83319,,,-0.6774,2.79254,,-2.43722,-1.89861,-1.04095,-0.78519,-0.08047,-1.88757,1.21649,0.0,0.0,0.32922,0.0,0.0,-1.42794,0.95132,0.0,2026-09-29,False,,,,,,,,,,,,0.42721,2.35602
SNGYO,Finance,2.66,65954584.53699,40.80206,1.09928,0.4908,90.72978,63.77347,112.39781,107.8,4.59781,0.5944,0.1938,NEUTRAL,prior-research-2026-09-29+NEUTRAL,True,-28.27004,0.50284,0.5,-40.80206,-1.09928,-50.28355,18.00448,-0.24887,-1.2935,558.51387,70.34319,33.00879,-0.14971,0.0,-80.17903,-0.90617,-0.3026,0.33469,0.45749,-1.46134,-0.29811,0.27998,-0.54026,-0.78005,1.96847,0.17963,0.55711,0.16755,-0.95992,-2.05676,2026-09-29,False,,,,,,,,,,,,0.59383,5.20446
SNICA,Producer Manufacturing,2.28,45391074.53456,54.9981,0.96259,0.32355,79.28994,55.52847,101.70487,107.8,-6.09513,0.5284,0.2022,NEUTRAL,prior-research-2026-09-29+NEUTRAL,True,-35.9841,0.4,0.33333,-54.9981,-0.96259,-60.0,17.63083,-17.47264,-49.68299,382.17105,238.05232,5.51268,-0.24074,0.0,-6.99217,-0.97177,-0.29214,-0.49536,-0.10409,-0.74372,-0.28545,-0.00352,-0.98986,-1.37153,1.7904,0.74022,0.0292,0.27513,-0.45352,-0.31921,2026-09-29,False,,,,,,,,,,,,0.54754,1.63934
SOKE,Process Industries,6.4,34318629.60761,57.54902,0.91352,-0.13292,33.72781,54.15747,99.92682,107.8,-7.87318,0.4548,0.1857,NEUTRAL,prior-research-2026-09-29+NEUTRAL,True,5.88235,0.30622,0.41667,-57.54902,-0.91352,-69.37799,17.3512,-3.67192,-6.28141,193.02905,352.11146,2.11422,-0.12084,0.0,20.8385,0.31265,-1.04923,0.07359,-0.37726,-0.68357,-1.08887,0.15537,-0.27071,-0.46183,0.58629,1.25741,-0.1913,0.33602,-0.49899,0.89777,2026-09-29,False,,,,,,,,,,,,0.49606,1.75131
SOKM,Retail Trade,56.95,263157272.60521,37.77232,0.84689,-0.12115,34.714,54.15747,99.92682,107.8,-7.87318,0.4548,0.1857,NEUTRAL,prior-research-2026-09-29+NEUTRAL,True,49.72973,0.81357,0.58333,-37.77232,-0.84689,-37.4,19.38826,-6.73875,-7.25323,122.83374,928.38411,-2.47349,-0.42062,0.0,7.51452,0.73421,0.6847,0.70141,0.40402,-0.55705,-0.08444,0.9696,-0.36514,-0.51353,0.21364,0.7334,-0.33755,-0.13011,-1.06628,0.41183,2026-09-29,False,,,,,,,,,,,,0.5117,2.88714
SONME,Process Industries,111.4,3884583.47991,40.48264,0.50642,0.02141,48.52071,54.15747,99.92682,107.8,-7.87318,0.4548,0.1857,NEUTRAL,prior-research-2026-09-29+NEUTRAL,True,0.81482,0.57158,0.25,-40.48264,-0.50642,-42.84248,15.17253,-6.37582,-3.51941,61.59117,0.74269,22.02536,-0.0,0.5944,-11.08723,0.18294,0.21397,-1.19561,0.73881,1.30804,0.24129,-1.79879,-0.43194,-0.31214,-0.66984,-2.57165,1.14494,1.96278,0.73595,-0.29743,2026-09-29,False,,,,,,,,,,,,0.49739,3.60029
SRVGY,Finance,2.07,35188346.85155,29.76816,0.83994,0.31931,78.89546,55.52847,101.70487,107.8,-6.09513,0.5284,0.2022,NEUTRAL,prior-research-2026-09-29+NEUTRAL,False,-17.46067,0.55644,0.5,-29.76816,-0.83994,-44.35562,17.37623,11.06835,44.32257,457.06493,68.1122,58.54492,-0.03451,3.71609,240.76651,-0.54148,-0.07335,0.33469,1.68904,-0.26625,-0.03377,-0.28984,0.26355,1.46821,1.45692,0.15692,0.87405,0.73662,1.12732,1.8558,2026-09-29,False,,,,,,,,,,,,0.57844,3.33334
SUNTK,Consumer Non-Durables,25.5,74627226.76019,67.44135,0.43305,-0.32546,20.51282,54.15747,99.92682,107.8,-7.87318,0.4548,0.1857,NEUTRAL,prior-research-2026-09-29+NEUTRAL,False,-23.78937,0.41872,0.25,-67.44135,-0.43305,-58.78489,18.12802,7.80746,4.69828,69.40089,107.23932,5.18716,-0.27777,4.29066,-22.82795,-0.47636,-0.42317,-1.33809,-1.13453,1.37117,-0.38014,0.50837,0.56904,0.33802,-0.68174,-0.20741,0.00195,0.079,1.46835,-0.75776,2026-09-29,False,,,,,,,,,,,,0.42476,7.17131
SURGY,Finance,20.26,131986412.39074,60.39511,0.8271,-0.90674,2.16963,54.15747,99.92682,107.8,-7.87318,0.4548,0.1857,NEUTRAL,prior-research-2026-09-29+NEUTRAL,True,-31.67972,0.24889,0.41667,-60.39511,-0.8271,-75.11057,18.69821,-5.13041,-14.63391,320.37035,2.00092,-288.24817,-0.0,0.0,3260.57161,-1.00836,-1.54018,-0.28555,-0.79604,-0.18754,-1.53641,0.69798,-0.88924,-1.57333,0.95844,-1.91372,-3.0,1.88426,-0.95992,2.51527,2026-09-29,False,,,,,,,,,,,,0.36413,1.91518
SUWEN,Retail Trade,4.99,22421902.69479,49.33535,0.68347,-0.08353,38.2643,54.15747,99.92682,107.8,-7.87318,0.4548,0.1857,NEUTRAL,prior-research-2026-09-29+NEUTRAL,True,-41.28149,0.43249,0.25,-49.33535,-0.68347,-57.01075,16.92555,-8.70167,-5.02021,59.49123,227.99426,6.25511,-1.31529,3.57858,-1.81092,-1.50833,-1.07739,-1.71103,-0.39495,0.3356,-1.09898,-0.82461,-0.52369,-0.39541,-0.58513,-0.44072,0.47979,-1.12953,0.98422,0.08702,2026-09-29,False,,,,,,,,,,,,0.43006,9.88655
TABGD,Consumer Services,214.0,176745567.5,35.78288,0.64487,-0.01888,43.78698,54.15747,99.92682,107.8,-7.87318,0.4548,0.1857,NEUTRAL,prior-research-2026-09-29+NEUTRAL,False,6.52479,0.74048,0.5,-35.78288,-0.64487,-25.95156,18.99022,12.21939,4.9946,47.05706,98.6322,8.03636,-0.28291,2.33645,17.80281,0.82969,1.07625,0.64991,1.15947,0.50715,1.49711,0.93154,1.07515,0.55581,-0.8556,0.39457,0.97298,-0.42519,1.32082,0.54678,2026-09-29,False,,,,,,,,,,,,0.54031,2.92599
TARKM,Process Industries,366.5,60913487.0,51.23212,0.7439,-0.27388,23.27416,54.15747,99.92682,107.8,-7.87318,0.4548,0.1857,NEUTRAL,prior-research-2026-09-29+NEUTRAL,False,40.0,0.61752,0.33333,-51.23212,-0.7439,-38.24768,17.92497,,,43.09518,,,-0.38309,0.0,,0.84529,0.43005,-0.55422,0.01268,0.23862,0.50777,0.72588,0.0,0.0,-1.07419,0.0,0.0,-0.27679,-0.49899,0.0,2026-09-29,False,,,,,,,,,,,,0.45516,6.0844
TATEN,Utilities,4.53,188018311.17769,68.29852,0.76054,-0.37828,17.55424,54.15747,99.92682,107.8,-7.87318,0.4548,0.1857,NEUTRAL,prior-research-2026-09-29+NEUTRAL,True,-56.84818,0.19967,0.25,-68.29852,-0.76054,-80.03306,19.05205,-3.4974,-3.52223,109.94807,56.42499,33.39294,-1.24322,0.0,-7.07748,-1.92612,-1.82558,-1.63911,-1.03033,-0.09101,-1.71119,0.41871,-0.36353,-0.35965,-0.38236,-0.07541,1.43085,-1.19759,-0.70725,0.22729,2026-09-29,False,,,,,,,,,,,,0.40258,4.93333
TATGD,Consumer Non-Durables,15.95,43073967.15534,46.25347,0.88341,0.28816,75.93688,55.52847,101.70487,107.8,-6.09513,0.5284,0.2022,NEUTRAL,prior-research-2026-09-29+NEUTRAL,False,38.70716,0.69348,0.41667,-46.25347,-0.88341,-30.65217,17.57843,9.33751,14.4539,219.51825,232.80187,7.76917,-0.46219,0.0,10.375,0.99421,0.87931,-0.0689,0.16569,-0.75942,1.11535,0.08104,0.68923,1.20695,0.59256,0.48933,0.23131,-0.27014,-0.73703,0.55298,2026-09-29,False,,,,,,,,,,,,0.59236,3.17073
TAVHL,Transportation,266.5,859944237.09842,41.13852,1.05875,-0.06967,39.25049,54.15747,99.92682,107.8,-7.87318,0.4548,0.1857,NEUTRAL,prior-research-2026-09-29+NEUTRAL,False,12.60743,0.73626,0.58333,-41.13852,-1.05875,-33.25153,20.57238,6.95027,5.47831,84.29303,96.95524,19.24295,-1.35353,0.67729,5.57233,0.19462,0.46355,0.80634,0.51261,-1.35812,0.45102,0.84259,-0.04027,-0.0908,-0.33525,-0.04759,0.38499,-0.66237,0.55014,0.26401,2026-09-29,False,,,,,,,,,,,,0.47575,8.41584
TBORG,Consumer Non-Durables,123.0,22550124.86151,34.86826,0.62571,0.18546,64.2998,57.75347,104.59047,107.8,-3.20953,0.5026,0.1887,NEUTRAL,prior-research-2026-09-29+NEUTRAL,False,-7.84202,0.62726,0.33333,-34.86826,-0.62571,-40.2691,16.93125,11.97644,7.92924,75.35695,115.84936,15.58159,-0.33383,6.49461,4.22358,0.03782,0.56291,-0.69671,1.21711,0.56723,0.5048,-0.57378,0.81765,0.67423,-0.57062,-0.13992,0.73707,-0.04417,1.89796,0.29223,2026-09-29,False,,,,,,,,,,,,0.52123,5.23394
TCELL,Communications,98.25,2716118802.28271,35.65585,1.01282,0.00777,46.54832,54.15747,99.92682,107.8,-7.87318,0.4548,0.1857,NEUTRAL,prior-research-2026-09-29+NEUTRAL,False,-3.55106,0.77059,0.5,-35.65585,-1.01282,-25.45098,21.72247,7.34276,9.06589,144.09545,125.86255,15.28823,-0.68506,3.70113,8.2069,-0.00211,1.06598,0.4758,1.17182,-1.11236,1.32733,1.99339,0.40188,0.65582,0.26709,0.29493,0.57808,-0.70642,1.4725,0.3894,2026-09-29,False,,,,,,,,,,,,0.5594,3.55092
TCKRC,Producer Manufacturing,118.0,382193812.12534,62.88096,0.77862,-0.56032,8.6785,54.15747,99.92682,107.8,-7.87318,0.4548,0.1857,NEUTRAL,prior-research-2026-09-29+NEUTRAL,False,207.50001,0.68845,0.75,-62.88096,-0.77862,-34.24737,19.76144,34.23456,9.41682,34.99434,26.59238,38.4863,-0.15658,0.0,212.45949,2.13403,1.08541,2.5262,-0.54183,0.18436,1.07483,1.2702,1.64053,1.01738,-0.87078,-1.0753,1.49854,0.49137,-0.45352,1.69255,2026-09-29,False,,,,,,,,,,,,0.39782,7.71961
TEKTU,Consumer Services,4.59,40607833.78112,57.40748,0.90491,-0.24234,25.44379,54.15747,99.92682,107.8,-7.87318,0.4548,0.1857,NEUTRAL,prior-research-2026-09-29+NEUTRAL,True,-62.32558,0.15741,0.41667,-57.40748,-0.90491,-84.25926,17.51947,-15.00222,-62.92509,447.89803,8.79178,-94.93203,-0.0,0.0,8.08955,-1.34939,-1.7392,0.02967,-0.43807,-0.8932,-1.61133,-0.05731,-0.63507,-1.57349,1.8988,-1.32541,-1.47228,1.63678,-0.45994,0.2333,2026-09-29,False,,,,,,,,,,,,0.4614,1.66205
TEZOL,Consumer Non-Durables,7.2,41563412.52502,49.02056,0.67759,0.00861,46.9428,54.15747,99.92682,107.8,-7.87318,0.4548,0.1857,NEUTRAL,prior-research-2026-09-29+NEUTRAL,True,-32.70244,0.3575,0.41667,-49.02056,-0.67759,-64.3992,17.54273,-0.62475,-1.05436,188.17878,157.56454,0.83409,-0.03419,6.25,-26.92683,-0.816,-0.75614,-0.0689,-0.00443,0.34012,-0.70142,0.04431,-0.07315,-0.10475,0.43225,0.1351,-0.45928,0.98479,1.83425,-0.86447,2026-09-29,False,,,,,,,,,,,,0.49828,3.27314
TGSAS,Distribution Services,86.7,61711414.70515,73.61752,0.58846,-0.73643,5.52268,54.15747,99.92682,107.8,-7.87318,0.4548,0.1857,NEUTRAL,prior-research-2026-09-29+NEUTRAL,False,16.38889,0.32291,0.58333,-73.61752,-0.58846,-67.7095,17.93798,23.67422,6.2151,32.95456,23.73108,55.63953,-0.03775,0.34602,9.77455,0.7753,-0.61985,1.18102,-1.0463,0.73282,-0.64593,0.69612,1.18188,0.55707,-0.79776,-2.03596,1.74248,1.08176,0.73948,0.53762,2026-09-29,False,,,,,,,,,,,,0.35205,10.0
THYAO,Transportation,291.5,14540000639.0,34.17313,0.96788,0.05741,52.07101,57.75347,104.59047,107.8,-3.20953,0.5026,0.1887,NEUTRAL,prior-research-2026-09-29+NEUTRAL,False,-3.66534,0.83704,0.41667,-34.17313,-0.96788,-21.60804,23.40017,12.65781,27.85666,255.47839,281.52858,3.01703,-0.89761,2.3616,6.04793,-0.22081,1.07828,-0.3369,1.31666,-0.92306,1.38403,2.54904,0.30449,1.19482,0.96172,0.96613,-0.69399,-0.24293,1.07902,0.28557,2026-09-29,False,,,,,,,,,,,,0.55125,5.95238
TKFEN,Industrial Services,238.3,1043206429.74394,65.49158,1.00476,0.06351,53.64892,57.75347,104.59047,107.8,-3.20953,0.5026,0.1887,NEUTRAL,prior-research-2026-09-29+NEUTRAL,True,149.74794,0.85874,0.66667,-65.49158,-1.00476,-24.58599,20.76556,-7.79252,-3.20681,47.56515,62.68088,1.98435,-0.38427,0.13926,-30.18723,1.2348,1.49919,1.19065,-0.40892,-1.10785,1.31632,0.99124,-0.79907,-0.26378,-0.44969,0.37159,-0.54317,-0.60838,0.73899,-1.17167,2026-09-29,False,,,,,,,,,,,,0.48086,9.92757
TKNSA,Retail Trade,13.35,41714072.82112,47.53778,0.73751,0.04859,51.08481,57.75347,104.59047,107.8,-3.20953,0.5026,0.1887,NEUTRAL,prior-research-2026-09-29+NEUTRAL,True,-34.21053,0.48405,0.25,-47.53778,-0.73751,-51.59536,17.54635,-526.03596,-99.1123,,3374.87444,-1.37451,,0.0,-5.97982,-1.29619,-0.84642,-1.71103,-0.28735,0.05754,-0.85877,-0.1945,-2.43337,-2.11405,0.0,1.72987,-0.25981,0.0,-1.06628,-0.08021,2026-09-29,False,,,,,,,,,,,,0.48195,2.86738
TLMAN,Transportation,61.15,11940014.198,34.60213,0.84816,0.49445,91.12426,63.77347,112.39781,107.8,4.59781,0.5944,0.1938,NEUTRAL,prior-research-2026-09-29+NEUTRAL,True,-18.52041,0.56308,0.58333,-34.60213,-0.84816,-43.69245,16.29541,-3.49633,-4.90686,161.76501,62.28145,8.11509,-0.059,0.0,-4.35707,-0.75,-0.32942,0.80634,1.27878,-0.34999,-0.21947,-2.10285,-0.8351,-0.90736,0.41372,-0.36243,-0.2717,1.35002,-0.72139,-0.04611,2026-09-29,False,,,,,,,,,,,,0.58507,3.23206
TMSN,Producer Manufacturing,57.7,35106226.65768,36.83034,0.83531,0.36222,82.84024,58.09547,105.03401,107.8,-2.76599,0.5469,0.2037,NEUTRAL,prior-research-2026-09-29+NEUTRAL,True,-31.6773,0.48447,0.25,-36.83034,-0.83531,-51.55332,17.37389,-31.95626,-75.73186,231.82597,50.70498,-40.09064,-0.62255,0.0,-71.68638,-0.76313,0.1132,-1.13674,1.20915,-0.12392,0.09786,-0.25794,-1.50982,-1.77327,1.15084,-0.57215,-1.84324,-0.41042,-0.45352,-1.95375,2026-09-29,False,,,,,,,,,,,,0.57624,2.26028
TNZTP,Health Services,25.08,89459008.71328,48.59106,1.02029,0.01383,47.53452,54.15747,99.92682,107.8,-7.87318,0.4548,0.1857,NEUTRAL,prior-research-2026-09-29+NEUTRAL,False,41.59292,0.78375,0.5,-48.59106,-1.02029,-26.95285,18.30929,5.50176,4.46692,94.09546,37.60158,29.72922,-0.07149,0.0,11.7687,0.5196,0.80922,0.13743,-0.3311,-1.30826,0.67604,0.30587,0.44366,0.47088,0.09855,-0.42875,1.00206,0.74881,-0.43513,0.3768,2026-09-29,False,,,,,,,,,,,,0.50474,6.74074
TOASO,Consumer Durables,277.0,984800099.75,41.1366,1.01395,-0.23489,26.0355,54.15747,99.92682,107.8,-7.87318,0.4548,0.1857,NEUTRAL,prior-research-2026-09-29+NEUTRAL,False,4.01464,0.8029,0.5,-41.1366,-1.01395,-25.50725,20.70795,22.30647,9.17866,47.81151,310.85759,1.83173,-1.07034,7.22022,140.73793,0.45277,1.19019,0.95175,0.24854,-0.77719,1.21064,1.36657,1.88469,1.35601,-0.83247,0.32681,0.05782,-0.11579,1.75467,1.63067,2026-09-29,False,,,,,,,,,,,,0.50606,5.41781
TRALT,Non-Energy Minerals,45.38,5907900129.59771,56.7059,1.38758,-0.7554,4.93097,54.15747,99.92682,107.8,-7.87318,0.4548,0.1857,NEUTRAL,prior-research-2026-09-29+NEUTRAL,False,112.10906,0.7415,0.66667,-56.7059,-1.38758,-35.39216,22.49956,11.25035,3.4573,37.10806,15.56861,35.43382,-0.00154,0.0,95.31431,1.31142,0.87153,1.39303,-0.53089,-2.37567,0.7017,2.0496,0.92881,0.40505,-1.09139,-1.40274,1.53258,1.40794,-0.78904,1.6487,2026-09-29,False,,,,,,,,,,,,0.387,4.68948
TRCAS,Utilities,42.9,37783395.94931,33.04158,0.45002,0.04168,50.29586,57.75347,104.59047,107.8,-3.20953,0.5026,0.1887,NEUTRAL,prior-research-2026-09-29+NEUTRAL,False,37.772,0.81646,0.41667,-33.04158,-0.45002,-28.49364,17.44738,7.37369,9.96516,158.44064,0.0,,-0.0,6.38381,,0.57098,1.18693,-0.36991,1.58867,1.32077,0.9827,-0.65703,0.46566,0.86244,0.0214,-2.51832,0.0,2.05316,1.88473,0.0,2026-09-29,False,,,,,,,,,,,,0.5372,4.25717
TRENJ,Energy Minerals,96.0,167592194.39422,50.05128,1.16743,-0.18809,28.59961,54.15747,99.92682,107.8,-7.87318,0.4548,0.1857,NEUTRAL,prior-research-2026-09-29+NEUTRAL,False,38.56124,0.78689,0.58333,-50.05128,-1.16743,-33.85246,18.93704,12.75532,6.65102,63.07542,93.21566,32.79249,-0.00738,0.0,82.43933,0.79509,1.16811,0.99882,0.00483,-1.70592,0.80741,0.78194,0.75818,0.42885,-0.61084,-0.01948,1.26069,1.26476,-0.60236,1.46109,2026-09-29,False,,,,,,,,,,,,0.49335,4.79556
TRGYO,Finance,90.4,101318191.18721,23.99288,0.59086,0.41694,86.78501,58.09547,105.03401,107.8,-2.76599,0.5469,0.2037,NEUTRAL,prior-research-2026-09-29+NEUTRAL,False,37.26886,0.88889,0.58333,-23.99288,-0.59086,-11.66253,18.43378,6.70792,9.97471,171.84629,21.38783,67.72294,-0.0806,5.53097,-3.28811,0.68881,1.79758,0.8577,2.65007,1.00722,3.0,0.5737,-0.0002,0.24109,0.15389,-0.66541,1.01661,0.43469,1.47873,-0.09927,2026-09-29,False,,,,,,,,,,,,0.61091,2.33593
TRMET,Non-Energy Minerals,130.5,774538396.40332,56.08213,1.24205,-0.47331,12.42604,54.15747,99.92682,107.8,-7.87318,0.4548,0.1857,NEUTRAL,prior-research-2026-09-29+NEUTRAL,False,64.43181,0.7731,0.58333,-56.08213,-1.24205,-39.98815,20.46778,8.18577,4.13094,57.27398,45.89053,32.54706,-0.00645,0.0,82.80701,0.86442,1.02002,0.86321,-0.48732,-1.74302,0.37233,1.2814,0.76757,0.45921,-0.70126,-0.61991,1.45369,1.24971,-0.78904,1.60105,2026-09-29,False,,,,,,,,,,,,0.4182,6.32228
TSGYO,Finance,4.77,8809549.08851,35.10995,0.8699,0.28154,74.75345,55.52847,101.70487,107.8,-6.09513,0.5284,0.2022,NEUTRAL,prior-research-2026-09-29+NEUTRAL,False,-22.84595,0.50263,0.41667,-35.10995,-0.8699,-49.84194,15.99135,1.40296,2.91292,238.61621,7.95986,14.38815,-0.01962,0.0,5.08836,-0.72911,-0.30775,-0.28555,1.09415,-0.40164,-0.27762,-1.60915,-0.43863,-0.47829,0.51786,-1.34155,-0.16211,0.96563,-0.95992,0.15302,2026-09-29,False,,,,,,,,,,,,0.53051,2.65018
TSKB,Finance,9.97,187631881.21575,32.73765,1.07444,0.43214,87.7712,58.09547,105.03401,107.8,-2.76599,0.5469,0.2037,NEUTRAL,prior-research-2026-09-29+NEUTRAL,False,-11.87354,0.72621,0.33333,-32.73765,-1.07444,-27.37873,19.04999,23.77065,38.24804,181.65177,158.33288,59.55179,-6.36855,5.37405,-7.92665,-0.34728,0.76079,-0.91335,1.33662,-1.36637,1.04248,0.854,0.90773,1.31979,0.18392,0.891,0.89041,-2.64889,1.46129,-0.2936,2026-09-29,False,,,,,,,,,,,,0.61467,7.36843
TSPOR,Consumer Services,0.81,227134346.70504,44.15809,0.76326,-0.23411,26.23274,54.15747,99.92682,107.8,-7.87318,0.4548,0.1857,NEUTRAL,prior-research-2026-09-29+NEUTRAL,True,-11.38211,0.56643,0.41667,-44.15809,-0.76326,-43.35664,19.24105,-23.14591,-32.48658,195.28554,61.56166,-95.95301,-0.01978,0.0,26.14539,0.26062,0.28114,0.02967,0.34936,-0.13156,0.41998,1.08919,-0.92461,-1.21677,0.73956,0.02374,-1.52714,0.7091,-0.45994,0.84255,2026-09-29,False,,,,,,,,,,,,0.52464,1.96078
TTKOM,Communications,52.8,1921315009.1698,41.73141,1.07686,-0.03674,42.01183,54.15747,99.92682,107.8,-7.87318,0.4548,0.1857,NEUTRAL,prior-research-2026-09-29+NEUTRAL,False,-2.20096,0.72428,0.66667,-41.73141,-1.07686,-31.63237,21.37628,12.72788,15.3189,144.08184,148.11659,19.83032,-0.54551,0.0,13.4777,0.07384,0.86631,1.52864,0.55611,-1.4031,0.8866,1.87867,0.73744,1.16331,0.26166,0.42989,0.8116,-0.51865,-0.60236,0.56527,2026-09-29,False,,,,,,,,,,,,0.53689,9.93677
TTRAK,Producer Manufacturing,413.25,49074886.0,24.97442,0.54026,0.37654,83.82643,58.09547,105.03401,107.8,-2.76599,0.5469,0.2037,NEUTRAL,prior-research-2026-09-29+NEUTRAL,True,-24.80211,0.66815,0.33333,-24.97442,-0.54026,-34.80194,17.70886,-4.44176,-1.83325,46.00056,118.21776,-0.137,-0.76179,18.2576,-43.43447,-0.54173,1.01418,-0.49536,2.64475,1.29723,1.04144,0.0382,-0.3883,0.01221,-0.68245,0.10727,-0.52234,-0.57742,3.0,-1.45696,2026-09-29,False,,,,,,,,,,,,0.59988,2.3199
TUCLK,Non-Energy Minerals,4.49,21820518.98957,46.61955,0.82965,0.43811,88.36292,58.09547,105.03401,107.8,-2.76599,0.5469,0.2037,NEUTRAL,prior-research-2026-09-29+NEUTRAL,True,-58.73016,0.44063,0.5,-46.61955,-0.82965,-66.53582,16.89836,-6.63023,-14.23728,246.20088,114.25032,30.20817,-0.6928,0.0,-21.08096,-1.92503,-0.49423,0.3402,0.10155,0.04408,-0.95318,-1.03041,-0.32922,-0.71625,0.99928,0.09529,1.34149,-0.73911,-0.78904,-0.64544,2026-09-29,False,,,,,,,,,,,,0.57336,9.79899
TUKAS,Consumer Non-Durables,2.15,113370756.46144,36.42579,0.82602,0.05481,51.87377,57.75347,104.59047,107.8,-3.20953,0.5026,0.1887,NEUTRAL,prior-research-2026-09-29+NEUTRAL,True,-21.70542,0.70957,0.5,-36.42579,-0.82602,-39.27393,18.54617,-7.59984,-13.12712,223.0225,102.07947,11.32834,-0.36926,0.0,6.69377,-0.43317,0.92034,0.55133,0.94748,-0.46735,0.58171,0.84658,-0.56345,-0.84056,0.61293,-0.26323,0.52501,-0.09284,-0.73703,0.38946,2026-09-29,False,,,,,,,,,,,,0.50201,9.85914
TUPRS,Energy Minerals,376.50305,9212185962.90112,40.35671,0.46192,-0.39141,16.76529,54.15747,99.92682,107.8,-7.87318,0.4548,0.1857,NEUTRAL,prior-research-2026-09-29+NEUTRAL,False,130.71063,0.91851,0.75,-40.35671,-0.46192,-21.30672,22.94379,18.20968,9.40485,61.77027,148.60319,8.88237,-0.14636,4.6449,14.99658,1.65877,2.00634,2.24933,0.6787,1.52249,1.82572,2.58423,1.02008,0.71551,-0.64862,0.44191,0.20078,0.29329,1.67483,0.61502,2026-09-29,False,,,,,,,,,,,,0.48231,5.00634
TUREX,Finance,5.51,74901688.22126,52.01671,0.93098,-0.01826,43.98422,54.15747,99.92682,107.8,-7.87318,0.4548,0.1857,NEUTRAL,prior-research-2026-09-29+NEUTRAL,False,-21.46341,0.56687,0.33333,-52.01671,-0.93098,-49.07408,18.13169,7.58458,9.65359,151.4146,145.29733,17.9014,-0.06975,0.0,10.08941,-0.69849,0.00818,-0.91335,-0.28853,-0.74684,-0.25208,0.33966,0.06289,0.19881,-0.03523,0.8124,-0.00998,0.49082,-0.95992,0.38609,2026-09-29,False,,,,,,,,,,,,0.47667,9.84252
TURGG,Finance,23.82,10868863.44919,51.57106,0.62998,-0.3751,17.75148,54.15747,99.92682,107.8,-7.87318,0.4548,0.1857,NEUTRAL,prior-research-2026-09-29+NEUTRAL,False,-6.13333,0.54508,0.33333,-51.57106,-0.62998,-45.94966,16.20141,11.12122,8.27114,89.80714,0.04386,-2079.28104,-0.00039,0.0,229.86086,-0.15214,-0.11904,-0.91335,-0.25789,0.84343,-0.08966,-1.48491,0.26998,0.02781,-0.63333,-2.2832,-3.0,1.36953,-0.95992,1.82413,2026-09-29,False,,,,,,,,,,,,0.41468,7.95297
TURSG,Finance,5.53,392306613.55644,35.79723,0.73437,-0.17912,29.78304,54.15747,99.92682,107.8,-7.87318,0.4548,0.1857,NEUTRAL,prior-research-2026-09-29+NEUTRAL,False,31.40803,0.76159,0.5,-35.79723,-0.73437,-23.84131,19.78755,49.96642,21.3655,54.16532,85.89037,32.14195,-0.26767,2.71248,14.95732,0.61046,0.89334,0.33469,0.97167,0.33231,1.34763,1.27461,1.65735,0.85418,-1.18459,0.3254,0.5245,-0.15636,0.9116,0.5368,2026-09-29,False,,,,,,,,,,,,0.52932,2.33333
ULAS,Consumer Services,14.1,3878533.33366,43.3757,0.37953,0.37944,84.02367,58.09547,105.03401,107.8,-2.76599,0.5469,0.2037,NEUTRAL,prior-research-2026-09-29+NEUTRAL,False,-21.80732,0.317,0.41667,-43.3757,-0.37953,-68.30036,15.17097,,,156.82384,,,-0.19459,0.0,,-0.11843,-0.88868,0.02967,0.40933,1.59127,-0.80649,-2.24237,0.0,0.0,0.48048,0.0,0.0,-0.21115,-0.45994,0.0,2026-09-29,False,,,,,,,,,,,,0.53568,9.33333
ULKER,Consumer Non-Durables,85.65,527176710.92007,30.83962,1.01222,0.22245,68.24458,57.75347,104.59047,107.8,-3.20953,0.5026,0.1887,NEUTRAL,prior-research-2026-09-29+NEUTRAL,False,-10.60065,0.64747,0.41667,-30.83962,-1.01222,-35.63105,20.08305,9.91775,13.66197,163.02814,370.83356,11.44667,-1.26358,6.69334,-7.12066,-0.0498,0.67797,-0.0689,1.67021,-1.36956,0.8121,1.5508,0.70166,1.1704,0.31322,1.03894,0.53699,-1.1363,1.94331,-0.10121,2026-09-29,False,,,,,,,,,,,,0.56884,5.10264
ULUFA,Finance,1.43,42412947.03227,35.96804,0.67205,0.42559,87.17949,58.09547,105.03401,107.8,-2.76599,0.5469,0.2037,NEUTRAL,prior-research-2026-09-29+NEUTRAL,False,-0.51169,0.56299,0.25,-35.96804,-0.67205,-43.70079,17.56296,37.75368,48.04901,142.28652,649.09794,74.09683,-7.69193,8.63846,1.23036,0.04043,-0.02246,-1.55474,0.9435,0.64854,0.02242,-0.10361,1.29855,1.58111,-0.1228,2.16236,1.10056,-2.87251,2.10644,0.06807,2026-09-29,False,,,,,,,,,,,,0.61678,1.35135
ULUSE,Producer Manufacturing,141.3,50400761.375,74.82208,0.78133,-0.5542,8.87574,54.15747,99.92682,107.8,-7.87318,0.4548,0.1857,NEUTRAL,prior-research-2026-09-29+NEUTRAL,False,26.99639,0.38926,0.41667,-74.82208,-0.78133,-61.07438,17.73552,212.73348,10.42768,8.92744,99.05285,6.18883,-1.84669,0.0,85.70719,0.77359,-0.38002,0.13245,-1.26849,0.17418,-0.38347,0.07469,3.0,1.11561,-1.97203,-0.07233,0.11301,-1.28278,-0.45352,1.36243,2026-09-29,False,,,,,,,,,,,,0.39367,3.40859
ULUUN,Process Industries,5.88,67964155.873,48.83278,0.87532,0.2705,73.9645,55.52847,101.70487,107.8,-6.09513,0.5284,0.2022,NEUTRAL,prior-research-2026-09-29+NEUTRAL,False,8.31202,0.56922,0.41667,-48.83278,-0.87532,-43.07841,18.03449,2.95435,9.64477,384.24597,1837.84449,0.66373,-0.60641,0.0,39.64614,0.36576,0.18831,0.07359,0.15523,-0.46486,0.22048,0.79041,0.2241,0.86206,1.4808,2.42983,-0.3477,-0.65814,-0.49899,1.27522,2026-09-29,False,,,,,,,,,,,,0.58622,3.49345
UNLU,Finance,12.03,13853392.74003,49.5621,0.5308,0.33581,81.06509,58.09547,105.03401,107.8,-2.76599,0.5469,0.2037,NEUTRAL,prior-research-2026-09-29+NEUTRAL,True,-28.56214,0.65239,0.41667,-49.5621,-0.5308,-44.14317,16.44404,-11.20853,-14.81165,158.06066,144.30513,30.53919,-1.04056,0.0,8.46517,-0.92025,0.46482,-0.28555,-0.12554,1.23029,-0.01848,-1.25204,-1.23363,-1.58184,0.01503,0.79458,0.4624,-1.23949,-0.95992,0.32313,2026-09-29,False,,,,,,,,,,,,0.51772,10.0
USAK,Producer Manufacturing,0.54,51952284.84148,50.17167,0.9157,0.21735,67.65286,57.75347,104.59047,107.8,-3.20953,0.5026,0.1887,NEUTRAL,prior-research-2026-09-29+NEUTRAL,True,-67.63926,0.14063,0.25,-50.17167,-0.9157,-85.9375,17.76584,-13.18381,-53.10325,496.37037,402.04242,8.22097,-0.43225,0.0,10.33847,-1.85513,-1.72083,-1.13674,0.21589,-0.53936,-1.71814,0.11121,-0.83753,-1.40962,2.44342,1.30327,0.25309,-0.10865,-0.45352,0.31859,2026-09-29,False,,,,,,,,,,,,0.54546,0.84747
VAKBN,Finance,33.68,1240265711.87609,47.99879,1.17127,0.12457,59.76331,57.75347,104.59047,107.8,-3.20953,0.5026,0.1887,NEUTRAL,prior-research-2026-09-29+NEUTRAL,False,27.88074,0.79773,0.66667,-47.99879,-1.17127,-31.5964,20.93859,24.61402,22.86839,109.52132,376.24739,32.04176,-4.80392,0.0,-9.07102,0.56041,1.11625,1.38752,-0.05403,-1.74594,0.77819,1.6847,0.9425,0.89468,-0.38836,1.80121,0.51387,-2.33958,-0.95992,-0.36338,2026-09-29,False,,,,,,,,,,,,0.50146,9.99423
VAKFN,Finance,0.93,45889723.65532,28.57416,0.91618,0.41338,86.19329,58.09547,105.03401,107.8,-2.76599,0.5469,0.2037,NEUTRAL,prior-research-2026-09-29+NEUTRAL,False,-23.27869,0.45182,0.25,-28.57416,-0.91618,-54.8178,17.64175,22.88085,29.50315,148.59121,111.27208,91.8869,-3.39759,0.0,-43.03638,-0.74152,-0.50839,-1.55474,1.841,-0.66165,-0.49738,-0.03042,0.83172,1.06549,-0.05181,0.56478,1.49433,-2.08806,-0.95992,-1.37185,2026-09-29,False,,,,,,,,,,,,0.59109,1.8018
VAKKO,Consumer Non-Durables,60.0,10121150.81941,36.98471,0.80875,0.43125,87.57396,58.09547,105.03401,107.8,-2.76599,0.5469,0.2037,NEUTRAL,prior-research-2026-09-29+NEUTRAL,True,15.06878,0.64034,0.5,-36.98471,-0.80875,-37.5667,16.13014,-1.54219,-1.50897,107.04547,223.8971,2.62029,-0.23971,10.41667,2.03093,0.63919,0.64276,0.55133,0.89039,-0.37976,0.68454,-1.35484,-0.12197,-0.1486,-0.17493,0.46716,-0.2623,0.1697,2.45874,0.24443,2026-09-29,False,,,,,,,,,,,,0.59276,2.5641
VANGD,Distribution Services,49.2,14921219.31948,60.1269,0.59677,-0.47826,11.83432,54.15747,99.92682,107.8,-7.87318,0.4548,0.1857,NEUTRAL,prior-research-2026-09-29+NEUTRAL,False,136.79789,0.46371,0.66667,-60.1269,-0.59677,-53.62865,16.51829,59.70335,18.80586,42.04704,16.92052,-0.42843,-0.0,0.0,40.24408,2.00371,0.02659,1.71084,-0.22316,0.68479,0.00495,-0.70388,2.13202,1.51683,-0.64247,-2.31401,-0.49454,2.27334,-0.43794,1.29537,2026-09-29,False,,,,,,,,,,,,0.42007,5.10949
VBTYZ,Technology Services,24.98,62974637.92229,63.26771,0.89694,-0.04113,41.42012,54.15747,99.92682,107.8,-7.87318,0.4548,0.1857,NEUTRAL,prior-research-2026-09-29+NEUTRAL,False,97.90248,0.63081,0.58333,-63.26771,-0.89694,-36.91919,17.95824,16.84685,6.11691,42.21339,105.18627,8.45319,-0.59462,0.0,21.92462,1.32251,0.46127,1.10332,-0.39272,0.01828,0.55369,-0.05265,0.57953,0.29969,-0.5959,0.62638,0.0592,-1.08935,-0.39583,0.84098,2026-09-29,False,,,,,,,,,,,,0.50659,5.1213
VERUS,Finance,435.25,48588721.125,66.5917,0.10154,-0.73663,5.32544,54.15747,99.92682,107.8,-7.87318,0.4548,0.1857,NEUTRAL,prior-research-2026-09-29+NEUTRAL,True,125.3995,0.58111,0.66667,-66.5917,-0.10154,-47.94997,17.6989,-16.8567,-2.83529,17.16649,2.72732,-22.68407,-0.07408,0.0,-57.95974,1.52534,0.10614,1.38752,-1.16068,2.86029,-0.1809,-0.00956,-1.41055,-0.9249,-2.24658,-1.86416,-2.28566,0.45322,-0.95992,-1.68866,2026-09-29,False,,,,,,,,,,,,0.34223,6.86275
VESBE,Consumer Durables,4.29,54579121.59064,46.98592,0.8252,0.4916,90.92702,63.77347,112.39781,107.8,4.59781,0.5944,0.1938,NEUTRAL,prior-research-2026-09-29+NEUTRAL,True,-49.76526,0.40282,0.08333,-46.98592,-0.8252,-59.71831,17.81516,-14.10137,-78.9543,610.09953,857.59953,-7.81275,-0.66356,1.02329,-53.51763,-1.33818,-0.69541,-2.59212,-0.1551,0.15783,-0.68706,-0.10582,-0.22502,-1.42532,2.70613,1.11874,-0.50653,0.34464,0.40144,-1.49643,2026-09-29,False,,,,,,,,,,,,0.56357,9.90826
VESTL,Consumer Durables,18.73,168674427.51271,49.95422,0.90125,0.32991,79.88166,55.52847,101.70487,107.8,-6.09513,0.5284,0.2022,NEUTRAL,prior-research-2026-09-29+NEUTRAL,True,-33.48784,0.5321,0.25,-49.95422,-0.90125,-46.78978,18.94348,-84.27518,-407.9877,355.28182,1760.61584,-15.06376,-4.94834,0.0,-54.24707,-0.83707,-0.12806,-0.93767,-0.33447,-0.23907,-0.09649,0.57964,-1.48046,-2.58333,1.55301,1.62713,-0.81721,-1.2361,-0.99888,-1.51231,2026-09-29,False,,,,,,,,,,,,0.51269,10.0
VKGYO,Finance,1.63,33220085.98314,28.6763,0.83069,0.53213,92.50493,63.77347,112.39781,107.8,4.59781,0.5944,0.1938,NEUTRAL,prior-research-2026-09-29+NEUTRAL,False,6.57101,0.68645,0.5,-28.6763,-0.83069,-32.19679,17.31867,1.94688,6.87659,398.03818,36.62543,52.52599,-0.0,4.90798,-36.03906,0.24809,0.61503,0.33469,1.80699,-0.21885,0.72657,-0.38343,-0.38545,-0.08187,1.2041,-0.28944,0.81192,1.88426,1.3946,-1.24213,2026-09-29,False,,,,,,,,,,,,0.6177,2.27273
VKING,Consumer Non-Durables,15.07,6985413.14565,37.11569,0.60086,0.1896,64.49704,57.75347,104.59047,107.8,-3.20953,0.5026,0.1887,NEUTRAL,prior-research-2026-09-29+NEUTRAL,True,-25.1919,0.33165,0.33333,-37.11569,-0.60086,-66.83539,15.75933,-1853.22935,-151.60388,,100.1235,-65.96384,,0.0,-46.33633,-0.54676,-0.86989,-0.69671,0.88248,0.67001,-0.82772,-1.56591,-2.7403,-2.49339,0.0,-0.27436,-2.05472,0.0,-0.73703,-1.27744,2026-09-29,False,,,,,,,,,,,,0.47545,6.43595
VRGYO,Finance,1.51,21184894.22215,47.1111,0.73188,0.30255,77.71203,55.52847,101.70487,107.8,-6.09513,0.5284,0.2022,NEUTRAL,prior-research-2026-09-29+NEUTRAL,True,-43.35443,0.42297,0.25,-47.1111,-0.73188,-67.78711,16.8688,-14.21432,-57.72768,483.55662,11.88386,54.40888,-0.21816,0.0,-91.30039,-1.44237,-0.63685,-1.55474,0.00774,0.3483,-1.12679,-0.78213,-1.32672,-2.36887,1.65401,-1.05238,0.84235,-0.01211,-0.95992,-2.17357,2026-09-29,False,,,,,,,,,,,,0.51533,9.56522
VSNMD,Non-Energy Minerals,27.88,52704262.77956,55.21285,0.82279,-0.37908,17.357,54.15747,99.92682,107.8,-7.87318,0.4548,0.1857,NEUTRAL,prior-research-2026-09-29+NEUTRAL,True,-51.67924,0.28294,0.25,-55.21285,-0.82279,-71.70645,17.78021,-2.83899,-2.06539,53.97018,29.56714,-6.09342,-0.0193,0.90159,,-1.82585,-1.28561,-1.54923,-0.44973,0.09086,-1.20449,-0.15519,-0.06411,-0.03388,-0.76416,-0.91721,-0.78657,1.06887,0.55736,0.0,2026-09-29,False,,,,,,,,,,,,0.4157,2.17601
YAPRK,Process Industries,8.4,23708297.41944,43.03468,0.79463,-0.2513,24.65483,54.15747,99.92682,107.8,-7.87318,0.4548,0.1857,NEUTRAL,prior-research-2026-09-29+NEUTRAL,False,-19.92368,0.46498,0.25,-43.03468,-0.79463,-53.50174,16.98134,4.46923,1.30687,33.84946,10.8777,-9.33861,-0.10824,0.29762,-29.88633,-0.56677,-0.27391,-1.19561,0.50343,-0.04372,-0.30231,-0.16641,0.32585,0.0578,-1.23517,-1.57916,-0.89431,0.38783,0.66423,-0.93487,2026-09-29,False,,,,,,,,,,,,0.47454,2.7689
YATAS,Distribution Services,26.1,24833637.80477,42.76131,0.99837,0.52833,92.11045,63.77347,112.39781,107.8,4.59781,0.5944,0.1938,NEUTRAL,prior-research-2026-09-29+NEUTRAL,False,-5.47693,0.53331,0.33333,-42.76131,-0.99837,-46.66939,17.02771,6.95931,20.91852,349.58058,671.18603,2.66402,-0.72058,0.0,13.68689,0.24312,0.33241,-0.59003,0.83596,-1.29959,0.35486,-0.15603,0.3244,1.57909,1.85652,0.77289,-0.21301,-0.48441,-0.43794,0.66836,2026-09-29,False,,,,,,,,,,,,0.65497,2.25619
YAYLA,Industrial Services,13.76,19195866.84442,59.47416,0.66519,0.30255,77.51479,55.52847,101.70487,107.8,-6.09513,0.5284,0.2022,NEUTRAL,prior-research-2026-09-29+NEUTRAL,False,-40.78873,0.38761,0.33333,-59.47416,-0.66519,-61.23944,16.77021,,,143.99532,,,-0.0,0.0,,-1.75475,-0.93188,-1.11022,-0.05425,0.61273,-0.7907,-1.51081,0.0,0.0,0.77378,0.0,0.0,1.63665,-0.39604,0.0,2026-09-29,False,,,,,,,,,,,,0.49694,7.21951
YEOTK,Utilities,29.9,557743332.49488,71.57513,1.16741,-0.6264,7.10059,54.15747,99.92682,107.8,-7.87318,0.4548,0.1857,NEUTRAL,prior-research-2026-09-29+NEUTRAL,False,127.17576,0.57114,0.5,-71.57513,-1.16741,-43.68867,20.13941,58.22324,8.97288,24.6419,81.37302,22.42116,-1.88033,0.0,115.11592,1.41837,-0.02553,0.25032,-1.24697,-1.91866,0.06606,0.9463,2.16002,0.72001,-1.94323,0.18116,1.06387,-1.51001,-0.70725,1.9818,2026-09-29,False,,,,,,,,,,,,0.40389,9.96168
YESIL,Miscellaneous,0.82,17596527.81762,37.94645,0.49385,0.06625,54.04339,57.75347,104.59047,107.8,-3.20953,0.5026,0.1887,NEUTRAL,prior-research-2026-09-29+NEUTRAL,True,-47.9638,0.26032,0.16667,-37.94645,-0.49385,-73.96825,16.68321,-7.94209,-18.87613,264.5037,4.72104,-14.49267,-0.0,0.0,-125.3819,-1.49711,-1.32883,-2.21656,0.84748,1.39793,-1.31619,-0.98248,-0.71745,-1.17061,1.04716,-2.00544,-1.33117,2.00446,-0.60236,-2.49022,2026-09-29,False,,,,,,,,,,,,0.50532,2.7027
YGGYO,Finance,211.89999,23613310.18298,41.75114,0.44082,-0.02313,43.19527,54.15747,99.92682,107.8,-7.87318,0.4548,0.1857,NEUTRAL,prior-research-2026-09-29+NEUTRAL,False,89.60831,0.80494,0.66667,-41.75114,-0.44082,-22.39316,16.97732,24.63314,11.16611,58.57463,6.77992,74.15689,-0.0205,4.97876,5.78925,1.20957,1.15948,1.38752,0.37321,1.62646,1.52838,-0.66257,0.95442,0.31458,-1.10845,-1.42542,1.12332,0.94762,1.41084,0.17989,2026-09-29,False,,,,,,,,,,,,0.51429,3.76897
YIGIT,Producer Manufacturing,16.97,52411464.27048,42.03572,0.80639,0.39716,84.81262,58.09547,105.03401,107.8,-2.76599,0.5469,0.2037,NEUTRAL,prior-research-2026-09-29+NEUTRAL,False,-17.06197,0.6207,0.41667,-42.03572,-0.80639,-37.92978,17.77464,1.60992,2.24857,163.71363,260.62305,5.41527,-0.09387,0.0,-7.86804,-0.265,0.7557,0.13245,0.73126,0.05194,0.82605,0.12688,0.05319,0.3102,0.7724,0.83539,0.018,0.71367,-0.45352,-0.35628,2026-09-29,False,,,,,,,,,,,,0.62394,2.22016
YKBNK,Finance,36.0,8136192361.85829,45.84271,1.43957,-0.03805,41.8146,54.15747,99.92682,107.8,-7.87318,0.4548,0.1857,NEUTRAL,prior-research-2026-09-29+NEUTRAL,False,16.08392,0.81781,0.58333,-45.84271,-1.43957,-29.57747,22.81959,21.78396,18.20224,96.18917,270.18275,23.07314,-4.14077,0.0,-9.13493,0.38456,1.25352,0.8577,0.09122,-2.80485,0.88079,2.43134,0.75205,0.73223,-0.52584,1.41389,0.24509,-2.18212,-0.95992,-0.36879,2026-09-29,False,,,,,,,,,,,,0.51407,9.96264
YKSLN,Distribution Services,2.21,19884165.31901,66.69276,0.68873,0.06213,53.25444,57.75347,104.59047,107.8,-3.20953,0.5026,0.1887,NEUTRAL,prior-research-2026-09-29+NEUTRAL,True,-54.32937,0.35079,0.33333,-66.69276,-0.68873,-64.92064,16.80543,-4.96368,-3.47219,95.00802,128.85801,18.82314,-0.60094,0.0,-20.24172,-1.35703,-0.51927,-0.59003,-0.62206,0.25477,-0.52514,-0.38665,-0.57571,-0.23278,0.2698,-0.72445,0.9164,-0.34132,-0.43794,-0.63919,2026-09-29,False,,,,,,,,,,,,0.45291,10.0
YUNSA,Process Industries,6.32,30891480.64581,41.76525,0.87768,0.08231,55.81854,57.75347,104.59047,107.8,-3.20953,0.5026,0.1887,NEUTRAL,prior-research-2026-09-29+NEUTRAL,False,18.18561,0.57195,0.41667,-41.76525,-0.87768,-42.80543,17.24599,8.61567,13.18309,171.64356,120.51448,8.99759,-0.09063,5.78283,37.32561,0.5373,0.21912,0.07359,0.61752,-0.47609,0.2465,0.01477,0.68822,1.10378,0.50128,0.19539,0.46961,0.46461,2.01299,1.25444,2026-09-29,False,,,,,,,,,,,,0.55887,4.78395
YYLGD,Process Industries,7.25,49591348.23311,38.6663,0.90437,0.16543,62.91913,57.75347,104.59047,107.8,-3.20953,0.5026,0.1887,NEUTRAL,prior-research-2026-09-29+NEUTRAL,False,-0.49116,0.50877,0.33333,-38.6663,-0.90437,-49.12281,17.71933,16.53203,30.86548,233.77714,344.43677,8.00415,-0.98741,0.0,59.31337,0.15227,-0.11727,-0.55422,0.86336,-0.64013,-0.12616,0.49471,1.06186,1.79048,0.84883,1.20117,0.37349,-1.10738,-0.49899,1.43748,2026-09-29,False,,,,,,,,,,,,0.5398,5.52941
ZEDUR,Consumer Services,5.44,11628725.01087,48.54651,0.68677,0.36921,83.03748,58.09547,105.03401,107.8,-2.76599,0.5469,0.2037,NEUTRAL,prior-research-2026-09-29+NEUTRAL,True,-10.3211,0.48485,0.5,-48.54651,-0.68677,-51.51515,16.26899,-2.64543,-6.50818,277.16289,13.45721,-45.67822,-0.19388,0.0,-20.79475,0.28142,-0.0607,0.64991,0.10882,0.29509,0.03258,-1.31784,0.0395,-0.3134,1.27662,-1.059,-1.1939,-0.20575,-0.45994,-0.89574,2026-09-29,False,,,,,,,,,,,,0.5802,1.60214
ZOREN,Utilities,1.95,93447529.11914,41.51925,0.84963,0.53251,92.70217,63.77347,112.39781,107.8,4.59781,0.5944,0.1938,NEUTRAL,prior-research-2026-09-29+NEUTRAL,True,-31.76471,0.52846,0.33333,-41.51925,-0.84963,-47.15447,18.35291,-18.27977,-118.31901,656.81969,355.98566,2.03534,-0.95865,0.0,-17.81625,-1.14827,-0.23416,-0.99772,0.66986,-0.57619,-0.1019,0.08958,-1.07581,-2.2794,2.33644,1.63516,-0.33632,-0.99118,-0.70725,-0.24459,2026-09-29,False,,,,,,,,,,,,0.6025,5.62771
ZRGYO,Finance,19.59,18345498.20245,35.37065,0.52722,0.0601,52.85996,57.75347,104.59047,107.8,-3.20953,0.5026,0.1887,NEUTRAL,prior-research-2026-09-29+NEUTRAL,False,-13.17973,0.79466,0.58333,-35.37065,-0.52722,-37.12672,16.72489,7.76079,6.74455,101.57808,14.47055,80.95107,-0.11264,0.47448,202.12674,-0.38938,1.09544,0.8577,1.06186,1.25066,0.45883,-0.92057,0.07453,-0.11725,-0.4622,-0.95142,1.1714,0.28041,0.24611,1.68853,2026-09-29,False,,,,,,,,,,,,0.50412,2.79389
A1CAP,Finance,4.14,59509728.5884,57.4939,0.88953,0.39783,85.55759,58.80547,105.95481,107.74,-1.78519,0.5497,0.2014,NEUTRAL,prior-research-2026-10-01+NEUTRAL,False,-40.10861,0.22936,0.41667,-57.4939,-0.88953,-77.06371,17.90165,17.71183,46.6479,314.54395,611.47158,36.46485,-0.35848,0.0,-44.7742,-1.25138,-1.35508,-0.24156,-0.52477,-0.58049,-1.35366,0.26625,0.55294,1.49912,1.06259,2.05467,0.51496,-0.27287,-0.88033,-1.40686,2026-09-30,False,,,,,,,,,,,,0.57396,4.9763
A1YEN,Utilities,1.5,38476680.43406,54.68664,0.75757,0.21712,68.19013,54.27547,100.07985,107.74,-7.66015,0.5049,0.1889,NEUTRAL,prior-research-2026-10-01+NEUTRAL,False,2.86582,0.37783,0.41667,-54.68664,-0.75757,-62.21662,17.46556,3.57573,12.73663,359.98485,52.90576,31.71116,-0.13419,0.0,-16.64602,-0.0042,-0.84534,-0.18136,-0.18349,-0.04539,-0.71655,-0.60096,0.17213,1.04592,1.1097,-0.05676,1.37149,0.34681,-0.69305,-0.19277,2026-09-30,False,,,,,,,,,,,,0.51133,4.54546
ACSEL,Process Industries,84.5,16640163.10152,53.59597,0.65192,-0.09857,35.46618,55.80047,102.05762,107.74,-5.68238,0.4545,0.1864,NEUTRAL,prior-research-2026-10-01+NEUTRAL,True,8.57143,0.47957,0.41667,-53.59597,-0.65192,-52.04313,16.62733,-1.7472,-1.14184,70.17746,94.03382,6.00133,-0.21639,0.0,8.06507,0.37884,-0.06424,-0.04657,-0.11279,0.73016,-0.07117,-0.48944,-0.03034,-0.03564,-0.47308,-0.14694,0.26491,0.1161,-0.46691,0.41288,2026-09-30,False,,,,,,,,,,,,0.44265,4.18455
ADEL,Consumer Durables,24.9,63810045.83889,56.80126,0.72932,-0.59238,8.59232,55.80047,102.05762,107.74,-5.68238,0.4545,0.1864,NEUTRAL,prior-research-2026-10-01+NEUTRAL,True,9.6,0.43608,0.41667,-56.80126,-0.72932,-57.93345,17.97142,-27.37997,-5.79775,20.49143,44.40159,0.78032,-2.0934,2.31847,-4.2857,0.51824,-0.44026,0.22881,-0.71474,0.65937,-0.49092,0.24681,-0.77407,-0.06958,-1.68478,-1.31944,-0.14563,-0.63434,0.90886,-0.12586,2026-09-30,False,,,,,,,,,,,,0.36783,4.71338
ADESE,Finance,0.62,94192345.74732,44.11662,0.94865,-0.21093,28.33638,55.80047,102.05762,107.74,-5.68238,0.4545,0.1864,NEUTRAL,prior-research-2026-10-01+NEUTRAL,True,-72.68637,0.14623,0.16667,-44.11662,-0.94865,-85.37736,18.36085,-2.12689,-8.90307,443.84242,56.68216,11.2148,-0.01045,0.0,151.73901,-2.23664,-1.87327,-2.29009,0.24285,-0.8731,-1.85984,0.55039,-0.66704,-1.30596,1.60013,0.0637,-0.40223,1.12074,-0.88033,1.54686,2026-09-30,False,,,,,,,,,,,,0.50192,2.40964
ADGYO,Finance,45.2,47327551.125,52.17964,1.05074,-0.18241,30.16453,55.80047,102.05762,107.74,-5.68238,0.4545,0.1864,NEUTRAL,prior-research-2026-10-01+NEUTRAL,True,20.70393,0.63662,0.5,-52.17964,-1.05074,-36.33803,17.6726,-7.92891,-4.0585,68.60415,3.54498,73.72033,-0.00226,0.0,-57.32123,0.44951,0.54723,0.31644,-0.21905,-1.27558,0.62232,0.03312,-1.10714,-1.00197,-0.75105,-1.68749,0.98276,1.24013,-0.88033,-1.62628,2026-09-30,False,,,,,,,,,,,,0.43827,9.95169
AEFES,Consumer Non-Durables,17.68,821219206.19312,37.89549,0.96402,0.12521,58.68373,54.27547,100.07985,107.74,-7.66015,0.5049,0.1889,NEUTRAL,prior-research-2026-10-01+NEUTRAL,False,30.68683,0.79496,0.58333,-37.89549,-0.96402,-26.16438,20.5263,8.89029,9.31845,117.03017,261.74039,12.00302,-0.84509,1.68071,-8.49303,0.86467,1.37292,1.24158,0.70909,-1.24671,1.34506,1.73104,0.6256,0.73047,-0.03919,0.63908,0.61817,-0.80696,0.91919,-0.18353,2026-09-30,False,,,,,,,,,,,,0.53802,5.18192
AFYON,Non-Energy Minerals,10.68,15534405.86869,26.21102,0.57319,0.5314,94.88117,59.89547,107.36843,107.74,-0.37157,0.5912,0.1938,NEUTRAL,prior-research-2026-10-01+NEUTRAL,False,8.79208,0.65054,0.58333,-26.21102,-0.57319,-34.94622,16.55857,0.56397,0.96469,181.42473,105.45027,15.55647,-0.02428,14.04494,5.34548,0.17512,0.53988,0.79889,2.16854,1.34325,0.70585,-1.23168,0.16906,0.21666,0.60742,-0.01842,0.78661,0.93502,2.91438,0.36339,2026-09-30,False,,,,,,,,,,,,0.6505,1.93549
AGESA,Finance,228.3,44557149.08301,27.78658,0.66191,0.31141,78.24497,57.21947,103.89792,107.74,-3.84208,0.5245,0.2036,NEUTRAL,prior-research-2026-10-01+NEUTRAL,False,44.57442,0.86314,0.58333,-27.78658,-0.66191,-17.32283,17.61228,70.45026,16.90599,30.65864,124.09664,18.96309,-0.02503,3.04181,21.17637,0.79999,1.76325,0.85119,1.94979,0.64582,2.21664,-0.00055,1.92124,0.64173,-1.51281,0.68118,-0.04916,0.85859,1.08966,0.72313,2026-09-30,False,,,,,,,,,,,,0.58316,2.3622
AGHOL,Consumer Non-Durables,31.48,147427710.37806,38.67585,0.89514,0.39376,85.19196,58.80547,105.95481,107.74,-1.78519,0.5497,0.2014,NEUTRAL,prior-research-2026-10-01+NEUTRAL,False,27.1799,0.85543,0.58333,-38.67585,-0.89514,-25.6481,18.80885,3.94764,5.81026,168.54759,1022.15183,2.78232,-1.34033,2.21745,-0.4534,0.81949,1.79651,1.24158,0.65646,-0.89899,1.39971,0.93916,0.20415,0.41046,0.39214,1.80533,-0.1629,-1.2281,1.09751,0.15011,2026-09-30,False,,,,,,,,,,,,0.61144,5.04866
AGROT,Technology Services,1.29,59260160.04172,51.89239,0.92266,0.23754,69.83547,54.27547,100.07985,107.74,-7.66015,0.5049,0.1889,NEUTRAL,prior-research-2026-10-01+NEUTRAL,True,-45.79946,0.31502,0.25,-51.89239,-0.92266,-68.49817,17.89745,-6.57225,-16.84175,262.92794,60.38096,-14.79813,-0.0395,0.0,-42.16333,-1.57866,-0.84847,-1.39252,0.38023,-0.34397,-0.86575,-0.17063,-0.93549,-1.14284,1.63202,0.17412,-1.44765,0.29554,-0.38676,-1.26571,2026-09-30,False,,,,,,,,,,,,0.54963,1.54639
AGYO,Finance,6.6,1885474.41236,39.80948,0.59649,0.48773,91.22486,59.89547,107.36843,107.74,-0.37157,0.5912,0.1938,NEUTRAL,prior-research-2026-10-01+NEUTRAL,True,-2.65252,0.67347,0.41667,-39.80948,-0.59649,-33.16326,14.44969,-3.54422,-12.10815,378.28386,32.31376,33.19091,-0.00013,0.0,12.32846,-0.04642,0.6905,-0.24156,0.58847,0.90029,0.80939,-2.29601,-0.8123,-1.45409,1.22789,-0.34943,0.44391,1.40438,-0.88033,0.44254,2026-09-30,False,,,,,,,,,,,,0.60321,3.81679
AHGAZ,Utilities,43.3,207314157.01788,42.13638,0.35196,-0.12713,33.08958,55.80047,102.05762,107.74,-5.68238,0.4545,0.1864,NEUTRAL,prior-research-2026-10-01+NEUTRAL,False,35.51193,0.97831,0.5,-42.13638,-0.35196,-26.40991,19.14975,10.55876,4.76529,53.70895,62.44244,19.35767,-0.1372,0.13324,34.40464,0.52064,2.24826,0.37664,0.58206,1.83008,1.16747,0.43814,0.66484,0.33359,-1.06094,0.05571,0.99126,0.31562,0.49007,1.51834,2026-09-30,False,,,,,,,,,,,,0.51397,5.76923
AHSGY,Finance,7.78,32813946.32487,75.32308,0.96244,-0.31587,19.74406,55.80047,102.05762,107.74,-5.68238,0.4545,0.1864,NEUTRAL,prior-research-2026-10-01+NEUTRAL,False,47.66895,0.30016,0.41667,-75.32308,-0.96244,-69.98377,17.30636,37.19825,53.57073,208.9638,10.7937,383.14812,-1e-05,0.97982,213.30418,0.84827,-1.01433,-0.24156,-1.47599,-0.94329,-1.00961,-0.30374,1.18635,1.61061,0.43882,-1.07372,2.25967,1.51654,0.53664,1.76187,2026-09-30,False,,,,,,,,,,,,0.43244,9.97877
AKBNK,Finance,67.0,10352582520.06745,45.12642,1.38194,-0.02796,42.23035,55.80047,102.05762,107.74,-5.68238,0.4545,0.1864,NEUTRAL,prior-research-2026-10-01+NEUTRAL,False,27.80727,0.74392,0.58333,-45.12642,-1.38194,-31.60376,23.0605,22.87053,19.15775,91.03808,247.27849,30.34435,-3.14696,3.28627,-12.96313,0.54835,0.97186,0.85119,0.21765,-2.6649,0.87386,2.75457,0.71819,0.75332,-0.48127,1.24979,0.32403,-1.91038,1.19038,-0.58219,2026-09-30,False,,,,,,,,,,,,0.51662,9.73927
AKCNS,Non-Energy Minerals,205.0,80605700.47633,48.5872,0.39308,-0.11728,34.18647,55.80047,102.05762,107.74,-5.68238,0.4545,0.1864,NEUTRAL,prior-research-2026-10-01+NEUTRAL,False,79.4671,0.82164,0.66667,-48.5872,-0.39308,-23.8477,18.20508,2.27568,1.47239,73.27562,69.51877,3.58169,-0.14175,0.91728,42.18659,1.04437,1.38417,1.38999,-0.01257,2.06469,1.48546,0.09367,0.30272,0.26151,-0.38093,-0.31656,-0.03839,0.28013,0.59949,1.34242,2026-09-30,False,,,,,,,,,,,,0.4592,10.0
AKENR,Utilities,7.67,66514351.28126,55.70158,0.81695,0.19697,65.63071,54.27547,100.07985,107.74,-7.66015,0.5049,0.1889,NEUTRAL,prior-research-2026-10-01+NEUTRAL,True,0.0955,0.5056,0.5,-55.70158,-0.81695,-49.43968,18.01293,-26.54323,-74.21944,263.96332,345.28459,-7.91807,-1.63512,0.0,-50.37753,-0.09917,-0.28089,0.37664,-0.24198,-0.39525,-0.15493,-0.14904,-1.29417,-1.9558,0.74451,1.55106,-0.85814,-1.44091,-0.69305,-0.93975,2026-09-30,False,,,,,,,,,,,,0.52271,1.67158
AKFGY,Finance,2.45,41975407.89559,35.62349,0.72518,0.41867,87.56856,58.80547,105.95481,107.74,-1.78519,0.5497,0.2014,NEUTRAL,prior-research-2026-10-01+NEUTRAL,False,0.3937,0.78907,0.33333,-35.62349,-0.72518,-23.02545,17.55259,4.95852,17.18822,390.21922,19.48004,85.09165,-0.16902,0.0,6.98429,0.04771,1.24012,-0.88688,1.03071,0.33038,1.5475,-0.06798,-0.15753,0.67081,1.2873,-0.70269,1.13154,0.14168,-0.88033,0.22911,2026-09-30,False,,,,,,,,,,,,0.58757,9.96169
AKFIS,Industrial Services,16.9,257643124.87624,67.36481,0.5274,-0.18532,29.7989,55.80047,102.05762,107.74,-5.68238,0.4545,0.1864,NEUTRAL,prior-research-2026-10-01+NEUTRAL,False,364.90436,0.86979,0.75,-67.36481,-0.5274,-31.75502,19.36709,4.59804,2.30851,55.98427,17.50803,6.25257,-0.54921,0.0,,1.77524,1.61204,2.06416,-0.49173,1.2034,0.78906,0.33804,0.12131,0.14688,-0.22335,-0.59858,-0.01886,-0.86132,-0.40421,0.0,2026-09-30,False,,,,,,,,,,,,0.45641,9.96416
AKFYE,Utilities,3.47,199279219.59255,56.97457,0.68921,0.07467,53.93053,54.27547,100.07985,107.74,-7.66015,0.5049,0.1889,NEUTRAL,prior-research-2026-10-01+NEUTRAL,False,36.16257,0.73725,0.58333,-56.97457,-0.68921,-30.73653,19.11022,4.46643,10.11097,272.03324,24.78249,16.26949,-0.18203,0.0,-8.45052,0.53888,0.79108,0.9114,-0.30644,0.3117,0.91579,0.42444,0.24212,0.8556,0.81371,-0.6078,0.84283,0.20327,-0.69305,0.16014,2026-09-30,False,,,,,,,,,,,,0.50106,9.95851
AKGRT,Finance,5.11,53476604.18522,27.93628,0.73994,0.2726,73.67459,57.21947,103.89792,107.74,-3.84208,0.5245,0.2036,NEUTRAL,prior-research-2026-10-01+NEUTRAL,False,-0.96308,0.59627,0.33333,-27.93628,-0.73994,-40.37339,17.79475,30.7936,27.85451,100.88674,200.47182,12.04833,-0.02703,0.0,20.41462,-0.02294,0.30659,-0.88688,1.91382,0.25708,0.38198,0.14888,1.0273,0.97647,-0.33462,1.09123,-0.33466,0.83688,-0.88033,0.68329,2026-09-30,False,,,,,,,,,,,,0.56599,3.67647
AKMGY,Finance,208.89999,7560356.93686,40.15408,0.49262,0.21388,67.45887,54.27547,100.07985,107.74,-7.66015,0.5049,0.1889,NEUTRAL,prior-research-2026-10-01+NEUTRAL,False,19.84272,0.67898,0.5,-40.15408,-0.49262,-32.10211,15.83843,7.80821,9.71679,139.32269,15.61757,62.19719,-0.00026,7.68789,7.36167,0.43353,0.71584,0.31644,0.57035,1.3492,0.83759,-1.37362,0.0424,0.18365,-0.03497,-0.84964,0.82924,1.36626,1.93885,0.23937,2026-09-30,False,,,,,,,,,,,,0.54492,1.79446
AKSA,Process Industries,10.25,214659579.64031,40.70435,0.76001,0.1297,59.23218,54.27547,100.07985,107.74,-7.66015,0.5049,0.1889,NEUTRAL,prior-research-2026-10-01+NEUTRAL,False,-5.78695,0.78846,0.41667,-40.70435,-0.76001,-21.69354,19.18456,18.29116,14.54193,89.98082,97.98609,6.62309,-0.75777,5.65854,10.79546,-0.0408,1.38131,-0.04657,0.7368,0.15434,1.80348,1.31742,1.18746,1.26305,-0.23928,-0.12134,0.31727,-0.78079,2.0303,0.54017,2026-09-30,False,,,,,,,,,,,,0.51568,5.86618
AKSEN,Utilities,72.9,671192683.5787,51.24385,0.89646,-0.20103,29.25046,55.80047,102.05762,107.74,-5.68238,0.4545,0.1864,NEUTRAL,prior-research-2026-10-01+NEUTRAL,False,101.41026,0.62845,0.58333,-51.24385,-0.89646,-43.40517,20.32457,5.67192,3.72704,75.48866,44.85405,24.05951,-0.92409,0.0,-25.12708,1.2222,0.38166,0.9114,0.03081,-0.80555,0.18313,1.02668,0.39022,0.2269,-0.7047,-0.1792,1.16319,-0.95533,-0.69305,-0.46711,2026-09-30,False,,,,,,,,,,,,0.49364,4.34783
AKSGY,Finance,9.45,38372930.47368,24.42487,0.60208,0.52794,94.51554,59.89547,107.36843,107.74,-0.37157,0.5912,0.1938,NEUTRAL,prior-research-2026-10-01+NEUTRAL,False,37.76889,0.9157,0.58333,-24.42487,-0.60208,-12.51396,17.46286,7.45811,13.80841,215.48745,20.35114,67.67082,-0.03921,4.81997,6.29803,0.71512,1.9295,0.85119,2.32627,0.86651,2.57103,-0.14063,0.01526,0.48365,0.48338,-0.68571,0.89347,0.70074,1.46872,0.18838,2026-09-30,False,,,,,,,,,,,,0.64417,2.78074
AKSUE,Utilities,14.88,80293570.60017,72.47653,0.72909,-0.61578,7.86106,55.80047,102.05762,107.74,-5.68238,0.4545,0.1864,NEUTRAL,prior-research-2026-10-01+NEUTRAL,True,67.86704,0.30833,0.5,-72.47653,-0.72909,-69.16701,18.2012,-9.44025,-8.46621,98.78099,7.14632,-36.28785,-0.00436,0.0,-20.50313,0.8996,-1.11945,0.37664,-1.1336,0.11359,-1.01555,-0.0627,-0.73328,-0.64124,-0.39634,-1.42135,-1.54919,1.27535,-0.69305,-0.33271,2026-09-30,False,,,,,,,,,,,,0.36056,5.58922
AKYHO,Commercial Services,1.69,2596581.6822,41.09418,0.68429,0.60777,97.07495,125.15047,191.99764,107.74,84.25764,0.5947,0.1885,NEUTRAL,prior-research-2026-10-01+NEUTRAL,True,-36.80982,0.50599,0.16667,-41.09418,-0.68429,-53.59281,14.76971,-7.9748,-12.17109,158.50643,35.9651,-33.81827,-0.01243,0.0,-14.24096,-1.38781,0.54794,-2.30215,1.31829,0.22235,0.43922,-1.53178,-0.83541,-0.98385,1.29309,-0.17446,-1.08893,0.4946,-0.80119,-0.67202,2026-09-30,False,,,,,,,,,,,,0.62055,9.03227
ALARK,Finance,98.65,383508647.091,36.95322,0.85262,0.02163,47.34918,55.80047,102.05762,107.74,-5.68238,0.4545,0.1864,NEUTRAL,prior-research-2026-10-01+NEUTRAL,False,37.45223,0.84029,0.66667,-36.95322,-0.85262,-24.91365,19.76487,8.48919,16.38521,214.04892,25.25916,-27.68586,-0.43579,3.22859,21.12555,0.6963,1.61593,1.4423,0.84259,-0.34477,1.36873,1.2156,0.09764,0.63224,0.47693,-0.51394,-2.42385,-0.41102,1.14455,0.71641,2026-09-30,False,,,,,,,,,,,,0.53268,4.68451
ALBRK,Finance,8.3,106697218.10413,36.77836,1.10583,0.57965,95.97806,125.15047,191.99764,107.74,84.25764,0.5947,0.1885,NEUTRAL,prior-research-2026-10-01+NEUTRAL,False,15.63111,0.83142,0.41667,-36.77836,-1.10583,-23.54085,18.48551,34.39708,44.86065,151.6278,473.15532,22.60559,-4.74527,3.15424,18.21476,0.37593,1.49712,-0.24156,0.86522,-1.54443,1.51417,0.63989,1.10962,1.43589,0.09834,1.90603,0.1243,-2.289,1.13337,0.59468,2026-09-30,True,,,,,,,,,,,,0.65465,6.88361
ALCAR,Producer Manufacturing,594.0,31710587.5,45.18264,0.77216,0.16705,62.34004,54.27547,100.07985,107.74,-7.66015,0.5049,0.1889,NEUTRAL,prior-research-2026-10-01+NEUTRAL,True,-26.94611,0.60458,0.33333,-45.18264,-0.77216,-39.54198,17.27216,-28.86136,-9.11799,30.77612,118.73904,-5.50585,-0.90974,10.64268,-18.39441,-0.61224,0.76991,-0.53966,0.53116,0.19259,0.8312,-0.32077,-1.27697,-0.46222,-0.86816,0.1135,-0.73541,-0.67585,2.77434,-0.76983,2026-09-30,False,,,,,,,,,,,,0.5236,4.769
ALCTL,Electronic Technology,82.45,56112890.36078,55.10871,0.85665,0.27561,74.58867,57.21947,103.89792,107.74,-3.84208,0.5245,0.2036,NEUTRAL,prior-research-2026-10-01+NEUTRAL,True,-1.77665,0.45327,0.5,-55.10871,-0.85665,-54.6729,17.84288,-2.35103,-2.32399,98.77664,155.07221,3.94018,-0.04368,0.0,-32.13186,-0.29346,-0.22962,0.26692,0.23776,0.15134,-0.27376,-0.67121,-0.51218,-0.54403,0.61266,0.56864,-0.62875,1.00565,-0.20017,-1.43181,2026-09-30,False,,,,,,,,,,,,0.53922,5.45455
ALFAS,Utilities,27.7,69049322.55042,57.26651,1.01688,-0.0325,41.13346,55.80047,102.05762,107.74,-5.68238,0.4545,0.1864,NEUTRAL,prior-research-2026-10-01+NEUTRAL,False,-11.3868,0.4376,0.25,-57.26651,-1.01688,-56.24012,18.05033,5.25385,3.01316,59.72483,75.01546,6.92588,-0.47383,0.5886,-26.47968,-0.45366,-0.54527,-1.50071,-0.32151,-1.35723,-0.42682,-0.11883,0.34367,0.18673,-0.93685,0.16536,0.27502,-0.3766,0.59349,-0.51053,2026-09-30,False,,,,,,,,,,,,0.49534,2.90456
ALGYO,Finance,2.9,86052352.85392,61.33857,0.72939,-0.32985,19.0128,55.80047,102.05762,107.74,-5.68238,0.4545,0.1864,NEUTRAL,prior-research-2026-10-01+NEUTRAL,True,24.63493,0.35323,0.5,-61.33857,-0.72939,-64.67722,18.27047,-12.98357,-34.26725,287.97708,11.45768,51.99659,-0.28709,1.72414,-87.54212,0.5148,-0.85569,0.31644,-0.73613,0.30088,-0.82857,0.46988,-1.31159,-2.09878,0.94545,-1.01196,0.68897,-0.13787,0.7671,-2.0725,2026-09-30,False,,,,,,,,,,,,0.43335,3.38029
ALKA,Process Industries,5.86,20545069.46487,36.99939,0.79271,0.03478,48.8117,55.80047,102.05762,107.74,-5.68238,0.4545,0.1864,NEUTRAL,prior-research-2026-10-01+NEUTRAL,True,-28.03905,0.40164,0.33333,-36.99939,-0.79271,-59.8355,16.83813,-5.32489,-2.69256,52.07168,71.13897,2.75115,-0.21905,0.0,-16.66094,-0.76005,-0.41472,-0.69188,1.06046,-0.03408,-0.41249,-0.30935,-0.33738,-0.17451,-0.81037,-0.32691,-0.08104,0.10113,-0.46691,-0.5589,2026-09-30,False,,,,,,,,,,,,0.47594,3.85573
ALKIM,Process Industries,11.85,23331106.58342,35.12955,0.79993,0.27398,74.04022,57.21947,103.89792,107.74,-3.84208,0.5245,0.2036,NEUTRAL,prior-research-2026-10-01+NEUTRAL,True,-24.7076,0.56321,0.5,-35.12955,-0.79993,-43.67871,16.9653,-10.10017,-12.69544,133.73957,152.69736,-0.17218,-0.10887,0.0,-10.43004,-0.68627,0.30053,0.51143,1.33147,-0.05767,0.32294,-0.20403,-0.60414,-0.75479,0.18177,0.29494,-0.34639,0.41961,-0.46691,-0.29168,2026-09-30,False,,,,,,,,,,,,0.56338,4.3395
ALTNY,Electronic Technology,12.84,323121817.63262,55.99645,0.81499,-0.13566,32.54113,55.80047,102.05762,107.74,-5.68238,0.4545,0.1864,NEUTRAL,prior-research-2026-10-01+NEUTRAL,False,2.0,0.65914,0.5,-55.99645,-0.81499,-40.04106,19.59354,0.61391,0.22495,38.99463,24.85274,10.60935,-0.48269,0.0,20.75001,-0.14702,0.71972,0.26692,0.20837,0.33261,0.46196,0.24717,-0.32636,-0.32503,-0.35643,-0.82621,-0.10494,-0.13512,-0.20017,0.43021,2026-09-30,False,,,,,,,,,,,,0.45938,9.98185
ALVES,Producer Manufacturing,0.56,106034847.11425,67.30435,1.36415,0.24996,70.93236,57.21947,103.89792,107.74,-3.84208,0.5245,0.2036,NEUTRAL,prior-research-2026-10-01+NEUTRAL,False,-52.41379,0.11966,0.33333,-67.30435,-1.36415,-88.03419,18.47928,2.75377,8.63527,367.56182,1484.46863,16.26831,-1.73784,0.0,64.09988,-1.39258,-1.67911,-0.53966,-0.73883,-2.24909,-1.70824,0.65145,0.21924,0.93568,1.83523,2.15776,0.82561,-1.19603,-0.41483,1.25377,2026-09-30,False,,,,,,,,,,,,0.52925,6.4
ANGEN,Health Technology,6.78,17667691.70719,55.28471,0.82246,-0.04417,39.67093,55.80047,102.05762,107.74,-5.68238,0.4545,0.1864,NEUTRAL,prior-research-2026-10-01+NEUTRAL,True,-28.88889,0.46122,0.25,-55.28471,-0.82246,-54.14966,16.68725,-17.29018,-19.9741,114.78797,54.29423,-10.27015,-0.31919,0.0,6.97445,-0.39516,0.08034,-0.84251,-0.22578,-0.5733,0.14102,-0.52101,-0.99885,-0.95462,-0.27808,-0.38741,-0.86267,-0.31277,-0.48804,0.19407,2026-09-30,False,,,,,,,,,,,,0.44848,9.9664
ANHYT,Finance,97.6,92997048.90751,34.58468,0.72075,0.06795,52.28519,54.27547,100.07985,107.74,-7.66015,0.5049,0.1889,NEUTRAL,prior-research-2026-10-01+NEUTRAL,False,25.85289,0.79673,0.5,-34.58468,-0.72075,-20.32653,18.34808,59.12137,16.9175,32.71981,86.56722,24.87596,-0.02356,8.33969,25.71276,0.52035,1.28486,0.31644,1.189,0.35516,1.8528,0.53949,1.68267,0.66101,-1.45793,0.32472,0.18471,0.89566,2.05252,0.82881,2026-09-30,False,,,,,,,,,,,,0.5322,5.40817
ANSGR,Finance,23.68,103195700.8546,27.12711,0.70321,0.29389,75.50274,57.21947,103.89792,107.74,-3.84208,0.5245,0.2036,NEUTRAL,prior-research-2026-10-01+NEUTRAL,False,33.42826,0.76387,0.5,-27.12711,-0.70321,-23.6129,18.45214,46.75573,32.9551,82.60252,194.6062,16.73684,-0.00413,5.80659,19.11764,0.61167,1.09131,0.31644,2.0305,0.4565,1.49813,0.60583,1.44219,1.13774,-0.58078,1.06008,-0.12609,1.20877,1.65334,0.62569,2026-09-30,False,,,,,,,,,,,,0.57325,2.96353
ARASE,Utilities,97.25,31486531.23605,47.67807,0.70439,0.41229,87.02011,58.80547,105.95481,107.74,-1.78519,0.5497,0.2014,NEUTRAL,prior-research-2026-10-01+NEUTRAL,False,141.34561,0.75563,0.75,-47.67807,-0.70439,-24.86403,17.26507,13.09125,11.27867,100.03426,153.40936,26.03391,-0.09521,2.05656,-18.86025,1.42227,0.91213,2.11196,0.2539,0.24909,1.35532,-0.8246,0.8185,0.94369,-0.37688,0.77205,1.20198,0.48578,1.07835,-0.28872,2026-09-30,False,,,,,,,,,,,,0.59502,6.18812
ARCLK,Consumer Durables,80.7,130899023.77105,27.08058,0.94657,0.39038,84.82633,58.80547,105.95481,107.74,-1.78519,0.5497,0.2014,NEUTRAL,prior-research-2026-10-01+NEUTRAL,True,-22.33218,0.59645,0.25,-27.08058,-0.94657,-40.35477,18.68994,-3.20926,-4.31756,141.08216,991.55025,1.72838,-3.31783,0.0,-14.73163,-0.4745,0.29551,-1.09054,1.84634,-0.49925,0.36082,0.64397,0.24354,0.03629,0.22422,1.26541,-0.07528,-0.9552,-0.9095,-0.60259,2026-09-30,False,,,,,,,,,,,,0.61809,3.33909
ARDYZ,Technology Services,56.2,355047367.39787,69.75091,1.11653,-0.29539,21.57221,55.80047,102.05762,107.74,-5.68238,0.4545,0.1864,NEUTRAL,prior-research-2026-10-01+NEUTRAL,False,214.21773,0.58542,0.66667,-69.75091,-1.11653,-41.45833,19.68776,24.26834,6.91849,34.47982,40.88783,33.43116,-0.29479,0.05774,175.07322,1.72613,0.36207,1.6107,-0.58247,-1.1596,0.41443,0.71269,0.8872,0.41708,-0.52265,-0.1044,1.16326,-0.55005,0.76944,1.69073,2026-09-30,False,,,,,,,,,,,,0.446,7.5
ARENA,Distribution Services,14.8,19832733.43422,59.0361,0.876,0.29414,75.68556,57.21947,103.89792,107.74,-3.84208,0.5245,0.2036,NEUTRAL,prior-research-2026-10-01+NEUTRAL,True,-33.17972,0.34774,0.16667,-59.0361,-0.876,-65.22556,16.80284,-45.98657,-73.08746,115.75703,1876.02482,0.49078,-2.64084,0.0,-50.4201,-0.88017,-0.47028,-1.77364,-0.09309,-0.8684,-0.43659,-0.40254,-1.91593,-1.82666,0.64674,1.71044,-0.36357,-1.52626,-0.44176,-1.19113,2026-09-30,False,,,,,,,,,,,,0.52624,4.42843
ARMGD,Consumer Non-Durables,129.8,219115514.64411,72.57896,0.71758,-0.73297,4.7532,55.80047,102.05762,107.74,-5.68238,0.4545,0.1864,NEUTRAL,prior-research-2026-10-01+NEUTRAL,False,446.81979,0.59954,0.66667,-72.57896,-0.71758,-43.87991,19.20511,33.83604,6.91793,29.00308,45.69251,13.00409,-1.02443,0.0,84.90208,2.76806,0.45391,1.83268,-1.34926,0.07897,0.31598,1.13077,1.56382,0.52864,-1.39222,-0.7767,0.66396,-1.00916,-0.71132,1.53417,2026-09-30,False,,,,,,,,,,,,0.36958,9.98752
ARSAN,Process Industries,3.34,63830066.03541,50.94868,0.86955,-0.27954,22.30347,55.80047,102.05762,107.74,-5.68238,0.4545,0.1864,NEUTRAL,prior-research-2026-10-01+NEUTRAL,False,50.0,0.69151,0.58333,-50.94868,-0.86955,-35.81781,17.97173,3.41929,6.57163,227.18319,6.78837,-14.78173,-0.01331,0.0,205.94054,0.98103,0.90679,1.04619,0.08181,-0.44628,0.75739,0.68737,0.3029,0.57888,0.82701,-1.95155,-1.0583,1.13254,-0.46691,1.86493,2026-09-30,False,,,,,,,,,,,,0.48806,7.87172
ARTMS,Retail Trade,34.42,38525843.25,52.58186,0.68848,-0.14675,31.62706,55.80047,102.05762,107.74,-5.68238,0.4545,0.1864,NEUTRAL,prior-research-2026-10-01+NEUTRAL,False,-0.89035,0.61028,0.41667,-52.58186,-0.68848,-43.26241,17.46684,4.33332,4.16934,106.27457,17.16304,-4.46351,-0.21204,0.0,-95.83283,-0.2177,-0.1559,-0.39195,-0.57668,0.32777,-0.33659,-0.2915,0.39906,0.29503,0.07807,-2.47531,-0.42832,0.32242,-1.09075,-2.09317,2026-09-30,False,,,,,,,,,,,,0.46889,6.50001
ARZUM,Distribution Services,1.14,20260584.66824,53.41255,0.80682,0.12685,59.04936,54.27547,100.07985,107.74,-7.66015,0.5049,0.1889,NEUTRAL,prior-research-2026-10-01+NEUTRAL,False,-47.75641,0.31405,0.25,-53.41255,-0.80682,-68.59504,16.82419,,-124.04873,,593.96655,-13.54507,,0.0,-63.59992,-1.34893,-0.56219,-1.04446,0.21541,-0.46983,-0.56507,-0.39036,0.0,-2.2992,0.0,0.7474,-1.05338,0.0,-0.44176,-1.48634,2026-09-30,False,,,,,,,,,,,,0.50234,4.20168
ASELS,Electronic Technology,336.5,12723221272.375,49.88912,1.18167,-0.37785,17.00183,55.80047,102.05762,107.74,-5.68238,0.4545,0.1864,NEUTRAL,prior-research-2026-10-01+NEUTRAL,False,78.56674,0.77535,0.66667,-49.88912,-1.18167,-22.52304,23.26669,15.60281,2.41879,18.18066,13.60707,23.1344,-0.23894,0.06973,24.73247,0.88288,1.264,1.39278,0.57105,-1.25188,1.67353,2.06954,0.60491,-0.16546,-1.04496,-1.20869,0.51006,0.33092,0.96274,0.53345,2026-09-30,False,,,,,,,,,,,,0.4372,5.48611
ASGYO,Finance,9.81,33492818.14104,34.32063,0.60145,0.2884,75.13711,57.21947,103.89792,107.74,-3.84208,0.5245,0.2036,NEUTRAL,prior-research-2026-10-01+NEUTRAL,False,-4.073,0.7415,0.33333,-34.32063,-0.60145,-25.85033,17.32684,25.40273,89.62364,436.31553,4.21315,-37.45274,-1e-05,1.71579,203.16517,-0.08866,0.95594,-0.88688,1.23386,0.87991,1.22602,-0.27862,0.88535,2.35865,1.55116,-1.62603,-2.62154,1.50155,0.75862,1.68869,2026-09-30,False,,,,,,,,,,,,0.57146,3.1968
ASTOR,Producer Manufacturing,190.60001,8749551274.0,72.66491,1.57475,-0.74472,4.38757,55.80047,102.05762,107.74,-5.68238,0.4545,0.1864,NEUTRAL,prior-research-2026-10-01+NEUTRAL,False,244.48071,0.52435,0.75,-72.66491,-1.57475,-47.56534,22.89227,29.08552,5.34819,21.21024,20.6281,29.76055,-0.13567,0.79333,11.87617,2.20467,0.34538,2.39897,-1.02671,-3.0,0.36368,2.56488,1.56664,0.59963,-1.20838,-1.17574,1.28098,0.58855,0.93595,0.43332,2026-09-30,False,,,,,,,,,,,,0.38075,5.54435
ASUZU,Consumer Durables,41.64,15942954.151,36.26486,0.76934,0.29511,76.234,57.21947,103.89792,107.74,-3.84208,0.5245,0.2036,NEUTRAL,prior-research-2026-10-01+NEUTRAL,True,-12.96746,0.59308,0.41667,-36.26486,-0.76934,-40.69245,16.58453,-1.40074,-1.85643,142.90589,302.64045,-0.62203,-0.95413,5.71794,34.93923,-0.13598,0.27024,0.22881,0.69799,0.44379,0.33469,-0.94584,0.39744,0.21062,0.23945,0.30365,-0.23071,-0.08035,1.60576,1.05773,2026-09-30,False,,,,,,,,,,,,0.58754,4.51264
ATAGY,Finance,8.09,1714636.82317,29.67343,0.39293,0.41272,87.20293,58.80547,105.95481,107.74,-1.78519,0.5497,0.2014,NEUTRAL,prior-research-2026-10-01+NEUTRAL,True,-29.51168,0.46097,0.25,-29.67343,-0.39293,-53.90313,14.35471,-3.6036,-7.04866,209.67033,18.13542,32.36351,-0.00799,0.0,-13.17518,-0.90274,-0.29732,-1.56091,1.64567,1.77251,-0.29378,-2.3542,-0.81762,-1.18306,0.46411,-0.77348,0.40552,1.13012,-0.88033,-0.59312,2026-09-30,False,,,,,,,,,,,,0.56275,4.46248
ATAKP,Consumer Non-Durables,32.68,15634834.22762,37.65949,0.80376,0.15752,61.79159,54.27547,100.07985,107.74,-7.66015,0.5049,0.1889,NEUTRAL,prior-research-2026-10-01+NEUTRAL,True,-15.04294,0.52189,0.33333,-37.65949,-0.80376,-47.81109,16.56501,-7.3573,-10.01283,151.04889,88.36716,2.78232,-0.03791,2.14198,-8.93544,-0.14016,0.05654,-0.49649,0.72942,-0.39907,0.11083,-0.7252,-0.56411,-0.76309,0.23654,-0.33491,-0.16839,0.85597,1.07867,-0.20369,2026-09-30,False,,,,,,,,,,,,0.52889,3.44037
ATATP,Technology Services,220.0,284833929.66484,67.87055,0.52918,-0.15357,31.07861,55.80047,102.05762,107.74,-5.68238,0.4545,0.1864,NEUTRAL,prior-research-2026-10-01+NEUTRAL,False,107.80624,0.65672,0.58333,-67.87055,-0.52918,-34.47761,19.46742,46.0081,39.63408,28.48222,47.81239,22.45992,-0.01101,0.45455,-0.77874,1.28373,0.71595,1.01959,-0.52232,1.55366,0.81158,0.63063,1.45977,1.80781,-0.72289,0.02735,0.80647,0.71917,0.86483,0.03346,2026-09-30,False,,,,,,,,,,,,0.48627,7.61246
ATLAS,Miscellaneous,4.53,5431510.53627,55.48672,0.55136,0.31078,78.06216,57.21947,103.89792,107.74,-3.84208,0.5245,0.2036,NEUTRAL,prior-research-2026-10-01+NEUTRAL,True,-4.29479,0.3839,0.41667,-55.48672,-0.55136,-61.61017,15.50773,-4.81252,-8.66933,188.47681,1612.84227,2.59609,-0.0,0.63519,9.33897,0.32387,-0.26987,0.64745,-0.44227,0.69316,-0.27605,-0.6728,-0.24982,-0.33571,0.40561,2.81191,-0.3562,0.23871,0.35934,-0.18708,2026-09-30,False,,,,,,,,,,,,0.51789,9.87654
ATSYH,Miscellaneous,72.0,4497115.65629,80.83064,0.87058,-0.37429,17.18464,55.80047,102.05762,107.74,-5.68238,0.4545,0.1864,NEUTRAL,prior-research-2026-10-01+NEUTRAL,True,115.0,0.53731,0.41667,-80.83064,-0.87058,-46.84153,15.31895,-4.70102,-0.96555,22.31258,27.48154,6.89096,-0.0,0.0,111.91784,1.86492,0.40211,0.64745,-1.73032,-0.87632,0.4039,-0.8214,-0.24432,0.20988,-1.72643,-0.40628,0.07991,0.23871,-0.96267,0.92149,2026-09-30,False,,,,,,,,,,,,0.43114,8.94309
AVGYO,Finance,14.35,22577857.55014,67.67733,0.63822,-0.13787,31.80987,55.80047,102.05762,107.74,-5.68238,0.4545,0.1864,NEUTRAL,prior-research-2026-10-01+NEUTRAL,False,-16.24791,0.74468,0.41667,-67.67733,-0.63822,-51.21952,16.93248,10.48137,13.43777,139.53163,46.43338,72.70968,-0.0,0.0,327.10864,-0.48918,0.97991,-0.24156,-1.10013,0.75799,-0.18473,-0.6314,0.17756,0.44374,-0.02994,-0.09601,0.96397,1.8935,-0.88033,1.94668,2026-09-30,False,,,,,,,,,,,,0.4351,10.0
AVHOL,Health Services,25.1,57205274.37231,45.82765,0.65747,-0.12323,33.82084,55.80047,102.05762,107.74,-5.68238,0.4545,0.1864,NEUTRAL,prior-research-2026-10-01+NEUTRAL,True,-20.24624,0.49703,0.33333,-45.82765,-0.65747,-50.53465,17.86216,-48.81176,-73.40288,119.86158,39.25542,-23.96724,-0.78524,0.0,-42.66949,-0.94055,-0.61879,-0.37907,-0.16564,0.48927,-0.67182,-0.00905,-1.67258,-1.7599,0.38238,-0.3843,-1.69274,-0.6349,-0.43692,-1.41278,2026-09-30,False,,,,,,,,,,,,0.46953,2.45803
AVOD,Consumer Non-Durables,2.91,18232874.53174,48.60628,0.50798,0.11334,57.95247,54.27547,100.07985,107.74,-7.66015,0.5049,0.1889,NEUTRAL,prior-research-2026-10-01+NEUTRAL,True,-13.33333,0.50697,0.41667,-48.60628,-0.50798,-49.30313,16.71874,-17.53657,-26.51921,151.31683,211.99418,-3.23532,-0.91068,0.0,-23.18144,-0.08575,-0.01877,0.14882,-0.01479,0.96942,0.02625,-0.59089,-1.01443,-1.30993,0.24697,0.4608,-0.64642,-0.88524,-0.71132,-0.78464,2026-09-30,False,,,,,,,,,,,,0.50734,9.79899
AVPGY,Finance,48.18,30995040.84145,32.74592,0.68161,0.31063,77.87934,57.21947,103.89792,107.74,-3.84208,0.5245,0.2036,NEUTRAL,prior-research-2026-10-01+NEUTRAL,False,1.24923,0.72585,0.33333,-32.74592,-0.68161,-27.415,17.24934,4.45166,9.6985,234.08996,37.25298,19.15372,-0.0,10.37775,5.77232,0.08561,0.88721,-0.88688,1.40158,0.56241,1.13382,-0.38546,-0.2385,0.17092,0.63404,-0.23057,-0.02271,1.8935,2.26582,0.15313,2026-09-30,False,,,,,,,,,,,,0.57374,4.02145
AYCES,Consumer Services,335.5,36015584.0,69.96551,0.52837,-0.52058,10.05484,55.80047,102.05762,107.74,-5.68238,0.4545,0.1864,NEUTRAL,prior-research-2026-10-01+NEUTRAL,True,6.39432,0.25709,0.41667,-69.96551,-0.52837,-74.29119,17.39946,-2.60273,-1.52727,61.22226,4.50281,-43.71564,-0.02291,0.0,-19.44058,0.77927,-0.99026,0.15262,-1.04943,0.92541,-0.93019,-0.13596,0.11429,0.11445,-0.47416,-1.69878,-1.1665,0.66796,-0.43637,-0.8774,2026-09-30,False,,,,,,,,,,,,0.37947,9.95289
AYDEM,Utilities,23.5,55127142.03695,40.31021,0.66274,0.34088,80.25594,58.80547,105.95481,107.74,-1.78519,0.5497,0.2014,NEUTRAL,prior-research-2026-10-01+NEUTRAL,False,45.5451,0.73438,0.58333,-40.31021,-0.66274,-29.1875,17.82515,4.67446,11.55414,295.42437,83.85755,11.60381,-0.5157,0.0,33.72425,0.68087,0.7835,0.9114,0.75158,0.43738,0.97254,-0.28717,0.29261,0.97203,0.94879,0.2375,0.63084,-0.47353,-0.69305,1.49237,2026-09-30,False,,,,,,,,,,,,0.59837,4.44271
AYEN,Utilities,25.4,22787844.72176,51.84254,0.74808,0.38873,84.64351,58.80547,105.95481,107.74,-1.78519,0.5497,0.2014,NEUTRAL,prior-research-2026-10-01+NEUTRAL,False,20.77659,0.56145,0.33333,-51.84254,-0.74808,-43.855,16.94174,1.07482,2.70085,270.45117,99.00503,14.53769,-0.36557,3.07493,-34.53924,0.32215,0.00795,-0.82667,-0.00696,0.00704,0.15376,-1.0783,-0.00619,0.14173,0.80479,0.37581,0.758,-0.19103,1.28772,-0.7046,2026-09-30,False,,,,,,,,,,,,0.59924,3.09677
AYGAZ,Utilities,287.75,374625518.375,42.50745,0.44048,0.09541,55.39305,54.27547,100.07985,107.74,-7.66015,0.5049,0.1889,NEUTRAL,prior-research-2026-10-01+NEUTRAL,False,88.51362,0.85386,0.66667,-42.50745,-0.44048,-28.24742,19.74144,11.73819,13.22008,131.56692,153.49112,2.28684,-0.03772,4.36142,-14.87676,1.1288,1.52832,1.50251,0.53936,1.38268,1.05088,0.7094,0.73063,1.06127,-0.12734,0.77763,-0.19414,0.8138,1.54107,-0.12987,2026-09-30,False,,,,,,,,,,,,0.54582,3.07692
AZTEK,Distribution Services,3.11,22342365.94045,58.38383,0.86416,0.15275,61.06033,54.27547,100.07985,107.74,-7.66015,0.5049,0.1889,NEUTRAL,prior-research-2026-10-01+NEUTRAL,True,-24.51299,0.54561,0.33333,-58.38383,-0.86416,-45.4386,16.922,-38.72883,-24.48813,56.27915,299.8477,2.2667,-1.40163,4.36878,-17.21732,-0.60493,0.43958,-0.37043,-0.07216,-0.78929,0.4847,-0.34255,-1.87658,-1.1732,-0.11933,0.20352,-0.18403,-1.1564,1.80603,-0.46155,2026-09-30,False,,,,,,,,,,,,0.48934,9.84127
BAGFS,Process Industries,21.46,16883733.01718,41.98244,0.73669,0.42337,87.75137,58.80547,105.95481,107.74,-1.78519,0.5497,0.2014,NEUTRAL,prior-research-2026-10-01+NEUTRAL,False,-23.95105,0.51686,0.41667,-41.98244,-0.73669,-48.36223,16.64186,2.86938,7.70335,289.47469,177.51843,2.21486,-0.72348,0.0,12.52732,-0.62751,0.05844,-0.04657,0.625,0.29796,0.07455,-0.47574,0.26814,0.71756,1.21225,0.43226,-0.14213,-0.74256,-0.46691,0.60104,2026-09-30,False,,,,,,,,,,,,0.6178,6.03576
BAHKM,Process Industries,155.7,119806405.39126,69.37933,0.90224,-0.61148,8.22669,55.80047,102.05762,107.74,-5.68238,0.4545,0.1864,NEUTRAL,prior-research-2026-10-01+NEUTRAL,True,218.42366,0.81094,0.66667,-69.37933,-0.90224,-28.46365,18.60139,-17.7412,-2.77631,16.02001,10.68239,12.06007,-0.048,0.0,-18.11403,1.98117,1.4722,1.6373,-0.93456,-0.61631,1.17364,1.06184,-0.9028,-0.185,-1.86491,-1.64317,0.7281,0.71228,-0.46691,-0.61839,2026-09-30,False,,,,,,,,,,,,0.36689,10.0
BAKAB,Process Industries,30.8,13253630.78135,53.88428,0.70647,0.23635,69.65265,54.27547,100.07985,107.74,-7.66015,0.5049,0.1889,NEUTRAL,prior-research-2026-10-01+NEUTRAL,True,4.4102,0.55,0.5,-53.88428,-0.70647,-45.0,16.39978,-0.30167,-0.40227,144.19189,292.99938,-0.09118,-0.32883,0.0,3.28839,0.26635,0.22856,0.51143,-0.13204,0.45202,0.2309,-0.74313,0.04004,0.01985,0.27756,0.90202,-0.33421,-0.13761,-0.46691,0.25119,2026-09-30,False,,,,,,,,,,,,0.55742,3.85774
BALAT,Producer Manufacturing,43.66,2218116.5,61.02956,0.87634,-0.25772,24.31444,55.80047,102.05762,107.74,-5.68238,0.4545,0.1864,NEUTRAL,prior-research-2026-10-01+NEUTRAL,True,-0.07242,0.37,0.25,-61.02956,-0.87634,-63.0,14.61217,-18.94477,-1.376,2.81122,0.03198,-3865.78214,-0.0019,0.0,-128.16122,0.25733,-0.3571,-1.2137,-0.39546,-0.39986,-0.35468,-2.16868,-0.99887,0.08623,-2.57709,-2.8063,-2.85593,1.60596,-0.41483,-2.59992,2026-09-30,False,,,,,,,,,,,,0.43037,9.50069
BALSU,Consumer Non-Durables,6.8,656146611.38027,76.79797,0.70443,-0.5347,9.5064,55.80047,102.05762,107.74,-5.68238,0.4545,0.1864,NEUTRAL,prior-research-2026-10-01+NEUTRAL,False,-55.85353,0.30013,0.25,-76.79797,-0.70443,-72.37035,20.30189,,,72.55858,,,-2.37924,0.0,,-1.42743,-0.89956,-1.17053,-1.55759,0.14489,-0.98657,1.66441,0.0,0.0,-0.53933,0.0,0.0,-1.58284,-0.71132,0.0,2026-09-30,False,,,,,,,,,,,,0.35608,9.97443
BANVT,Process Industries,127.5,14769250.69095,35.28851,0.61605,0.35594,81.71846,58.80547,105.95481,107.74,-1.78519,0.5497,0.2014,NEUTRAL,prior-research-2026-10-01+NEUTRAL,True,-16.54755,0.68659,0.25,-35.28851,-0.61605,-31.39472,16.50806,-27.16284,-25.54214,93.85791,262.52493,-8.44696,-0.35523,0.0,-24.90196,-0.41571,0.88716,-1.36592,1.32167,0.86648,1.0117,-0.59751,-1.16995,-1.17669,-0.18025,0.79289,-0.82019,-0.18778,-0.46691,-0.82033,2026-09-30,False,,,,,,,,,,,,0.57064,2.87241
BARMA,Process Industries,6.37,7531073.2507,84.5743,0.86288,-0.11459,34.73492,55.80047,102.05762,107.74,-5.68238,0.4545,0.1864,NEUTRAL,prior-research-2026-10-01+NEUTRAL,True,-57.92079,0.08382,0.58333,-84.5743,-0.86288,-91.61842,15.83455,-3.33957,-8.83147,94.60394,263.20418,3.75694,-1.6056,0.0,29.22134,-1.68918,-2.10509,1.04619,-1.59113,-0.3995,-2.14072,-1.00393,-0.17981,-0.57872,-0.17536,0.81545,0.05421,-1.42836,-0.46691,1.07407,2026-09-30,False,,,,,,,,,,,,0.44099,9.99999
BASGZ,Utilities,38.9,12217580.10407,29.13497,0.60802,0.77627,98.53748,125.15047,191.99764,107.74,84.25764,0.5947,0.1885,NEUTRAL,prior-research-2026-10-01+NEUTRAL,False,20.00694,0.75977,0.58333,-29.13497,-0.60802,-24.02344,16.31839,12.74162,14.19491,124.46361,201.68968,6.88732,-0.0476,5.14139,0.12995,0.30613,0.93827,0.9114,1.95684,0.65617,1.41093,-1.6391,0.79287,1.1498,-0.1768,1.03836,0.26454,0.73039,1.73538,0.51804,2026-09-30,False,,,,,,,,,,,,0.66238,3.67647
BAYRK,Consumer Non-Durables,2.69,20578499.32819,45.64474,0.47426,-0.28637,21.93784,55.80047,102.05762,107.74,-5.68238,0.4545,0.1864,NEUTRAL,prior-research-2026-10-01+NEUTRAL,True,-40.32858,0.31097,0.33333,-45.64474,-0.47426,-68.90341,16.83976,-81.58515,-18.43373,33.49329,36.79583,-34.94994,-1.14655,0.0,-32.67456,-0.97615,-0.85769,-0.49649,0.16447,1.14665,-0.84163,-0.50415,-2.03984,-1.08683,-1.26395,-0.92382,-1.56053,-1.05951,-0.71132,-1.01679,2026-09-30,False,,,,,,,,,,,,0.44692,2.4055
BEGYO,Finance,2.54,13517279.57672,33.91178,0.78894,0.34399,80.43876,58.80547,105.95481,107.74,-1.78519,0.5497,0.2014,NEUTRAL,prior-research-2026-10-01+NEUTRAL,True,-35.76138,0.41675,0.33333,-33.91178,-0.78894,-58.32454,16.41948,-5.15869,-13.15105,265.67453,35.82393,26.25558,-0.0,0.0,-61.37316,-1.13226,-0.49952,-0.88688,1.2815,-0.03686,-0.47957,-1.08192,-0.93191,-1.4976,0.79029,-0.2921,0.23202,1.8935,-0.88033,-1.7066,2026-09-30,False,,,,,,,,,,,,0.52419,9.89011
BERA,Producer Manufacturing,11.55,88855777.99799,42.82277,0.85138,0.39508,85.37477,58.80547,105.95481,107.74,-1.78519,0.5497,0.2014,NEUTRAL,prior-research-2026-10-01+NEUTRAL,True,-25.5074,0.54739,0.5,-42.82277,-0.85138,-48.72038,18.30253,-1.2578,-5.10371,412.97459,274.05454,10.84703,-0.03947,0.0,-4.87464,-0.57536,0.44934,0.66365,0.63324,-0.20387,0.29313,0.52506,-0.02907,-0.20506,2.02268,0.86679,0.52536,1.03854,-0.41483,-0.18247,2026-09-30,False,,,,,,,,,,,,0.58704,6.74677
BESLR,Consumer Non-Durables,10.78,29376971.7328,39.75303,0.99068,0.62768,97.25777,125.15047,191.99764,107.74,84.25764,0.5947,0.1885,NEUTRAL,prior-research-2026-10-01+NEUTRAL,False,-7.11718,0.66298,0.33333,-39.75303,-0.99068,-33.70234,17.19572,7.37633,17.38862,272.74442,512.98289,8.36956,-0.69917,0.0,6.39328,0.10144,0.75698,-0.49649,0.58126,-1.33006,0.92232,-0.23095,0.48718,1.30236,1.0192,1.28697,0.34546,-0.63191,-0.71132,0.37305,2026-09-30,True,,,,,,,,,,,,0.6737,3.52234
BEYAZ,Retail Trade,16.16,14680816.86478,49.7289,0.95223,0.1864,63.80256,54.27547,100.07985,107.74,-7.66015,0.5049,0.1889,NEUTRAL,prior-research-2026-10-01+NEUTRAL,True,-25.21504,0.46083,0.33333,-49.7289,-0.95223,-53.91685,16.50205,-7.77672,-5.96249,79.50112,1305.59246,1.54414,-0.35778,1.86225,-5.4015,-0.99595,-0.86813,-1.03726,-0.38768,-1.09929,-0.87455,-1.15191,-0.4312,-0.44804,-0.26225,0.92289,-0.07187,0.0085,0.6352,-0.05016,2026-09-30,False,,,,,,,,,,,,0.47633,7.21283
BFREN,Producer Manufacturing,102.0,17238182.10213,34.8633,0.76587,0.07248,53.5649,54.27547,100.07985,107.74,-7.66015,0.5049,0.1889,NEUTRAL,prior-research-2026-10-01+NEUTRAL,False,-24.34524,0.57889,0.33333,-34.8633,-0.76587,-42.11124,16.66264,34.5354,1.71097,6.01894,24.71853,6.02624,-0.05083,0.0,-1.05146,-0.52175,0.61827,-0.53966,1.46507,0.23504,0.66893,-0.80148,1.71661,0.2969,-2.10211,-1.05842,0.20112,0.96915,-0.41483,-0.05588,2026-09-30,False,,,,,,,,,,,,0.52982,2.06842
BIENY,Non-Energy Minerals,14.4,34388514.46404,45.34391,0.9397,0.19025,64.35101,54.27547,100.07985,107.74,-7.66015,0.5049,0.1889,NEUTRAL,prior-research-2026-10-01+NEUTRAL,True,-45.73261,0.3321,0.25,-45.34391,-0.9397,-66.78967,17.35323,-6.97292,-17.31495,261.51231,261.74197,8.92028,-0.50848,0.0,42.13136,-1.54885,-0.96647,-1.61322,0.17185,-0.51395,-0.90007,-0.5576,-0.34265,-0.82689,1.06942,0.80921,0.40959,-0.47683,-0.80259,1.33252,2026-09-30,False,,,,,,,,,,,,0.53904,2.14511
BIGCH,Consumer Services,3.38,35471236.87175,51.40051,0.90165,0.18019,63.0713,54.27547,100.07985,107.74,-7.66015,0.5049,0.1889,NEUTRAL,prior-research-2026-10-01+NEUTRAL,False,-55.04439,0.2373,0.33333,-51.40051,-0.90165,-76.27018,17.38423,1.82378,1.36292,79.16842,277.22628,5.89991,-0.57772,4.31343,-3.76282,-1.13548,-1.08239,-0.49269,-0.03019,-0.86841,-1.0298,-0.1507,0.38974,0.3104,-0.24004,1.25094,0.76583,-0.88145,1.78425,-0.2043,2026-09-30,False,,,,,,,,,,,,0.49543,7.4074
BIGTK,Consumer Services,96.4,185076530.75,86.13886,0.54535,-0.78842,3.83912,55.80047,102.05762,107.74,-5.68238,0.4545,0.1864,NEUTRAL,prior-research-2026-10-01+NEUTRAL,False,-1.49254,0.18902,0.33333,-86.13886,-0.54535,-81.09804,19.03628,1.49758,0.34867,51.317,26.08137,11.03569,-0.06449,0.0,24.62871,0.53633,-1.34459,-0.49269,-1.79104,0.87386,-1.28759,0.90118,0.36006,0.25053,-0.70775,-0.62526,1.12198,0.28606,-0.43637,0.72232,2026-09-30,False,,,,,,,,,,,,0.34383,10.0
BIMAS,Retail Trade,418.5,3594803267.13603,30.82701,0.80199,-0.18294,29.98172,55.80047,102.05762,107.74,-5.68238,0.4545,0.1864,NEUTRAL,prior-research-2026-10-01+NEUTRAL,False,48.93188,0.96484,0.58333,-30.82701,-0.80199,-13.319,22.00276,16.10651,5.46807,40.91728,165.84253,2.85222,-0.31126,1.55317,10.63851,0.67015,1.73197,0.70081,1.2556,-0.28036,1.87477,1.95034,1.09418,0.41794,-0.94555,-0.75856,0.11912,0.09367,0.47376,0.55049,2026-09-30,False,,,,,,,,,,,,0.50092,3.15664
BINBN,Commercial Services,58.6,45072150.69183,64.56161,0.81117,-0.32366,19.37843,55.80047,102.05762,107.74,-5.68238,0.4545,0.1864,NEUTRAL,prior-research-2026-10-01+NEUTRAL,True,9.14748,0.27958,0.58333,-64.56161,-0.81117,-72.04199,17.62378,-35.66658,-10.3729,31.0741,7.86038,-81.01752,-0.0231,0.0,-51.7304,0.06987,-0.43563,0.83913,-0.04143,-0.4688,-0.40722,0.5557,-1.7754,-0.92094,-0.34317,-1.16711,-1.55626,0.32264,-0.80119,-1.59568,2026-09-30,False,,,,,,,,,,,,0.42008,2.33918
BINHO,Technology Services,6.23,264985220.70826,61.07753,0.84046,-0.25506,24.86289,55.80047,102.05762,107.74,-5.68238,0.4545,0.1864,NEUTRAL,prior-research-2026-10-01+NEUTRAL,True,-6.26223,0.5209,0.41667,-61.07753,-0.84046,-52.59197,19.39518,-28.32854,-50.78342,175.16751,-13.72013,,-0.01645,0.0,-570.24371,-0.29127,0.04066,-0.07317,-0.1344,0.09472,-0.12833,0.61497,-1.76466,-1.7375,1.12511,-2.89521,0.0,0.63084,-0.38676,-3.0,2026-09-30,False,,,,,,,,,,,,0.42987,9.87654
BIOEN,Utilities,11.31,135912364.07311,61.74806,0.73142,-0.30884,20.65814,55.80047,102.05762,107.74,-5.68238,0.4545,0.1864,NEUTRAL,prior-research-2026-10-01+NEUTRAL,True,-22.16868,0.45024,0.33333,-61.74806,-0.73142,-60.15127,18.72752,-18.10895,-11.87553,56.60043,53.43922,-22.91721,-1.91592,0.0,-17.23678,-0.81337,-0.47172,-0.82667,-0.56536,0.08913,-0.60884,0.26411,-1.04718,-0.81388,-1.0007,-0.04589,-1.35531,-1.51913,-0.69305,-0.22807,2026-09-30,False,,,,,,,,,,,,0.404,7.35294
BIZIM,Retail Trade,18.64,5997682.07839,38.66204,0.88682,0.40911,86.47166,58.80547,105.95481,107.74,-1.78519,0.5497,0.2014,NEUTRAL,prior-research-2026-10-01+NEUTRAL,True,-9.37499,0.55842,0.33333,-38.66204,-0.88682,-44.15818,15.60688,-494.33635,-32.36702,,2614.35976,-4.72309,,0.0,-26.34359,-0.45802,-0.45117,-1.03726,0.34701,-0.74458,-0.42473,-1.69266,-2.34255,-1.35911,0.0,1.54733,-0.44261,0.0,-1.09075,-0.84227,2026-09-30,False,,,,,,,,,,,,0.55771,4.93724
BJKAS,Consumer Services,1.58,377828652.64426,79.8067,0.8898,-0.48181,11.883,55.80047,102.05762,107.74,-5.68238,0.4545,0.1864,NEUTRAL,prior-research-2026-10-01+NEUTRAL,True,14.79592,0.53741,0.33333,-79.8067,-0.8898,-47.27891,19.74995,-38.15208,-18.25354,51.30864,95.74,-97.50653,-0.90674,0.0,-9.94913,0.92914,0.23426,-0.49269,-1.49107,-0.82329,0.29325,1.24187,-1.2957,-0.79809,-0.71423,0.24725,-1.48803,-1.2557,-0.43637,-0.47174,2026-09-30,False,,,,,,,,,,,,0.40132,10.0
BLCYT,Process Industries,1.75,37747350.62881,66.28096,0.40748,-0.21827,27.97075,55.80047,102.05762,107.74,-5.68238,0.4545,0.1864,NEUTRAL,prior-research-2026-10-01+NEUTRAL,False,-26.88331,0.28926,0.41667,-66.28096,-0.40748,-73.05785,17.44643,1.80175,4.44395,275.16723,39.54594,3.40183,-1e-05,0.0,-10.00327,-0.72883,-0.93532,-0.04657,-0.77071,1.68655,-1.04359,0.231,0.17905,0.38045,1.14447,-0.73797,0.02212,1.54748,-0.46691,-0.27112,2026-09-30,False,,,,,,,,,,,,0.45709,9.81595
BLUME,Consumer Services,33.54,89234625.15122,54.32988,0.66,-0.61342,8.04388,55.80047,102.05762,107.74,-5.68238,0.4545,0.1864,NEUTRAL,prior-research-2026-10-01+NEUTRAL,True,-31.89369,0.54759,0.41667,-54.32988,-0.66,-49.2898,18.30678,-18.59316,-1.53939,9.80205,6.65203,-2.79154,-0.09277,0.0,194.29697,-0.4573,0.30531,0.15262,-0.22538,0.41429,0.1851,0.55525,-0.74096,0.10425,-2.04038,-1.60472,-0.02159,0.16704,-0.43637,1.58155,2026-09-30,False,,,,,,,,,,,,0.39184,9.83506
BMSCH,Producer Manufacturing,8.4,14643394.87758,47.48307,0.52407,0.30928,77.51371,57.21947,103.89792,107.74,-3.84208,0.5245,0.2036,NEUTRAL,prior-research-2026-10-01+NEUTRAL,True,-30.71017,0.2512,0.25,-47.48307,-0.52407,-75.0299,16.4995,-1.32517,-1.94026,147.42245,290.26888,-1.2764,-0.51257,0.0,-25.33051,-0.72953,-0.89084,-1.2137,0.38407,1.32465,-0.90328,-0.97312,-0.0341,0.01448,0.67654,0.92223,-0.49545,-0.19975,-0.41483,-0.97989,2026-09-30,False,,,,,,,,,,,,0.55587,9.93117
BMSTL,Producer Manufacturing,36.5,104444485.96858,43.84475,0.17649,-0.49829,10.96892,55.80047,102.05762,107.74,-5.68238,0.4545,0.1864,NEUTRAL,prior-research-2026-10-01+NEUTRAL,True,28.88888,0.57753,0.66667,-43.84475,-0.17649,-47.7057,18.46417,-2.93344,-0.38239,6.7985,25.56183,3.24815,-0.39934,0.0,1.32377,0.78722,0.61334,1.78951,0.58681,2.69076,0.35425,0.64013,-0.1564,0.16704,-1.97742,-1.01447,-0.06288,0.00542,-0.41483,0.04667,2026-09-30,False,,,,,,,,,,,,0.421,9.96912
BNTAS,Process Industries,5.43,18483365.0377,37.41868,0.79671,0.4412,88.84826,58.80547,105.95481,107.74,-1.78519,0.5497,0.2014,NEUTRAL,prior-research-2026-10-01+NEUTRAL,False,-5.73153,0.72497,0.41667,-37.41868,-0.79671,-31.10814,16.73238,16.55876,19.89115,129.49516,108.43867,7.99591,-0.02387,0.0,-4.9608,-0.03609,1.03183,-0.04657,1.00269,-0.04351,1.04205,-0.37103,1.08308,1.51864,0.14206,-0.03413,0.39605,0.96316,-0.46691,-0.05177,2026-09-30,False,,,,,,,,,,,,0.6125,3.72772
BOBET,Non-Energy Minerals,15.76,85271515.20972,46.79369,0.71123,0.0443,49.72578,55.80047,102.05762,107.74,-5.68238,0.4545,0.1864,NEUTRAL,prior-research-2026-10-01+NEUTRAL,True,12.43881,0.63395,0.5,-46.79369,-0.71123,-36.60499,18.26135,-14.74505,-16.78419,113.13988,206.14211,-6.91254,-0.87175,2.53807,-5.09523,0.2102,0.4766,0.26413,0.08838,0.70258,0.61332,0.13004,-0.697,-0.8014,0.08958,0.61072,-0.79887,-0.92241,1.07432,0.00595,2026-09-30,False,,,,,,,,,,,,0.52418,8.37887
BORLS,Finance,1.5,54352121.89616,93.42382,0.80766,-0.43285,14.99086,55.80047,102.05762,107.74,-5.68238,0.4545,0.1864,NEUTRAL,prior-research-2026-10-01+NEUTRAL,True,-83.46677,0.04954,0.25,-93.42382,-0.80766,-95.04624,17.81099,-2642.088,-269.6513,,603.57448,-5.08402,,0.0,-44.02208,-2.74383,-2.64517,-1.56091,-2.36343,-0.1361,-2.65097,0.16343,-3.0,-3.0,0.0,2.03838,-1.696,0.0,-0.88033,-1.39576,2026-09-30,False,,,,,,,,,,,,0.43023,1.0
BORSK,Process Industries,5.25,39716582.3978,46.06655,0.69178,0.05881,51.55393,54.27547,100.07985,107.74,-7.66015,0.5049,0.1889,NEUTRAL,prior-research-2026-10-01+NEUTRAL,True,20.86828,0.66038,0.58333,-46.06655,-0.69178,-33.96226,17.49728,-5.50181,-7.75903,145.97038,109.56424,4.42624,-0.11989,3.96825,-9.04654,0.56985,0.7811,1.04619,0.36367,0.51406,0.88462,0.26987,-0.34866,-0.49208,0.28268,-0.01868,0.11261,0.37697,1.72725,-0.2304,2026-09-30,False,,,,,,,,,,,,0.52039,3.50076
BOSSA,Process Industries,5.88,15764053.18759,35.48078,0.63172,0.48704,91.04205,59.89547,107.36843,107.74,-0.37157,0.5912,0.1938,NEUTRAL,prior-research-2026-10-01+NEUTRAL,False,-10.85165,0.74904,0.33333,-35.48078,-0.63172,-25.09554,16.57324,0.32798,0.46547,164.33854,85.66023,2.80111,-0.16808,0.0,-31.38885,-0.18783,1.15646,-0.69188,1.28355,0.80907,1.47871,-0.5173,0.08489,0.07995,0.45132,-0.22891,-0.06457,0.23193,-0.46691,-0.97128,2026-09-30,False,,,,,,,,,,,,0.61647,5.03144
BRISA,Consumer Durables,68.7,13095872.47433,32.57083,0.79009,0.49626,92.32176,59.89547,107.36843,107.74,-0.37157,0.5912,0.1938,NEUTRAL,prior-research-2026-10-01+NEUTRAL,False,-5.64516,0.67953,0.41667,-32.57083,-0.79009,-32.04748,16.38781,1.5093,1.76392,126.71187,218.21634,11.06498,-0.55443,3.09985,-1.11985,0.09305,0.7061,0.22881,1.20121,0.30731,0.81834,-1.18744,0.57179,0.49251,0.10441,-0.00168,0.76257,0.39491,1.09313,-0.03341,2026-09-30,False,,,,,,,,,,,,0.62029,5.6338
BRKO,Consumer Durables,6.12,4219257.61122,78.0319,1.01434,0.03728,48.99452,55.80047,102.05762,107.74,-5.68238,0.4545,0.1864,NEUTRAL,prior-research-2026-10-01+NEUTRAL,False,40.44944,0.36149,0.58333,-78.0319,-1.01434,-63.85115,15.25517,9.34735,19.77111,239.46842,31.00876,37.16753,-0.48877,0.0,142.78952,0.97576,-0.82897,1.32156,-1.7864,-0.79758,-0.80154,-1.85927,1.17331,1.81895,0.89752,-1.54583,1.73983,0.49889,-0.9095,1.56389,2026-09-30,False,,,,,,,,,,,,0.47892,9.90565
BRKSN,Process Industries,5.71,2313112.06466,29.18527,0.65844,0.67267,97.98903,125.15047,191.99764,107.74,84.25764,0.5947,0.1885,NEUTRAL,prior-research-2026-10-01+NEUTRAL,False,-6.40633,0.6134,0.25,-29.18527,-0.65844,-38.65957,14.6541,1.46417,2.21213,166.43288,158.91473,12.63751,-0.03183,0.0,-8.86175,-0.06905,0.58873,-1.36592,1.96333,0.68934,0.6406,-1.77317,0.14936,0.19458,0.47325,0.32853,0.75105,0.86957,-0.46691,-0.22029,2026-09-30,False,,,,,,,,,,,,0.68523,1.96375
BRKVY,Finance,46.8,23474174.6054,50.23687,1.04303,-0.01949,43.87569,55.80047,102.05762,107.74,-5.68238,0.4545,0.1864,NEUTRAL,prior-research-2026-10-01+NEUTRAL,False,15.5181,0.36017,0.5,-50.23687,-1.04303,-63.98296,16.97141,24.95954,12.42983,50.88998,69.98092,49.33497,-0.80962,1.12772,-0.18619,0.37077,-0.83103,0.31644,-0.10102,-1.25522,-0.78685,-0.56284,0.87458,0.39766,-1.11867,0.20087,0.65125,-0.92185,0.59735,-0.00979,2026-09-30,False,,,,,,,,,,,,0.48989,4.5082
BRLSM,Non-Energy Minerals,10.93,89425378.76326,76.26484,0.8541,-0.42781,15.17367,55.80047,102.05762,107.74,-5.68238,0.4545,0.1864,NEUTRAL,prior-research-2026-10-01+NEUTRAL,True,50.4437,0.43373,0.5,-76.26484,-0.8541,-56.62698,18.30892,-30.06729,-19.64445,63.14252,249.03551,6.52726,-1.20465,0.0,43.46927,0.79422,-0.48269,0.26413,-1.52523,-0.03738,-0.40699,0.18826,-1.24038,-0.89824,-0.51443,0.75159,0.23544,-1.16611,-0.80259,1.35243,2026-09-30,False,,,,,,,,,,,,0.39969,9.95851
BRSAN,Non-Energy Minerals,625.0,1011172351.0,58.90934,1.193,-0.39002,16.45338,55.80047,102.05762,107.74,-5.68238,0.4545,0.1864,NEUTRAL,prior-research-2026-10-01+NEUTRAL,False,77.08203,0.81222,0.5,-58.90934,-1.193,-43.07992,20.73438,6.34789,2.78827,45.72724,96.91331,5.96522,-0.38663,0.0,25.79396,1.01609,1.3165,0.26413,-0.62798,-1.50486,0.25233,1.2898,0.62137,0.35622,-0.92304,-0.09533,0.18309,-0.25672,-0.80259,1.06149,2026-09-30,False,,,,,,,,,,,,0.44008,4.47059
BRYAT,Miscellaneous,1417.0,83204033.0,36.16886,0.89044,-0.17792,30.34735,55.80047,102.05762,107.74,-5.68238,0.4545,0.1864,NEUTRAL,prior-research-2026-10-01+NEUTRAL,False,-16.83923,0.58048,0.33333,-36.16886,-0.89044,-41.95186,18.23681,14.37603,11.02731,80.12923,11.50336,94.03806,-0.0,11.72518,3768.22892,-0.11824,0.64716,0.00214,0.94906,-0.98479,0.6859,1.32189,1.02998,1.24785,-0.54046,-0.95172,2.20098,0.23871,2.49969,2.19605,2026-09-30,False,,,,,,,,,,,,0.50511,2.45803
BSOKE,Non-Energy Minerals,7.08,164005480.73096,66.40835,0.80546,-0.61939,7.49543,55.80047,102.05762,107.74,-5.68238,0.4545,0.1864,NEUTRAL,prior-research-2026-10-01+NEUTRAL,True,71.75719,0.17924,0.66667,-66.40835,-0.80546,-82.07595,18.91541,-8.95758,-9.60124,131.79248,51.49891,-8.42212,-0.22814,0.0,10.70718,0.9709,-1.72842,1.38999,-1.01852,0.19527,-1.64943,0.48361,-0.49571,-0.5337,0.2273,-0.51902,-0.88829,0.07788,-0.80259,0.60713,2026-09-30,False,,,,,,,,,,,,0.37132,9.29808
BTCIM,Non-Energy Minerals,1.86,511536844.88246,51.98082,1.06486,-0.2005,29.43327,55.80047,102.05762,107.74,-5.68238,0.4545,0.1864,NEUTRAL,prior-research-2026-10-01+NEUTRAL,True,-5.21327,0.2684,0.41667,-51.98082,-1.06486,-73.16017,20.05293,-3.97603,-8.14662,212.078,139.89053,-1.53023,-0.25085,0.0,-17.26926,-0.23069,-1.2441,-0.29387,-0.22544,-1.06182,-1.17168,1.01484,-0.15302,-0.39962,0.78278,0.22768,-0.51054,-0.01655,-0.80259,-0.52193,2026-09-30,False,,,,,,,,,,,,0.46783,5.64516
BUCIM,Non-Energy Minerals,4.85,17289865.79565,28.65744,0.62121,0.60736,96.89214,125.15047,191.99764,107.74,84.25764,0.5947,0.1885,NEUTRAL,prior-research-2026-10-01+NEUTRAL,True,-6.2102,0.60625,0.41667,-28.65744,-0.62121,-39.375,16.66563,-2.00352,-4.61291,269.53207,185.82616,3.43708,-0.37846,1.37458,-5.68207,-0.26832,0.33541,-0.29387,1.80295,1.12671,0.47066,-1.14232,0.01865,-0.19169,1.13685,0.51726,-0.0491,-0.24148,0.72193,-0.01367,2026-09-30,False,,,,,,,,,,,,0.6541,3.37302
BULGS,Finance,12.24,88394075.41875,58.43402,0.95072,-0.22363,27.60512,55.80047,102.05762,107.74,-5.68238,0.4545,0.1864,NEUTRAL,prior-research-2026-10-01+NEUTRAL,False,-3.75214,0.23307,0.41667,-58.43402,-0.95072,-76.69251,18.29732,2.25832,4.5416,227.13628,18.9336,117.75441,-0.00183,0.0,-64.30505,-0.08397,-1.33519,-0.24156,-0.60691,-0.8868,-1.33404,0.49107,-0.38283,-0.32512,0.56333,-0.73748,1.75844,1.27268,-0.88033,-1.779,2026-09-30,False,,,,,,,,,,,,0.43427,9.93426
BURCE,Non-Energy Minerals,23.86,48607087.34841,53.12474,0.47035,-0.41638,15.72212,55.80047,102.05762,107.74,-5.68238,0.4545,0.1864,NEUTRAL,prior-research-2026-10-01+NEUTRAL,True,88.18381,0.29475,0.41667,-53.12474,-0.47035,-70.52501,17.69928,-14.27337,-9.40812,76.16136,40.14764,-9.09402,-0.10571,0.0,-51.26322,1.14613,-1.11851,-0.29387,-0.31087,1.78055,-1.04196,-0.26646,-0.682,-0.52039,-0.34988,-0.70091,-0.91394,0.42792,-0.80259,-1.27669,2026-09-30,False,,,,,,,,,,,,0.39662,4.76912
BURVA,Producer Manufacturing,350.0,14832070.75,85.39315,0.47373,-0.84648,3.29068,55.80047,102.05762,107.74,-5.68238,0.4545,0.1864,NEUTRAL,prior-research-2026-10-01+NEUTRAL,True,508.748,0.27027,0.5,-85.39315,-0.47373,-72.97297,16.5123,-29.23607,-1.07451,3.40415,10.88786,-12.45437,-0.32888,0.0,-4.50727,2.82789,-0.76915,0.66365,-1.53426,1.58133,-0.7682,-0.94269,-1.32984,0.11159,-2.27528,-1.576,-1.04018,0.12665,-0.41483,-0.16295,2026-09-30,False,,,,,,,,,,,,0.34231,9.99454
BVSAN,Producer Manufacturing,70.75,61241369.705,63.16514,0.94155,0.03469,48.62888,55.80047,102.05762,107.74,-5.68238,0.4545,0.1864,NEUTRAL,prior-research-2026-10-01+NEUTRAL,True,-19.40099,0.46393,0.33333,-63.16514,-0.94155,-53.60656,17.93033,-0.2002,-0.18072,91.39985,123.36024,10.83294,-0.31499,1.35773,-8.413,-0.38157,0.11843,-0.53966,-0.52686,-0.71356,0.10453,0.30978,0.02099,0.17206,0.16877,0.15559,0.51989,0.15163,1.09394,-0.3405,2026-09-30,False,,,,,,,,,,,,0.51861,9.94249
BYDNR,Consumer Services,20.86,23352879.79541,53.83615,0.34732,0.05366,51.00548,54.27547,100.07985,107.74,-7.66015,0.5049,0.1889,NEUTRAL,prior-research-2026-10-01+NEUTRAL,True,88.05395,0.45806,0.75,-53.83615,-0.34732,-54.19411,16.96623,-2.29597,-1.97041,98.5785,248.4414,-3.80698,-0.55307,3.41808,-3.88475,1.8085,-0.06391,2.44594,-0.21091,1.82344,-0.01354,-0.52622,0.13986,0.04771,0.02269,1.10249,-0.07006,-0.83644,1.64608,-0.21891,2026-09-30,False,,,,,,,,,,,,0.51757,4.0
CANTE,Utilities,1.02,303720631.96146,45.60481,0.81729,-0.09805,35.64899,55.80047,102.05762,107.74,-5.68238,0.4545,0.1864,NEUTRAL,prior-research-2026-10-01+NEUTRAL,True,-35.64357,0.37638,0.33333,-45.60481,-0.81729,-62.73063,19.53162,-8.69875,-24.68851,285.82342,69.31391,-14.60818,-0.01689,0.0,-16.25872,-1.25701,-0.85103,-0.82667,0.3759,-0.40005,-0.75012,0.60841,-0.68154,-1.25342,0.88838,0.11863,-1.11079,1.09324,-0.69305,-0.17539,2026-09-30,False,,,,,,,,,,,,0.49545,6.29922
CATES,Utilities,29.92,144763685.83248,61.78049,0.7381,-0.05761,39.3053,55.80047,102.05762,107.74,-5.68238,0.4545,0.1864,NEUTRAL,prior-research-2026-10-01+NEUTRAL,False,125.62499,0.4144,0.58333,-61.78049,-0.7381,-58.55955,18.79061,15.03716,37.02339,282.8415,165.33627,-11.49526,-0.01138,0.0,12.1584,1.35887,-0.64098,0.9114,-0.57668,0.06483,-0.51629,0.27629,0.87796,1.84813,0.87871,0.82841,-0.98136,1.18004,-0.69305,0.94455,2026-09-30,False,,,,,,,,,,,,0.49512,8.7742
CCOLA,Consumer Non-Durables,77.45,446137945.45714,35.55266,0.706,-0.03975,40.58501,55.80047,102.05762,107.74,-5.68238,0.4545,0.1864,NEUTRAL,prior-research-2026-10-01+NEUTRAL,False,66.00311,0.83866,0.58333,-35.55266,-0.706,-18.57066,19.91614,26.9016,9.55973,40.98675,98.66133,15.79495,-0.63324,1.84635,11.07178,1.29281,1.66723,1.24158,1.0265,0.13464,2.30028,1.47305,1.42413,0.75502,-1.13527,-0.23763,0.78859,-0.57175,0.99682,0.57275,2026-09-30,False,,,,,,,,,,,,0.50457,5.09804
CELHA,Non-Energy Minerals,26.98,70982415.87571,75.03268,0.49074,-0.46207,12.79707,55.80047,102.05762,107.74,-5.68238,0.4545,0.1864,NEUTRAL,prior-research-2026-10-01+NEUTRAL,True,170.83335,0.91458,0.58333,-75.03268,-0.49074,-29.17949,18.07794,-17.22933,-6.31193,43.20949,21.17913,-10.73397,-0.09064,0.0,-10.21607,1.62192,1.84438,0.79889,-1.47032,1.67268,1.01057,0.03745,-0.77516,-0.29288,-0.95218,-1.12461,-0.97624,0.48268,-0.80259,-0.21413,2026-09-30,False,,,,,,,,,,,,0.39959,6.22441
CEMAS,Non-Energy Minerals,3.04,38850912.16948,43.95711,0.74429,0.02384,47.71481,55.80047,102.05762,107.74,-5.68238,0.4545,0.1864,NEUTRAL,prior-research-2026-10-01+NEUTRAL,True,-41.31994,0.40106,0.33333,-43.95711,-0.74429,-59.89446,17.47524,-36.80615,-56.67483,153.72325,65.00145,-40.68391,-0.17175,0.0,-37.59324,-1.43171,-0.63083,-0.93918,0.24733,0.53571,-0.53762,-0.43517,-1.39617,-1.47951,0.43167,-0.34266,-1.73013,0.19329,-0.80259,-1.0574,2026-09-30,False,,,,,,,,,,,,0.49344,4.29448
CEMTS,Non-Energy Minerals,7.57,13033704.04397,29.45354,0.82279,0.65052,97.6234,125.15047,191.99764,107.74,84.25764,0.5947,0.1885,NEUTRAL,prior-research-2026-10-01+NEUTRAL,True,-21.24145,0.59785,0.33333,-29.45354,-0.82279,-40.21495,16.38305,-4.30039,-7.54864,187.72503,172.26949,4.45627,-0.24801,3.96301,-12.35028,-0.76291,0.26823,-0.93918,1.67417,0.05626,0.40077,-1.4698,-0.17992,-0.35735,0.63052,0.43409,0.04131,0.00331,1.37857,-0.32982,2026-09-30,False,,,,,,,,,,,,0.65423,4.25806
CEMZY,Consumer Non-Durables,5.7,220431217.13555,73.51367,0.72051,-0.88849,2.55941,55.80047,102.05762,107.74,-5.68238,0.4545,0.1864,NEUTRAL,prior-research-2026-10-01+NEUTRAL,True,159.82474,0.33333,0.66667,-73.51367,-0.72051,-66.66667,19.2111,-10.55624,-3.17649,32.0474,21.94038,20.30203,-0.18253,0.0,-8.64031,1.93782,-0.78453,1.83268,-1.38696,0.06398,-0.75625,1.14512,-0.75953,-0.31059,-1.30777,-1.26396,0.99576,0.2485,-0.71132,-0.18856,2026-09-30,False,,,,,,,,,,,,0.32099,9.97892
CEOEM,Consumer Services,18.88,34101239.41925,63.82043,0.66238,0.06348,51.73675,54.27547,100.07985,107.74,-7.66015,0.5049,0.1889,NEUTRAL,prior-research-2026-10-01+NEUTRAL,False,-24.66666,0.57005,0.41667,-63.82043,-0.66238,-44.23309,17.34484,15.2275,8.48625,65.42137,146.19378,10.17162,-0.00169,0.0,26.12065,-0.21584,0.43041,0.15262,-0.72777,0.40289,0.44102,-0.20015,1.23303,0.95628,-0.40801,0.60179,1.07829,1.05224,-0.43637,0.79565,2026-09-30,False,,,,,,,,,,,,0.49889,9.96198
CGCAM,Consumer Durables,19.4,82842519.33259,61.7559,1.08006,-0.23558,26.50823,55.80047,102.05762,107.74,-5.68238,0.4545,0.1864,NEUTRAL,prior-research-2026-10-01+NEUTRAL,False,-4.72222,0.36917,0.33333,-61.7559,-1.08006,-63.08278,18.23245,4.04403,5.60372,151.18824,76.21083,9.63454,-0.09524,0.0,-10.071,0.12123,-0.77563,-0.41651,-0.9943,-1.10723,-0.76122,0.37902,0.75037,0.81676,0.31663,-0.92552,0.67554,1.39307,-0.9095,-0.39428,2026-09-30,False,,,,,,,,,,,,0.47022,3.86691
CIMSA,Non-Energy Minerals,41.68,366771579.54885,32.86975,0.94721,0.22448,68.73857,54.27547,100.07985,107.74,-7.66015,0.5049,0.1889,NEUTRAL,prior-research-2026-10-01+NEUTRAL,False,2.76357,0.70644,0.41667,-32.86975,-0.94721,-31.22034,19.72025,12.02244,10.12834,95.48962,123.50852,8.59726,-0.83047,1.7761,6.05207,0.01926,0.77599,-0.29387,1.37134,-0.55392,0.89922,0.84305,0.96024,1.06668,-0.11009,0.16366,0.38296,-0.86689,0.87057,0.39851,2026-09-30,False,,,,,,,,,,,,0.55645,3.74568
CLEBI,Transportation,1323.0,33961272.0,30.94465,0.86807,0.39052,85.00914,58.80547,105.95481,107.74,-1.78519,0.5497,0.2014,NEUTRAL,prior-research-2026-10-01+NEUTRAL,False,-6.20155,0.60688,0.5,-30.94465,-0.86807,-39.31193,17.34073,60.92492,10.68226,21.11979,57.11263,23.52111,-1.52296,7.78534,-45.36089,-0.22005,0.17994,0.46315,1.70092,-0.4954,0.33028,-0.75946,1.94726,0.48786,-1.42563,-0.23616,0.75108,-0.92501,2.16948,-1.13925,2026-09-30,False,,,,,,,,,,,,0.57663,3.88563
CMBTN,Non-Energy Minerals,1206.0,29751600.5,42.19869,0.67186,0.02068,47.16636,55.80047,102.05762,107.74,-5.68238,0.4545,0.1864,NEUTRAL,prior-research-2026-10-01+NEUTRAL,True,-31.88994,0.5176,0.25,-42.19869,-0.67186,-48.24034,17.20839,-84.08543,-13.14604,11.39956,216.6946,-7.72117,-1.46852,0.0,-37.46467,-1.12324,-0.14245,-1.61322,0.36765,0.90769,-0.04073,-0.72508,-1.88131,-0.65263,-1.98595,0.64964,-0.8468,-1.40633,-0.80259,-1.04783,2026-09-30,False,,,,,,,,,,,,0.49061,4.92228
CONSE,Utilities,1.58,14860898.8322,36.93209,0.9982,0.6024,96.70932,125.15047,191.99764,107.74,84.25764,0.5947,0.1885,NEUTRAL,prior-research-2026-10-01+NEUTRAL,False,-30.03096,0.40102,0.33333,-36.93209,-0.9982,-59.89848,16.51424,3.6341,5.99145,164.52412,132.40078,-5.32362,-3.13553,0.0,-24.63703,-1.06843,-0.70862,-0.82667,1.04326,-1.25495,-0.57242,-1.43392,0.18209,0.43246,0.16259,0.64127,-0.71692,-1.80239,-0.69305,-0.45299,2026-09-30,False,,,,,,,,,,,,0.66096,1.76991
COSMO,Distribution Services,78.4,5042744.0,49.9354,0.53226,0.07701,54.11335,54.27547,100.07985,107.74,-7.66015,0.5049,0.1889,NEUTRAL,prior-research-2026-10-01+NEUTRAL,False,-16.93333,0.25768,0.41667,-49.9354,-0.53226,-74.23172,15.43346,,,24.24446,,,-0.6634,0.0,,-0.37296,-0.81405,0.27489,0.44741,0.78855,-0.80602,-1.31186,0.0,0.0,-0.87559,0.0,0.0,-0.46495,-0.44176,0.0,2026-09-30,False,,,,,,,,,,,,0.48056,3.69099
CRDFA,Finance,7.29,52717940.64326,70.43921,0.59739,-0.36014,17.9159,55.80047,102.05762,107.74,-5.68238,0.4545,0.1864,NEUTRAL,prior-research-2026-10-01+NEUTRAL,False,163.40997,0.16331,0.75,-70.43921,-0.59739,-83.66935,17.78047,115.34318,88.03569,109.89426,136.87724,90.61896,-0.80905,0.0,185.97561,1.66374,-1.77522,2.05176,-1.22323,0.89345,-1.76505,0.14404,2.1603,2.17836,-0.25194,0.72916,1.29466,-0.9151,-0.88033,1.62376,2026-09-30,False,,,,,,,,,,,,0.45796,1.96078
CRFSA,Retail Trade,194.7,369287477.86845,83.70524,0.76923,-0.61595,7.67824,55.80047,102.05762,107.74,-5.68238,0.4545,0.1864,NEUTRAL,prior-research-2026-10-01+NEUTRAL,False,183.73547,0.57561,0.66667,-83.70524,-0.76923,-43.05987,19.72709,,-26.31438,,346.17884,-5.29943,,0.0,-11.53102,1.59717,-0.35905,1.29191,-2.11126,-0.09671,-0.32168,1.00518,0.0,-1.24912,0.0,-0.03187,-0.47901,0.0,-1.09075,-0.33834,2026-09-30,False,,,,,,,,,,,,0.34987,9.94341
CUSAN,Non-Energy Minerals,17.81,16937081.58515,52.72314,0.8207,0.20209,65.99634,54.27547,100.07985,107.74,-7.66015,0.5049,0.1889,NEUTRAL,prior-research-2026-10-01+NEUTRAL,True,-10.14275,0.54134,0.41667,-52.72314,-0.8207,-45.86627,16.64502,-37.02629,-22.99678,57.16566,189.91614,-15.76417,-2.90801,0.0,-39.81076,-0.38215,-0.0482,-0.29387,-0.2728,0.07567,0.04895,-1.16914,-1.41393,-1.00616,-0.63339,0.52334,-1.17908,-1.76814,-0.80259,-1.1069,2026-09-30,False,,,,,,,,,,,,0.51627,2.90456
CVKMD,Non-Energy Minerals,12.11,496232645.53278,150.6509,1.06071,-0.88447,2.74223,55.80047,102.05762,107.74,-5.68238,0.4545,0.1864,NEUTRAL,prior-research-2026-10-01+NEUTRAL,False,-8.80361,0.25335,0.5,-150.6509,-1.06071,-74.66527,20.02256,3.62597,0.82136,27.18062,9.20691,20.88569,-0.33916,0.0,2.6683,-0.33925,-1.31354,0.26413,-2.84331,-1.03881,-1.24788,0.98379,0.38212,0.21167,-1.35471,-1.68136,1.02591,-0.18094,-0.80259,0.30381,2026-09-30,False,,,,,,,,,,,,0.35182,5.71429
CWENE,Electronic Technology,18.15,1887552772.48141,71.43503,1.10534,-0.20205,28.88483,55.80047,102.05762,107.74,-5.68238,0.4545,0.1864,NEUTRAL,prior-research-2026-10-01+NEUTRAL,False,36.84769,0.38782,0.58333,-71.43503,-1.10534,-61.21795,21.35855,20.17003,14.81476,85.31292,96.76678,16.33445,-0.55867,0.0,26.58631,0.42746,-0.57222,0.80167,-0.63379,-1.0086,-0.59251,1.04778,0.79116,0.90043,0.43575,0.11416,0.21862,-0.26636,-0.20017,0.62326,2026-09-30,False,,,,,,,,,,,,0.48921,5.12821
DAGI,Consumer Non-Durables,4.97,79383538.71416,66.09972,0.75207,-0.38935,16.6362,55.80047,102.05762,107.74,-5.68238,0.4545,0.1864,NEUTRAL,prior-research-2026-10-01+NEUTRAL,True,33.45912,0.44375,0.41667,-66.09972,-0.75207,-57.05357,18.1898,-5.9345,-4.91343,84.34176,185.34451,2.15343,-1.40949,0.0,22.79723,0.91114,-0.26279,0.14882,-0.99608,-0.09681,-0.27446,0.56735,-0.49435,-0.43528,-0.40163,0.34841,-0.2406,-1.29201,-0.71132,0.92494,2026-09-30,False,,,,,,,,,,,,0.40796,9.76395
DAPGM,Finance,2.93,592377471.21,67.93882,0.95491,-0.30945,20.47532,55.80047,102.05762,107.74,-5.68238,0.4545,0.1864,NEUTRAL,prior-research-2026-10-01+NEUTRAL,False,-48.94737,0.19026,0.16667,-67.93882,-0.95491,-80.97403,20.19965,5.19978,10.19387,208.11838,116.2271,71.28005,-0.15557,0.0,-7.28618,-1.55561,-1.56082,-2.29009,-1.11475,-0.92177,-1.54317,1.39949,-0.13706,0.249,0.42013,0.58678,0.94567,0.18754,-0.88033,-0.28825,2026-09-30,False,,,,,,,,,,,,0.4771,3.60824
DARDL,Consumer Non-Durables,1.09,23398571.56801,36.27904,1.0033,0.34722,81.17002,58.80547,105.95481,107.74,-1.78519,0.5497,0.2014,NEUTRAL,prior-research-2026-10-01+NEUTRAL,True,-37.45174,0.4037,0.25,-36.27904,-1.0033,-59.62963,16.96819,-22.54934,-61.26852,257.15042,564.07423,2.9529,-0.93932,0.0,-3.85689,-0.89635,-0.43439,-1.17053,0.90672,-1.3869,-0.38989,-0.39355,-1.15992,-1.75819,0.89205,1.31659,-0.11386,-0.92254,-0.71132,0.02356,2026-09-30,False,,,,,,,,,,,,0.57448,1.91083
DCTTR,Distribution Services,3.22,58223684.04716,64.67609,0.27607,-0.31447,20.10969,55.80047,102.05762,107.74,-5.68238,0.4545,0.1864,NEUTRAL,prior-research-2026-10-01+NEUTRAL,True,-42.99634,0.22207,0.33333,-64.67609,-0.27607,-77.7931,17.8798,-28.05095,-22.93527,81.13639,100.37232,-9.44009,-0.45435,0.0,-93.23483,-1.21068,-0.96494,-0.37043,-0.38284,1.92548,-0.96351,0.54801,-1.56193,-1.13097,0.254,-0.81717,-0.91111,-0.17032,-0.44176,-1.9479,2026-09-30,False,,,,,,,,,,,,0.41804,9.86394
DENGE,Finance,1.79,35400230.51944,47.41815,0.73137,-0.13665,32.35832,55.80047,102.05762,107.74,-5.68238,0.4545,0.1864,NEUTRAL,prior-research-2026-10-01+NEUTRAL,True,-19.14894,0.4475,0.25,-47.41815,-0.73137,-57.75,17.38223,-18.9635,-25.57773,137.82554,48.3326,-17.38505,-0.13392,0.0,-38.3231,-0.60403,-0.36995,-1.56091,0.07036,0.2911,-0.44955,-0.20913,-1.58538,-1.90874,-0.04502,-0.03436,-2.20608,0.26514,-0.88033,-1.31203,2026-09-30,False,,,,,,,,,,,,0.4465,8.47458
DERHL,Consumer Non-Durables,1.6,34077536.52371,42.42433,0.57949,0.18604,63.43693,54.27547,100.07985,107.74,-7.66015,0.5049,0.1889,NEUTRAL,prior-research-2026-10-01+NEUTRAL,True,-41.12713,0.4507,0.33333,-42.42433,-0.57949,-56.3383,17.34415,-0.14198,-0.15746,122.07939,282.39612,14.67357,-1.28891,0.0,-9.99118,-1.00442,-0.21405,-0.49649,0.33818,0.71182,-0.26463,-0.07811,-0.06864,-0.0643,0.0,0.73814,0.73431,-1.18792,-0.71132,-0.24435,2026-09-30,False,,,,,,,,,,,,0.53544,2.58065
DERIM,Consumer Non-Durables,26.0,10651492.88165,43.26755,0.75601,0.30367,77.14808,57.21947,103.89792,107.74,-3.84208,0.5245,0.2036,NEUTRAL,prior-research-2026-10-01+NEUTRAL,False,-10.58358,0.60157,0.33333,-43.26755,-0.75601,-39.84267,16.18121,16.35216,6.98072,48.47844,311.68305,5.86655,-0.0,0.0,-17.13754,0.00633,0.48481,-0.49649,0.28067,-0.1397,0.58093,-1.0847,0.93321,0.55628,-0.99955,0.82053,0.15635,2.03571,-0.71132,-0.55486,2026-09-30,False,,,,,,,,,,,,0.57962,2.50875
DESA,Consumer Non-Durables,8.58,17295329.34037,44.36095,0.70709,0.31294,78.42779,57.21947,103.89792,107.74,-3.84208,0.5245,0.2036,NEUTRAL,prior-research-2026-10-01+NEUTRAL,False,-36.31679,0.56692,0.41667,-44.36095,-0.70709,-43.30802,16.66595,12.74192,12.30151,108.66476,98.2838,8.86146,-0.12402,2.79833,-10.62413,-0.85481,0.28977,0.14882,0.21944,0.12443,0.36994,-0.63633,0.80633,1.00436,-0.10745,-0.24787,0.38265,0.42834,1.22687,-0.28036,2026-09-30,False,,,,,,,,,,,,0.56524,2.14505
DESPC,Distribution Services,29.14,19602999.51664,57.64376,0.80974,0.26894,72.76051,57.21947,103.89792,107.74,-3.84208,0.5245,0.2036,NEUTRAL,prior-research-2026-10-01+NEUTRAL,True,-35.58065,0.47,0.25,-57.64376,-0.80974,-53.0,16.79119,-28.74812,-17.61187,57.57993,1022.56711,9.33217,-0.0242,0.0,-60.33223,-0.9487,0.16102,-1.04446,-0.01044,-0.48882,0.17828,-0.41482,-1.58663,-0.97071,-0.08409,1.23873,0.47079,1.14752,-0.44176,-1.39952,2026-09-30,False,,,,,,,,,,,,0.51285,6.12648
DEVA,Health Technology,90.1,38384498.90516,42.93301,0.68671,0.1958,65.4479,54.27547,100.07985,107.74,-7.66015,0.5049,0.1889,NEUTRAL,prior-research-2026-10-01+NEUTRAL,True,38.12275,0.85728,0.41667,-42.93301,-0.68671,-26.84439,17.46316,-2.9903,-4.67114,171.73977,121.43905,4.69905,-0.19018,0.0,0.876,1.22244,2.06844,0.47684,0.49381,0.20804,1.61789,0.15351,-0.28422,-0.24427,0.18464,0.24128,0.15781,-0.02394,-0.48804,-0.00548,2026-09-30,False,,,,,,,,,,,,0.52909,9.99476
DGATE,Distribution Services,58.65,27308930.89913,64.63112,0.66879,-0.02873,41.86472,55.80047,102.05762,107.74,-5.68238,0.4545,0.1864,NEUTRAL,prior-research-2026-10-01+NEUTRAL,False,31.68317,0.45678,0.58333,-64.63112,-0.66879,-54.32243,17.12272,33.322,6.39148,23.89455,1085.65143,6.73368,-0.55644,0.0,34.34457,0.75027,0.09394,1.36764,-0.37042,0.26401,0.09249,-0.14195,1.3223,0.53897,-0.88784,1.2743,0.275,-0.34353,-0.44176,1.27019,2026-09-30,False,,,,,,,,,,,,0.50233,5.99104
DGGYO,Finance,27.46,3836629.81145,63.04989,0.59076,0.13492,59.59781,54.27547,100.07985,107.74,-7.66015,0.5049,0.1889,NEUTRAL,prior-research-2026-10-01+NEUTRAL,False,8.36455,0.58006,0.58333,-63.04989,-0.59076,-42.88128,15.16011,0.18528,0.29168,175.24662,14.39327,80.4135,-0.24479,0.0,9.50102,0.25973,0.22663,0.85119,-0.83945,0.92801,0.26931,-1.87423,-0.53639,-0.66091,0.27233,-0.87984,1.06362,-0.04354,-0.88033,0.32812,2026-09-30,False,,,,,,,,,,,,0.50013,4.79651
DGNMO,Consumer Durables,3.95,28236105.04396,70.27863,0.86979,-0.11462,34.5521,55.80047,102.05762,107.74,-5.68238,0.4545,0.1864,NEUTRAL,prior-research-2026-10-01+NEUTRAL,True,22.56494,0.39899,0.33333,-70.27863,-0.86979,-60.20202,17.15611,-62.77338,-95.98621,124.23123,916.87729,-10.55,-6.03491,0.0,-25.37857,0.71599,-0.62523,-0.41651,-1.4291,-0.12429,-0.61385,-0.49197,-1.34155,-1.73244,0.08963,1.15397,-0.74404,-1.49311,-0.9095,-0.96694,2026-09-30,False,,,,,,,,,,,,0.49214,2.26481
DITAS,Producer Manufacturing,9.02,48442815.88223,89.79435,0.75314,-0.41646,15.53931,55.80047,102.05762,107.74,-5.68238,0.4545,0.1864,NEUTRAL,prior-research-2026-10-01+NEUTRAL,True,-21.00898,0.16107,0.41667,-89.79435,-0.75314,-83.89286,17.69589,-31.77007,-13.90464,87.42605,151.96336,-9.17981,-0.25835,0.0,-0.36364,-0.4197,-1.416,0.10565,-1.759,0.31575,-1.40842,0.07141,-1.40184,-0.64943,0.10947,0.31774,-0.92029,0.25109,-0.41483,-0.00715,2026-09-30,False,,,,,,,,,,,,0.41513,10.00001
DMRGD,Consumer Non-Durables,7.51,305951186.48542,70.34315,0.6299,-0.93549,2.19378,55.80047,102.05762,107.74,-5.68238,0.4545,0.1864,NEUTRAL,prior-research-2026-10-01+NEUTRAL,False,253.50319,0.54381,0.58333,-70.34315,-0.6299,-45.61912,19.53894,8.63924,1.55611,21.0929,13.29467,9.03153,-0.06177,0.0,14.40541,2.3008,0.14144,1.24158,-1.2203,0.49284,0.20065,1.26704,0.60284,0.05054,-1.71364,-1.61842,0.404,0.68284,-0.71132,0.67977,2026-09-30,False,,,,,,,,,,,,0.35334,10.0
DMSAS,Producer Manufacturing,6.19,22793786.2087,50.60083,0.46777,0.19392,65.08227,54.27547,100.07985,107.74,-7.66015,0.5049,0.1889,NEUTRAL,prior-research-2026-10-01+NEUTRAL,True,-4.48791,0.44855,0.5,-50.60083,-0.46777,-62.02899,16.942,-7.58125,-8.67119,114.94586,269.90342,-2.22543,-0.55422,0.0,-29.27504,0.13517,0.03149,0.66365,0.19391,1.6204,-0.30992,-0.57385,-0.49938,-0.4302,0.42722,0.85908,-0.56028,-0.2549,-0.41483,-1.08469,2026-09-30,False,,,,,,,,,,,,0.50591,10.0
DNISI,Process Industries,3.75,14664559.88144,42.76376,0.6909,0.11402,58.13528,54.27547,100.07985,107.74,-7.66015,0.5049,0.1889,NEUTRAL,prior-research-2026-10-01+NEUTRAL,False,-13.29137,0.6664,0.33333,-42.76376,-0.6909,-33.35965,16.50094,2.839,2.02293,76.75124,30.24518,-1.58769,-0.07938,0.0,2.54524,-0.27021,0.81145,-0.69188,0.54523,0.51931,0.91853,-0.61273,0.25822,0.17963,-0.39509,-0.91895,-0.44038,0.55207,-0.46691,0.22647,2026-09-30,False,,,,,,,,,,,,0.5197,4.74139
DOAS,Retail Trade,144.2,127707967.8338,27.45953,0.68962,0.38345,84.09506,58.80547,105.95481,107.74,-1.78519,0.5497,0.2014,NEUTRAL,prior-research-2026-10-01+NEUTRAL,False,8.5602,0.69633,0.58333,-27.45953,-0.68962,-30.36679,18.66526,3.74584,8.84402,231.76626,885.70107,4.2141,-0.45385,20.80444,-9.83938,0.07019,0.19541,0.70081,1.6593,0.3066,0.38233,0.5209,0.36909,0.75558,0.97646,0.64795,0.26403,-0.15557,3.0,-0.2295,2026-09-30,False,,,,,,,,,,,,0.61931,2.589
DOCO,Consumer Services,10485.0,47217210.0,35.73516,0.7012,0.30459,77.3309,57.21947,103.89792,107.74,-3.84208,0.5245,0.2036,NEUTRAL,prior-research-2026-10-01+NEUTRAL,False,2.45046,0.87087,0.5,-35.73516,-0.7012,-27.32864,17.67027,23.71943,5.13292,24.2639,116.13712,8.63075,-0.48311,1.33404,-11.17609,0.68762,2.05629,0.71062,1.15442,0.22962,1.43817,0.08182,1.61005,0.62769,-1.31019,0.42729,0.97625,-0.73827,1.06458,-0.54918,2026-09-30,False,,,,,,,,,,,,0.58,2.55422
DOFER,Non-Energy Minerals,21.04,13707580.49869,31.51389,0.51021,0.37878,83.72943,58.80547,105.95481,107.74,-1.78519,0.5497,0.2014,NEUTRAL,prior-research-2026-10-01+NEUTRAL,False,-53.60526,0.32217,0.33333,-31.51389,-0.51021,-68.02823,16.43346,,,139.91945,,,-0.64738,0.90268,,-1.77616,-0.9861,-0.93918,1.49618,1.56808,-0.93239,-1.38422,0.0,0.0,0.28738,0.0,0.0,-0.66408,0.59208,0.0,2026-09-30,False,,,,,,,,,,,,0.55711,2.88249
DOFRB,Producer Manufacturing,71.9,574332556.84842,73.62874,0.78639,-0.59601,8.40951,55.80047,102.05762,107.74,-5.68238,0.4545,0.1864,NEUTRAL,prior-research-2026-10-01+NEUTRAL,False,-40.65491,0.36222,0.5,-73.62874,-0.78639,-65.59194,20.16872,22.52897,2.74337,20.29269,10.74338,22.22649,-0.47841,0.0,,-1.04583,-0.41023,0.66365,-1.07462,0.0985,-0.4785,1.40562,1.28656,0.37665,-1.29952,-1.60166,1.0779,-0.12452,-0.41483,0.0,2026-09-30,False,,,,,,,,,,,,0.38146,5.85626
DOGUB,Non-Energy Minerals,19.35,24513425.14582,90.36178,0.48955,-1.09476,1.46252,55.80047,102.05762,107.74,-5.68238,0.4545,0.1864,NEUTRAL,prior-research-2026-10-01+NEUTRAL,True,176.04596,0.14207,0.41667,-90.36178,-0.48955,-85.79295,17.01473,-49.36437,-4.41879,7.39488,7.33647,-48.14249,-0.0,0.0,-27.73167,1.64439,-1.94857,-0.29387,-2.21665,1.68393,-1.87772,-0.82638,-1.5545,-0.18072,-2.24859,-1.8433,-1.80623,1.95524,-0.80259,-0.83594,2026-09-30,False,,,,,,,,,,,,0.32755,5.2381
DOHOL,Retail Trade,18.37,201403440.99377,39.45329,0.92886,0.20863,66.72761,54.27547,100.07985,107.74,-7.66015,0.5049,0.1889,NEUTRAL,prior-research-2026-10-01+NEUTRAL,False,21.91549,0.74554,0.5,-39.45329,-0.92886,-25.44642,19.12082,7.04257,13.53032,209.27123,225.15988,7.58501,-0.45968,1.66409,-18.64569,0.27699,0.42203,0.16605,0.27146,-0.97288,0.72994,0.73587,0.64603,1.13847,0.81548,-0.47614,0.55281,-0.17133,0.52302,-0.6155,2026-09-30,False,,,,,,,,,,,,0.5625,2.11694
DOKTA,Producer Manufacturing,15.43,8914895.09662,46.82284,0.76853,0.51951,93.96709,59.89547,107.36843,107.74,-0.37157,0.5912,0.1938,NEUTRAL,prior-research-2026-10-01+NEUTRAL,True,-9.88142,0.49046,0.5,-46.82284,-0.76853,-50.95359,16.00323,-4.09348,-5.73523,148.97027,317.50601,5.28022,-1.30705,0.0,-1.67212,-0.03968,0.18982,0.66365,0.4179,0.2256,0.19444,-1.31091,-0.26167,-0.23886,0.68683,0.99778,0.11206,-0.99574,-0.41483,-0.06561,2026-09-30,False,,,,,,,,,,,,0.64211,2.59392
DSTKF,Finance,856.5,1708278309.0,87.28271,1.09624,-1.34907,0.36563,55.80047,102.05762,107.74,-5.68238,0.4545,0.1864,NEUTRAL,prior-research-2026-10-01+NEUTRAL,False,314.77273,0.21849,0.66667,-87.28271,-1.09624,-78.15051,21.25875,39.49144,1.71126,5.76537,7.04469,59.47365,-2.46129,0.0,134.70312,2.13318,-1.42875,1.4423,-1.97699,-1.50137,-1.42623,1.82107,1.27293,-0.56115,-2.81544,-1.36851,0.78445,-1.75822,-0.88033,1.47839,2026-09-30,False,,,,,,,,,,,,0.32336,4.77178
DUNYH,Consumer Non-Durables,109.1,0.0,0.0,0.0,0.91554,99.63437,125.15047,191.99764,107.74,84.25764,0.5947,0.1885,NEUTRAL,prior-research-2026-10-01+NEUTRAL,False,0.0,1.0,0.0,-0.0,-0.0,0.0,0.0,46.43083,43.99977,160.40003,18.90012,-6.47202,-0.0,0.0,163.33962,0.32241,3.0,-3.0,3.0,2.91255,3.0,-2.85113,1.90095,2.02843,0.3373,-1.42137,-0.80733,2.03571,-0.71132,1.75864,2026-09-30,False,,,,,,,,,,,,0.67958,0.0
DURDO,Process Industries,4.6,9956218.0584,44.02172,0.73163,0.29729,76.59963,57.21947,103.89792,107.74,-3.84208,0.5245,0.2036,NEUTRAL,prior-research-2026-10-01+NEUTRAL,True,43.51585,0.83333,0.41667,-44.02172,-0.73163,-23.00725,16.11371,-9.20608,-6.16502,70.14366,120.11575,1.05574,-0.73477,0.0,-0.51226,0.89078,1.6648,-0.04657,0.47829,0.30768,1.68781,-0.93628,-0.58442,-0.40387,-0.47835,0.10615,-0.27433,-0.7552,-0.46691,0.1187,2026-09-30,False,,,,,,,,,,,,0.53435,9.88235
DURKN,Consumer Non-Durables,10.31,34817489.39576,61.18472,0.95416,-0.093,36.19744,55.80047,102.05762,107.74,-5.68238,0.4545,0.1864,NEUTRAL,prior-research-2026-10-01+NEUTRAL,True,42.99467,0.4278,0.66667,-61.18472,-0.95416,-57.21992,17.36563,-0.38726,-0.67415,193.10577,82.80787,22.04949,-0.5447,0.6343,9.21333,1.06684,-0.32717,1.83268,-0.73832,-1.21085,-0.29421,-0.04339,-0.09361,-0.10453,0.51257,-0.37597,1.04493,-0.42922,0.60354,0.49206,2026-09-30,False,,,,,,,,,,,,0.45938,5.06912
DYOBY,Process Industries,10.08,18428361.95659,52.20605,0.71026,0.3743,83.18099,58.80547,105.95481,107.74,-1.78519,0.5497,0.2014,NEUTRAL,prior-research-2026-10-01+NEUTRAL,False,-7.95297,0.46239,0.25,-52.20605,-0.71026,-53.76147,16.7294,1.83759,4.67154,279.46534,342.68821,11.18113,-0.71929,0.0,-20.98716,-0.09265,-0.13094,-1.36592,-0.00322,0.42662,-0.15648,-0.37735,0.18894,0.40597,1.15385,1.05083,0.64371,-0.72379,-0.46691,-0.7123,2026-09-30,False,,,,,,,,,,,,0.58239,1.514
DZGYO,Finance,6.4,11082719.70786,39.16615,0.81352,0.49483,91.95612,59.89547,107.36843,107.74,-0.37157,0.5912,0.1938,NEUTRAL,prior-research-2026-10-01+NEUTRAL,False,-0.85107,0.63241,0.5,-39.16615,-0.81352,-36.75889,16.2209,4.39927,9.83776,251.77348,20.81419,37.47582,-0.03455,0.0,-39.47113,-0.00884,0.52458,0.31644,0.63792,-0.18378,0.60437,-1.23527,-0.25354,0.19005,0.70933,-0.64439,0.54714,0.75356,-0.88033,-1.32205,2026-09-30,False,,,,,,,,,,,,0.61407,7.47531
EBEBK,Retail Trade,78.3,42306451.79971,37.30602,0.67888,0.10347,56.67276,54.27547,100.07985,107.74,-7.66015,0.5049,0.1889,NEUTRAL,prior-research-2026-10-01+NEUTRAL,False,58.34349,0.86233,0.58333,-37.30602,-0.67888,-15.13234,17.56045,10.09143,4.01094,44.65785,262.94926,2.0525,-0.75469,1.27714,24.22734,0.77568,1.15127,0.70081,0.46949,0.38168,1.78186,-0.22378,0.82934,0.28492,-0.89303,-0.31325,-0.00301,-0.57303,0.39466,0.94535,2026-09-30,False,,,,,,,,,,,,0.52102,4.15647
ECILC,Health Technology,63.15,318435367.31059,52.55342,1.01769,-0.2715,22.85192,55.80047,102.05762,107.74,-5.68238,0.4545,0.1864,NEUTRAL,prior-research-2026-10-01+NEUTRAL,True,-16.45082,0.49099,0.33333,-52.55342,-1.01769,-55.37194,19.57893,-2.74395,-3.86022,153.90041,23.56721,-2.54139,-0.05747,2.77302,-14.60031,-0.01501,0.17084,-0.16848,-0.04805,-1.50037,0.07834,1.38388,-0.25317,-0.20601,0.05954,-0.97716,-0.50738,0.45511,1.42939,-0.65618,2026-09-30,False,,,,,,,,,,,,0.44407,9.93031
ECZYT,Finance,222.8,112066394.62542,57.68125,1.03602,-0.30641,20.84095,55.80047,102.05762,107.74,-5.68238,0.4545,0.1864,NEUTRAL,prior-research-2026-10-01+NEUTRAL,True,-4.75998,0.55561,0.33333,-57.68125,-1.03602,-47.25686,18.5346,-1.5421,-1.81973,128.56372,1.59062,86.15523,-0.0,2.56476,-63.58057,-0.11213,0.11004,-0.88688,-0.54506,-1.24522,0.00337,0.66297,-0.62652,-0.82793,-0.11968,-1.8355,1.20764,1.53185,1.00659,-1.74176,2026-09-30,False,,,,,,,,,,,,0.41566,9.97636
EDATA,Commercial Services,5.4,58344761.80472,79.90392,0.91259,-0.44986,13.89397,55.80047,102.05762,107.74,-5.68238,0.4545,0.1864,NEUTRAL,prior-research-2026-10-01+NEUTRAL,True,267.21311,0.2131,0.66667,-79.90392,-0.91259,-78.68982,17.88188,-12.99575,-5.24974,48.35288,108.51212,0.25529,-0.01855,0.0,13.6185,1.87277,-0.76456,1.43024,-0.79388,-1.01974,-0.75508,0.79807,-1.03467,-0.60191,-0.03044,0.62577,0.00445,0.4011,-0.80119,0.40286,2026-09-30,False,,,,,,,,,,,,0.4068,5.24071
EDIP,Finance,28.8,32418870.64221,47.37556,0.96777,0.35963,81.90128,58.80547,105.95481,107.74,-1.78519,0.5497,0.2014,NEUTRAL,prior-research-2026-10-01+NEUTRAL,False,12.00474,0.67102,0.41667,-47.37556,-0.96777,-34.24977,17.29425,4.4822,16.90675,417.32331,63.74005,61.01835,-0.155,0.0,33.15755,0.29959,0.68424,-0.24156,0.07518,-0.95786,0.73517,-0.32397,-0.21838,0.65132,1.42449,0.1591,0.81402,0.19267,-0.88033,0.97069,2026-09-30,False,,,,,,,,,,,,0.60958,3.11689
EFOR,Consumer Non-Durables,13.6,1380704441.71569,84.7586,0.26518,-1.11715,1.27971,55.80047,102.05762,107.74,-5.68238,0.4545,0.1864,NEUTRAL,prior-research-2026-10-01+NEUTRAL,False,-13.35981,0.42527,0.5,-84.7586,-0.26518,-83.30206,21.04586,0.19253,0.03234,17.46245,46.57347,12.04072,-0.62943,0.1688,9.6369,-0.09066,-0.3372,0.70682,-1.84764,2.03418,-1.59038,1.88676,-0.04873,-0.04927,-1.88116,-0.75969,0.62385,-0.55996,0.48535,0.50797,2026-09-30,False,,,,,,,,,,,,0.32267,6.70213
EGEEN,Producer Manufacturing,5070.0,56815080.0,54.80847,0.84637,0.05184,50.82267,54.27547,100.07985,107.74,-7.66015,0.5049,0.1889,NEUTRAL,prior-research-2026-10-01+NEUTRAL,True,-36.50541,0.60519,0.41667,-54.80847,-0.84637,-43.74813,17.85531,-3.01657,-1.53656,55.26739,27.8219,3.05087,-0.16858,1.04536,-37.90781,-0.92334,0.78035,0.10565,-0.06298,-0.19891,0.56462,0.24083,-0.17717,0.07095,-0.35788,-0.9375,-0.07365,0.49102,1.03226,-1.29462,2026-09-30,False,,,,,,,,,,,,0.47561,9.99088
EGEGY,Finance,15.17,74337558.63936,59.45734,0.72191,-0.22677,27.23949,55.80047,102.05762,107.74,-5.68238,0.4545,0.1864,NEUTRAL,prior-research-2026-10-01+NEUTRAL,False,8.47221,0.43878,0.41667,-59.45734,-0.72191,-57.51018,18.12413,61.27778,38.11687,89.38592,167.6028,31.48926,-0.27832,1.97759,951.53564,0.26468,-0.4142,-0.24156,-0.63846,0.34026,-0.43961,0.37151,1.8115,1.25754,-0.50102,0.92316,0.35947,-0.118,0.88186,2.32004,2026-09-30,False,,,,,,,,,,,,0.46062,6.73317
EGEPO,Health Services,6.59,56184810.14304,54.98535,0.58504,-0.50166,10.42048,55.80047,102.05762,107.74,-5.68238,0.4545,0.1864,NEUTRAL,prior-research-2026-10-01+NEUTRAL,True,113.4367,0.33082,0.5,-54.98535,-0.58504,-66.91767,17.84416,-3.14187,-1.80317,63.10934,49.60337,4.11882,-0.03321,0.0,14.34343,1.12132,-1.35507,0.82424,-0.71487,0.78414,-1.4154,-0.0335,-0.21932,-0.0245,-0.26623,-0.21256,-0.29485,1.03459,-0.43692,0.45001,2026-09-30,False,,,,,,,,,,,,0.36732,7.78098
EGGUB,Process Industries,95.3,44216749.56591,48.19843,0.74171,0.00947,46.4351,55.80047,102.05762,107.74,-5.68238,0.4545,0.1864,NEUTRAL,prior-research-2026-10-01+NEUTRAL,False,-3.64444,0.67018,0.5,-48.19843,-0.74171,-35.54852,17.60461,8.18761,7.49983,101.16619,42.66812,33.88779,-0.1336,2.62329,17.75738,0.02495,0.82378,0.51143,0.24766,0.26891,0.77572,0.3712,0.69226,0.69478,-0.0681,-0.69683,1.54092,0.34538,1.43011,0.72926,2026-09-30,False,,,,,,,,,,,,0.50682,5.65656
EGPRO,Process Industries,33.66,32157500.19807,56.10759,0.99113,0.06891,52.65082,54.27547,100.07985,107.74,-7.66015,0.5049,0.1889,NEUTRAL,prior-research-2026-10-01+NEUTRAL,False,42.98087,0.73826,0.58333,-56.10759,-0.99113,-28.76214,17.28616,17.05508,8.34233,56.02014,77.21205,19.02854,-0.13635,3.81582,6.25656,0.87089,1.07682,1.04619,-0.22462,-1.01549,1.15617,0.04724,1.11929,0.75807,-0.72435,-0.27004,1.01447,0.3141,1.67619,0.33116,2026-09-30,False,,,,,,,,,,,,0.49071,5.6551
EGSER,Producer Manufacturing,2.55,5389056.55944,41.20614,0.66754,0.497,92.50457,59.89547,107.36843,107.74,-0.37157,0.5912,0.1938,NEUTRAL,prior-research-2026-10-01+NEUTRAL,True,-16.12904,0.67639,0.41667,-41.20614,-0.66754,-34.21751,15.49988,-28.90711,-33.9215,112.73321,293.73084,-1.18243,-1.22247,0.0,34.50525,-0.2458,1.09335,0.10565,0.77324,0.74914,1.12279,-1.54258,-1.28984,-1.22148,0.40282,0.93857,-0.48277,-0.91952,-0.41483,1.0215,2026-09-30,False,,,,,,,,,,,,0.63246,3.07693
EKGYO,Finance,18.44,2613126051.87032,46.01637,1.33787,-0.04402,39.85375,55.80047,102.05762,107.74,-5.68238,0.4545,0.1864,NEUTRAL,prior-research-2026-10-01+NEUTRAL,True,3.23121,0.72343,0.58333,-46.01637,-1.33787,-30.44232,21.68381,-1.37264,-2.77032,219.01479,149.33306,21.5547,-0.62336,3.2538,9.74711,0.13809,0.87253,0.85119,0.14818,-2.30998,0.95035,2.01893,-0.61644,-0.90061,0.5095,0.79965,0.06651,-0.6963,1.16724,0.33877,2026-09-30,False,,,,,,,,,,,,0.50883,9.98043
EKOS,Producer Manufacturing,3.26,46950946.06839,57.91712,1.00161,-0.02097,43.69287,55.80047,102.05762,107.74,-5.68238,0.4545,0.1864,NEUTRAL,prior-research-2026-10-01+NEUTRAL,True,-16.28289,0.36303,0.41667,-57.91712,-1.00161,-63.6971,17.66461,-15.3555,-14.0951,91.49741,78.69405,-5.08152,-0.31215,0.0,-35.38699,-0.26106,-0.40423,0.10565,-0.23674,-0.94002,-0.39486,0.04736,-0.82315,-0.67209,0.17369,-0.23139,-0.70589,0.15662,-0.41483,-1.2375,2026-09-30,False,,,,,,,,,,,,0.47815,2.76596
EKSUN,Process Industries,4.45,25113570.91913,52.50187,0.83118,0.19265,64.71664,54.27547,100.07985,107.74,-7.66015,0.5049,0.1889,NEUTRAL,prior-research-2026-10-01+NEUTRAL,True,-8.16327,0.54938,0.33333,-52.50187,-0.83118,-46.79013,17.03892,-5.87472,-5.45664,100.00821,455.73862,1.43722,-0.80536,0.0,-12.29405,-0.10211,0.21903,-0.69188,-0.01269,-0.26399,0.14525,-0.10988,-0.36001,-0.37535,-0.08755,1.33614,-0.24498,-0.83338,-0.46691,-0.39684,2026-09-30,False,,,,,,,,,,,,0.50358,5.15695
ELITE,Consumer Non-Durables,19.01,31478202.61601,40.4774,0.86385,0.05073,50.45704,54.27547,100.07985,107.74,-7.66015,0.5049,0.1889,NEUTRAL,prior-research-2026-10-01+NEUTRAL,False,-17.69149,0.44941,0.41667,-40.4774,-0.86385,-55.0591,17.26481,4.63556,4.28854,103.4808,105.57614,17.99126,-0.10986,0.26302,17.82863,-0.26274,-0.23347,0.14882,0.53325,-0.7323,-0.20619,-0.18428,0.28957,0.26599,-0.14636,-0.17092,0.87615,0.48145,0.49897,0.76309,2026-09-30,False,,,,,,,,,,,,0.50833,1.86501
EMKEL,Producer Manufacturing,7.67,56823161.58404,58.10016,0.76243,-0.27296,22.6691,55.80047,102.05762,107.74,-5.68238,0.4545,0.1864,NEUTRAL,prior-research-2026-10-01+NEUTRAL,True,-73.40741,0.09582,0.41667,-58.10016,-0.76243,-90.41849,17.85545,-24.60607,-20.36325,81.69662,100.49572,9.68876,-0.48278,0.0,10.85832,-2.04913,-1.81863,0.10565,-0.25726,0.24923,-1.80893,0.24572,-1.14789,-0.89152,0.04946,-0.052,0.46018,-0.1458,-0.41483,0.40027,2026-09-30,False,,,,,,,,,,,,0.45401,1.08611
ENDAE,Finance,13.18,65563300.72954,58.08357,0.57418,-0.08578,36.9287,55.80047,102.05762,107.74,-5.68238,0.4545,0.1864,NEUTRAL,prior-research-2026-10-01+NEUTRAL,False,16.1861,0.60073,0.58333,-58.08357,-0.57418,-39.92707,17.99853,,,216.28152,,,-0.01728,0.0,,0.38629,0.35261,0.85119,-0.56551,1.02318,0.42972,0.311,0.0,0.0,0.48986,0.0,0.0,0.99806,-0.88033,0.0,2026-09-30,False,,,,,,,,,,,,0.49589,2.12514
ENERY,Utilities,13.22,519182494.77196,48.85622,0.48927,-0.20157,29.06764,55.80047,102.05762,107.74,-5.68238,0.4545,0.1864,NEUTRAL,prior-research-2026-10-01+NEUTRAL,False,-0.7875,0.97853,0.41667,-48.85622,-0.48927,-27.48899,20.06777,9.89807,4.67784,56.27042,34.83953,13.12626,-0.05359,0.12607,11.29213,-0.13215,2.34137,-0.18136,0.1679,1.18588,1.09754,0.88498,0.63574,0.32333,-1.01257,-0.37649,0.70519,0.69948,0.48332,0.92239,2026-09-30,False,,,,,,,,,,,,0.48498,6.50337
ENJSA,Utilities,105.4,396421517.98347,36.24476,0.78529,0.27516,74.22303,57.21947,103.89792,107.74,-3.84208,0.5245,0.2036,NEUTRAL,prior-research-2026-10-01+NEUTRAL,False,42.25293,0.82992,0.58333,-36.24476,-0.78529,-21.65354,19.79799,6.38889,4.92836,84.6368,195.91172,18.48982,-0.86298,4.81973,-10.86795,0.62739,1.34068,0.9114,1.13763,-0.21513,1.6755,0.79284,0.42688,0.34903,-0.5931,1.00065,0.91866,-0.89019,1.64088,0.04792,2026-09-30,False,,,,,,,,,,,,0.56569,3.91426
ENKAI,Industrial Services,82.45,1021598662.38905,35.82112,0.93633,0.19515,65.26508,54.27547,100.07985,107.74,-7.66015,0.5049,0.1889,NEUTRAL,prior-research-2026-10-01+NEUTRAL,False,32.31866,0.74013,0.58333,-35.82112,-0.93633,-28.05206,20.74463,10.56946,8.08243,81.25541,36.59931,15.37143,-0.01846,4.9525,12.31264,0.12887,0.75686,0.86359,1.56629,-0.79038,1.01651,0.93815,0.51968,0.68873,0.17293,-0.0583,0.5307,0.71654,1.99166,0.39887,2026-09-30,False,,,,,,,,,,,,0.54786,4.63698
ENSRI,Consumer Non-Durables,2.83,88050368.785,85.4067,0.3221,-0.63726,6.76417,55.80047,102.05762,107.74,-5.68238,0.4545,0.1864,NEUTRAL,prior-research-2026-10-01+NEUTRAL,True,-75.29812,0.07471,0.41667,-85.4067,-0.3221,-92.52904,18.29342,-5.18602,-4.90658,99.01894,32.25468,-5.68647,-0.25054,0.0,-41.36597,-2.0961,-2.18105,0.14882,-1.88509,1.80037,-2.16899,0.66099,-0.45481,-0.42973,-0.195,-1.03094,-0.76901,0.07385,-0.71132,-1.16791,2026-09-30,False,,,,,,,,,,,,0.36939,2.41757
ENTRA,Utilities,4.06,88280950.90703,48.70839,0.77195,0.1924,64.53382,54.27547,100.07985,107.74,-7.66015,0.5049,0.1889,NEUTRAL,prior-research-2026-10-01+NEUTRAL,True,-2.94634,0.75831,0.41667,-48.70839,-0.77195,-27.71789,18.29603,-3.45978,-7.65053,260.14452,21.10989,2.05617,-0.26754,0.0,-32.57224,-0.18853,0.92076,-0.18136,0.18216,-0.12574,1.06924,0.0157,-0.32083,-0.57382,0.71163,-0.69213,-0.22786,-0.01621,-0.69305,-0.66949,2026-09-30,False,,,,,,,,,,,,0.52873,4.13438
EPLAS,Producer Manufacturing,5.08,22038200.55419,52.97365,0.67845,0.44087,88.66545,58.80547,105.95481,107.74,-1.78519,0.5497,0.2014,NEUTRAL,prior-research-2026-10-01+NEUTRAL,True,-11.45038,0.66579,0.33333,-52.97365,-0.67845,-33.42071,16.90829,-2.46402,-8.99822,394.15505,262.02693,-1.72572,-0.05561,0.0,27.25997,-0.09256,1.04381,-0.53966,0.02827,0.70474,1.16314,-0.63212,-0.11524,-0.44933,1.95431,0.81381,-0.52755,0.93253,-0.41483,0.91273,2026-09-30,False,,,,,,,,,,,,0.58833,10.0
ERBOS,Non-Energy Minerals,116.3,8407702.62552,35.92441,0.78124,0.58657,96.16088,125.15047,191.99764,107.74,84.25764,0.5947,0.1885,NEUTRAL,prior-research-2026-10-01+NEUTRAL,True,-19.07894,0.51896,0.41667,-35.92441,-0.78124,-48.90674,15.94466,-2.29592,-3.36309,166.46602,249.77671,12.32313,-0.30648,2.32158,-8.0106,-0.70315,-0.13304,-0.29387,0.95367,0.30846,-0.09242,-1.68093,0.00847,-0.11057,0.53425,0.75866,0.66297,-0.10598,1.02535,-0.10273,2026-09-30,False,,,,,,,,,,,,0.64053,1.44347
ERCB,Non-Energy Minerals,34.3,30470335.87126,49.29081,0.93954,0.31815,78.79342,57.21947,103.89792,107.74,-3.84208,0.5245,0.2036,NEUTRAL,prior-research-2026-10-01+NEUTRAL,True,-41.8351,0.35692,0.33333,-49.29081,-0.93954,-64.30801,17.23226,-17.46237,-22.24045,188.90885,217.62922,-2.5316,-1.63131,0.0,-50.81588,-1.46201,-0.89691,-0.93918,-0.05061,-0.50741,-0.80159,-0.71466,-0.79977,-0.96541,0.64805,0.66283,-0.59601,-1.45375,-0.80259,-1.26412,2026-09-30,False,,,,,,,,,,,,0.52858,5.64947
EREGL,Non-Energy Minerals,35.94,5220621418.11612,42.57915,1.06557,0.00396,45.33821,55.80047,102.05762,107.74,-5.68238,0.4545,0.1864,NEUTRAL,prior-research-2026-10-01+NEUTRAL,False,37.64808,0.81312,0.5,-42.57915,-1.06557,-21.31222,22.37588,2.63594,3.11332,128.12016,96.29211,4.71572,-0.50549,1.53033,-11.51995,0.59807,1.32953,0.26413,0.32506,-1.07359,1.77542,1.91589,0.31262,0.39624,0.18766,-0.10556,0.06768,-0.46598,0.75385,-0.28185,2026-09-30,False,,,,,,,,,,,,0.53335,4.17536
ERSU,Consumer Non-Durables,11.84,7181076.41664,55.02952,0.64985,-0.08043,37.47715,55.80047,102.05762,107.74,-5.68238,0.4545,0.1864,NEUTRAL,prior-research-2026-10-01+NEUTRAL,True,21.82581,0.39732,0.5,-55.02952,-0.64985,-60.43624,15.78696,-7.36041,-7.78731,109.50942,27.10335,-22.58088,-0.27968,0.0,-37.36888,0.76461,-0.50334,0.70682,-0.41423,0.41954,-0.47345,-1.22866,-0.57005,-0.59733,-0.09772,-1.12499,-1.34336,0.01924,-0.71132,-1.08911,2026-09-30,False,,,,,,,,,,,,0.44105,5.01767
ESCAR,Finance,14.5,83664345.20277,64.87298,0.77918,-0.66977,6.03291,55.80047,102.05762,107.74,-5.68238,0.4545,0.1864,NEUTRAL,prior-research-2026-10-01+NEUTRAL,True,132.31801,0.26032,0.66667,-64.87298,-0.77918,-73.96768,18.24232,-22.76129,-20.82062,82.8074,58.39766,-19.58398,-0.39419,2.48276,-6.7175,1.53855,-1.21593,1.4423,-0.91862,0.01018,-1.20779,0.44364,-1.66253,-1.78332,-0.57576,0.07441,-2.25527,-0.32355,0.97678,-0.26848,2026-09-30,False,,,,,,,,,,,,0.38501,2.37988
ESCOM,Electronic Technology,4.18,106521216.14737,60.5467,0.82661,0.18187,63.25411,54.27547,100.07985,107.74,-7.66015,0.5049,0.1889,NEUTRAL,prior-research-2026-10-01+NEUTRAL,False,81.69492,0.62857,0.58333,-60.5467,-0.82661,-37.14286,18.48385,47.88966,50.41751,134.07428,87.58749,99.4014,-0.0,0.0,567.00249,0.92165,0.60997,0.80167,-0.03824,0.25531,0.64023,-0.22966,1.66851,1.91165,0.91144,0.03222,1.99023,2.24311,-0.20017,1.80612,2026-09-30,False,,,,,,,,,,,,0.55186,3.28948
ESEN,Utilities,2.48,101581497.24959,43.28805,0.62164,-0.03364,40.76782,55.80047,102.05762,107.74,-5.68238,0.4545,0.1864,NEUTRAL,prior-research-2026-10-01+NEUTRAL,True,-75.14006,0.15252,0.25,-43.28805,-0.62164,-84.74785,18.43637,-4.23149,-12.42041,335.28697,33.47144,1.22766,-0.51345,0.0,-25.86669,-2.46563,-1.95825,-1.50071,0.47683,0.61086,-1.84679,0.12457,-0.37953,-0.83532,1.0603,-0.39553,-0.31404,-0.46805,-0.69305,-0.49587,2026-09-30,False,,,,,,,,,,,,0.48648,4.73372
ETILR,Consumer Services,7.24,52595759.49325,71.28958,0.71075,0.05862,51.37112,54.27547,100.07985,107.74,-7.66015,0.5049,0.1889,NEUTRAL,prior-research-2026-10-01+NEUTRAL,True,24.1535,0.95138,0.5,-71.28958,-0.71075,-25.26316,17.77815,-14.91654,-3.46683,28.85955,120.71866,11.27006,-1.20811,0.0,-27.35739,1.07794,2.36824,0.71062,-1.11488,0.158,1.62501,0.19271,-0.56808,-0.05741,-1.16982,0.50048,1.17179,-1.47956,-0.43637,-1.11668,2026-09-30,False,,,,,,,,,,,,0.47752,9.96732
ETYAT,Finance,9.9,11061691.73445,67.04515,0.36929,-0.57006,8.95795,55.80047,102.05762,107.74,-5.68238,0.4545,0.1864,NEUTRAL,prior-research-2026-10-01+NEUTRAL,True,94.58438,0.61224,0.58333,-67.04515,-0.36929,-53.18491,16.219,-13.99351,-1.64606,12.46852,11.50071,6.14456,-0.08154,0.0,6.8199,1.30678,0.42605,0.85119,-1.04345,1.88547,-0.24143,-1.24514,-1.34047,-0.81254,-2.26942,-1.00015,-0.77121,0.45444,-0.88033,0.21888,2026-09-30,False,,,,,,,,,,,,0.35344,9.97596
EUKYO,Finance,9.48,11463073.87604,49.78167,0.20592,-0.50145,10.60329,55.80047,102.05762,107.74,-5.68238,0.4545,0.1864,NEUTRAL,prior-research-2026-10-01+NEUTRAL,True,158.82353,0.65833,0.66667,-49.78167,-0.20592,-34.16667,16.25464,-23.01075,-3.19285,14.74819,5.02858,8.46294,-0.03396,0.0,23.83485,1.62534,0.61714,1.4423,-0.06793,2.47176,0.75497,-1.21585,-1.67266,-0.93754,-2.19089,-1.49568,-0.60814,0.7739,-0.88033,0.76428,2026-09-30,False,,,,,,,,,,,,0.3968,4.53649
EUPWR,Producer Manufacturing,50.1,1322948021.04589,83.31709,1.0508,-0.69209,5.30165,55.80047,102.05762,107.74,-5.68238,0.4545,0.1864,NEUTRAL,prior-research-2026-10-01+NEUTRAL,False,244.076,0.47443,0.75,-83.31709,-1.0508,-52.55682,21.00313,8.39946,2.81592,36.5546,46.93426,22.2869,-0.32947,0.0,49.8887,2.17123,0.16135,2.39897,-1.447,-1.16,0.16142,1.7176,0.66379,0.38664,-0.7295,-0.58842,1.08514,0.12164,-0.41483,1.18663,2026-09-30,False,,,,,,,,,,,,0.37392,9.96472
EUREN,Producer Manufacturing,2.76,91957564.15287,37.7216,0.81159,0.1117,57.76965,54.27547,100.07985,107.74,-7.66015,0.5049,0.1889,NEUTRAL,prior-research-2026-10-01+NEUTRAL,False,-56.0,0.29838,0.25,-37.7216,-0.81159,-70.16216,18.33684,0.65584,1.2168,197.51939,151.38625,5.42868,-0.16961,0.0,26.49919,-1.50512,-0.63915,-1.2137,1.05443,-0.04348,-0.64916,0.56272,0.08066,0.25205,1.01267,0.30666,0.1278,0.48088,-0.41483,0.88923,2026-09-30,False,,,,,,,,,,,,0.54969,2.67379
EUYO,Finance,3.55,4329264.65217,56.49732,0.37283,-0.26375,23.766,55.80047,102.05762,107.74,-5.68238,0.4545,0.1864,NEUTRAL,prior-research-2026-10-01+NEUTRAL,True,3.34822,0.51375,0.5,-56.49732,-0.37283,-49.34877,15.28091,-24.8963,-9.23818,35.69385,19.90364,8.83228,-0.03375,0.0,12.54934,0.14289,-0.11237,0.31644,-0.47468,1.86104,-0.12359,-1.74303,-1.73612,-1.33826,-1.3729,-0.69417,-0.58688,0.78075,-0.88033,0.45378,2026-09-30,False,,,,,,,,,,,,0.40157,10.0
EYGYO,Finance,1.99,19186929.48758,51.66339,0.44483,0.01177,46.61792,55.80047,102.05762,107.74,-5.68238,0.4545,0.1864,NEUTRAL,prior-research-2026-10-01+NEUTRAL,True,-42.71795,0.40595,0.33333,-51.66339,-0.44483,-60.2208,16.76974,-29.13079,-43.16683,149.73487,76.01437,-10.89292,-0.48249,1.43573,-72.09529,-1.36789,-0.54064,-0.88688,-0.19069,1.56479,-0.59271,-0.72742,-1.88025,-2.15885,0.05672,0.25269,-1.96592,-0.47941,0.66008,-1.88358,2026-09-30,False,,,,,,,,,,,,0.50472,2.05128
FADE,Consumer Non-Durables,11.16,33643977.69877,46.04764,0.70076,0.10362,56.85558,54.27547,100.07985,107.74,-7.66015,0.5049,0.1889,NEUTRAL,prior-research-2026-10-01+NEUTRAL,False,4.72335,0.58768,0.5,-46.04764,-0.70076,-41.23223,17.33134,3.11406,6.28226,219.20963,115.83994,9.78946,-0.06115,0.0,18.35616,0.46054,0.3832,0.70682,0.12997,0.1759,0.47057,-0.09308,0.16431,0.4422,0.68183,-0.1038,0.45238,0.68872,-0.71132,0.78154,2026-09-30,False,,,,,,,,,,,,0.5484,2.7904
FENER,Consumer Services,2.33,323703955.36441,56.6124,0.87405,-0.51277,10.23766,55.80047,102.05762,107.74,-5.68238,0.4545,0.1864,NEUTRAL,prior-research-2026-10-01+NEUTRAL,True,-69.52663,0.19224,0.41667,-56.6124,-0.87405,-81.0231,19.59534,-152.90214,-28.7605,45.13817,88.43844,-56.27748,-0.94737,0.0,26.19956,-1.51851,-1.30477,0.15262,-0.33803,-0.73628,-1.27435,1.17282,-2.08822,-1.09023,-0.85115,0.19093,-1.24588,-1.31521,-0.43637,0.81092,2026-09-30,False,,,,,,,,,,,,0.4083,1.93799
FLAP,Consumer Services,11.85,9560230.74411,57.51649,0.77957,0.30334,76.96527,57.21947,103.89792,107.74,-3.84208,0.5245,0.2036,NEUTRAL,prior-research-2026-10-01+NEUTRAL,True,12.423,0.74063,0.66667,-57.51649,-0.77957,-39.3125,16.07312,-6.31201,-5.76747,97.51661,32.93845,-2.80884,-0.08582,0.58509,-32.681,0.87831,1.18329,1.83648,-0.38821,-0.23177,0.77324,-1.27502,-0.16567,-0.20614,-0.00168,-0.49081,-0.02842,0.20597,0.84314,-1.26312,2026-09-30,False,,,,,,,,,,,,0.49661,9.46058
FMIZP,Producer Manufacturing,257.0,13364694.0,37.53759,0.8646,0.25949,72.21207,57.21947,103.89792,107.74,-3.84208,0.5245,0.2036,NEUTRAL,prior-research-2026-10-01+NEUTRAL,False,-1.48079,0.71645,0.5,-37.53759,-0.8646,-28.35474,16.40813,21.79471,3.84629,18.22825,20.65581,15.66662,-0.016,1.85059,-3.13007,0.20558,1.2546,0.66365,1.0681,-0.32055,1.44294,-1.06163,1.2516,0.4669,-1.36789,-1.16754,0.80108,1.37589,1.30219,-0.10939,2026-09-30,False,,,,,,,,,,,,0.52226,9.96132
FONET,Technology Services,4.07,96149554.59458,50.38398,0.77256,-0.09481,36.01463,55.80047,102.05762,107.74,-5.68238,0.4545,0.1864,NEUTRAL,prior-research-2026-10-01+NEUTRAL,False,99.56146,0.65539,0.5,-50.38398,-0.77256,-34.94364,18.38142,16.78262,7.56378,49.9396,26.86184,26.09632,-0.02805,0.0,71.00776,1.21988,0.71005,0.48483,0.47464,0.45232,0.79868,0.13492,0.55061,0.48417,-0.26681,-0.37857,0.91354,0.43744,-0.38676,1.38162,2026-09-30,False,,,,,,,,,,,,0.49231,8.16832
FORMT,Non-Energy Minerals,0.92,32757293.13927,32.46179,0.49492,0.11559,58.3181,54.27547,100.07985,107.74,-7.66015,0.5049,0.1889,NEUTRAL,prior-research-2026-10-01+NEUTRAL,True,-61.55779,0.21495,0.16667,-32.46179,-0.49492,-78.50467,17.30464,-4.82593,-10.62689,238.92,90.55401,-14.37513,-0.12555,0.0,-2.08198,-2.0025,-1.50473,-2.34239,1.43084,1.63985,-1.44524,-0.62761,-0.2291,-0.57443,0.96838,-0.14651,-1.10308,0.3426,-0.80259,0.1327,2026-09-30,False,,,,,,,,,,,,0.51322,1.9802
FORTE,Technology Services,91.65,156606575.16734,53.62299,0.65668,0.06867,52.46801,54.27547,100.07985,107.74,-7.66015,0.5049,0.1889,NEUTRAL,prior-research-2026-10-01+NEUTRAL,False,70.55682,0.64091,0.66667,-53.62299,-0.65668,-37.30769,18.86925,131.43685,42.36134,46.67892,63.4164,27.09712,-0.79724,0.0,100.3384,0.9352,0.66935,1.6107,0.2422,1.07437,0.67019,0.3453,2.34758,1.83203,-0.33446,0.22171,0.92962,-1.28734,-0.38676,1.4889,2026-09-30,False,,,,,,,,,,,,0.53622,4.66786
FRIGO,Consumer Non-Durables,1.49,80657612.545,66.92318,0.36093,-0.486,11.70018,55.80047,102.05762,107.74,-5.68238,0.4545,0.1864,NEUTRAL,prior-research-2026-10-01+NEUTRAL,True,30.78296,0.41273,0.58333,-66.92318,-0.36093,-60.66555,18.20572,-8.67662,-8.52785,105.92346,100.00542,-12.33121,-0.32463,0.0,-14.46095,0.87041,-0.39814,1.24158,-1.043,1.66981,-0.47878,0.5982,-0.6681,-0.65896,-0.13177,-0.22226,-1.04904,-0.06042,-0.71132,-0.44062,2026-09-30,False,,,,,,,,,,,,0.3783,5.34979
FROTO,Consumer Durables,73.55,1717298324.70464,31.54862,0.98875,-0.01633,44.24132,55.80047,102.05762,107.74,-5.68238,0.4545,0.1864,NEUTRAL,prior-research-2026-10-01+NEUTRAL,False,-11.21266,0.56645,0.41667,-31.54862,-0.98875,-43.35498,21.26402,18.75488,11.61398,67.10213,329.96574,3.29877,-0.93768,13.17471,-7.67296,-0.08745,0.14207,0.22881,1.24843,-0.66466,0.18829,1.78826,1.60288,1.39704,-0.53845,0.37384,0.16324,-0.05753,2.6259,-0.26331,2026-09-30,False,,,,,,,,,,,,0.53344,3.9548
FZLGY,Consumer Durables,5.13,181898439.10469,64.24757,0.94939,-0.74361,4.57038,55.80047,102.05762,107.74,-5.68238,0.4545,0.1864,NEUTRAL,prior-research-2026-10-01+NEUTRAL,True,-39.69003,0.27375,0.33333,-64.24757,-0.94939,-72.99893,19.01896,-20.36247,-13.46597,68.4301,65.96885,-8.76319,-0.31024,0.0,1167.55015,-0.99587,-1.16569,-0.41651,-1.11776,-0.52634,-1.17697,0.78692,-0.59463,-0.46131,-0.52241,-1.00857,-0.68225,0.82696,-0.9095,2.44739,2026-09-30,False,,,,,,,,,,,,0.33135,9.98796
GARAN,Finance,122.9,3928372753.75,38.17497,1.20871,0.1466,60.6947,54.27547,100.07985,107.74,-7.66015,0.5049,0.1889,NEUTRAL,prior-research-2026-10-01+NEUTRAL,False,5.63073,0.77495,0.58333,-38.17497,-1.20871,-24.33375,22.09149,27.66141,23.30946,91.0937,216.91457,24.95417,-1.36053,4.28551,-3.11995,0.19114,1.15751,0.85119,0.71569,-1.86511,1.40922,2.15245,0.95314,0.86936,-0.47634,1.16844,0.19247,-1.40167,1.32698,-0.11204,2026-09-30,False,,,,,,,,,,,,0.53086,9.5947
GARFA,Finance,21.88,27182913.25761,40.49348,0.84251,0.33441,79.7075,57.21947,103.89792,107.74,-3.84208,0.5245,0.2036,NEUTRAL,prior-research-2026-10-01+NEUTRAL,False,5.61538,0.61357,0.5,-40.49348,-0.84251,-38.64274,17.1181,48.15993,30.15959,74.31176,162.60268,91.33618,-5.68177,0.0,64.1283,0.18629,0.44212,0.31644,0.54065,-0.31496,0.52326,-0.45369,1.52061,1.0524,-0.68283,0.88319,1.32678,-2.4334,-0.88033,1.25803,2026-09-30,False,,,,,,,,,,,,0.58293,3.22339
GATEG,Commercial Services,157.8,4669697.0,65.6177,0.57096,-0.06609,39.12249,55.80047,102.05762,107.74,-5.68238,0.4545,0.1864,NEUTRAL,prior-research-2026-10-01+NEUTRAL,False,12.8876,0.4288,0.41667,-65.6177,-0.57096,-57.11956,15.3566,38.40171,3.47528,19.30742,25.58695,26.06451,-0.37219,0.0,4349.20246,0.11008,0.25397,-0.25362,-0.11084,0.72797,0.27468,-1.13998,1.50371,0.05609,-0.82631,-0.38089,1.59965,-0.87872,-0.80119,2.98414,2026-09-30,False,,,,,,,,,,,,0.46476,10.0
GEDIK,Finance,4.76,43851071.42354,56.02436,0.68378,0.08714,55.02742,54.27547,100.07985,107.74,-7.66015,0.5049,0.1889,NEUTRAL,prior-research-2026-10-01+NEUTRAL,False,-8.81049,0.61979,0.41667,-56.02436,-0.68378,-38.02083,17.59631,26.21295,17.47896,78.41532,126.76992,62.47985,-2.92616,7.87815,34.32877,-0.23953,0.47466,-0.24156,-0.445,0.54617,0.5403,-0.02461,0.90732,0.70085,-0.63652,0.69711,0.84478,-1.84908,1.99353,0.98777,2026-09-30,False,,,,,,,,,,,,0.51452,5.21043
GEDZA,Process Industries,21.4,11696732.72839,45.32087,0.85701,0.22115,68.37294,54.27547,100.07985,107.74,-7.66015,0.5049,0.1889,NEUTRAL,prior-research-2026-10-01+NEUTRAL,False,0.97493,0.54731,0.5,-45.32087,-0.85701,-45.26854,16.27482,2.03308,2.30446,121.40797,119.37475,22.62872,-0.0229,0.0,12.66996,0.18034,0.20001,0.51143,0.41797,-0.34855,0.21654,-0.81547,0.21367,0.19957,0.0928,0.09039,1.18875,0.99348,-0.46691,0.61231,2026-09-30,False,,,,,,,,,,,,0.58769,1.45667
GENIL,Health Technology,5.85,363393081.10252,64.65715,0.6019,-0.47159,12.43144,55.80047,102.05762,107.74,-5.68238,0.4545,0.1864,NEUTRAL,prior-research-2026-10-01+NEUTRAL,False,-15.39085,0.40553,0.5,-64.65715,-0.6019,-59.44657,19.711,11.20394,4.67922,53.57735,90.27358,11.13136,-0.40814,0.82733,18.98698,0.04588,-0.17298,1.03484,-0.71147,0.55116,-0.07574,1.44249,0.68988,0.48589,-1.10723,-0.06329,0.65144,-0.46934,0.88457,0.58952,2026-09-30,False,,,,,,,,,,,,0.39383,8.88889
GENTS,Producer Manufacturing,4.03,31191727.01986,40.78982,0.84533,0.3652,82.26691,58.80547,105.95481,107.74,-1.78519,0.5497,0.2014,NEUTRAL,prior-research-2026-10-01+NEUTRAL,False,-43.99563,0.30255,0.25,-40.78982,-0.84533,-69.74474,17.25566,11.32977,13.46465,133.80957,181.70803,11.18501,-0.16848,5.38122,-2.08623,-1.16655,-0.61072,-1.2137,0.82426,-0.19395,-0.62131,-0.3413,0.81416,1.32256,0.56524,0.49635,0.57501,0.4961,2.03032,-0.08993,2026-09-30,False,,,,,,,,,,,,0.59848,1.73411
GEREL,Producer Manufacturing,21.36,255965555.04019,71.35618,1.0588,-0.33874,18.82998,55.80047,102.05762,107.74,-5.68238,0.4545,0.1864,NEUTRAL,prior-research-2026-10-01+NEUTRAL,False,84.9,0.4568,0.41667,-71.35618,-1.0588,-54.31993,19.36055,25.9053,7.72363,54.92318,37.06881,22.13267,-0.5872,0.0,-1.70683,1.45194,0.08481,0.10565,-0.94647,-1.20289,0.06152,1.0374,1.47358,0.86546,-0.36391,-0.75164,1.0707,-0.30002,-0.41483,-0.07534,2026-09-30,False,,,,,,,,,,,,0.42722,10.0
GESAN,Electronic Technology,39.76,762374224.87056,76.30828,1.05689,-0.12708,33.27239,55.80047,102.05762,107.74,-5.68238,0.4545,0.1864,NEUTRAL,prior-research-2026-10-01+NEUTRAL,False,91.632,0.42479,0.58333,-76.30828,-1.05689,-57.52137,20.45195,11.78163,9.35832,87.20692,116.08523,18.08195,-0.46586,0.0,-5.08713,1.01616,-0.36747,0.80167,-0.87241,-0.79672,-0.39098,0.64597,0.43641,0.45581,0.4457,0.27877,0.28181,-0.1086,-0.20017,-0.48066,2026-09-30,False,,,,,,,,,,,,0.4849,9.90338
GIPTA,Producer Manufacturing,28.46,190164697.23354,79.49283,0.88086,-0.39332,16.27057,55.80047,102.05762,107.74,-5.68238,0.4545,0.1864,NEUTRAL,prior-research-2026-10-01+NEUTRAL,True,-40.22989,0.20965,0.33333,-79.49283,-0.88086,-79.03527,19.0634,-8.22629,-7.37767,93.01016,60.36403,13.00581,-0.0402,9.10169,-12.90279,-1.02729,-1.07758,-0.53966,-1.27496,-0.41609,-1.09642,0.90288,-0.56717,-0.32597,0.19332,-0.42459,0.68834,1.0193,2.6909,-0.56379,2026-09-30,False,,,,,,,,,,,,0.4026,9.9639
GLCVY,Finance,39.54,24501657.71528,38.73479,0.85197,0.33892,80.07313,58.80547,105.95481,107.74,-1.78519,0.5497,0.2014,NEUTRAL,prior-research-2026-10-01+NEUTRAL,False,-18.89028,0.49715,0.33333,-38.73479,-0.85197,-50.28488,17.01425,39.86844,26.1073,72.49553,148.93257,47.59539,-1.47483,6.33629,-5.00003,-0.58801,-0.17836,-0.88688,0.66333,-0.33978,-0.15178,-0.51301,1.29172,0.96221,-0.70364,0.77779,0.62701,-1.47967,1.7312,-0.20954,2026-09-30,False,,,,,,,,,,,,0.55315,5.45809
GLRMK,Industrial Services,132.0,643808528.0,55.09121,1.05994,0.10061,56.30713,54.27547,100.07985,107.74,-7.66015,0.5049,0.1889,NEUTRAL,prior-research-2026-10-01+NEUTRAL,False,-11.02743,0.539,0.33333,-55.09121,-1.05994,-46.10045,20.28291,17.07576,8.55801,62.27531,116.58752,10.11927,-0.63296,0.0,20.93393,-0.77657,-0.1797,-0.87448,0.1739,-1.31703,-0.02894,0.76078,0.83987,0.72395,-0.07947,0.79475,0.24106,-0.98134,-0.40421,0.67163,2026-09-30,False,,,,,,,,,,,,0.52395,3.49004
GLRYH,Finance,1.67,22709479.07458,49.98294,0.9071,0.78141,98.72029,125.15047,191.99764,107.74,84.25764,0.5947,0.1885,NEUTRAL,prior-research-2026-10-01+NEUTRAL,False,-30.88889,0.33737,0.33333,-49.98294,-0.9071,-66.26263,16.93829,7.86773,37.27106,528.71397,762.61316,81.27249,-0.71001,0.0,-61.47433,-0.9696,-0.89352,-0.88688,-0.09157,-0.6542,-0.86531,-0.61978,0.04786,1.23592,1.89828,2.22181,1.10809,-0.78642,-0.88033,-1.72394,2026-09-30,False,,,,,,,,,,,,0.64523,3.5533
GLYHO,Finance,15.73,49889329.98619,42.11311,0.80455,0.30148,76.78245,57.21947,103.89792,107.74,-3.84208,0.5245,0.2036,NEUTRAL,prior-research-2026-10-01+NEUTRAL,False,81.11966,0.83983,0.41667,-42.11311,-0.80455,-19.00694,17.72532,42.31324,18.91468,54.2727,101.0753,25.11467,-4.73021,0.40752,-8.37901,1.16822,1.57967,-0.24156,0.39428,-0.10765,2.0217,0.08607,1.3731,0.74257,-1.01132,0.46814,0.20028,-2.24872,0.36434,-0.34301,2026-09-30,False,,,,,,,,,,,,0.57105,4.02042
GMTAS,Retail Trade,49.36,98114478.80359,61.48391,0.45112,-0.59018,8.77514,55.80047,102.05762,107.74,-5.68238,0.4545,0.1864,NEUTRAL,prior-research-2026-10-01+NEUTRAL,True,104.02392,0.95845,0.75,-61.48391,-0.45112,-22.77158,18.40165,-2.32259,-0.62751,29.94082,41.12095,8.01037,-0.0259,0.60454,40.7966,1.16801,1.60993,1.90137,-1.07091,1.34416,1.00667,0.41247,-0.02472,-0.05018,-1.16778,-1.84138,0.57389,1.12041,0.20284,1.26186,2026-09-30,False,,,,,,,,,,,,0.37018,9.99522
GOKNR,Consumer Non-Durables,14.51,79852776.93395,51.01725,0.78105,0.21354,67.27605,54.27547,100.07985,107.74,-7.66015,0.5049,0.1889,NEUTRAL,prior-research-2026-10-01+NEUTRAL,False,-20.10975,0.54756,0.41667,-51.01725,-0.78105,-45.24356,18.1957,4.14942,8.39593,218.4548,314.49712,9.80681,-0.33052,4.57227,-15.07848,-0.33745,0.17938,0.14882,-0.16151,-0.29538,0.23879,0.5776,0.21914,0.67059,0.66201,0.82912,0.45778,-0.09044,1.59306,-0.47979,2026-09-30,False,,,,,,,,,,,,0.5347,9.95875
GOLTS,Non-Energy Minerals,250.5,24636153.375,26.25082,0.7179,0.69193,98.35466,125.15047,191.99764,107.74,84.25764,0.5947,0.1885,NEUTRAL,prior-research-2026-10-01+NEUTRAL,False,-8.1636,0.64723,0.41667,-26.25082,-0.7179,-35.27725,17.01973,5.97153,13.5313,250.74481,173.215,5.65713,-0.22795,1.66334,5.45828,-0.31554,0.52237,-0.29387,2.11146,0.68251,0.68056,-0.82093,0.60566,1.31316,1.01385,0.45162,0.1412,0.08287,0.80286,0.36839,2026-09-30,True,,,,,,,,,,,,0.68488,2.41779
GOODY,Consumer Durables,2.09,31481859.94993,46.20256,0.56022,-0.0825,37.29433,55.80047,102.05762,107.74,-5.68238,0.4545,0.1864,NEUTRAL,prior-research-2026-10-01+NEUTRAL,True,-16.16121,0.53239,0.41667,-46.20256,-0.56022,-46.76051,17.26492,-117.77051,-102.418,48.1509,885.09397,-2.13893,-2.26029,0.0,-12.06648,-0.25543,-0.04378,0.22881,-0.09664,1.40785,0.0006,-0.41388,-1.80853,-1.77972,-0.94512,1.10516,-0.32636,-0.69373,-0.9095,-0.50415,2026-09-30,False,,,,,,,,,,,,0.49545,2.26415
GOZDE,Finance,19.27,33670423.11093,40.99157,0.9321,0.02807,48.08044,55.80047,102.05762,107.74,-5.68238,0.4545,0.1864,NEUTRAL,prior-research-2026-10-01+NEUTRAL,True,6.14794,0.67757,0.41667,-40.99157,-0.9321,-36.28692,17.33213,-23.18598,-83.628,365.04389,0.35263,-23531.59305,-0.05021,0.0,-128.91188,0.20573,0.70311,-0.24156,0.49426,-0.79397,0.62835,-0.26862,-1.7038,-2.69306,1.17305,-2.11165,-3.0,0.63106,-0.88033,-2.72715,2026-09-30,False,,,,,,,,,,,,0.50999,5.17241
GRNYO,Finance,7.37,4266574.59997,66.26867,1.09839,-0.20524,28.70201,55.80047,102.05762,107.74,-5.68238,0.4545,0.1864,NEUTRAL,prior-research-2026-10-01+NEUTRAL,True,-6.95971,0.34896,0.5,-66.26867,-1.09839,-66.42992,15.26632,-35.66612,-11.21958,29.2326,7.53535,-16.33416,-0.0167,0.0,-76.99743,-0.18271,-0.86818,0.31644,-0.98938,-1.51543,-0.87153,-1.76302,-2.04263,-1.43289,-1.54153,-1.3131,-2.17096,1.0147,-0.88033,-1.98346,2026-09-30,False,,,,,,,,,,,,0.41611,9.93789
GRSEL,Consumer Services,277.5,115862332.0,37.25696,0.58112,0.07986,54.47898,54.27547,100.07985,107.74,-7.66015,0.5049,0.1889,NEUTRAL,prior-research-2026-10-01+NEUTRAL,False,-11.62052,0.70219,0.5,-37.25696,-0.58112,-34.96799,18.56791,30.75266,11.86406,48.66471,44.52234,31.21898,-0.03072,0.52994,1.86844,0.23321,1.05867,0.71062,0.94752,0.75576,0.99108,0.72813,1.83152,1.26937,-0.76051,-0.2846,1.91895,0.55866,0.83613,-0.0141,2026-09-30,False,,,,,,,,,,,,0.50726,7.97665
GRTHO,Distribution Services,123.5,215410032.88034,71.15022,0.77671,-0.49518,11.15174,55.80047,102.05762,107.74,-5.68238,0.4545,0.1864,NEUTRAL,prior-research-2026-10-01+NEUTRAL,False,-65.43086,0.18304,0.16667,-71.15022,-0.77671,-84.34883,19.18805,22.87154,11.63329,61.52842,44.7691,10.36077,-0.09681,0.72724,19.34913,-1.83031,-1.21931,-1.77364,-0.71854,-0.31898,-1.391,1.24954,0.98222,1.06304,-0.01005,-1.38814,0.52483,0.65477,0.89459,0.91839,2026-09-30,False,,,,,,,,,,,,0.38219,9.97493
GSDDE,Transportation,11.06,51807434.347,69.93674,0.9093,0.17304,62.70567,54.27547,100.07985,107.74,-7.66015,0.5049,0.1889,NEUTRAL,prior-research-2026-10-01+NEUTRAL,False,34.92229,0.63563,0.5,-69.93674,-0.9093,-36.43678,17.76304,17.39877,31.04714,194.82563,38.10621,27.88786,-0.41928,0.0,-4.89598,0.58642,0.31626,0.46315,-1.0296,-0.7056,0.46243,-0.38565,0.72023,1.29709,0.79183,-0.51772,0.86155,0.1865,-0.67655,0.084,2026-09-30,False,,,,,,,,,,,,0.52692,4.02735
GSDHO,Transportation,3.97,56260115.66383,53.70954,0.77913,0.41409,87.38574,58.80547,105.95481,107.74,-1.78519,0.5497,0.2014,NEUTRAL,prior-research-2026-10-01+NEUTRAL,False,3.18182,0.60152,0.5,-53.70954,-0.77913,-39.84848,17.8455,1.96939,6.50549,397.69533,174.51976,51.27496,-0.54382,0.0,-16.70552,0.07239,0.13818,0.46315,-0.19415,-0.01315,0.28121,-0.29345,-0.22508,0.0591,1.78474,0.66451,1.27313,0.0005,-0.67655,-0.44463,2026-09-30,False,,,,,,,,,,,,0.59905,5.33333
GSRAY,Consumer Services,0.79,169444115.77531,29.96942,0.61757,0.14701,60.87751,54.27547,100.07985,107.74,-7.66015,0.5049,0.1889,NEUTRAL,prior-research-2026-10-01+NEUTRAL,False,-23.74101,0.51299,0.33333,-29.96942,-0.61757,-48.7013,18.94803,4.47213,4.52955,153.92439,183.06379,-7.36707,-0.17264,0.0,54.84689,-0.15732,0.12124,-0.49269,1.76631,0.59641,0.21797,0.87516,0.59367,0.57122,0.52137,0.86309,-0.22666,-0.11637,-0.43637,1.1378,2026-09-30,False,,,,,,,,,,,,0.57671,1.96078
GUBRF,Process Industries,411.25,1234464529.875,52.08837,1.228,-0.36896,17.36746,55.80047,102.05762,107.74,-5.68238,0.4545,0.1864,NEUTRAL,prior-research-2026-10-01+NEUTRAL,False,63.96867,0.66599,0.58333,-52.08837,-1.228,-35.46559,20.9339,24.81766,5.57267,28.15685,46.45055,19.26327,-0.24737,0.0,-12.53402,1.09535,0.80533,1.04619,0.01098,-1.949,0.78189,2.05346,1.47528,0.48347,-1.33477,-0.6337,1.04773,0.02154,-0.46691,-0.40761,2026-09-30,False,,,,,,,,,,,,0.45593,6.44974
GWIND,Utilities,19.76,80729501.71908,38.35982,0.8024,0.29218,75.31993,57.21947,103.89792,107.74,-3.84208,0.5245,0.2036,NEUTRAL,prior-research-2026-10-01+NEUTRAL,False,-5.96596,0.62256,0.25,-38.35982,-0.8024,-37.74417,18.20661,14.34481,20.3201,162.69027,25.43985,27.60185,-0.18254,3.24262,-21.19196,-0.28715,0.36503,-1.50071,0.89557,-0.29527,0.53665,-0.04721,0.84461,1.44237,0.15169,-0.5785,1.25023,0.18815,1.34312,-0.37157,2026-09-30,False,,,,,,,,,,,,0.574,2.78846
GZNMI,Consumer Services,28.74,66168746.30603,67.10357,1.2172,-0.16747,30.8958,55.80047,102.05762,107.74,-5.68238,0.4545,0.1864,NEUTRAL,prior-research-2026-10-01+NEUTRAL,True,-78.51703,0.09709,0.33333,-67.10357,-1.2172,-90.29054,18.00772,-22.5988,-15.4536,67.14465,179.4846,-3.54971,-0.91279,0.0,0.517,-1.88594,-1.93356,-0.49269,-0.90877,-2.15469,-1.85299,0.36951,-0.83543,-0.6804,-0.37567,0.83912,-0.06304,-1.27767,-0.43637,-0.05331,2026-09-30,False,,,,,,,,,,,,0.467,2.22008
HALKB,Finance,44.1,1587711767.29444,60.98629,1.18492,-0.0712,38.75686,55.80047,102.05762,107.74,-5.68238,0.4545,0.1864,NEUTRAL,prior-research-2026-10-01+NEUTRAL,False,47.36843,0.81141,0.58333,-60.98629,-1.18492,-35.571,21.18556,15.23186,10.16315,71.97768,354.04482,11.16581,-4.70571,0.0,-5.60645,0.84125,1.33238,0.85119,-0.70849,-1.79474,0.6466,1.78041,0.42278,0.24232,-0.7141,1.67269,-0.41889,-2.2113,-0.88033,-0.23404,2026-09-30,False,,,,,,,,,,,,0.48733,9.98043
HATEK,Process Industries,8.05,23888485.08707,58.12847,0.85869,0.33016,79.52468,57.21947,103.89792,107.74,-3.84208,0.5245,0.2036,NEUTRAL,prior-research-2026-10-01+NEUTRAL,False,-14.05953,0.34284,0.58333,-58.12847,-0.85869,-65.7155,16.98891,7.95379,24.29348,333.96388,201.57819,-24.62844,-0.97952,0.0,-11.98036,-0.29972,-0.73516,1.04619,-0.35565,-0.36881,-0.73614,-0.15917,0.67567,1.61561,1.34261,0.56048,-1.33603,-1.02828,-0.46691,-0.38078,2026-09-30,False,,,,,,,,,,,,0.56138,3.37683
HATSN,Producer Manufacturing,30.38,219518110.37416,86.96742,0.94201,-0.49467,11.33455,55.80047,102.05762,107.74,-5.68238,0.4545,0.1864,NEUTRAL,prior-research-2026-10-01+NEUTRAL,True,52.51047,0.348,0.5,-86.96742,-0.94201,-65.20046,19.20695,-12.84212,-11.4547,92.15884,63.417,-17.80948,-0.13476,0.0,-28.20402,1.14676,-0.47791,0.66365,-1.63588,-0.7202,-0.46626,0.98605,-0.70607,-0.57689,0.1786,-0.36641,-1.23531,0.59897,-0.41483,-1.06137,2026-09-30,False,,,,,,,,,,,,0.38012,10.0
HDFGS,Finance,0.85,105068287.36723,71.51536,1.12404,-0.02825,42.04753,55.80047,102.05762,107.74,-5.68238,0.4545,0.1864,NEUTRAL,prior-research-2026-10-01+NEUTRAL,False,-15.77181,0.14096,0.5,-71.51536,-1.12404,-85.90381,18.47012,17.37283,63.52423,420.34176,35.64348,329.39036,-0.00067,0.0,-51.49206,-0.46384,-1.91749,0.31644,-1.29097,-1.59041,-1.90236,0.61712,0.52275,1.70112,1.46388,-0.29837,1.94122,1.34184,-0.88033,-1.51475,2026-09-30,False,,,,,,,,,,,,0.50368,1.47059
HEDEF,Finance,8.35,386793615.0,98.65875,0.35311,-1.43917,0.18282,55.80047,102.05762,107.74,-5.68238,0.4545,0.1864,NEUTRAL,prior-research-2026-10-01+NEUTRAL,False,70.40127,0.02281,0.66667,-98.65875,-0.35311,-97.71858,19.7734,41.40691,8.33434,27.70607,12.20955,96.79887,-0.13853,0.0,438.56841,1.0493,-2.94065,1.4423,-2.53665,1.99569,-2.94582,1.23422,1.31109,0.03137,-1.63382,-0.977,1.47741,0.22355,-0.88033,1.9851,2026-09-30,False,,,,,,,,,,,,0.35599,-9.92449
HEKTS,Process Industries,2.04,920639265.69757,62.91022,1.28844,-0.5225,9.68921,55.80047,102.05762,107.74,-5.68238,0.4545,0.1864,NEUTRAL,prior-research-2026-10-01+NEUTRAL,True,-18.61862,0.42236,0.41667,-62.91022,-1.28844,-57.76398,20.64058,-30.70515,-27.90702,88.43484,37.77202,-32.0823,-0.79289,0.0,-16.60885,-0.47847,-0.32723,-0.04657,-0.59646,-2.08843,-0.33155,1.96034,-1.33813,-1.25841,-0.25908,-0.76187,-1.39888,-0.81343,-0.46691,-0.54725,2026-09-30,False,,,,,,,,,,,,0.36561,6.76157
HKTM,Producer Manufacturing,9.07,54103910.74956,61.98201,0.79043,-0.03322,40.95064,55.80047,102.05762,107.74,-5.68238,0.4545,0.1864,NEUTRAL,prior-research-2026-10-01+NEUTRAL,True,7.42496,0.55305,0.5,-61.98201,-0.79043,-45.06097,17.80642,-21.95048,-22.84299,101.06127,88.63982,4.07581,-0.54738,0.0,-23.13691,0.45849,0.49224,0.66365,-0.46272,0.07496,0.47759,0.18239,-1.05551,-0.95,0.30551,-0.16466,0.00125,-0.23821,-0.41483,-0.9447,2026-09-30,False,,,,,,,,,,,,0.49336,3.29154
HLGYO,Finance,3.99,95902312.4649,36.22772,0.78503,0.37041,82.63254,58.80547,105.95481,107.74,-1.78519,0.5497,0.2014,NEUTRAL,prior-research-2026-10-01+NEUTRAL,False,29.97161,0.66549,0.58333,-36.22772,-0.78503,-34.4519,18.37884,23.73976,83.99474,414.11667,133.31125,20.13946,-0.28514,22.53763,141.09114,0.56537,0.64118,0.85119,0.95273,-0.01334,0.72864,0.56136,0.80276,2.05411,1.40568,0.72379,0.02467,-0.1329,3.0,1.51171,2026-09-30,False,,,,,,,,,,,,0.60341,4.96615
HOROZ,Transportation,42.0,66983389.37846,60.79893,0.91343,-0.00543,44.60695,55.80047,102.05762,107.74,-5.68238,0.4545,0.1864,NEUTRAL,prior-research-2026-10-01+NEUTRAL,True,-3.22581,0.44968,0.33333,-60.79893,-0.91343,-55.03212,18.01996,-1.57077,-1.61743,111.20507,373.92488,-0.73468,-1.21536,0.0,20.13612,-0.1308,-0.57006,-0.74016,-0.54399,-0.73533,-0.49569,-0.15975,-0.45413,-0.59557,0.18534,1.40935,-0.84354,-0.68826,-0.67655,0.94916,2026-09-30,False,,,,,,,,,,,,0.49163,4.23952
HRKET,Transportation,8.1,192312619.82792,66.83678,0.546,-0.43739,14.62523,55.80047,102.05762,107.74,-5.68238,0.4545,0.1864,NEUTRAL,prior-research-2026-10-01+NEUTRAL,True,23.96038,0.86301,0.41667,-66.83678,-0.546,-39.1172,19.07463,-17.5686,-10.4199,58.23627,53.16128,4.10838,-0.84762,0.0,32.92104,0.44285,1.5202,-0.09485,-0.86933,1.07474,0.35252,0.39186,-1.32311,-1.19332,-0.49001,-0.28471,-0.374,-0.38967,-0.67655,1.24114,2026-09-30,False,,,,,,,,,,,,0.39522,9.98613
HTTBT,Technology Services,31.36,17913290.16895,34.55579,0.81146,0.3866,84.46069,58.80547,105.95481,107.74,-1.78519,0.5497,0.2014,NEUTRAL,prior-research-2026-10-01+NEUTRAL,False,-27.90223,0.62821,0.16667,-34.55579,-0.81146,-39.14263,16.70105,13.75316,4.37065,33.61413,20.54545,19.14295,-0.05165,0.0,8.07194,-0.98069,0.6129,-2.12169,1.78508,0.23515,0.59024,-1.22915,0.42696,0.154,-0.55606,-0.59895,0.66017,0.22643,-0.38676,0.35229,2026-09-30,False,,,,,,,,,,,,0.57189,4.53241
HUBVC,Finance,1.6,4688921.95172,58.21207,0.58262,-0.13697,32.1755,55.80047,102.05762,107.74,-5.68238,0.4545,0.1864,NEUTRAL,prior-research-2026-10-01+NEUTRAL,True,-16.33333,0.31068,0.41667,-58.21207,-0.58262,-71.65049,15.36071,-29.14188,-38.66818,134.70437,3.57521,1123.63127,-0.00386,0.0,-73.38592,-0.49939,-0.98642,-0.24156,-0.59649,0.97822,-1.08893,-1.66884,-1.89358,-2.11333,-0.06005,-1.65593,2.63539,1.2191,-0.88033,-1.90694,2026-09-30,False,,,,,,,,,,,,0.42984,6.37451
HUNER,Utilities,4.4,137476031.663,49.50714,0.63217,0.06911,52.83364,54.27547,100.07985,107.74,-7.66015,0.5049,0.1889,NEUTRAL,prior-research-2026-10-01+NEUTRAL,True,7.58807,0.98434,0.5,-49.50714,-0.63217,-25.38071,18.73896,-6.91801,-7.93839,111.22919,21.03684,20.00188,-0.44237,0.0,-33.66744,0.1122,2.4619,0.37664,0.13945,0.57942,1.29143,0.27019,-0.54182,-0.59194,-0.27958,-0.7001,1.00482,-0.33456,-0.69305,-0.6957,2026-09-30,False,,,,,,,,,,,,0.48503,8.55615
HURGZ,Consumer Services,4.89,52291441.15862,63.20456,0.7548,-0.3399,18.64717,55.80047,102.05762,107.74,-5.68238,0.4545,0.1864,NEUTRAL,prior-research-2026-10-01+NEUTRAL,True,4.93469,0.51151,0.33333,-63.20456,-0.7548,-48.84938,17.77234,-64.45246,-50.00239,58.78641,42.79106,-72.71246,-0.0255,0.0,-19.49238,0.74045,0.11653,-0.49269,-0.70974,-0.07128,0.20858,0.18303,-1.57214,-1.32316,-0.51952,-0.30194,-1.33739,0.60846,-0.43637,-0.88365,2026-09-30,False,,,,,,,,,,,,0.42283,5.40541
ICBCT,Finance,15.45,36406412.29814,60.42826,0.74165,0.1061,57.03839,54.27547,100.07985,107.74,-7.66015,0.5049,0.1889,NEUTRAL,prior-research-2026-10-01+NEUTRAL,False,23.20303,0.59423,0.5,-60.42826,-0.74165,-40.57692,17.41026,49.86481,19.83561,48.36707,90.73148,48.755,-12.96179,0.0,-20.11343,0.49826,0.30153,0.31644,-0.68127,0.24741,0.37674,-0.17478,1.54938,0.78644,-1.16541,0.37083,0.63905,-3.0,-0.88033,-0.82687,2026-09-30,False,,,,,,,,,,,,0.52648,3.12013
ICUGS,Finance,1.53,57409535.61126,81.90335,1.15815,-0.47724,12.06581,55.80047,102.05762,107.74,-5.68238,0.4545,0.1864,NEUTRAL,prior-research-2026-10-01+NEUTRAL,False,45.57824,0.22206,0.33333,-81.90335,-1.15815,-77.7939,17.86572,,,97.09493,,,-0.11525,0.0,,0.82734,-1.38584,-0.88688,-1.73367,-1.69345,-1.38397,0.23176,0.0,0.0,-0.40282,0.0,0.0,0.30725,-0.88033,0.0,2026-09-30,False,,,,,,,,,,,,0.37132,9.80927
IDGYO,Finance,2.04,4459568.58015,66.63358,0.44535,-0.24666,25.41133,55.80047,102.05762,107.74,-5.68238,0.4545,0.1864,NEUTRAL,prior-research-2026-10-01+NEUTRAL,True,-13.7931,0.37569,0.33333,-66.63358,-0.44535,-62.43094,15.31056,-4.13156,-3.39767,64.94692,9.04073,-338.91733,-2.20541,0.0,,-0.39408,-0.73062,-0.88688,-1.01611,1.55013,-0.69546,-1.72366,-0.84435,-0.95351,-0.81574,-1.19874,-3.0,-1.67808,-0.88033,0.0,2026-09-30,False,,,,,,,,,,,,0.41492,7.72358
IHAAS,Commercial Services,18.78,49978386.25504,83.29421,0.69788,-0.6767,5.66728,55.80047,102.05762,107.74,-5.68238,0.4545,0.1864,NEUTRAL,prior-research-2026-10-01+NEUTRAL,True,66.0281,0.17971,0.58333,-83.29421,-0.69788,-82.02871,17.7271,-31.43326,-3.16109,11.06263,19.40933,-18.86887,-0.15768,0.0,3.48803,0.79269,-0.96149,0.83913,-0.89704,0.15884,-0.9334,0.63752,-1.68007,-0.44956,-1.21904,-0.59989,-0.84671,-0.40837,-0.80119,0.03535,2026-09-30,False,,,,,,,,,,,,0.36609,1.979
IHEVA,Consumer Durables,1.63,2118967.46532,29.63957,0.58616,0.98164,100.0,125.15047,191.99764,107.74,84.25764,0.5947,0.1885,NEUTRAL,prior-research-2026-10-01+NEUTRAL,False,-24.61538,0.59926,0.41667,-29.63957,-0.58616,-42.27941,14.56644,3.0616,10.96521,399.98452,685.21639,5.72628,-0.11184,0.0,-6.3173,-0.54989,0.31079,0.22881,1.43731,1.29572,0.26302,-2.29838,0.69557,1.33343,1.60361,0.97799,0.36951,1.3282,-0.9095,-0.21885,2026-09-30,False,,,,,,,,,,,,0.68342,5.02512
IHGZT,Consumer Services,0.93,14620296.81407,37.43598,0.9089,0.9149,99.45155,125.15047,191.99764,107.74,84.25764,0.5947,0.1885,NEUTRAL,prior-research-2026-10-01+NEUTRAL,False,-31.21387,0.44928,0.25,-37.43598,-0.9089,-55.07246,16.49792,4.65542,24.8889,603.90521,352.16856,-4.39283,-0.06326,0.0,1.70805,-0.42877,-0.11717,-1.16673,0.91199,-0.90894,-0.05688,-0.95602,0.62904,1.8092,2.59107,1.50822,-0.07712,0.29191,-0.43637,-0.01901,2026-09-30,False,,,,,,,,,,,,0.65881,5.93221
IHLAS,Finance,0.84,73717379.15867,61.65318,0.81348,-0.28456,22.12066,55.80047,102.05762,107.74,-5.68238,0.4545,0.1864,NEUTRAL,prior-research-2026-10-01+NEUTRAL,True,-70.22472,0.22105,0.33333,-61.65318,-0.81348,-77.89474,18.11575,-78.02669,-129.94844,143.33889,774.86639,-24.83313,-0.88858,0.0,47.64247,-2.19488,-1.40701,-0.88688,-0.75291,-0.17899,-1.40483,0.36643,-2.45173,-3.0,0.01057,2.24328,-2.40831,-0.99126,-0.88033,1.16845,2026-09-30,False,,,,,,,,,,,,0.44524,9.48276
IHLGM,Finance,1.14,25142034.13726,39.39499,0.85504,0.25492,71.4808,57.21947,103.89792,107.74,-3.84208,0.5245,0.2036,NEUTRAL,prior-research-2026-10-01+NEUTRAL,False,-46.10169,0.36893,0.25,-39.39499,-0.85504,-63.1068,17.04005,46.97465,72.0627,195.11475,168.33615,-61.22611,-0.08925,0.0,278.86471,-1.46769,-0.76531,-1.56091,0.60681,-0.35978,-0.74051,-0.48585,1.46716,1.81217,0.36539,0.92892,-2.84328,0.43205,-0.88033,1.87761,2026-09-30,False,,,,,,,,,,,,0.55629,4.84849
IHYAY,Consumer Services,0.99,2866444.73505,42.37856,0.85727,0.51985,94.14991,59.89547,107.36843,107.74,-0.37157,0.5912,0.1938,NEUTRAL,prior-research-2026-10-01+NEUTRAL,True,-50.61224,0.36667,0.16667,-42.37856,-0.85727,-63.33333,14.86858,-59.49943,-78.18727,117.57308,809.82408,-14.7951,-0.66554,0.0,2.02242,-1.01417,-0.53403,-1.8959,0.49839,-0.61717,-0.45164,-1.87183,-1.51602,-1.71999,0.19799,2.1112,-0.55775,-0.98663,-0.43637,-0.00426,2026-09-30,False,,,,,,,,,,,,0.60309,9.67742
IMASM,Producer Manufacturing,1.5,36744081.82019,46.82751,1.05307,0.16412,62.15722,54.27547,100.07985,107.74,-7.66015,0.5049,0.1889,NEUTRAL,prior-research-2026-10-01+NEUTRAL,True,-46.69811,0.2551,0.16667,-46.82751,-1.05307,-74.4898,17.41949,-19.56558,-43.63279,233.69006,201.45153,4.24326,-0.18249,0.0,-3.85416,-1.25854,-0.84551,-1.94287,0.41305,-1.18116,-0.85895,-0.13146,-1.02675,-1.31167,1.26205,0.58251,0.02777,0.45561,-0.41483,-0.13859,2026-09-30,False,,,,,,,,,,,,0.50963,9.90991
INDES,Distribution Services,10.42,58328809.254,40.29686,0.88843,0.53311,95.06399,125.15047,191.99764,107.74,84.25764,0.5947,0.1885,NEUTRAL,prior-research-2026-10-01+NEUTRAL,False,44.70951,0.83977,0.58333,-40.29686,-0.88843,-21.34232,17.88161,12.5281,11.38418,101.77858,1493.19381,4.07785,-0.80504,2.08575,31.47036,0.97446,1.97281,1.36764,1.0939,-0.9174,2.15825,0.55294,0.54708,1.03421,0.52987,1.44632,0.03332,-0.63487,1.33891,1.21117,2026-09-30,False,,,,,,,,,,,,0.6645,2.95238
INFO,Finance,0.8,226063787.16559,89.89475,1.15214,-0.48706,11.51737,55.80047,102.05762,107.74,-5.68238,0.4545,0.1864,NEUTRAL,prior-research-2026-10-01+NEUTRAL,False,57.14286,0.18868,0.5,-89.89475,-1.15214,-81.13207,19.23633,,,244.65114,,,-1.33469,0.0,,0.9516,-1.6014,0.31644,-2.10578,-1.65722,-1.59568,0.97182,0.0,0.0,0.68621,0.0,0.0,-1.36009,-0.88033,0.0,2026-09-30,False,,,,,,,,,,,,0.38049,10.0
INGRM,Distribution Services,300.75,13293391.25,48.10166,0.58911,0.25772,72.02925,57.21947,103.89792,107.74,-3.84208,0.5245,0.2036,NEUTRAL,prior-research-2026-10-01+NEUTRAL,False,-10.95406,0.58172,0.41667,-48.10166,-0.58911,-41.82785,16.40278,0.04295,0.0119,27.90778,462.65313,2.52158,-2.81442,0.0,11.22727,-0.12917,0.64703,0.27489,0.57104,0.58708,0.71484,-0.80941,-0.28637,0.0265,-0.77315,0.61761,-0.15616,-1.54439,-0.44176,0.67747,2026-09-30,False,,,,,,,,,,,,0.5424,9.95962
INTEM,Producer Manufacturing,190.7,11386246.75,41.0559,1.15538,0.16953,62.52285,54.27547,100.07985,107.74,-7.66015,0.5049,0.1889,NEUTRAL,prior-research-2026-10-01+NEUTRAL,False,-5.86207,0.39299,0.5,-41.0559,-1.15538,-60.70067,16.24792,5.61931,1.41078,27.94992,56.67288,15.3584,-0.07501,0.0,8.08772,0.08349,-0.25578,0.66365,0.79573,-1.54912,-0.25548,-1.19684,0.48673,0.28195,-0.97716,-0.46206,0.77084,0.82703,-0.41483,0.28308,2026-09-30,False,,,,,,,,,,,,0.51171,2.9857
INVEO,Finance,5.4,28862124.22819,45.72079,0.89916,0.25327,71.29799,57.21947,103.89792,107.74,-3.84208,0.5245,0.2036,NEUTRAL,prior-research-2026-10-01+NEUTRAL,False,-33.39825,0.4712,0.41667,-45.72079,-0.89916,-52.87958,17.17804,,,221.57522,,,-0.50193,0.0,,-1.06271,-0.23997,-0.24156,0.16788,-0.61978,-0.22249,-0.43249,0.0,0.0,0.52942,0.0,0.0,-0.52231,-0.88033,0.0,2026-09-30,False,,,,,,,,,,,,0.52028,3.73984
INVES,Finance,696.0,41488141.5,47.85332,0.026,-0.44338,14.2596,55.80047,102.05762,107.74,-5.68238,0.4545,0.1864,NEUTRAL,prior-research-2026-10-01+NEUTRAL,False,163.84743,0.81214,0.66667,-47.85332,-0.026,-41.71598,17.54092,35.32312,7.90422,28.71411,-0.00603,,-0.0,0.0,-140.90666,1.6839,1.35732,1.4423,0.05591,2.86009,0.30969,-0.07763,1.1703,0.00818,-1.57121,-2.60426,0.0,1.8935,-0.88033,-2.90083,2026-09-30,False,,,,,,,,,,,,0.46501,1.97368
ISCTR,Finance,12.2,6949736737.19231,41.60849,1.31952,0.15541,61.42596,54.27547,100.07985,107.74,-7.66015,0.5049,0.1889,NEUTRAL,prior-research-2026-10-01+NEUTRAL,False,5.51291,0.70089,0.58333,-41.60849,-1.31952,-30.9452,22.66197,16.67947,20.55617,143.34491,386.5993,18.77893,-3.18825,4.4223,-4.8567,0.18145,0.80186,0.85119,0.44358,-2.25309,0.93459,2.39158,0.47889,0.82093,0.01567,1.75851,-0.06222,-1.93222,1.39536,-0.1851,2026-09-30,False,,,,,,,,,,,,0.5475,9.96169
ISDMR,Non-Energy Minerals,60.85,89640845.32577,44.16994,0.91734,0.27205,73.30896,57.21947,103.89792,107.74,-3.84208,0.5245,0.2036,NEUTRAL,prior-research-2026-10-01+NEUTRAL,False,58.53317,0.95902,0.66667,-44.16994,-0.91734,-20.39526,18.31132,8.49194,6.97017,88.58301,75.51885,6.02494,-0.24959,7.39523,-12.91144,0.87862,2.17926,1.38999,0.22195,-0.40093,1.82767,0.19901,0.78385,0.76668,-0.19864,-0.26987,0.19356,-0.00166,1.96556,-0.35146,2026-09-30,False,,,,,,,,,,,,0.53044,8.37696
ISFIN,Finance,17.65,29143172.26052,22.10116,0.70543,0.79783,98.90311,125.15047,191.99764,107.74,84.25764,0.5947,0.1885,NEUTRAL,prior-research-2026-10-01+NEUTRAL,False,16.86746,0.81336,0.33333,-22.10116,-0.70543,-18.6636,17.18773,34.43064,33.32286,112.92149,207.84507,90.55673,-7.44075,0.0,25.9867,0.40193,1.40993,-0.88688,2.71589,0.43591,2.10922,-0.42722,1.1243,1.15621,-0.22757,1.12937,1.26421,-2.73744,-0.88033,0.85116,2026-09-30,True,,,,,,,,,,,,0.6655,3.41353
ISGYO,Finance,23.82,56311361.77685,43.77427,0.63785,0.10929,57.58684,54.27547,100.07985,107.74,-7.66015,0.5049,0.1889,NEUTRAL,prior-research-2026-10-01+NEUTRAL,True,38.03334,0.83992,0.58333,-43.77427,-0.63785,-23.06065,17.84641,-4.2305,-9.65184,252.69151,13.35352,21.31354,-0.0226,0.3503,-67.86789,0.72145,1.59753,0.85119,0.27339,0.76414,1.53062,0.20727,-0.84973,-1.37801,0.71715,-0.9325,0.05945,0.93394,0.35053,-1.81866,2026-09-30,False,,,,,,,,,,,,0.51099,7.24106
ISKPL,Producer Manufacturing,3.22,385566607.2782,92.83794,0.47991,-0.7278,4.93601,55.80047,102.05762,107.74,-5.68238,0.4545,0.1864,NEUTRAL,prior-research-2026-10-01+NEUTRAL,False,-3.32739,0.13892,0.58333,-92.83794,-0.47991,-87.22959,19.77022,10.52856,6.25074,65.75014,63.25142,14.28744,-0.61442,0.01339,9.93315,0.15864,-1.59438,1.19841,-1.99896,1.5564,-1.67856,1.25353,0.76071,0.67827,-0.15329,-0.37693,0.73512,-0.33454,0.73469,0.36234,2026-09-30,False,,,,,,,,,,,,0.35569,9.90415
ISMEN,Finance,29.62,213350710.64123,32.74343,0.97266,0.35429,81.53565,58.80547,105.95481,107.74,-1.78519,0.5497,0.2014,NEUTRAL,prior-research-2026-10-01+NEUTRAL,False,-11.82628,0.60312,0.25,-32.74343,-0.97266,-39.6881,19.17845,22.17374,15.11831,76.35413,4108.81084,1.18,-1.21262,10.69098,8.71114,-0.34516,0.36815,-1.56091,1.41628,-0.9801,0.44589,0.92903,0.69161,0.58617,-0.65702,3.0,-1.3196,-1.24565,2.35487,0.30697,2026-09-30,False,,,,,,,,,,,,0.57156,8.45154
ISSEN,Process Industries,5.15,5686322.24566,40.64212,0.60336,0.66221,97.80622,125.15047,191.99764,107.74,84.25764,0.5947,0.1885,NEUTRAL,prior-research-2026-10-01+NEUTRAL,False,-14.5289,0.49215,0.41667,-40.64212,-0.60336,-50.78488,15.55357,4.60684,12.45438,299.2733,214.38498,8.29805,-0.60773,0.7767,-31.62908,-0.31458,-0.04056,-0.04657,0.74259,0.8862,-0.04762,-1.16022,0.41316,1.12608,1.27486,0.59892,0.43302,-0.598,0.87664,-0.98764,2026-09-30,False,,,,,,,,,,,,0.66354,2.47619
IZENR,Utilities,3.63,256206532.63464,63.86665,0.85151,-0.13283,32.90676,55.80047,102.05762,107.74,-5.68238,0.4545,0.1864,NEUTRAL,prior-research-2026-10-01+NEUTRAL,False,-24.17466,0.2897,0.41667,-63.86665,-0.85151,-72.70551,19.36149,1.4999,2.83389,201.54107,85.94286,5.84531,-0.05435,0.0,-35.21968,-0.87603,-1.20591,-0.18136,-0.68227,-0.53189,-1.16145,0.54621,0.02351,0.16171,0.3521,0.24776,0.17552,0.68727,-0.69305,-0.72267,2026-09-30,False,,,,,,,,,,,,0.49132,6.4915
IZFAS,Producer Manufacturing,16.04,262792027.71199,83.71728,0.48291,-1.01109,1.82815,55.80047,102.05762,107.74,-5.68238,0.4545,0.1864,NEUTRAL,prior-research-2026-10-01+NEUTRAL,True,52.04308,0.22155,0.5,-83.71728,-0.48291,-77.8453,19.38687,-7.18973,-0.79106,17.1518,18.54564,-0.94966,-0.21859,0.0,20.68982,1.13931,-0.99979,0.66365,-1.48048,1.54425,-1.01988,1.06014,-0.45767,0.12676,-1.42436,-1.27033,-0.46391,0.37537,-0.41483,0.69737,2026-09-30,False,,,,,,,,,,,,0.34028,9.5373
IZINV,Consumer Non-Durables,30.0,13749330.44952,48.84629,0.55402,-0.2184,27.78793,55.80047,102.05762,107.74,-5.68238,0.4545,0.1864,NEUTRAL,prior-research-2026-10-01+NEUTRAL,True,-35.56116,0.3736,0.25,-48.84629,-0.55402,-62.6401,16.4365,-16.41613,-11.03458,68.8117,18.02317,-4.96389,-0.20606,0.0,-8.79591,-0.81496,-0.62025,-1.17053,-0.03382,0.78206,-0.56616,-0.87668,-0.94902,-0.7973,-0.58665,-1.45769,-0.7172,0.2033,-0.71132,-0.19359,2026-09-30,False,,,,,,,,,,,,0.43078,4.23388
IZMDC,Non-Energy Minerals,6.4,146015342.32383,70.55836,0.88803,-0.08528,37.11152,55.80047,102.05762,107.74,-5.68238,0.4545,0.1864,NEUTRAL,prior-research-2026-10-01+NEUTRAL,True,73.32317,0.44506,0.5,-70.55836,-0.88803,-55.49374,18.79922,-7.44835,-14.68036,203.50385,700.39654,-3.11102,-1.41914,0.0,-4.93979,0.97976,-0.43335,0.26413,-1.24728,-0.25153,-0.36789,0.43364,-0.38407,-0.71287,0.72008,1.66867,-0.62326,-1.38361,-0.80259,0.02552,2026-09-30,False,,,,,,,,,,,,0.46729,9.95934
JANTS,Producer Manufacturing,13.21,44180961.0,45.85721,0.72631,0.21019,66.91042,54.27547,100.07985,107.74,-7.66015,0.5049,0.1889,NEUTRAL,prior-research-2026-10-01+NEUTRAL,False,-28.27102,0.61729,0.25,-45.85721,-0.72631,-38.27103,17.6038,8.73834,6.81759,87.81331,76.25923,3.55731,-0.3105,0.23224,8.08132,-0.64376,0.86032,-1.2137,0.47162,0.44647,0.90905,0.01368,0.7088,0.75905,0.11443,-0.252,-0.04142,0.16659,0.78865,0.27788,2026-09-30,False,,,,,,,,,,,,0.53481,9.94962
KAPLM,Process Industries,128.7,44841520.5,80.3505,0.95827,-0.5001,10.78611,55.80047,102.05762,107.74,-5.68238,0.4545,0.1864,NEUTRAL,prior-research-2026-10-01+NEUTRAL,True,-12.40602,0.17427,0.33333,-80.3505,-0.95827,-82.57278,17.61865,-20.74488,-13.91137,91.30061,92.02325,-7.59926,-0.1101,0.0,-14.46218,-0.25554,-1.57107,-0.69188,-1.44887,-0.90256,-1.5597,0.38563,-1.01179,-0.7991,-0.21463,-0.15717,-0.74601,0.40889,-0.46691,-0.46782,2026-09-30,False,,,,,,,,,,,,0.36149,9.97506
KAREL,Electronic Technology,5.76,98397275.52503,59.30885,1.01689,0.00495,45.52102,55.80047,102.05762,107.74,-5.68238,0.4545,0.1864,NEUTRAL,prior-research-2026-10-01+NEUTRAL,True,-8.77006,0.41499,0.25,-59.30885,-1.01689,-59.366,18.40452,-52.90356,-15.83707,22.75032,438.83669,1.73319,-6.26191,0.0,11.37827,-0.48645,-0.40802,-1.61044,0.01527,-0.64801,-0.46141,-0.28037,-2.1068,-1.27324,-0.78636,1.55621,-0.90962,-2.21106,-0.20017,0.1485,2026-09-30,False,,,,,,,,,,,,0.49665,3.34987
KARSN,Producer Manufacturing,9.08,134463377.54874,67.34377,1.03442,-0.02263,43.14442,55.80047,102.05762,107.74,-5.68238,0.4545,0.1864,NEUTRAL,prior-research-2026-10-01+NEUTRAL,False,-2.00191,0.54997,0.33333,-67.34377,-1.03442,-45.54815,18.7168,3.38668,2.95869,98.34639,255.20685,10.45926,-1.15124,0.0,53.08417,0.19149,0.46837,-0.53966,-0.74585,-1.10938,0.44417,0.74473,0.2639,0.41165,0.26171,0.78452,0.50896,-0.86608,-0.41483,1.19743,2026-09-30,False,,,,,,,,,,,,0.50883,10.0
KARTN,Process Industries,83.55,148547564.59502,80.4428,0.82094,-0.71674,5.11883,55.80047,102.05762,107.74,-5.68238,0.4545,0.1864,NEUTRAL,prior-research-2026-10-01+NEUTRAL,True,93.23909,0.35736,0.58333,-80.4428,-0.82094,-64.26433,18.81642,-18.37348,-8.18205,46.28839,62.79649,-34.83573,-0.26699,0.0,-25.3571,1.38805,-0.68517,1.04619,-1.46326,-0.22008,-0.67567,1.14617,-0.93776,-0.52249,-0.95713,-0.41055,-1.44985,-0.02313,-0.46691,-0.84169,2026-09-30,False,,,,,,,,,,,,0.34525,6.09524
KATMR,Producer Manufacturing,1.5,135209007.79735,42.24161,0.89777,0.13938,59.96344,54.27547,100.07985,107.74,-7.66015,0.5049,0.1889,NEUTRAL,prior-research-2026-10-01+NEUTRAL,False,-29.22535,0.38071,0.16667,-42.24161,-0.89777,-62.69036,18.72233,5.30778,14.90105,306.69245,80.36706,13.53628,-0.23811,0.0,41.76443,-0.66303,-0.3057,-1.94287,0.69665,-0.48815,-0.33776,0.75677,0.45053,1.43137,1.6865,-0.22625,0.71747,0.33552,-0.41483,1.10498,2026-09-30,False,,,,,,,,,,,,0.51936,5.06329
KAYSE,Health Technology,2.99,29307013.60448,33.51678,0.68266,0.44619,89.57952,58.80547,105.95481,107.74,-1.78519,0.5497,0.2014,NEUTRAL,prior-research-2026-10-01+NEUTRAL,True,-5.59731,0.48777,0.41667,-33.51678,-0.68266,-51.22349,17.19334,-12.87366,-58.67458,461.72089,275.41901,-7.65366,-0.40537,0.0,-34.97055,0.36371,0.16137,0.47684,1.50118,0.22954,0.25493,-0.12744,-0.82532,-1.5468,1.64773,0.97861,-0.74328,-0.46422,-0.48804,-1.25669,2026-09-30,False,,,,,,,,,,,,0.62602,1.73268
KBORU,Producer Manufacturing,11.11,157777431.42476,63.49627,0.95193,-0.25283,25.22852,55.80047,102.05762,107.74,-5.68238,0.4545,0.1864,NEUTRAL,prior-research-2026-10-01+NEUTRAL,False,35.89385,0.40022,0.5,-63.49627,-0.95193,-59.97839,18.8767,5.8378,4.27386,79.52412,103.83421,9.77705,-0.99158,1.93358,36.36451,0.89871,-0.20717,0.66365,-0.54482,-0.77471,-0.18685,0.81216,0.49715,0.5023,0.01404,-0.03148,0.46557,-0.77481,1.32009,1.03939,2026-09-30,False,,,,,,,,,,,,0.44912,9.94765
KCAER,Non-Energy Minerals,10.75,185436347.3297,50.33331,1.09485,0.07438,53.74771,54.27547,100.07985,107.74,-7.66015,0.5049,0.1889,NEUTRAL,prior-research-2026-10-01+NEUTRAL,False,18.32273,0.64565,0.58333,-50.33331,-1.09485,-35.43543,19.03822,5.08162,3.19399,71.43812,116.76531,9.04526,-0.56832,1.57873,-16.28281,0.32376,0.51658,0.79889,-0.12158,-1.17521,0.66809,0.53543,0.52818,0.40126,-0.40707,0.08496,0.42562,-0.56552,0.77003,-0.46906,2026-09-30,False,,,,,,,,,,,,0.50898,6.71574
KCHOL,Energy Minerals,208.39999,5366418372.62099,33.8234,1.03257,0.37197,82.81536,58.80547,105.95481,107.74,-1.78519,0.5497,0.2014,NEUTRAL,prior-research-2026-10-01+NEUTRAL,False,32.26104,0.92417,0.66667,-33.8234,-1.03257,-16.42857,22.40343,5.12588,6.73042,147.41967,592.96837,4.73031,-2.20139,3.27735,1.10514,0.6551,2.07285,1.62102,1.43141,-1.21751,2.36662,2.24572,0.26485,0.43403,0.34659,1.60734,-0.12466,-1.58086,1.49679,0.1188,2026-09-30,False,,,,,,,,,,,,0.60011,5.90799
KFEIN,Technology Services,5.72,31152638.07592,50.73468,0.98167,0.36908,82.44973,58.80547,105.95481,107.74,-1.78519,0.5497,0.2014,NEUTRAL,prior-research-2026-10-01+NEUTRAL,False,-16.04167,0.47667,0.25,-50.73468,-0.98167,-52.33334,17.25441,0.3648,0.39605,113.90669,298.87531,5.41003,-0.01538,0.35407,21.46122,-0.5916,-0.11978,-1.39252,0.45104,-0.59539,-0.11888,-0.80706,-0.45696,-0.14133,0.64062,1.54855,-0.17596,0.64789,0.85099,0.82381,2026-09-30,False,,,,,,,,,,,,0.57244,2.95566
KGYO,Finance,9.25,189541832.43537,79.31768,0.29729,-1.12001,1.09689,55.80047,102.05762,107.74,-5.68238,0.4545,0.1864,NEUTRAL,prior-research-2026-10-01+NEUTRAL,True,177.77778,0.67766,0.58333,-79.31768,-0.29729,-47.64438,19.06012,-46.82421,-8.10573,14.88916,22.99262,-39.83104,-1.04062,0.0,448.02114,1.77224,0.70946,0.85119,-1.58088,2.13512,-0.01549,0.86753,-2.19158,-1.23112,-2.14388,-0.57358,-2.66454,-1.16788,-0.88033,2.02676,2026-09-30,False,,,,,,,,,,,,0.31534,9.93549
KIMMR,Retail Trade,10.6,11763192.51202,34.69649,0.76642,0.49986,92.68739,59.89547,107.36843,107.74,-0.37157,0.5912,0.1938,NEUTRAL,prior-research-2026-10-01+NEUTRAL,False,-8.21767,0.53662,0.33333,-34.69649,-0.76642,-46.33844,16.28049,14.47198,25.07758,198.47432,638.30773,1.08305,-0.7179,1.96541,18.3548,-0.41525,-0.5842,-1.03726,0.84896,-0.08727,-0.53952,-1.35293,1.03987,1.60545,0.7475,0.40685,-0.10113,-0.51626,0.6623,0.77491,2026-09-30,False,,,,,,,,,,,,0.63899,1.96581
KLGYO,Finance,4.0,36290866.77238,41.82654,0.94032,0.27037,73.12614,57.21947,103.89792,107.74,-3.84208,0.5245,0.2036,NEUTRAL,prior-research-2026-10-01+NEUTRAL,True,-31.12948,0.50441,0.33333,-41.82654,-0.94032,-55.35939,17.40708,-3.71532,-16.12735,476.02029,24.47357,-22.00216,-0.04027,0.0,-110.32445,-0.99041,-0.15948,-0.88688,0.41057,-0.83291,-0.36117,-0.17967,-0.82828,-1.62235,1.81601,-0.55088,-2.29417,0.66867,-0.88033,-2.37428,2026-09-30,False,,,,,,,,,,,,0.50596,9.89011
KLKIM,Process Industries,21.9,38645412.67996,33.44731,0.8743,0.14555,60.51188,54.27547,100.07985,107.74,-7.66015,0.5049,0.1889,NEUTRAL,prior-research-2026-10-01+NEUTRAL,False,-18.24433,0.51331,0.33333,-33.44731,-0.8743,-48.66948,17.46994,11.45925,7.25877,70.57472,111.43123,17.34231,-0.05907,2.97796,4.20468,-0.46261,0.0349,-0.69188,1.5577,-0.48338,0.05105,0.26017,0.85423,0.68912,-0.46781,-0.0032,0.93725,0.62743,1.49239,0.26608,2026-09-30,False,,,,,,,,,,,,0.53439,2.25857
KLMSN,Producer Manufacturing,20.92,17681855.39584,41.42323,0.87974,0.59386,96.34369,125.15047,191.99764,107.74,84.25764,0.5947,0.1885,NEUTRAL,prior-research-2026-10-01+NEUTRAL,True,-23.34589,0.54621,0.33333,-41.42323,-0.87974,-45.37859,16.68805,-10.49138,-24.25084,229.94488,440.70015,1.62369,-1.00657,0.0,-11.38164,-0.48703,0.43036,-0.53966,0.76767,-0.40525,0.4537,-0.77507,-0.65817,-1.00185,1.23344,1.35156,-0.30181,-0.79084,-0.41483,-0.48909,2026-09-30,False,,,,,,,,,,,,0.65616,2.33603
KLNMA,Finance,7.39,1507643.88722,37.22506,0.60857,0.50715,93.23583,59.89547,107.36843,107.74,-0.37157,0.5912,0.1938,NEUTRAL,prior-research-2026-10-01+NEUTRAL,False,-33.30821,0.46921,0.16667,-37.22506,-0.60857,-53.07937,14.22606,30.56263,13.89931,52.14016,44.68,79.99478,-4.51548,0.0,-6.14051,-1.05526,-0.25426,-2.29009,0.81314,0.84669,-0.23669,-2.42074,1.00177,0.50004,-1.06085,-0.11881,1.04247,-2.17632,-0.88033,-0.24878,2026-09-30,False,,,,,,,,,,,,0.5988,2.82486
KLRHO,Consumer Non-Durables,10.16,158898305.19437,124.47255,1.177,-0.68951,5.48446,55.80047,102.05762,107.74,-5.68238,0.4545,0.1864,NEUTRAL,prior-research-2026-10-01+NEUTRAL,False,-46.12245,0.01543,0.41667,-124.47255,-1.177,-98.4571,18.88377,4.88155,5.34231,123.74518,47.33698,17.64938,-0.12297,0.0,-18.69051,-1.18604,-3.0,0.14882,-2.71991,-2.04831,-3.0,0.97032,0.32006,0.35307,0.00983,-0.7372,0.85703,0.4336,-0.71132,-0.62119,2026-09-30,False,,,,,,,,,,,,0.40501,1.76707
KLSER,Producer Manufacturing,18.4,24123683.48689,34.97517,0.71798,0.23366,69.1042,54.27547,100.07985,107.74,-7.66015,0.5049,0.1889,NEUTRAL,prior-research-2026-10-01+NEUTRAL,True,-19.18644,0.5665,0.33333,-34.97517,-0.71798,-43.34975,16.9987,-27.92481,-20.5323,68.33239,172.68557,-6.92445,-1.27457,0.0,19.63008,-0.37618,0.55963,-0.53966,1.45479,0.49108,0.59407,-0.50082,-1.22756,-0.90101,-0.12644,0.44298,-0.8044,-0.96643,-0.41483,0.67134,2026-09-30,False,,,,,,,,,,,,0.5415,2.87206
KLSYN,Consumer Durables,14.09,43726981.12656,60.09439,0.77338,-0.23363,26.69104,55.80047,102.05762,107.74,-5.68238,0.4545,0.1864,NEUTRAL,prior-research-2026-10-01+NEUTRAL,False,146.64037,0.82882,0.58333,-60.09439,-0.77338,-33.87335,17.59348,0.5616,0.32575,64.30055,33.23034,4.54682,-0.22962,1.06458,-29.83925,1.81785,1.43599,1.32156,-0.89521,0.4014,0.74194,-0.08362,0.50241,0.38779,-0.58725,-1.51347,0.26966,1.00584,0.54519,-1.06525,2026-09-30,False,,,,,,,,,,,,0.46557,5.0
KLYPV,Producer Manufacturing,51.6,107313253.37366,44.5399,0.86534,0.09706,55.75868,54.27547,100.07985,107.74,-7.66015,0.5049,0.1889,NEUTRAL,prior-research-2026-10-01+NEUTRAL,False,0.65359,0.74837,0.41667,-44.5399,-0.86534,-25.16316,18.49126,4.51466,2.85475,80.9539,30.07321,-19.46531,-0.75816,0.0,,0.29039,1.39278,0.10565,0.54623,-0.32575,1.71741,0.6743,0.36398,0.39663,0.03432,-0.90385,-1.2599,-0.518,-0.41483,0.0,2026-09-30,False,,,,,,,,,,,,0.54248,3.74288
KMPUR,Producer Manufacturing,13.91,42147559.87696,55.27374,0.92694,0.31047,77.69653,57.21947,103.89792,107.74,-3.84208,0.5245,0.2036,NEUTRAL,prior-research-2026-10-01+NEUTRAL,False,1.0287,0.6006,0.33333,-55.27374,-0.92694,-40.93264,17.55669,18.93353,9.4812,61.7441,216.51016,13.97373,-1.43335,0.0,-14.38477,0.31408,0.74402,-0.53966,-0.09704,-0.63643,0.72518,-0.03449,1.16917,0.98408,-0.2191,0.6403,0.72333,-1.11236,-0.41483,-0.6021,2026-09-30,False,,,,,,,,,,,,0.55427,3.79746
KNFRT,Consumer Non-Durables,10.38,40440350.01721,62.70276,0.92034,-0.14734,31.44424,55.80047,102.05762,107.74,-5.68238,0.4545,0.1864,NEUTRAL,prior-research-2026-10-01+NEUTRAL,True,-25.84795,0.59655,0.41667,-62.70276,-0.92034,-44.25287,17.51534,-10.2301,-5.43381,52.85215,269.48826,-0.42107,-0.24676,0.0,46.4772,-0.52107,0.4386,0.14882,-0.82338,-1.02158,0.28204,0.08357,-0.73942,-0.46891,-0.89549,0.69142,-0.45767,0.09371,-0.71132,1.32208,2026-09-30,False,,,,,,,,,,,,0.46457,9.18282
KOCMT,Non-Energy Minerals,2.42,345464920.2831,87.91328,0.9018,-0.29742,21.20658,55.80047,102.05762,107.74,-5.68238,0.4545,0.1864,NEUTRAL,prior-research-2026-10-01+NEUTRAL,True,54.24353,0.39095,0.58333,-87.91328,-0.9018,-60.90468,19.6604,-7.37114,-15.80948,208.67955,327.46514,2.92998,-0.28875,0.0,-22.15095,0.82413,-0.71693,0.79889,-2.04086,-0.32451,-0.6377,0.81729,-0.3781,-0.76835,0.73861,1.02699,-0.103,-0.09105,-0.80259,-0.69951,2026-09-30,False,,,,,,,,,,,,0.435,10.0
KONKA,Process Industries,7.67,27719409.05434,45.25528,0.67924,0.10782,57.22121,54.27547,100.07985,107.74,-7.66015,0.5049,0.1889,NEUTRAL,prior-research-2026-10-01+NEUTRAL,True,-39.9756,0.42181,0.33333,-45.25528,-0.67924,-61.6132,17.13764,-8.01165,-22.88802,291.71152,104.79551,2.86147,-0.00642,0.0,-21.87219,-1.13812,-0.33229,-0.69188,0.42295,0.59418,-0.5449,-0.0617,-0.51436,-1.10229,1.23261,-0.05469,-0.04272,1.23384,-0.46691,-0.75842,2026-09-30,False,,,,,,,,,,,,0.48522,9.88539
KONTR,Utilities,2.0,16280291.3652,98.44482,0.65007,-0.07732,37.84278,55.80047,102.05762,107.74,-5.68238,0.4545,0.1864,NEUTRAL,prior-research-2026-10-01+NEUTRAL,True,-88.5514,0.05814,0.16667,-98.44482,-0.65007,-94.18605,16.60547,-23.41373,-52.84926,231.01659,641.00465,-4.65706,-2.09232,0.79475,25.93332,-3.0,-2.60178,-2.22988,-2.27819,0.51266,-2.50847,-1.35471,-1.23884,-1.64541,0.56787,2.01661,-0.66595,-1.53299,0.66498,1.35684,2026-09-30,False,,,,,,,,,,,,0.46842,9.95671
KONYA,Non-Energy Minerals,3500.0,41889257.5,42.89282,0.75456,0.01554,46.80073,55.80047,102.05762,107.74,-5.68238,0.4545,0.1864,NEUTRAL,prior-research-2026-10-01+NEUTRAL,False,-21.4876,0.6705,0.33333,-42.89282,-0.75456,-32.95019,17.55054,7.75529,2.03549,30.04131,42.17207,11.72257,-0.1563,0.0,8.93153,-0.76844,0.62439,-0.93918,0.28847,0.48787,0.81937,-0.39163,0.70668,0.30136,-1.21,-0.67736,0.62877,0.24416,-0.80259,0.53752,2026-09-30,False,,,,,,,,,,,,0.50483,6.5
KOPOL,Process Industries,3.0,51853387.01837,52.91481,0.99304,0.10144,56.48995,54.27547,100.07985,107.74,-7.66015,0.5049,0.1889,NEUTRAL,prior-research-2026-10-01+NEUTRAL,False,-16.43411,0.41494,0.58333,-52.91481,-0.99304,-58.50622,17.76393,5.61151,6.96545,132.00878,150.29676,9.28112,-0.49512,0.0,-12.28214,-0.40028,-0.35775,1.04619,-0.04591,-1.02348,-0.36162,0.49639,0.51557,0.6444,0.17679,0.26178,0.51293,-0.43651,-0.46691,-0.39147,2026-09-30,False,,,,,,,,,,,,0.53017,2.34833
KORDS,Process Industries,2.73,131928194.43346,65.09681,0.79458,-0.0865,36.74589,55.80047,102.05762,107.74,-5.68238,0.4545,0.1864,NEUTRAL,prior-research-2026-10-01+NEUTRAL,True,45.56521,0.54684,0.41667,-65.09681,-0.79458,-45.31649,18.69777,-2.58214,-4.34157,164.96842,340.18178,2.84981,-1.12009,0.0,-21.82662,0.92466,0.19052,-0.04657,-0.6996,-0.0388,0.20699,1.08548,-0.08633,-0.292,0.46775,1.04146,-0.05363,-1.11814,-0.46691,-0.74507,2026-09-30,False,,,,,,,,,,,,0.50611,3.97351
KOTON,Consumer Non-Durables,9.76,26194180.02758,33.98125,0.8113,0.2755,74.40585,57.21947,103.89792,107.74,-3.84208,0.5245,0.2036,NEUTRAL,prior-research-2026-10-01+NEUTRAL,True,-29.64225,0.5145,0.41667,-33.98125,-0.8113,-48.55034,17.08105,-17.43639,-14.97337,83.43711,435.51354,0.53405,-2.13703,0.0,-0.61991,-0.61568,0.01889,0.14882,1.25601,-0.45128,0.07791,-0.28917,-0.98941,-0.95226,-0.40663,1.15395,-0.40291,-1.50619,-0.71132,0.13061,2026-09-30,False,,,,,,,,,,,,0.55761,1.73992
KRDMA,Non-Energy Minerals,39.96,394967340.72623,61.28752,1.07439,-0.0074,44.42413,55.80047,102.05762,107.74,-5.68238,0.4545,0.1864,NEUTRAL,prior-research-2026-10-01+NEUTRAL,False,106.85696,0.59955,0.5,-61.28752,-1.07439,-40.04501,19.79431,5.4482,9.61445,238.54977,149.12142,7.18541,-0.07132,0.0,-11.55444,1.28874,0.28357,0.26413,-0.74641,-1.11006,0.40606,0.9344,0.56929,0.98964,0.95363,0.27647,0.27739,0.57322,-0.80259,-0.29774,2026-09-30,False,,,,,,,,,,,,0.52429,6.2069
KRDMB,Non-Energy Minerals,59.25,211275524.5,73.8407,0.73995,-0.34459,18.46435,55.80047,102.05762,107.74,-5.68238,0.4545,0.1864,NEUTRAL,prior-research-2026-10-01+NEUTRAL,False,382.22568,0.40722,0.58333,-73.8407,-0.73995,-59.27835,19.16867,5.4482,9.61445,160.26683,149.12142,7.18541,-0.07132,0.0,-11.55444,2.27716,-0.58907,0.79889,-1.4189,0.56463,-0.50691,0.60321,0.56929,0.98964,0.48509,0.27647,0.27739,0.57322,-0.80259,-0.29774,2026-09-30,False,,,,,,,,,,,,0.44515,10.0
KRDMD,Non-Energy Minerals,43.98,2269165589.23258,47.02756,1.11703,0.18608,63.61974,54.27547,100.07985,107.74,-7.66015,0.5049,0.1889,NEUTRAL,prior-research-2026-10-01+NEUTRAL,False,66.29214,0.92628,0.5,-47.02756,-1.11703,-19.18967,21.54268,5.4482,9.61445,216.78428,149.12142,7.18541,-0.07132,0.0,-11.55444,0.91116,1.9839,0.26413,0.07384,-1.26234,1.98616,1.6713,0.56929,0.98964,0.80865,0.27647,0.27739,0.57322,-0.80259,-0.29774,2026-09-30,False,,,,,,,,,,,,0.56008,6.06352
KRGYO,Finance,2.82,35816186.3249,54.49165,0.65282,-0.12189,34.00366,55.80047,102.05762,107.74,-5.68238,0.4545,0.1864,NEUTRAL,prior-research-2026-10-01+NEUTRAL,True,-0.86136,0.76011,0.33333,-54.49165,-0.65282,-26.91926,17.39391,-1.75629,-1.34159,89.34258,8.82683,-0.05935,-0.0,1.36113,-47.20011,-0.01354,1.07328,-0.88688,-0.37183,0.69205,1.16342,-0.19929,-0.64674,-0.77172,-0.50597,-1.2296,-1.3852,1.8935,0.6363,-1.44115,2026-09-30,False,,,,,,,,,,,,0.44627,9.83606
KRONT,Communications,18.1,34948318.70988,63.46204,0.92789,-0.25431,25.0457,55.80047,102.05762,107.74,-5.68238,0.4545,0.1864,NEUTRAL,prior-research-2026-10-01+NEUTRAL,False,54.50928,0.64413,0.66667,-63.46204,-0.92789,-35.58719,17.36938,17.37359,4.19568,28.05269,19.17649,21.19021,-0.10097,0.0,32.37949,1.00295,0.63838,1.62102,-0.71982,-0.77023,0.72551,-0.25484,0.94237,0.18349,-1.29147,-1.11946,0.8353,0.46471,-0.56229,1.04337,2026-09-30,False,,,,,,,,,,,,0.45475,7.41526
KRPLS,Consumer Non-Durables,11.23,31080752.06253,49.49953,0.80761,0.03427,48.44607,55.80047,102.05762,107.74,-5.68238,0.4545,0.1864,NEUTRAL,prior-research-2026-10-01+NEUTRAL,True,18.07909,0.81673,0.5,-49.49953,-0.80761,-27.61905,17.2521,-3.14264,-1.51105,51.48621,109.82742,13.15228,-0.2363,0.0,4.26106,0.71653,1.54557,0.70682,-0.06229,-0.42751,1.2551,-0.19975,-0.28222,-0.16024,-0.9336,-0.14001,0.68135,0.13843,-0.71132,0.29768,2026-09-30,False,,,,,,,,,,,,0.45153,10.0
KRSTL,Consumer Non-Durables,7.55,32146538.54047,39.39422,0.87244,0.35407,81.35283,58.80547,105.95481,107.74,-1.78519,0.5497,0.2014,NEUTRAL,prior-research-2026-10-01+NEUTRAL,False,-9.77295,0.59402,0.33333,-39.39422,-0.87244,-40.59795,17.28582,17.73406,23.02597,146.931,251.88684,11.32567,-0.05536,0.0,6.55931,0.02547,0.41833,-0.49649,0.59968,-0.78459,0.51196,-0.15868,1.0433,1.47862,0.19009,0.61012,0.57313,0.73652,-0.71132,0.38322,2026-09-30,False,,,,,,,,,,,,0.61117,2.42346
KRTEK,Process Industries,6.0,3504166.8235,189.77902,0.86187,0.1577,61.97441,54.27547,100.07985,107.74,-7.66015,0.5049,0.1889,NEUTRAL,prior-research-2026-10-01+NEUTRAL,True,-83.27954,0.16199,0.41667,-189.77902,-0.86187,-86.52808,15.06946,-4.60677,-9.45845,266.88089,258.63001,-3.27267,-0.4551,0.0,-14.98719,-2.51941,-1.64162,-0.04657,-2.77758,-0.38922,-1.84966,-1.51785,-0.28185,-0.64377,1.05554,0.76343,-0.56049,-0.36739,-0.46691,-0.4958,2026-09-30,False,,,,,,,,,,,,0.48271,10.0
KRVGD,Consumer Non-Durables,2.08,16411655.61087,37.43644,0.74204,0.54716,95.61243,125.15047,191.99764,107.74,84.25764,0.5947,0.1885,NEUTRAL,prior-research-2026-10-01+NEUTRAL,False,-4.63459,0.61939,0.41667,-37.43644,-0.74204,-39.5496,16.6135,8.55697,13.34131,175.85814,349.46543,4.63728,-0.76829,1.75269,-7.38985,0.19085,0.59105,0.14882,0.7501,-0.0584,0.59176,-0.69717,0.59155,1.05758,0.43709,0.96748,0.04087,-0.73309,0.94464,-0.11867,2026-09-30,False,,,,,,,,,,,,0.65905,4.92612
KTLEV,Finance,9.61,4006890305.0,87.53729,0.64493,-1.23003,0.73126,55.80047,102.05762,107.74,-5.68238,0.4545,0.1864,NEUTRAL,prior-research-2026-10-01+NEUTRAL,False,1403.16192,0.13928,0.83333,-87.53729,-0.64493,-86.07246,22.11128,148.50836,42.71182,46.23955,70.48941,86.09665,-0.01493,0.88899,324.28467,3.0,-1.96538,2.89504,-2.0005,0.74578,-1.94824,2.19192,2.4612,1.3527,-1.22101,0.20607,1.18122,1.04881,0.50696,1.91098,2026-09-30,False,,,,,,,,,,,,0.34565,9.99474
KTSKR,Process Industries,57.95,36236503.14574,65.56504,0.96212,-0.07297,38.20841,55.80047,102.05762,107.74,-5.68238,0.4545,0.1864,NEUTRAL,prior-research-2026-10-01+NEUTRAL,True,14.68721,0.41041,0.41667,-65.56504,-0.96212,-58.95892,17.40558,-2.94756,-6.7231,232.25795,63.66047,-17.0985,-0.03609,11.25408,-52.02887,0.45445,-0.37315,-0.04657,-0.73144,-0.90974,-0.37678,0.1968,-0.12755,-0.43281,0.87636,-0.38951,-1.13716,0.82186,2.93037,-1.38814,2026-09-30,False,,,,,,,,,,,,0.46825,3.7037
KUTPO,Consumer Durables,64.0,12337742.40916,30.01433,0.92314,0.44832,89.76234,58.80547,105.95481,107.74,-1.78519,0.5497,0.2014,NEUTRAL,prior-research-2026-10-01+NEUTRAL,True,-28.22004,0.54422,0.25,-30.01433,-0.92314,-45.57823,16.32817,-0.28243,-0.50341,190.91821,179.3463,7.40863,-0.02486,0.0,-0.18464,-0.64195,0.00817,-1.09054,1.37432,-0.39637,0.03855,-1.21416,0.45262,0.33263,0.57562,-0.19591,0.52148,1.86557,-0.9095,0.02994,2026-09-30,False,,,,,,,,,,,,0.62491,2.11674
KUVVA,Consumer Durables,81.7,22711498.6003,65.51008,0.525,-0.64548,6.58135,55.80047,102.05762,107.74,-5.68238,0.4545,0.1864,NEUTRAL,prior-research-2026-10-01+NEUTRAL,True,27.5,0.42113,0.41667,-65.51008,-0.525,-57.8866,16.93838,-43.9169,-9.11341,20.98363,29.55865,2.43993,-1.26976,0.0,22.89506,0.76576,-0.5055,0.22881,-1.17402,1.54314,-0.48592,-0.6682,-1.13202,-0.27509,-1.65376,-1.59231,0.03227,-0.30146,-0.9095,0.79218,2026-09-30,False,,,,,,,,,,,,0.35489,5.36504
KUYAS,Finance,26.82,580243439.83384,68.89937,0.98309,-0.95273,2.01097,55.80047,102.05762,107.74,-5.68238,0.4545,0.1864,NEUTRAL,prior-research-2026-10-01+NEUTRAL,True,34.2,0.28471,0.58333,-68.89937,-0.98309,-71.52866,20.17896,-116.49546,-26.94916,21.43012,10.52544,40.85338,-0.69999,0.0,-20.16729,0.62939,-1.10252,0.85119,-1.13707,-1.00282,-1.07408,1.38814,-2.76109,-1.94324,-1.82954,-1.12679,0.58049,-0.78026,-0.88033,-0.83318,2026-09-30,False,,,,,,,,,,,,0.31718,9.99402
KZBGY,Finance,1.36,57770622.35967,46.60391,1.01032,0.32359,78.97623,57.21947,103.89792,107.74,-3.84208,0.5245,0.2036,NEUTRAL,prior-research-2026-10-01+NEUTRAL,False,-62.61314,0.26761,0.25,-46.60391,-1.01032,-73.23888,17.87199,2.04017,8.36889,446.62238,38.49907,41.39202,-0.18925,0.0,-112.13772,-1.9214,-1.1989,-1.56091,0.10909,-1.1335,-1.18285,0.23668,-0.39272,0.04306,1.65367,-0.20652,0.59189,0.09622,-0.88033,-2.439,2026-09-30,False,,,,,,,,,,,,0.54953,5.63381
KZGYO,Finance,13.61,23984219.09776,57.61201,0.92078,0.13109,59.41499,54.27547,100.07985,107.74,-7.66015,0.5049,0.1889,NEUTRAL,prior-research-2026-10-01+NEUTRAL,True,-11.63522,0.44131,0.5,-57.61201,-0.92078,-55.869,16.99291,-4.45741,-20.60751,467.42473,43.18981,7.5827,-0.02269,0.0,-18.58925,-0.34031,-0.40431,0.31644,-0.5349,-0.73152,-0.39038,-0.535,-0.88225,-1.77363,1.74508,-0.14185,-0.6768,0.92618,-0.88033,-0.78345,2026-09-30,False,,,,,,,,,,,,0.46315,9.96955
LIDER,Finance,7.18,651456940.29277,92.05588,0.40172,-0.79694,3.65631,55.80047,102.05762,107.74,-5.68238,0.4545,0.1864,NEUTRAL,prior-research-2026-10-01+NEUTRAL,False,-55.00969,0.04794,0.41667,-92.05588,-0.40172,-95.2057,20.29472,2.85909,4.64149,174.39335,30.05965,-1.71081,-0.25305,1.78749,-53.08249,-1.68771,-2.7657,-0.24156,-2.27549,1.71381,-2.77125,1.47124,-0.34816,-0.32001,0.2554,-0.39551,-1.50388,-0.08325,0.8015,-1.55453,2026-09-30,False,,,,,,,,,,,,0.36667,3.4331
LIDFA,Finance,1.48,26234276.66988,41.9655,0.72091,0.44222,89.21389,58.80547,105.95481,107.74,-1.78519,0.5497,0.2014,NEUTRAL,prior-research-2026-10-01+NEUTRAL,False,39.60871,0.61278,0.58333,-41.9655,-0.72091,-39.96421,17.08258,39.40329,45.17973,130.99342,262.59918,87.901,-4.04119,6.97155,8.0961,0.73421,0.43139,0.85119,0.40513,0.35019,0.41901,-0.46436,1.25467,1.46659,-0.10483,1.34373,1.23526,-2.05504,1.86349,0.28599,2026-09-30,False,,,,,,,,,,,,0.60179,7.33333
LILAK,Consumer Non-Durables,23.02,61793066.01572,40.6107,0.90981,0.12193,58.50091,54.27547,100.07985,107.74,-7.66015,0.5049,0.1889,NEUTRAL,prior-research-2026-10-01+NEUTRAL,False,5.85027,0.5727,0.5,-40.6107,-0.90981,-42.7302,17.9393,6.45755,7.69947,130.54459,101.16721,11.53772,-0.11421,6.6267,-21.85963,0.49445,0.31901,0.70682,0.51563,-0.97963,0.4198,0.46662,0.43926,0.61263,0.0493,-0.20174,0.59556,0.45477,1.94198,-0.73008,2026-09-30,False,,,,,,,,,,,,0.55542,1.75439
LINK,Technology Services,3.5,94984406.53747,53.55239,0.92826,0.10802,57.40402,54.27547,100.07985,107.74,-7.66015,0.5049,0.1889,NEUTRAL,prior-research-2026-10-01+NEUTRAL,False,-36.80292,0.40028,0.33333,-53.55239,-0.92826,-59.9721,18.36922,21.86333,12.18317,65.57561,46.971,23.73526,-0.00238,0.0,0.62495,-1.2875,-0.48772,-0.71848,0.2566,-0.37512,-0.46669,0.12393,0.74743,0.87988,0.06446,0.01057,0.85126,0.83727,-0.38676,0.10666,2026-09-30,False,,,,,,,,,,,,0.54286,3.91645
LKMNH,Health Services,11.42,16806346.45511,36.31413,0.66823,0.46896,90.31079,59.89547,107.36843,107.74,-0.37157,0.5912,0.1938,NEUTRAL,prior-research-2026-10-01+NEUTRAL,False,-18.07669,0.60653,0.33333,-36.31413,-0.66823,-39.50584,16.63727,4.75848,4.80045,109.16412,197.78944,12.60891,-0.99857,3.85126,15.07272,-0.86018,-0.04143,-0.37907,0.58835,0.43807,-0.04374,-1.09494,0.37264,0.50392,0.30431,0.89496,0.35902,-0.88011,1.71872,0.4733,2026-09-30,False,,,,,,,,,,,,0.60723,6.83962
LMKDC,Non-Energy Minerals,23.12,96489703.10511,40.99768,0.81225,0.06919,53.01645,54.27547,100.07985,107.74,-7.66015,0.5049,0.1889,NEUTRAL,prior-research-2026-10-01+NEUTRAL,False,-4.79916,0.64813,0.5,-40.99768,-0.81225,-43.31698,18.38495,24.37859,14.44839,66.42429,74.05082,31.51588,-0.01133,8.65052,-0.48649,-0.2213,0.53402,0.26413,0.46703,0.13817,0.22755,0.25356,1.51341,1.37123,-0.46551,-0.28022,1.34899,1.16399,2.22882,0.19598,2026-09-30,False,,,,,,,,,,,,0.49761,9.99011
LOGO,Technology Services,135.89999,79807923.93539,37.40356,0.80706,0.27856,74.9543,57.21947,103.89792,107.74,-3.84208,0.5245,0.2036,NEUTRAL,prior-research-2026-10-01+NEUTRAL,False,-15.28925,0.81033,0.33333,-37.40356,-0.80706,-24.25287,18.19513,23.24195,6.8152,31.79315,50.62051,20.69036,-0.00428,3.87282,24.67427,-0.56645,1.41893,-0.71848,1.36955,0.27321,1.51268,-0.04001,0.82873,0.39514,-0.61743,0.06058,0.72802,0.80627,1.78156,0.87963,2026-09-30,False,,,,,,,,,,,,0.55369,8.63422
LRSHO,Consumer Non-Durables,1.82,36685841.452,46.51855,1.14493,0.22136,68.55576,54.27547,100.07985,107.74,-7.66015,0.5049,0.1889,NEUTRAL,prior-research-2026-10-01+NEUTRAL,True,-60.03236,0.28043,0.16667,-46.51855,-1.14493,-71.95685,17.4179,-12.70581,-63.55381,473.97692,548.13104,2.90446,-0.23884,0.0,19.28284,-1.56034,-1.0039,-1.8997,0.10065,-1.91911,-0.96355,0.01553,-0.79374,-1.78061,1.93844,1.30163,-0.13014,0.12849,-0.71132,0.80651,2026-09-30,False,,,,,,,,,,,,0.5364,3.7037
LUKSK,Process Industries,61.25,6599986.53488,42.61036,0.78546,0.20067,65.81353,54.27547,100.07985,107.74,-7.66015,0.5049,0.1889,NEUTRAL,prior-research-2026-10-01+NEUTRAL,False,-22.84172,0.47889,0.41667,-42.61036,-0.78546,-52.11102,15.70258,1.52357,1.33979,92.88843,30.30842,-0.95822,-0.05605,0.0,-15.24227,-0.61031,-0.06898,-0.04657,0.56094,0.00359,-0.07589,-1.11793,0.16915,0.11986,-0.19006,-0.91237,-0.39592,0.65125,-0.46691,-0.50711,2026-09-30,False,,,,,,,,,,,,0.51344,3.38855
LYDHO,Utilities,40.56,54904615.41094,62.59854,0.85556,-0.66523,6.21572,55.80047,102.05762,107.74,-5.68238,0.4545,0.1864,NEUTRAL,prior-research-2026-10-01+NEUTRAL,True,13.65079,0.1898,0.5,-62.59854,-0.85556,-81.02012,17.82111,-4.92213,-1.69486,54.16574,0.45058,-540.51876,-8e-05,0.0,-16.06357,0.20221,-1.70021,0.37664,-0.59954,-0.5619,-1.58259,-0.2969,-0.43964,-0.18456,-1.05481,-2.11446,-2.52645,1.51777,-0.69305,-0.16964,2026-09-30,False,,,,,,,,,,,,0.3415,9.96226
LYDYE,Consumer Non-Durables,4027.5,14000238.75,58.08427,0.51874,-0.47657,12.24863,55.80047,102.05762,107.74,-5.68238,0.4545,0.1864,NEUTRAL,prior-research-2026-10-01+NEUTRAL,False,-11.5016,0.19889,0.25,-58.08427,-0.51874,-80.11111,16.45459,26.35461,10.01833,45.09113,0.676,-155.35568,-0.0,0.0,-60.35109,-0.03703,-1.38821,-1.17053,-0.58394,0.93057,-1.35376,-0.86054,1.40123,0.83108,-1.09071,-2.6573,-2.24166,2.03571,-0.71132,-1.5152,2026-09-30,False,,,,,,,,,,,,0.38523,9.99789
MAALT,Consumer Services,820.5,30392450.0,57.20878,0.59539,-0.2569,24.49726,55.80047,102.05762,107.74,-5.68238,0.4545,0.1864,NEUTRAL,prior-research-2026-10-01+NEUTRAL,True,-10.99291,0.53592,0.33333,-57.20878,-0.59539,-46.40758,17.2297,-0.00359,-0.00227,77.43576,0.79085,-37.42302,-0.0,0.0,-6.69799,0.26219,0.22011,-0.49269,-0.36804,0.67683,0.32633,-0.34753,0.27073,0.2205,-0.25025,-2.03421,-1.03259,1.65065,-0.43637,-0.32662,2026-09-30,False,,,,,,,,,,,,0.47189,2.73973
MACKO,Commercial Services,25.56,19610126.67809,39.29076,0.60073,0.37549,83.3638,58.80547,105.95481,107.74,-1.78519,0.5497,0.2014,NEUTRAL,prior-research-2026-10-01+NEUTRAL,False,-2.97966,0.61665,0.58333,-39.29076,-0.60073,-47.09898,16.79156,50.41131,10.24624,21.5877,41.74126,43.28002,-0.08804,14.86698,-10.08772,-0.27521,1.15631,0.83913,1.484,0.56823,0.71249,-0.16846,1.89596,0.73309,-0.67392,-0.05961,1.98705,-0.14294,3.0,-0.50218,2026-09-30,False,,,,,,,,,,,,0.58056,2.08574
MAGEN,Utilities,11.75,498010048.0936,78.27209,0.70375,-0.8765,2.92505,55.80047,102.05762,107.74,-5.68238,0.4545,0.1864,NEUTRAL,prior-research-2026-10-01+NEUTRAL,True,50.31905,0.17216,0.66667,-78.27209,-0.70375,-82.78388,20.02613,-7.00912,-3.00718,50.99121,4.4134,4.30564,-0.51321,0.0,-31.44539,0.75863,-1.8661,1.50251,-1.37531,0.25425,-1.72499,0.84279,-0.55352,-0.28856,-1.14952,-1.6694,0.04411,-0.46258,-0.69305,-0.61913,2026-09-30,False,,,,,,,,,,,,0.33226,6.59026
MAKIM,Electronic Technology,11.84,14948838.13801,52.18036,0.77443,0.55078,95.79525,125.15047,191.99764,107.74,84.25764,0.5947,0.1885,NEUTRAL,prior-research-2026-10-01+NEUTRAL,False,-14.23729,0.5923,0.33333,-52.18036,-0.77443,-40.77038,16.52014,7.97288,6.79869,96.54984,118.29127,13.29418,-0.40001,0.0,15.95872,-0.66532,0.37798,-0.9364,0.42466,0.56428,0.4095,-1.8129,0.2451,0.22599,0.56878,0.32043,0.08641,0.00565,-0.20017,0.27419,2026-09-30,False,,,,,,,,,,,,0.65067,9.4902
MAKTK,Producer Manufacturing,6.27,25997720.91471,42.84905,1.00201,0.27219,73.49177,57.21947,103.89792,107.74,-3.84208,0.5245,0.2036,NEUTRAL,prior-research-2026-10-01+NEUTRAL,True,-43.14607,0.35225,0.33333,-42.84905,-1.00201,-64.77528,17.07352,-6.45595,-9.24591,151.36499,81.22807,5.23826,-0.09241,0.0,-22.25483,-1.15578,-0.46535,-0.53966,0.62803,-0.95646,-0.46017,-0.44641,-0.41693,-0.48177,0.72838,-0.22111,0.10156,0.75968,-0.41483,-0.92407,2026-09-30,False,,,,,,,,,,,,0.52559,3.52941
MANAS,Producer Manufacturing,10.53,617492662.4378,75.19317,0.75791,-1.02889,1.64534,55.80047,102.05762,107.74,-5.68238,0.4545,0.1864,NEUTRAL,prior-research-2026-10-01+NEUTRAL,True,375.10546,0.26591,0.75,-75.19317,-0.75791,-73.40909,20.24118,-89.1082,-18.04105,18.39008,13.96048,-37.19734,-1.39549,0.0,-15.77321,2.53866,-0.81081,2.39897,-1.14663,0.26817,-0.82495,1.45134,-2.07404,-0.82762,-1.35012,-1.40514,-1.57903,-1.06811,-0.41483,-0.66956,2026-09-30,False,,,,,,,,,,,,0.3256,6.3944
MARBL,Non-Energy Minerals,8.6,14559127.26043,38.88952,0.88745,0.44193,89.03108,58.80547,105.95481,107.74,-1.78519,0.5497,0.2014,NEUTRAL,prior-research-2026-10-01+NEUTRAL,True,-7.97912,0.56246,0.41667,-38.88952,-0.88745,-43.75409,16.49373,-1.79999,-2.31623,126.40862,180.41989,5.56445,-0.49686,0.0,-2.3123,-0.30607,0.0901,-0.29387,0.63472,-0.24604,0.18828,-1.33616,0.0288,-0.04209,0.1778,0.48715,0.13596,-0.45517,-0.80259,0.12297,2026-09-30,False,,,,,,,,,,,,0.62109,2.25564
MARMR,Finance,1.47,108955286.3448,55.3339,1.02912,-0.29122,21.75503,55.80047,102.05762,107.74,-5.68238,0.4545,0.1864,NEUTRAL,prior-research-2026-10-01+NEUTRAL,False,-69.82409,0.19892,0.25,-55.3339,-1.02912,-80.51421,18.50645,,,95.62667,,,-0.0,0.0,,-2.15638,-1.4979,-1.56091,-0.42535,-1.19693,-1.53063,0.65717,0.0,0.0,-0.41748,0.0,0.0,1.8935,-0.88033,0.0,2026-09-30,False,,,,,,,,,,,,0.40369,9.72222
MARTI,Consumer Services,0.98,66828568.84401,79.69854,1.14324,0.04811,49.90859,55.80047,102.05762,107.74,-5.68238,0.4545,0.1864,NEUTRAL,prior-research-2026-10-01+NEUTRAL,True,-44.1791,0.26997,0.41667,-79.69854,-1.14324,-73.00276,18.01764,-9.11037,-39.00282,446.30841,108.92444,-22.80609,-0.67351,0.0,-7.87312,-0.84201,-0.93088,0.15262,-1.47777,-1.84372,-0.86394,0.37954,-0.37216,-1.22674,2.01765,0.36524,-0.76659,-0.99265,-0.43637,-0.37613,2026-09-30,False,,,,,,,,,,,,0.47929,9.91379
MAVI,Consumer Non-Durables,36.94,154174103.29526,36.77392,0.88615,0.06679,52.10238,54.27547,100.07985,107.74,-7.66015,0.5049,0.1889,NEUTRAL,prior-research-2026-10-01+NEUTRAL,False,0.75631,0.76691,0.33333,-36.77392,-0.88615,-28.79009,18.85359,15.1499,7.05194,52.06787,177.99397,11.06703,-0.41314,4.52908,-2.78465,0.36022,1.24092,-0.49649,0.86729,-0.84365,1.16502,0.95155,0.89183,0.57303,-0.91441,0.30652,0.52874,-0.22741,1.57861,0.06736,2026-09-30,False,,,,,,,,,,,,0.51866,9.97085
MEDTR,Health Technology,17.95,6912250.66472,31.03616,0.68579,0.51248,93.60146,59.89547,107.36843,107.74,-0.37157,0.5912,0.1938,NEUTRAL,prior-research-2026-10-01+NEUTRAL,False,-17.14729,0.55134,0.33333,-31.03616,-0.68579,-44.86554,15.74881,0.58342,0.80452,150.16638,132.87283,2.08049,-0.02074,1.40447,-13.0818,-0.05124,0.45419,-0.16848,1.72413,0.21339,0.55709,-1.17007,-0.04152,0.1596,0.00192,0.29968,-0.14019,0.82661,1.0444,-0.61756,2026-09-30,False,,,,,,,,,,,,0.66124,2.15903
MEGAP,Process Industries,1.25,1232071.28371,47.22038,0.83682,0.95658,99.81718,125.15047,191.99764,107.74,84.25764,0.5947,0.1885,NEUTRAL,prior-research-2026-10-01+NEUTRAL,True,-59.7647,0.25304,0.16667,-47.22038,-0.83682,-74.69636,14.02421,-30.65916,-224.64923,668.7232,1961.27499,4.84022,-0.85771,0.0,-79.25662,-1.72884,-1.12617,-2.09509,0.30531,-0.26891,-1.14572,-2.21263,-1.32375,-2.5798,2.8534,2.54077,0.15479,-0.88804,-0.46691,-1.85864,2026-09-30,False,,,,,,,,,,,,0.64785,4.61539
MEGMT,Non-Energy Minerals,3.55,291590972.75,61.59438,0.81766,-0.26109,24.13163,55.80047,102.05762,107.74,-5.68238,0.4545,0.1864,NEUTRAL,prior-research-2026-10-01+NEUTRAL,False,35.54218,0.36547,0.5,-61.59438,-0.81766,-66.6445,19.49086,26.72105,13.18857,53.69377,330.44309,2.90919,-1.86839,0.0,19.50344,0.55494,-0.83656,0.26413,-0.76314,0.10462,-0.88737,0.75166,1.6105,1.25807,-0.71743,1.0541,-0.10843,-1.51731,-0.80259,0.88267,2026-09-30,False,,,,,,,,,,,,0.44846,9.87654
MEKAG,Producer Manufacturing,1.96,22893877.10505,50.73299,0.49899,0.02233,47.53199,55.80047,102.05762,107.74,-5.68238,0.4545,0.1864,NEUTRAL,prior-research-2026-10-01+NEUTRAL,True,-37.39838,0.24654,0.33333,-50.73299,-0.49899,-75.34591,16.94638,-5.43442,-4.99917,97.42829,193.95832,-2.23227,-0.20967,0.0,6.99608,-0.94826,-0.90019,-0.53966,0.18919,1.41165,-0.91242,-0.56812,-0.37704,-0.19947,0.23733,0.53891,-0.5669,0.40036,-0.41483,0.24175,2026-09-30,False,,,,,,,,,,,,0.52758,1.6835
MEPET,Retail Trade,18.99,6666687.31759,62.69782,0.40474,0.18702,63.98537,54.27547,100.07985,107.74,-7.66015,0.5049,0.1889,NEUTRAL,prior-research-2026-10-01+NEUTRAL,False,16.55012,0.60478,0.5,-62.69782,-0.40474,-43.15286,15.71263,3.87553,7.15281,209.33526,326.20403,5.85559,-0.00179,0.0,-10.95858,0.19725,-0.18744,0.16605,-1.1277,1.48595,-0.33163,-1.65119,0.37408,0.62795,0.82181,-0.13417,0.41126,1.56015,-1.09075,-0.29638,2026-09-30,False,,,,,,,,,,,,0.48611,10.0
MERCN,Process Industries,10.85,78068469.5162,66.46625,0.8412,-0.0718,38.39122,55.80047,102.05762,107.74,-5.68238,0.4545,0.1864,NEUTRAL,prior-research-2026-10-01+NEUTRAL,False,-51.88541,0.29635,0.33333,-66.46625,-0.8412,-70.36531,18.1731,6.70906,8.02104,131.55026,154.95292,15.53606,-0.61502,1.93655,-7.75516,-1.50695,-0.90554,-0.69188,-0.78407,-0.28369,-0.91482,0.76307,0.57848,0.73482,0.16188,0.31729,0.85714,-0.60961,1.27705,-0.15024,2026-09-30,False,,,,,,,,,,,,0.49519,7.86052
MERIT,Consumer Services,13.64,32971025.51677,35.02212,0.75809,0.37307,82.99817,58.80547,105.95481,107.74,-1.78519,0.5497,0.2014,NEUTRAL,prior-research-2026-10-01+NEUTRAL,False,-20.30769,0.57359,0.41667,-35.02212,-0.75809,-42.64087,17.31114,4.53661,15.77041,433.47502,7.69069,64.81737,-0.0,1.02639,67.0505,-0.07876,0.44508,0.15262,1.25769,-0.09977,0.57898,-0.24518,0.6088,1.52428,1.91951,-1.44988,2.42911,1.65065,0.9956,1.21908,2026-09-30,False,,,,,,,,,,,,0.59729,2.35669
MERKO,Consumer Non-Durables,0.92,31908347.90458,290.0833,0.5957,-0.02684,42.41316,55.80047,102.05762,107.74,-5.68238,0.4545,0.1864,NEUTRAL,prior-research-2026-10-01+NEUTRAL,False,-91.74434,0.05047,0.25,-290.0833,-0.5957,-94.95337,17.27838,34.64881,72.64152,240.96531,75.97483,13.45241,-0.24279,0.0,-87.73758,-2.97255,-2.43021,-1.17053,-3.0,0.611,-2.41762,-0.16378,1.63732,2.50097,0.83014,-0.42749,0.69302,0.10861,-0.71132,-1.93134,2026-09-30,False,,,,,,,,,,,,0.49009,4.20168
METRO,Consumer Non-Durables,6.56,54233722.71487,52.79969,0.76473,-0.45454,13.52834,55.80047,102.05762,107.74,-5.68238,0.4545,0.1864,NEUTRAL,prior-research-2026-10-01+NEUTRAL,False,79.70086,0.69936,0.75,-52.79969,-0.76473,-39.3417,17.80881,1.9371,2.48825,131.13202,6.69153,36.96905,-0.0,0.0,742.17347,1.45206,0.91688,2.44214,-0.27976,-0.18235,0.61359,0.33912,0.06524,0.1203,0.05921,-2.10397,1.48977,2.03571,-0.71132,2.35392,2026-09-30,False,,,,,,,,,,,,0.44539,5.23883
MGROS,Retail Trade,504.5,1608296827.5,36.51886,0.77028,-0.15188,31.26143,55.80047,102.05762,107.74,-5.68238,0.4545,0.1864,NEUTRAL,prior-research-2026-10-01+NEUTRAL,False,17.90495,0.69682,0.5,-36.51886,-0.77028,-31.21547,21.19844,7.44412,6.61757,103.20961,510.22905,-2.51856,-0.42004,1.61481,6.5397,0.21822,0.20875,0.16605,0.57485,-0.11086,0.33541,1.63496,0.66748,0.53437,0.05376,0.28311,-0.34539,-0.10875,0.49821,0.37768,2026-09-30,False,,,,,,,,,,,,0.53319,5.32129
MHRGY,Finance,1.72,10060905.04774,45.79273,0.58404,0.22571,68.92139,54.27547,100.07985,107.74,-7.66015,0.5049,0.1889,NEUTRAL,prior-research-2026-10-01+NEUTRAL,False,-16.62148,0.52197,0.25,-45.79273,-0.58404,-47.80333,16.12417,4.71714,12.35153,281.64541,36.33175,97.92126,-3e-05,2.63936,63.1087,-0.52509,-0.0606,-1.56091,0.16294,0.97091,-0.02491,-1.29629,-0.1779,0.39016,0.90652,-0.27342,1.57207,1.44449,1.02686,1.23466,2026-09-30,False,,,,,,,,,,,,0.54232,2.66666
MIATK,Technology Services,21.34,607733533.32722,79.59727,1.17322,-0.35284,18.09872,55.80047,102.05762,107.74,-5.68238,0.4545,0.1864,NEUTRAL,prior-research-2026-10-01+NEUTRAL,True,-30.60192,0.37904,0.25,-79.59727,-1.17322,-63.5524,20.22525,-25.93143,-14.74909,51.97477,23.14868,28.3358,-0.30519,0.0,-21.08258,-1.07864,-0.60286,-1.39252,-1.02122,-1.31259,-0.66254,0.97906,-1.69387,-1.05365,-0.22143,-0.48759,0.96246,-0.55502,-0.38676,-0.79107,2026-09-30,False,,,,,,,,,,,,0.38449,10.00001
MMCAS,Transportation,14.4,1137186.0,79.9486,0.70954,-0.45979,12.97989,55.80047,102.05762,107.74,-5.68238,0.4545,0.1864,NEUTRAL,prior-research-2026-10-01+NEUTRAL,True,-39.7707,0.09796,0.16667,-79.9486,-0.70954,-90.52381,13.94407,-73.18004,-2.79188,6.5306,2.50265,-118.1988,-0.0,0.0,-88.29497,-1.29431,-2.36031,-2.14337,-1.50651,0.38238,-2.37579,-3.0,-2.23709,-0.69927,-2.23846,-2.06171,-2.50475,2.45992,-0.67655,-1.8627,2026-09-30,False,,,,,,,,,,,,0.37219,9.95717
MNDRS,Consumer Non-Durables,8.84,23881130.60194,35.42758,0.8636,0.86192,99.26874,125.15047,191.99764,107.74,84.25764,0.5947,0.1885,NEUTRAL,prior-research-2026-10-01+NEUTRAL,False,-24.41471,0.54233,0.33333,-35.42758,-0.8636,-45.76687,16.9886,2.91735,18.32703,679.07671,358.28659,-5.75482,-0.23242,0.0,-21.70441,-0.47313,0.13199,-0.49649,1.0638,-0.72714,0.19115,-0.36555,0.14445,1.34311,3.0,1.01838,-0.77659,0.14341,-0.71132,-0.7168,2026-09-30,True,,,,,,,,,,,,0.68195,4.27427
MNDTR,Process Industries,3.93,7016011.62078,28.66013,0.77583,0.47787,90.67642,59.89547,107.36843,107.74,-0.37157,0.5912,0.1938,NEUTRAL,prior-research-2026-10-01+NEUTRAL,True,-34.4,0.43911,0.25,-28.66013,-0.77583,-56.08938,15.76371,-24.9268,-47.05621,187.8599,401.96017,-4.77906,-0.14211,0.0,-7.92524,-0.96598,-0.25727,-1.36592,2.01584,0.06003,-0.27229,-1.05249,-1.13584,-1.48669,0.58086,1.26145,-0.61711,0.28824,-0.46691,-0.16516,2026-09-30,False,,,,,,,,,,,,0.60036,3.86966
MOBTL,Distribution Services,10.08,50092394.96741,49.77581,0.62442,-0.02225,43.32724,55.80047,102.05762,107.74,-5.68238,0.4545,0.1864,NEUTRAL,prior-research-2026-10-01+NEUTRAL,False,74.69051,0.61202,0.66667,-49.77581,-0.62442,-42.8051,17.72938,8.6917,6.99957,92.44251,172.54889,5.24864,-0.25058,0.0,24.80619,1.27903,0.83123,1.95875,0.46633,0.45363,0.68455,0.40213,0.38081,0.64263,0.39814,-0.3229,0.13357,0.19351,-0.44176,1.08065,2026-09-30,False,,,,,,,,,,,,0.52142,7.00637
MOGAN,Utilities,8.93,320857166.94706,76.08652,0.77149,-0.32485,19.19561,55.80047,102.05762,107.74,-5.68238,0.4545,0.1864,NEUTRAL,prior-research-2026-10-01+NEUTRAL,True,83.15565,0.42564,0.66667,-76.08652,-0.77149,-60.00953,19.58651,-11.84243,-41.54122,381.26766,55.98491,-34.64205,-0.41077,0.0,-32.17871,1.06543,-0.58015,1.50251,-1.29379,-0.12103,-0.59316,0.63272,-0.78705,-1.51024,1.21958,-0.02426,-1.49567,-0.27758,-0.69305,-0.66091,2026-09-30,False,,,,,,,,,,,,0.41054,9.9851
MOPAS,Retail Trade,18.59,54922259.17153,42.2741,0.74293,-0.09548,35.83181,55.80047,102.05762,107.74,-5.68238,0.4545,0.1864,NEUTRAL,prior-research-2026-10-01+NEUTRAL,False,-24.40549,0.30321,0.25,-42.2741,-0.74293,-69.82547,17.82143,6.11299,6.0986,111.44055,398.35487,1.98493,-0.59384,0.0,,-0.96029,-1.56629,-1.7113,0.04355,0.0365,-1.57866,0.01256,0.58789,0.4756,0.12675,0.1285,-0.03148,-0.37367,-1.09075,0.0,2026-09-30,False,,,,,,,,,,,,0.53565,2.10608
MPARK,Health Services,417.75,254798356.5,36.77715,0.81524,0.15491,61.24314,54.27547,100.07985,107.74,-7.66015,0.5049,0.1889,NEUTRAL,prior-research-2026-10-01+NEUTRAL,False,20.64187,0.84394,0.41667,-36.77715,-0.81524,-19.69697,19.35598,16.92,7.66558,53.11319,77.60291,19.09553,-0.4907,0.0,4.51246,0.14557,1.19918,0.26624,0.54922,-0.37287,1.40798,0.77025,1.04098,0.78356,-0.48234,0.09473,0.63479,-0.25919,-0.43692,0.07869,2026-09-30,False,,,,,,,,,,,,0.54184,4.94572
MRGYO,Finance,1.02,80035799.96134,69.83323,1.00492,0.05183,50.63985,54.27547,100.07985,107.74,-7.66015,0.5049,0.1889,NEUTRAL,prior-research-2026-10-01+NEUTRAL,False,-48.23151,0.29738,0.5,-69.83323,-1.00492,-70.55394,18.19798,13.52431,67.71815,531.63964,10.95803,112.19755,-0.08069,0.0,25.70182,-1.52939,-1.04294,0.31644,-1.17533,-1.10761,-1.05217,0.4022,0.34939,1.75344,1.94511,-1.04845,1.68821,0.46572,-0.88033,0.82145,2026-09-30,False,,,,,,,,,,,,0.48084,9.87654
MRSHL,Process Industries,1300.0,67073787.0,56.11214,0.77221,-0.45826,13.16271,55.80047,102.05762,107.74,-5.68238,0.4545,0.1864,NEUTRAL,prior-research-2026-10-01+NEUTRAL,True,-16.04873,0.52975,0.41667,-56.11214,-0.77221,-47.02526,18.0213,-5.28775,-0.42831,8.28403,32.84864,10.44835,-0.4519,0.0,-5.44893,-0.36972,0.11022,-0.04657,-0.22956,0.08826,0.1358,0.72249,-0.33176,0.01482,-2.21444,-0.88633,0.57777,-0.35166,-0.46691,-0.07626,2026-09-30,False,,,,,,,,,,,,0.4109,9.9631
MSGYO,Finance,4.96,10942024.9208,49.81431,0.66526,-0.0268,42.59598,55.80047,102.05762,107.74,-5.68238,0.4545,0.1864,NEUTRAL,prior-research-2026-10-01+NEUTRAL,True,0.59627,0.53055,0.41667,-49.81431,-0.66526,-50.36836,16.20812,-1.00563,-2.0834,224.90907,48.11871,11.67147,-0.0,8.58351,272.49503,0.05244,-0.03706,-0.24156,-0.07266,0.62882,-0.15648,-1.25513,-0.59132,-0.85891,0.54288,-0.0399,-0.35736,1.8935,2.11669,1.84624,2026-09-30,False,,,,,,,,,,,,0.45369,9.91379
MTRKS,Technology Services,20.28,32475126.00884,53.23942,1.04722,0.29721,76.41682,57.21947,103.89792,107.74,-3.84208,0.5245,0.2036,NEUTRAL,prior-research-2026-10-01+NEUTRAL,False,29.77447,0.56333,0.5,-53.23942,-1.04722,-43.66666,17.29599,29.01781,13.86961,60.14413,72.59984,5.81279,-0.12569,0.98151,15.416,0.43696,0.26406,0.48483,0.28531,-0.86553,0.29429,-0.75084,1.04159,0.9964,-0.02965,0.3052,-0.13926,-0.11667,1.03769,0.62162,2026-09-30,False,,,,,,,,,,,,0.56019,6.6881
MZHLD,Producer Manufacturing,4.26,1379665.16995,37.20625,0.48704,0.45345,89.94516,58.80547,105.95481,107.74,-1.78519,0.5497,0.2014,NEUTRAL,prior-research-2026-10-01+NEUTRAL,False,-21.89781,0.56053,0.33333,-37.20625,-0.48704,-43.94736,14.13735,,,13.80557,,,-3.42956,0.0,,-0.43629,0.52101,-0.53966,1.13896,1.52052,0.54026,-2.47017,0.0,0.0,-1.60675,0.0,0.0,-1.65857,-0.41483,0.0,2026-09-30,False,,,,,,,,,,,,0.55309,10.0
NATEN,Industrial Services,3.83,34302490.90518,45.1973,0.7256,0.5001,92.8702,59.89547,107.36843,107.74,-0.37157,0.5912,0.1938,NEUTRAL,prior-research-2026-10-01+NEUTRAL,True,-41.15684,0.39854,0.16667,-45.1973,-0.7256,-60.14568,17.35073,-10.42414,-27.49751,287.85099,47.66272,-21.08632,-0.85858,0.0,-74.57384,-1.77292,-0.79009,-2.27769,0.78733,0.34835,-0.6471,-0.92953,-0.90424,-1.29188,1.69934,0.14617,-1.54435,-1.24333,-0.40421,-1.96938,2026-09-30,False,,,,,,,,,,,,0.6144,3.2258
NETAS,Technology Services,71.6,46964218.02721,61.8249,0.80496,0.23899,70.01828,57.21947,103.89792,107.74,-3.84208,0.5245,0.2036,NEUTRAL,prior-research-2026-10-01+NEUTRAL,False,16.0268,0.66729,0.41667,-61.8249,-0.80496,-35.21975,17.6649,,-2.8834,,325.00895,2.98278,,0.0,8.12549,0.25839,0.7763,-0.07317,-0.19044,0.28743,0.77958,-0.40844,0.0,-0.4118,0.0,1.5999,-0.38311,0.0,-0.38676,0.37834,2026-09-30,False,,,,,,,,,,,,0.50859,5.88235
NIBAS,Industrial Services,2.74,27162882.17637,65.75628,0.57648,-0.56952,9.14077,55.80047,102.05762,107.74,-5.68238,0.4545,0.1864,NEUTRAL,prior-research-2026-10-01+NEUTRAL,True,17.5747,0.24356,0.41667,-65.75628,-0.57648,-75.64444,17.11736,-107.21257,-59.89037,26.75791,14.51613,-2.12538,-0.0,0.0,78.37975,-0.05287,-1.49141,-0.22916,-0.38999,1.03846,-1.38501,-1.14482,-2.37852,-1.69503,-0.92609,-0.66689,-0.78672,1.62021,-0.40421,1.28178,2026-09-30,False,,,,,,,,,,,,0.35631,9.9537
NTGAZ,Utilities,10.43,35050676.4897,38.25805,0.55016,0.38467,84.27788,58.80547,105.95481,107.74,-1.78519,0.5497,0.2014,NEUTRAL,prior-research-2026-10-01+NEUTRAL,False,34.09368,0.78717,0.5,-38.25805,-0.55016,-24.0,17.37231,21.31642,15.08821,80.3205,125.50293,17.56238,-0.08079,8.33715,2.97677,0.49075,1.09255,0.37664,0.9022,0.89743,1.42557,-0.68411,1.12445,1.21032,-0.64847,0.61997,0.88035,0.54697,2.20972,0.59664,2026-09-30,False,,,,,,,,,,,,0.59531,3.57498
NTHOL,Consumer Services,35.88,85557503.38631,39.36268,0.77227,0.5301,94.69835,59.89547,107.36843,107.74,-0.37157,0.5912,0.1938,NEUTRAL,prior-research-2026-10-01+NEUTRAL,False,1.45403,0.69,0.25,-39.36268,-0.77227,-31.0,18.2647,1.33839,5.69587,536.22899,148.89364,10.87439,-0.14983,0.0,-4.54659,0.66854,0.99125,-1.16673,0.76078,-0.18002,1.2214,0.51286,0.34521,0.68499,2.38832,0.61806,1.11649,-0.04505,-0.43637,-0.23841,2026-09-30,False,,,,,,,,,,,,0.65752,4.07311
NUGYO,Finance,7.12,13318975.2514,39.86576,0.81132,0.23947,70.38391,57.21947,103.89792,107.74,-3.84208,0.5245,0.2036,NEUTRAL,prior-research-2026-10-01+NEUTRAL,True,-10.98901,0.61116,0.25,-39.86576,-0.81132,-38.88412,16.4047,-16.22366,-43.89642,274.70789,36.6561,-7.87562,-9e-05,0.0,-29.21204,-0.30166,0.4154,-1.56091,0.5824,-0.15989,0.512,-1.10725,-1.41598,-2.19093,0.8784,-0.25493,-1.84369,1.41752,-0.88033,-1.08438,2026-09-30,False,,,,,,,,,,,,0.54938,1.80588
NUHCM,Non-Energy Minerals,208.39999,10393457.68987,23.70957,0.58564,0.49358,91.59049,59.89547,107.36843,107.74,-0.37157,0.5912,0.1938,NEUTRAL,prior-research-2026-10-01+NEUTRAL,False,-6.55894,0.63585,0.33333,-23.70957,-0.58564,-37.87948,16.15669,0.98159,0.72413,76.9475,60.47894,9.92811,-0.07162,10.79655,-4.65772,-0.28246,0.48792,-0.93918,2.52464,1.26164,0.55475,-1.59429,0.19386,0.20168,-0.33448,-0.41116,0.47947,0.55593,2.53589,0.04506,2026-09-30,False,,,,,,,,,,,,0.60845,3.14815
OBAMS,Consumer Non-Durables,4.3,163815991.51442,42.29311,0.57243,-0.25671,24.68007,55.80047,102.05762,107.74,-5.68238,0.4545,0.1864,NEUTRAL,prior-research-2026-10-01+NEUTRAL,True,-22.20844,0.46739,0.41667,-42.29311,-0.57243,-53.80435,18.91425,-14.35484,-14.01478,97.99061,191.25042,-0.26847,-0.01248,0.812,-10.52601,-0.40392,-0.14195,0.14882,0.35412,0.74244,-0.14378,0.97664,-0.88738,-0.90587,-0.22422,0.37277,-0.44537,1.20852,0.65398,-0.27519,2026-09-30,False,,,,,,,,,,,,0.46969,3.2258
OBASE,Technology Services,26.18,23012898.29863,56.98029,0.7864,0.24824,70.74954,57.21947,103.89792,107.74,-3.84208,0.5245,0.2036,NEUTRAL,prior-research-2026-10-01+NEUTRAL,True,0.16658,0.54091,0.41667,-56.98029,-0.7864,-48.47107,16.95157,-1.22533,-0.7439,66.33368,76.4033,2.37597,-0.32874,0.0,-11.08719,-0.08445,0.11136,-0.07317,0.08047,0.36765,0.0363,-1.02303,-0.53182,-0.22664,0.07527,0.34654,-0.49287,-0.59991,-0.38676,-0.38855,2026-09-30,False,,,,,,,,,,,,0.54521,8.78806
ODAS,Utilities,5.92,415089143.20064,53.4471,1.06698,-0.03114,41.6819,55.80047,102.05762,107.74,-5.68238,0.4545,0.1864,NEUTRAL,prior-research-2026-10-01+NEUTRAL,True,43.37811,0.6212,0.5,-53.4471,-1.06698,-37.88038,19.844,-1.82009,-3.5495,184.43893,117.94615,-8.07444,-0.10783,0.0,-11.30834,0.64717,0.35402,0.37664,-0.13053,-1.59503,0.51937,0.8026,-0.18129,-0.33646,0.26927,0.53579,-0.8665,0.44766,-0.69305,0.02182,2026-09-30,False,,,,,,,,,,,,0.51183,3.7594
ODINE,Technology Services,199.5,811918535.0,94.69178,0.24015,-1.1855,0.91408,55.80047,102.05762,107.74,-5.68238,0.4545,0.1864,NEUTRAL,prior-research-2026-10-01+NEUTRAL,False,936.02062,0.06027,0.83333,-94.69178,-0.24015,-93.97281,20.51491,,,11.32057,,,-0.05586,0.0,,2.64641,-2.29987,3.0,-1.82919,2.79522,-2.32742,1.10474,0.0,0.0,-1.47019,0.0,0.0,0.18995,-0.38676,0.0,2026-09-30,False,,,,,,,,,,,,0.34205,-9.93996
OFSYM,Process Industries,55.4,57317621.65939,53.58802,0.66911,0.02538,47.89762,55.80047,102.05762,107.74,-5.68238,0.4545,0.1864,NEUTRAL,prior-research-2026-10-01+NEUTRAL,False,8.14372,0.69709,0.33333,-53.58802,-0.66911,-37.53161,17.86412,7.86971,4.19946,59.87753,242.93612,7.36926,-1.01105,1.50868,-18.88772,0.35901,0.93345,-0.69188,-0.10799,0.63274,0.69208,0.60823,0.66468,0.35506,-0.63697,0.68566,0.36974,-1.06819,1.0815,-0.65522,2026-09-30,False,,,,,,,,,,,,0.51113,4.96688
ONCSM,Health Technology,79.4,90873462.125,68.14199,0.65878,-0.7513,4.20475,55.80047,102.05762,107.74,-5.68238,0.4545,0.1864,NEUTRAL,prior-research-2026-10-01+NEUTRAL,False,70.67193,0.20895,0.5,-68.14199,-0.65878,-79.10526,18.32498,17.40031,3.81387,24.25485,42.3652,30.38816,-0.34837,0.0,18.78447,1.56123,-1.11308,1.03484,-0.92746,0.33523,-1.03809,0.81791,1.01037,0.38936,-1.77859,-0.57805,1.40865,-0.3729,-0.48804,0.58329,2026-09-30,False,,,,,,,,,,,,0.34658,10.0
ONRYT,Electronic Technology,9.42,49823854.66349,58.91106,0.79248,0.14146,60.14625,54.27547,100.07985,107.74,-7.66015,0.5049,0.1889,NEUTRAL,prior-research-2026-10-01+NEUTRAL,True,-26.94497,0.40043,0.33333,-58.91106,-0.79248,-60.34006,17.724,-5.52089,-6.43987,121.28587,36.06367,-12.1434,-0.16681,0.0,-31.84599,-1.09567,-0.49648,-0.9364,0.03106,0.46548,-0.55498,-0.78258,-0.79041,-0.79537,0.80268,-0.57725,-1.64016,0.51162,-0.20017,-1.42339,2026-09-30,False,,,,,,,,,,,,0.50995,2.87648
ORCAY,Consumer Non-Durables,2.3,5033605.99275,50.50756,0.75763,0.13793,59.78062,54.27547,100.07985,107.74,-7.66015,0.5049,0.1889,NEUTRAL,prior-research-2026-10-01+NEUTRAL,True,-63.26531,0.21739,0.33333,-50.50756,-0.75763,-78.35539,15.43165,-15.89936,-19.0368,152.06849,117.92196,2.01584,-0.92451,0.0,1.94626,-1.6522,-1.318,-0.49649,-0.1332,-0.1492,-1.29671,-1.45417,-0.9255,-1.09586,0.26793,-0.07262,-0.28591,-0.90748,-0.71132,0.22842,2026-09-30,False,,,,,,,,,,,,0.48295,4.12979
ORGE,Industrial Services,21.02,85411753.60761,52.92915,0.75479,0.29491,76.05119,57.21947,103.89792,107.74,-3.84208,0.5245,0.2036,NEUTRAL,prior-research-2026-10-01+NEUTRAL,False,66.71389,0.81158,0.5,-52.92915,-0.75479,-26.48648,18.26299,20.20606,10.14049,58.68841,51.45813,53.24163,-0.03027,0.0,-6.39732,0.55865,1.16908,0.32884,0.29421,0.19363,1.11361,-0.2317,0.94859,0.89888,-0.15286,0.19048,1.45175,0.53522,-0.40421,-0.29671,2026-09-30,False,,,,,,,,,,,,0.57287,3.33025
OSMEN,Finance,5.01,24179332.32298,51.22196,0.72699,0.26063,72.39488,57.21947,103.89792,107.74,-3.84208,0.5245,0.2036,NEUTRAL,prior-research-2026-10-01+NEUTRAL,False,-11.91331,0.4681,0.33333,-51.22196,-0.72699,-53.28322,17.00101,8.40552,11.59985,150.59702,1349.09768,2.73508,-0.83106,3.66214,133.62185,-0.35003,-0.25902,-0.88688,-0.15765,0.3156,-0.24617,-0.52398,0.09205,0.34611,0.07226,2.62835,-1.1436,-0.93544,1.214,1.46235,2026-09-30,False,,,,,,,,,,,,0.54859,2.60869
OSTIM,Miscellaneous,1.17,17136099.81468,40.99432,0.64973,0.20367,66.17916,54.27547,100.07985,107.74,-7.66015,0.5049,0.1889,NEUTRAL,prior-research-2026-10-01+NEUTRAL,True,-41.75713,0.42921,0.25,-40.99432,-0.64973,-57.07879,16.6567,-3.19956,-9.14533,303.14206,49.95998,-1.19133,-0.03841,0.0,17.18447,-0.93009,-0.01845,-0.6719,0.47654,0.32849,-0.03348,0.04663,-0.11578,-0.38054,1.10467,0.01347,-0.66792,-0.94756,-0.96267,0.05441,2026-09-30,False,,,,,,,,,,,,0.53508,3.28948
OTKAR,Consumer Durables,281.5,132491714.5,37.47473,0.6462,-0.34666,18.28154,55.80047,102.05762,107.74,-5.68238,0.4545,0.1864,NEUTRAL,prior-research-2026-10-01+NEUTRAL,True,-31.66578,0.53113,0.5,-37.47473,-0.6462,-48.49057,18.70203,-79.68342,-17.03446,14.83172,151.37871,-6.43727,-8.74826,0.0,-0.77741,-0.78294,-0.04849,0.78681,0.52636,1.0933,-0.08424,0.65588,-1.46701,-0.61223,-1.93295,-0.36722,-0.56024,-2.04585,-0.9095,-0.01394,2026-09-30,False,,,,,,,,,,,,0.42806,4.01891
OTTO,Process Industries,94.45,36679618.04095,56.82243,0.4961,-0.44041,14.44241,55.80047,102.05762,107.74,-5.68238,0.4545,0.1864,NEUTRAL,prior-research-2026-10-01+NEUTRAL,True,-68.10016,0.17888,0.25,-56.82243,-0.4961,-83.56061,17.41773,-4.43349,-3.64416,85.06377,46.72737,-12.54973,-0.03019,0.0,15.37188,-1.92188,-1.53852,-1.36592,-0.26432,1.34315,-1.62473,0.21148,-0.26002,-0.25946,-0.29392,-0.6224,-0.97576,0.89055,-0.46691,0.68149,2026-09-30,False,,,,,,,,,,,,0.39342,4.37787
OYAKC,Non-Energy Minerals,20.2,379223019.48855,34.98417,0.92912,0.09761,55.9415,54.27547,100.07985,107.74,-7.66015,0.5049,0.1889,NEUTRAL,prior-research-2026-10-01+NEUTRAL,False,7.68593,0.73135,0.58333,-34.98417,-0.92912,-29.76105,19.75364,11.04533,7.1906,74.9244,58.73722,18.66221,-0.04012,4.9505,-9.62211,0.14537,0.84849,0.79889,1.11026,-0.47521,0.98563,0.87852,0.88755,0.80022,-0.3602,-0.43247,0.91176,0.74315,1.57742,-0.17321,2026-09-30,False,,,,,,,,,,,,0.51486,5.25773
OYAYO,Finance,30.24,2476024.55892,49.43629,0.46391,-0.22834,27.05667,55.80047,102.05762,107.74,-5.68238,0.4545,0.1864,NEUTRAL,prior-research-2026-10-01+NEUTRAL,True,22.59366,0.44211,0.41667,-49.43629,-0.46391,-55.78948,14.72217,-4.53295,-1.14194,27.43093,10.62785,70.87935,-0.0,0.0,7.8348,0.49278,-0.39938,-0.24156,-0.04426,1.50795,-0.3855,-2.11507,-0.88771,-0.76157,-1.65578,-1.11318,0.92784,1.8935,-0.88033,0.24966,2026-09-30,False,,,,,,,,,,,,0.41591,9.63372
OYLUM,Consumer Non-Durables,6.22,2854377.10255,31.52986,0.38744,0.43571,88.29982,58.80547,105.95481,107.74,-1.78519,0.5497,0.2014,NEUTRAL,prior-research-2026-10-01+NEUTRAL,True,-34.77064,0.51877,0.16667,-31.52986,-0.38744,-49.9583,14.86436,-8.10067,-15.55296,221.67239,167.27226,2.98829,-0.135,0.0,3.22466,-0.79179,0.03772,-1.8997,1.48177,1.51893,-0.00193,-1.7722,-0.6555,-0.96817,0.69522,0.24239,-0.10304,0.3917,-0.71132,0.26294,2026-09-30,False,,,,,,,,,,,,0.59409,3.0
OYYAT,Finance,27.56,15044701.93178,46.30145,0.82759,0.49517,92.13894,59.89547,107.36843,107.74,-0.37157,0.5912,0.1938,NEUTRAL,prior-research-2026-10-01+NEUTRAL,False,-15.03795,0.39777,0.41667,-46.30145,-0.82759,-60.22315,16.52654,21.21221,28.3072,154.15427,344.05319,30.25143,-0.4292,13.69481,-26.99732,-0.42875,-0.6198,-0.24156,0.1237,-0.27075,-0.59798,-0.93444,0.64052,0.99102,0.14062,1.61322,0.31534,-0.40063,2.73861,-1.04606,2026-09-30,False,,,,,,,,,,,,0.60771,9.96441
OZGYO,Finance,1.54,29297971.24579,52.67996,0.92511,0.09687,55.57587,54.27547,100.07985,107.74,-7.66015,0.5049,0.1889,NEUTRAL,prior-research-2026-10-01+NEUTRAL,False,5.63438,0.616,0.33333,-52.67996,-0.92511,-38.4,17.19303,0.82093,3.47152,453.29451,17.69958,37.75142,-0.00088,1.08766,66.61653,0.196,0.45291,-0.88688,-0.25221,-0.75616,0.52892,-0.42197,-0.4917,-0.43133,1.68248,-0.79197,0.55812,1.3299,0.58199,1.26999,2026-09-30,False,,,,,,,,,,,,0.50178,3.7267
OZKGY,Finance,12.04,42669886.4444,35.48842,0.71674,0.36377,82.0841,58.80547,105.95481,107.74,-1.78519,0.5497,0.2014,NEUTRAL,prior-research-2026-10-01+NEUTRAL,True,-0.74055,0.75131,0.58333,-35.48842,-0.71674,-25.73891,17.569,-2.95694,-11.19271,418.58444,36.56977,16.72313,-0.10347,1.65033,-20.74447,0.00527,1.01281,0.85119,1.04897,0.38014,1.23694,-0.04869,-0.74408,-1.4259,1.44388,-0.26723,-0.13235,0.3716,0.71685,-0.85229,2026-09-30,False,,,,,,,,,,,,0.57091,3.0303
OZRDN,Process Industries,15.17,7233897.91883,65.53761,0.39985,-0.43386,14.80804,55.80047,102.05762,107.74,-5.68238,0.4545,0.1864,NEUTRAL,prior-research-2026-10-01+NEUTRAL,True,222.40002,0.39219,0.75,-65.53761,-0.39985,-60.78077,15.79429,-18.31027,-5.41839,34.35878,55.8353,0.7584,-0.00602,0.0,-3.49322,2.01082,-0.50584,2.24675,-0.72501,1.75909,-0.51233,-1.01579,-0.92891,-0.36406,-1.13254,-0.50119,-0.29808,1.24361,-0.46691,0.01651,2026-09-30,False,,,,,,,,,,,,0.39483,4.37393
OZSUB,Process Industries,34.48,101834064.5,54.00655,0.8279,-0.04233,40.03656,55.80047,102.05762,107.74,-5.68238,0.4545,0.1864,NEUTRAL,prior-research-2026-10-01+NEUTRAL,False,151.43284,0.77309,0.66667,-54.00655,-0.8279,-22.69058,18.43886,41.53113,10.44063,32.88265,71.98384,12.09564,-1.2851,1.78848,-16.6967,1.71122,1.29006,1.6373,-0.13686,-0.2493,1.72399,0.98159,1.94241,0.99008,-1.18353,-0.32172,0.73382,-1.24535,1.22365,-0.56475,2026-09-30,False,,,,,,,,,,,,0.47847,6.71073
OZYSR,Producer Manufacturing,10.77,37653554.78019,47.97871,0.52295,0.27013,72.94333,57.21947,103.89792,107.74,-3.84208,0.5245,0.2036,NEUTRAL,prior-research-2026-10-01+NEUTRAL,True,48.22122,0.76113,0.5,-47.97871,-0.52295,-23.88692,17.44394,-3.30471,-2.28654,74.86912,168.9431,2.01895,-0.90257,0.0,-15.40155,1.09567,1.47881,0.66365,0.36964,1.3339,1.84162,-0.12658,-0.20857,-0.01146,-0.04237,0.41969,-0.25591,-0.66134,-0.41483,-0.65815,2026-09-30,False,,,,,,,,,,,,0.53451,5.86206
PAGYO,Finance,121.9,14164270.67564,53.27402,0.55603,0.09356,55.21024,54.27547,100.07985,107.74,-7.66015,0.5049,0.1889,NEUTRAL,prior-research-2026-10-01+NEUTRAL,False,74.19839,0.70667,0.66667,-53.27402,-0.55603,-32.28985,16.46623,10.771,15.35347,167.09462,22.18799,86.01868,-1e-05,5.92022,29.14877,1.10222,0.83665,1.4423,-0.30935,1.07017,0.8234,-1.0331,0.20103,0.60433,0.22751,-0.58124,1.15588,1.48686,1.69139,0.91317,2026-09-30,False,,,,,,,,,,,,0.51669,4.88013
PAMEL,Utilities,45.0,14980828.98699,51.42644,0.72196,-0.26205,23.94881,55.80047,102.05762,107.74,-5.68238,0.4545,0.1864,NEUTRAL,prior-research-2026-10-01+NEUTRAL,True,-16.45429,0.44291,0.33333,-51.42644,-0.72196,-55.70866,16.52228,-59.06506,-31.68145,42.01527,4.42517,-127.16291,-0.0,0.0,-50.49577,-0.6475,-0.51567,-0.82667,0.01665,0.13822,-0.40239,-1.41178,-1.83142,-1.38395,-1.3167,-1.64227,-2.15729,1.98039,-0.69305,-0.96387,2026-09-30,False,,,,,,,,,,,,0.45633,1.58472
PAPIL,Electronic Technology,7.39,80747769.48266,52.91646,0.70986,-0.07491,38.02559,55.80047,102.05762,107.74,-5.68238,0.4545,0.1864,NEUTRAL,prior-research-2026-10-01+NEUTRAL,False,-22.13558,0.36084,0.41667,-52.91646,-0.70986,-64.35547,18.20684,,,20.57328,,,-0.42079,0.0,,-0.9315,-0.72225,-0.29108,0.37247,0.92653,-0.75695,-0.43581,0.0,0.0,-0.92658,0.0,0.0,-0.04583,-0.20017,0.0,2026-09-30,False,,,,,,,,,,,,0.4793,1.55642
PARSN,Producer Manufacturing,58.2,18099567.07142,36.69581,0.85739,0.48553,90.85923,59.89547,107.36843,107.74,-0.37157,0.5912,0.1938,NEUTRAL,prior-research-2026-10-01+NEUTRAL,True,-26.39327,0.55376,0.41667,-36.69581,-0.85739,-44.62417,16.7114,-9.30341,-23.42121,290.50279,111.59172,-9.99722,-0.41816,0.0,6.01479,-0.58755,0.49702,0.10565,1.20688,-0.2641,0.50159,-0.75559,-0.62499,-0.99123,1.60084,0.03032,-0.94677,-0.0305,-0.41483,0.17069,2026-09-30,False,,,,,,,,,,,,0.61475,5.20314
PASEU,Transportation,28.3,1432922328.5,105.59621,0.38098,-1.23401,0.54845,55.80047,102.05762,107.74,-5.68238,0.4545,0.1864,NEUTRAL,prior-research-2026-10-01+NEUTRAL,False,78.24302,0.1056,0.41667,-105.59621,-0.38098,-90.08209,21.08298,32.77655,5.49195,19.95132,12.62834,3.63455,-0.39722,0.0,-21.98274,1.06898,-2.32678,-0.09485,-2.4597,1.80957,-2.26801,1.22815,1.23621,-0.03597,-1.51883,-1.27088,-0.41125,0.23778,-0.67655,-0.63915,2026-09-30,False,,,,,,,,,,,,0.3189,6.47103
PATEK,Technology Services,13.47,268810378.77928,76.56682,0.93457,-0.38131,16.81901,55.80047,102.05762,107.74,-5.68238,0.4545,0.1864,NEUTRAL,prior-research-2026-10-01+NEUTRAL,True,-41.52745,0.39688,0.25,-76.56682,-0.93457,-61.90336,19.40952,-16.4083,-4.50812,37.93822,27.54105,-24.25584,-0.11208,0.0,3.2745,-1.45993,-0.52532,-1.39252,-0.94738,-0.40701,-0.58943,0.62277,-1.3593,-0.51922,-0.49028,-0.3578,-1.68863,-0.06909,-0.38676,0.18047,2026-09-30,False,,,,,,,,,,,,0.38467,9.96504
PCILT,Commercial Services,30.1,49771587.53243,52.30972,0.65558,0.49415,91.77331,59.89547,107.36843,107.74,-0.37157,0.5912,0.1938,NEUTRAL,prior-research-2026-10-01+NEUTRAL,False,57.17861,0.83012,0.58333,-52.30972,-0.65558,-20.08525,17.72295,23.52017,14.26612,68.97953,352.00846,5.18787,-0.03011,8.42144,44.79567,0.74467,2.17978,0.83913,0.61911,0.36777,2.58687,0.62306,1.05778,1.00251,0.40135,1.76384,0.49711,0.24204,2.16303,1.06937,2026-09-30,False,,,,,,,,,,,,0.63996,4.8583
PEKGY,Finance,3.7,1519591346.63751,74.25993,0.74232,-0.86813,3.10786,55.80047,102.05762,107.74,-5.68238,0.4545,0.1864,NEUTRAL,prior-research-2026-10-01+NEUTRAL,False,53.62948,0.19776,0.58333,-74.25993,-0.74232,-80.22448,21.14171,19.44271,6.41663,49.88739,5.83799,59.27087,-1.16673,0.0,-67.29808,0.92104,-1.535,0.85119,-1.41309,0.23294,-1.51829,1.74224,0.59982,-0.1581,-1.13186,-1.47265,0.77009,-1.21906,-0.88033,-1.7985,2026-09-30,False,,,,,,,,,,,,0.3261,9.95392
PENGD,Consumer Non-Durables,6.73,21920827.6269,44.11396,0.68895,0.21163,67.09324,54.27547,100.07985,107.74,-7.66015,0.5049,0.1889,NEUTRAL,prior-research-2026-10-01+NEUTRAL,True,1.47392,0.44718,0.41667,-44.11396,-0.68895,-55.28239,16.90295,-2.72607,-10.17616,396.76339,253.26533,-5.62855,-0.21193,0.0,-3.14972,0.39822,-0.25299,0.14882,0.23462,0.21793,-0.21587,-0.48619,-0.23038,-0.76987,1.49457,0.6173,-0.76149,0.19329,-0.71132,0.05277,2026-09-30,False,,,,,,,,,,,,0.53939,2.68757
PENTA,Distribution Services,9.63,18976470.14106,38.51176,0.79965,0.50167,93.05302,59.89547,107.36843,107.74,-0.37157,0.5912,0.1938,NEUTRAL,prior-research-2026-10-01+NEUTRAL,False,-13.95502,0.56949,0.25,-38.51176,-0.79965,-43.05145,16.75871,2.221,2.5079,117.61708,939.58256,3.13777,-0.32986,0.0,-0.43139,-0.23132,0.59303,-1.04446,1.21225,-0.42726,0.66953,-0.42721,-0.13277,0.20606,0.66141,1.11539,-0.0415,0.03919,-0.44176,0.25421,2026-09-30,False,,,,,,,,,,,,0.66007,1.84473
PETKM,Process Industries,18.91,1733277402.30368,52.77575,0.75248,-0.24431,25.77697,55.80047,102.05762,107.74,-5.68238,0.4545,0.1864,NEUTRAL,prior-research-2026-10-01+NEUTRAL,True,6.63186,0.69676,0.58333,-52.77575,-0.75248,-32.01916,21.27328,-3.27339,-4.78051,153.02227,231.51733,-6.28825,-0.74546,0.0,16.41749,0.31971,0.92005,1.04619,-0.03641,0.2209,0.97493,2.24599,-0.16928,-0.31945,0.37091,0.65842,-0.69901,-0.76794,-0.46691,0.69924,2026-09-30,False,,,,,,,,,,,,0.46839,9.97281
PETUN,Consumer Non-Durables,9.78,15208038.19674,34.30895,0.64893,0.67827,98.17185,125.15047,191.99764,107.74,84.25764,0.5947,0.1885,NEUTRAL,prior-research-2026-10-01+NEUTRAL,False,-8.84407,0.64769,0.41667,-34.30895,-0.64893,-35.2311,16.53733,2.66608,8.5878,361.56585,395.60115,8.52201,-0.36699,2.50511,0.53353,0.0493,0.70365,0.14882,1.2322,0.43751,0.82429,-0.74666,0.11967,0.68834,1.31904,1.10634,0.36137,-0.14076,1.15565,0.18918,2026-09-30,False,,,,,,,,,,,,0.67241,5.04274
PGSUS,Transportation,136.10001,1552164919.31318,32.9019,0.97953,0.2054,66.54479,54.27547,100.07985,107.74,-7.66015,0.5049,0.1889,NEUTRAL,prior-research-2026-10-01+NEUTRAL,True,-29.83834,0.60759,0.33333,-32.9019,-0.97953,-39.24107,21.16292,-1.23886,-1.90956,158.78825,250.67334,4.04317,-2.26383,0.0,-0.15247,-0.98996,0.18521,-0.74016,1.52665,-1.01565,0.34136,1.26521,-0.41887,-0.63154,0.58906,0.97277,-0.38994,-1.14262,-0.67655,0.27885,2026-09-30,False,,,,,,,,,,,,0.55175,4.083
PINSU,Consumer Non-Durables,8.69,23640299.78765,36.26302,0.36761,0.14408,60.32907,54.27547,100.07985,107.74,-7.66015,0.5049,0.1889,NEUTRAL,prior-research-2026-10-01+NEUTRAL,False,-8.38537,0.58875,0.25,-36.26302,-0.36761,-41.12467,16.97846,5.14548,5.45943,120.48586,118.432,6.22618,-0.22917,0.0,-3.48082,0.06831,0.38819,-1.17053,0.92294,1.64165,0.47571,-0.37112,0.34051,0.36344,-0.01962,-0.05173,0.20346,0.15337,-0.71132,0.04303,2026-09-30,False,,,,,,,,,,,,0.53171,2.67063
PKART,Commercial Services,81.95,52036485.90917,73.59157,0.89279,-0.10713,34.91773,55.80047,102.05762,107.74,-5.68238,0.4545,0.1864,NEUTRAL,prior-research-2026-10-01+NEUTRAL,False,46.05187,0.47071,0.41667,-73.59157,-0.89279,-52.92935,17.76746,20.30927,5.51893,30.83891,140.30797,8.13726,-0.0,0.0,19.43077,0.61956,0.45326,-0.25362,-0.53099,-0.91565,0.47717,0.66647,0.91633,0.23477,-0.35236,0.85668,0.74899,1.31293,-0.80119,0.58308,2026-09-30,False,,,,,,,,,,,,0.50737,3.30912
PKENT,Consumer Services,90.95,15500810.15543,33.36418,0.61885,-0.04071,40.40219,55.80047,102.05762,107.74,-5.68238,0.4545,0.1864,NEUTRAL,prior-research-2026-10-01+NEUTRAL,False,-44.22043,0.29722,0.5,-33.36418,-0.61885,-70.27778,16.5564,11.53425,6.65111,1.91953,59.11899,2.81768,-0.00014,0.0,-9.9788,-0.85309,-0.80719,0.71062,1.48732,0.58993,-0.73609,-0.86649,1.06604,0.77025,-3.0,-0.0692,0.4523,1.14861,-0.43637,-0.47684,2026-09-30,False,,,,,,,,,,,,0.50232,1.46771
PLTUR,Transportation,14.51,25971972.23929,43.28707,0.7307,0.48849,91.40768,59.89547,107.36843,107.74,-0.37157,0.5912,0.1938,NEUTRAL,prior-research-2026-10-01+NEUTRAL,False,-13.76405,0.5516,0.41667,-43.28707,-0.7307,-44.84023,17.07253,6.15334,15.24427,268.75061,246.76643,16.09052,-0.2549,6.81436,13.73963,-0.45007,-0.13349,-0.09485,0.44237,0.26796,-0.03636,-0.97629,0.11801,0.80705,1.24829,0.93762,0.42744,0.47821,2.02075,0.76106,2026-09-30,False,,,,,,,,,,,,0.62694,3.12501
PNLSN,Non-Energy Minerals,31.34,33088434.30684,44.64623,0.88079,0.32704,79.34186,57.21947,103.89792,107.74,-3.84208,0.5245,0.2036,NEUTRAL,prior-research-2026-10-01+NEUTRAL,False,0.81273,0.58509,0.41667,-44.64623,-0.88079,-41.49104,17.31469,8.83172,11.31767,140.85686,146.20101,11.09069,-0.10866,2.19512,-0.90469,-0.0331,0.19281,-0.29387,0.20683,-0.22424,0.32288,-0.6125,0.81779,1.16228,0.29748,0.24927,0.55053,0.41172,0.9968,0.16675,2026-09-30,False,,,,,,,,,,,,0.60453,2.64076
PNSUT,Consumer Non-Durables,9.87,21265242.74618,47.06255,0.69478,0.40457,85.92322,58.80547,105.95481,107.74,-1.78519,0.5497,0.2014,NEUTRAL,prior-research-2026-10-01+NEUTRAL,True,-20.14184,0.5517,0.33333,-47.06255,-0.69478,-44.82951,16.87258,-8.96119,-32.38125,382.67893,489.71899,-0.40865,-0.56119,0.0,-26.60198,-0.3429,0.21274,-0.49649,0.07155,0.18633,0.26277,-0.49814,-0.70007,-1.42166,1.43106,1.24463,-0.45151,-0.4794,-0.71132,-0.85657,2026-09-30,False,,,,,,,,,,,,0.58544,9.53654
POLHO,Process Industries,17.72,40757440.14132,41.08908,0.77691,0.05014,50.27422,54.27547,100.07985,107.74,-7.66015,0.5049,0.1889,NEUTRAL,prior-research-2026-10-01+NEUTRAL,True,3.73134,0.75212,0.33333,-41.08908,-0.77691,-28.40485,17.52315,-12.97618,-17.79456,105.7937,47.85912,-2.10212,-0.15997,0.0,-28.44441,0.25673,1.1732,-0.69188,0.69686,0.05062,1.18251,0.29407,-0.69314,-0.96099,-0.03893,-0.58882,-0.45979,0.24211,-0.46691,-0.92372,2026-09-30,False,,,,,,,,,,,,0.48272,9.12653
POLTK,Process Industries,2760.0,24208191.25,45.22117,0.74569,-0.67133,5.85009,55.80047,102.05762,107.74,-5.68238,0.4545,0.1864,NEUTRAL,prior-research-2026-10-01+NEUTRAL,True,-41.05677,0.22403,0.25,-45.22117,-0.74569,-77.5974,17.0022,-18.81343,-0.56474,2.99206,10.49416,3.85377,-0.1017,0.0,29.39477,-1.18425,-1.21322,-1.36592,0.42793,0.24005,-1.24066,-0.13712,-0.95573,0.00476,-2.77688,-1.68401,0.05955,0.45205,-0.46691,1.08215,2026-09-30,False,,,,,,,,,,,,0.40491,2.18613
PRDGS,Finance,3.77,43628911.64769,62.40078,0.9511,-0.07175,38.57404,55.80047,102.05762,107.74,-5.68238,0.4545,0.1864,NEUTRAL,prior-research-2026-10-01+NEUTRAL,False,22.44898,0.40538,0.5,-62.40078,-0.9511,-59.46237,17.59123,16.51284,54.15706,368.70835,16.12079,339.07255,-0.0,0.0,105.84398,0.48187,-0.55103,0.31644,-0.78698,-0.89371,-0.52522,-0.03424,0.45755,1.65383,1.21379,-0.82037,2.07115,1.8935,-0.88033,1.41642,2026-09-30,False,,,,,,,,,,,,0.50078,1.41243
PRKAB,Producer Manufacturing,23.28,18570221.63276,51.57024,1.2681,-0.00238,44.78976,55.80047,102.05762,107.74,-5.68238,0.4545,0.1864,NEUTRAL,prior-research-2026-10-01+NEUTRAL,True,-8.28828,0.36037,0.33333,-51.57024,-1.2681,-63.96285,16.73707,-50.90291,-8.21691,14.08872,377.95155,2.0189,-0.05411,0.0,3.64561,0.01268,-0.42837,-0.53966,0.13728,-1.95021,-0.40652,-0.71745,-1.6808,-0.39264,-1.58061,1.22125,-0.26161,0.95074,-0.41483,0.11575,2026-09-30,False,,,,,,,,,,,,0.47031,10.0
PRKME,Non-Energy Minerals,13.65,48172572.03642,59.04432,1.09287,-0.02616,42.77879,55.80047,102.05762,107.74,-5.68238,0.4545,0.1864,NEUTRAL,prior-research-2026-10-01+NEUTRAL,True,4.95774,0.54296,0.41667,-59.04432,-1.09287,-45.70406,17.6903,-12.94221,-30.86836,242.84924,24.87554,-12.92814,-0.0,0.0,-54.91826,0.07214,-0.03875,-0.29387,-0.64373,-1.1617,0.05844,-0.2809,-0.61681,-1.16665,0.99088,-1.03347,-1.06228,1.95524,-0.80259,-1.37139,2026-09-30,False,,,,,,,,,,,,0.48762,4.83252
PSDTC,Process Industries,96.5,44336772.73494,71.37135,0.42813,-0.63552,6.94698,55.80047,102.05762,107.74,-5.68238,0.4545,0.1864,NEUTRAL,prior-research-2026-10-01+NEUTRAL,False,7.54878,0.52219,0.58333,-71.37135,-0.42813,-53.4632,17.60732,12.6676,3.97904,34.13187,13.47162,1.0464,-0.40879,1.77486,156.83092,0.34422,0.09609,1.04619,-1.04827,1.65317,-0.13743,0.37601,0.91596,0.32978,-1.14086,-1.46508,-0.28024,-0.28432,1.19763,1.71808,2026-09-30,False,,,,,,,,,,,,0.36062,10.0
PSGYO,Finance,1.61,426544429.42542,71.92865,0.91143,-0.27897,22.48629,55.80047,102.05762,107.74,-5.68238,0.4545,0.1864,NEUTRAL,prior-research-2026-10-01+NEUTRAL,False,-0.83466,0.40163,0.5,-71.92865,-0.91143,-60.08603,19.87123,7.94953,24.94202,358.82849,11.02056,-20.55185,-0.39798,0.63292,-22.85604,-0.00414,-0.57196,0.31644,-1.29979,-0.69534,-0.57173,1.28253,0.05883,0.92101,1.13443,-1.03611,-2.26803,-0.33374,0.42742,-0.94531,2026-09-30,False,,,,,,,,,,,,0.46181,3.70371
QNBTR,Finance,158.89999,2651505.75,39.04023,0.76958,0.37742,83.54662,58.80547,105.95481,107.74,-1.78519,0.5497,0.2014,NEUTRAL,prior-research-2026-10-01+NEUTRAL,False,-49.9187,0.4242,0.16667,-39.04023,-0.76958,-58.141,14.79064,32.49126,6.3151,22.99397,60.77329,34.11142,-3.65437,0.0,-17.79446,-1.56909,-0.46911,-2.29009,0.64422,0.08549,-0.47454,-2.04414,1.04039,-0.1688,-1.75019,0.10637,0.49412,-2.02836,-0.88033,-0.75319,2026-09-30,False,,,,,,,,,,,,0.55301,3.5503
QUAGR,Non-Energy Minerals,1.85,134828147.29143,67.45109,1.26029,-0.07789,37.65996,55.80047,102.05762,107.74,-5.68238,0.4545,0.1864,NEUTRAL,prior-research-2026-10-01+NEUTRAL,True,-64.85876,0.18839,0.41667,-67.45109,-1.26029,-81.1609,18.71951,-10.75839,-21.78079,204.62412,205.51073,6.0921,-0.47993,0.0,-8.16344,-2.07575,-1.66908,-0.29387,-1.10153,-1.72794,-1.60644,0.40324,-0.56839,-0.95551,0.72623,0.60433,0.20403,-0.41236,-0.80259,-0.10772,2026-09-30,False,,,,,,,,,,,,0.47507,7.28156
RALYH,Industrial Services,85.35,502108115.50384,90.00004,0.80213,-0.56388,9.32358,55.80047,102.05762,107.74,-5.68238,0.4545,0.1864,NEUTRAL,prior-research-2026-10-01+NEUTRAL,False,57.62195,0.22012,0.58333,-90.00004,-0.80213,-77.98839,20.03433,39.08937,9.00903,32.93788,29.86624,16.48078,-0.50648,0.0,39.20453,0.50194,-1.59347,0.86359,-1.5559,-0.07054,-1.48561,0.63739,1.56146,0.75382,-0.66786,-0.19944,0.59805,-0.80642,-0.40421,1.01204,2026-09-30,False,,,,,,,,,,,,0.38582,5.85366
RAYSG,Finance,123.0,18945859.08025,35.80972,0.81861,0.17546,62.88848,54.27547,100.07985,107.74,-7.66015,0.5049,0.1889,NEUTRAL,prior-research-2026-10-01+NEUTRAL,False,-35.30629,0.45179,0.16667,-35.80972,-0.81861,-54.82094,16.7571,41.69461,17.50709,48.95438,167.0417,20.01278,-0.00212,0.0,26.96567,-1.10076,-0.33106,-2.29009,0.99525,-0.21258,-0.33217,-0.73986,1.35173,0.71109,-1.14518,0.91167,0.01781,1.25085,-0.88033,0.89732,2026-09-30,False,,,,,,,,,,,,0.52447,4.70199
REEDR,Technology Services,3.35,86014423.52345,52.9172,0.9875,0.23922,70.2011,57.21947,103.89792,107.74,-3.84208,0.5245,0.2036,NEUTRAL,prior-research-2026-10-01+NEUTRAL,True,-44.49902,0.31844,0.5,-52.9172,-0.9875,-68.1559,18.27003,-13.04589,-32.5914,274.46049,52.652,-16.37596,-0.04368,0.0,-70.21513,-1.5557,-0.84175,0.48483,0.30437,-0.6107,-0.85912,0.03266,-1.26143,-1.55221,1.72765,0.08252,-1.49297,0.27005,-0.38676,-1.7524,2026-09-30,False,,,,,,,,,,,,0.5508,1.32575
RGYAS,Finance,189.39999,327945555.83779,32.38307,0.49698,0.23388,69.28702,54.27547,100.07985,107.74,-7.66015,0.5049,0.1889,NEUTRAL,prior-research-2026-10-01+NEUTRAL,False,34.74385,0.87929,0.75,-32.38307,-0.49698,-18.8691,19.60836,14.66797,31.78379,259.02494,26.01009,65.17866,-0.20576,0.86557,25.23121,0.64133,1.84007,2.05176,1.46242,1.30631,2.06349,1.12767,0.38893,1.10229,0.74096,-0.48514,0.87688,0.0661,0.49961,0.81415,2026-09-30,False,,,,,,,,,,,,0.55136,5.04202
RNPOL,Producer Manufacturing,1.82,6414165.98192,56.9554,0.77747,0.40162,85.7404,58.80547,105.95481,107.74,-1.78519,0.5497,0.2014,NEUTRAL,prior-research-2026-10-01+NEUTRAL,False,27.79901,0.57053,0.5,-56.9554,-0.77747,-42.94671,15.67402,7.02699,7.00346,108.56398,190.34035,9.57004,-1.22808,0.0,73.15008,0.77593,0.58883,0.66365,-0.17609,0.14554,0.63876,-1.48446,0.5604,0.80881,0.36387,0.52665,0.44941,-0.92872,-0.41483,1.31459,2026-09-30,False,,,,,,,,,,,,0.58821,6.82927
RODRG,Consumer Non-Durables,16.17,5261976.99177,66.0987,0.36889,-0.26822,23.40037,55.80047,102.05762,107.74,-5.68238,0.4545,0.1864,NEUTRAL,prior-research-2026-10-01+NEUTRAL,False,7.47271,0.50437,0.33333,-66.0987,-0.36889,-49.56332,15.47602,19.99687,2.89008,16.6925,18.34452,-13.44549,-0.18096,0.0,-37.63366,0.52376,-0.04235,-0.49649,-0.98952,1.61486,0.00747,-1.40603,1.09052,0.16026,-1.92055,-1.43937,-1.08858,0.26364,-0.71132,-1.11782,2026-09-30,False,,,,,,,,,,,,0.45264,6.5625
RTALB,Health Technology,1.87,51597833.49806,57.76332,0.85995,0.03134,48.26325,55.80047,102.05762,107.74,-5.68238,0.4545,0.1864,NEUTRAL,prior-research-2026-10-01+NEUTRAL,False,-35.97285,0.39703,0.25,-57.76332,-0.85995,-60.29724,17.75899,13.56108,35.40302,297.92714,27.68461,-7.60031,-0.01236,0.0,19.30477,-0.64566,-0.25774,-0.84251,-0.35548,-0.72226,-0.15891,0.39464,0.82096,1.98534,0.94215,-0.84807,-0.73522,0.96898,-0.48804,0.60837,2026-09-30,False,,,,,,,,,,,,0.48003,9.78261
RUBNS,Process Industries,15.2,59716041.30431,70.57925,0.55745,-0.24243,25.95978,55.80047,102.05762,107.74,-5.68238,0.4545,0.1864,NEUTRAL,prior-research-2026-10-01+NEUTRAL,True,56.22033,0.31933,0.5,-70.57925,-0.55745,-68.06723,17.90511,-0.61429,-2.21266,423.36304,195.63464,46.02802,-0.08757,0.0,20.39015,1.0481,-0.78712,0.51143,-1.01442,1.08852,-0.81897,0.65257,0.03003,-0.14842,1.76274,0.52291,1.6722,0.51823,-0.46691,0.82965,2026-09-30,False,,,,,,,,,,,,0.46698,4.3248
RUZYE,Process Industries,4.63,44040056.40999,60.01481,1.00194,-0.36446,17.55027,55.80047,102.05762,107.74,-5.68238,0.4545,0.1864,NEUTRAL,prior-research-2026-10-01+NEUTRAL,True,-28.86422,0.29267,0.41667,-60.01481,-1.00194,-70.73325,17.60061,-7.88033,-9.36026,123.49022,20.5588,-37.36558,-0.20542,0.0,9.78857,-0.77914,-0.92033,-0.04657,-0.42911,-1.04783,-0.93644,0.36158,-0.48967,-0.63052,0.10263,-1.21236,-1.52409,0.14612,-0.46691,0.50234,2026-09-30,False,,,,,,,,,,,,0.40896,9.92823
RYGYO,Finance,48.1,108249348.27145,45.69792,0.51185,-0.12393,33.63803,55.80047,102.05762,107.74,-5.68238,0.4545,0.1864,NEUTRAL,prior-research-2026-10-01+NEUTRAL,False,126.24179,0.94685,0.75,-45.69792,-0.51185,-19.39967,18.49995,21.6976,18.699,107.24185,20.83346,97.1527,-0.13695,0.0,600.58587,1.50687,2.07939,2.05176,0.17282,1.24593,1.94737,0.65139,0.65726,0.73195,-0.28113,-0.6363,1.52261,0.2339,-0.88033,2.12278,2026-09-30,False,,,,,,,,,,,,0.48883,8.52352
RYSAS,Transportation,24.28,238452751.35037,60.5845,0.28398,-0.26856,23.21755,55.80047,102.05762,107.74,-5.68238,0.4545,0.1864,NEUTRAL,prior-research-2026-10-01+NEUTRAL,False,105.33516,0.80185,0.58333,-60.5845,-0.28398,-27.64406,19.28968,12.83109,6.28937,59.56336,28.03624,33.32499,-0.57227,0.0,-13.29761,1.31931,1.07686,0.99791,-0.53855,2.14893,0.95134,0.49061,0.51895,0.03772,-0.47277,-0.72091,1.05068,-0.0665,-0.67655,-0.31973,2026-09-30,False,,,,,,,,,,,,0.43966,10.0
SAFKR,Producer Manufacturing,11.6,59173491.10076,48.64164,0.48431,-0.22366,27.4223,55.80047,102.05762,107.74,-5.68238,0.4545,0.1864,NEUTRAL,prior-research-2026-10-01+NEUTRAL,False,-18.30097,0.38008,0.16667,-48.64164,-0.48431,-64.54784,17.89598,11.80439,5.92749,58.05436,112.84039,14.23855,-0.05891,0.0,47.10811,-0.33889,-0.31133,-1.94287,0.31227,1.53229,-0.44808,0.28504,0.8446,0.65711,-0.29292,0.04066,0.72922,0.90856,-0.41483,1.16545,2026-09-30,False,,,,,,,,,,,,0.48974,4.5045
SAHOL,Finance,84.8,3033801524.49277,36.82149,1.2247,0.34639,80.9872,58.80547,105.95481,107.74,-1.78519,0.5497,0.2014,NEUTRAL,prior-research-2026-10-01+NEUTRAL,False,14.7151,0.76521,0.58333,-36.82149,-1.2247,-25.73516,21.83308,5.37075,11.09217,229.4734,700.44011,7.13581,-2.59882,1.66693,-11.50171,0.35534,1.10972,0.85119,0.85762,-1.94561,1.24802,2.08152,-0.12163,0.3036,0.59112,2.20103,-0.71358,-1.77543,0.74178,-0.50186,2026-09-30,False,,,,,,,,,,,,0.59093,7.4733
SAMAT,Commercial Services,3.7,5198908.56271,59.96564,0.65625,0.60239,96.52651,125.15047,191.99764,107.74,84.25764,0.5947,0.1885,NEUTRAL,prior-research-2026-10-01+NEUTRAL,False,-17.53846,0.46192,0.25,-59.96564,-0.65625,-53.80774,15.46396,22.955,34.27261,170.70206,10.00047,-39.64534,-0.00134,0.0,-97.28383,-0.7658,0.41027,-1.57297,0.20329,0.36194,0.41539,-1.05561,1.02961,1.6526,1.38041,-1.04337,-1.25908,0.73756,-0.80119,-2.38559,2026-09-30,False,,,,,,,,,,,,0.63417,9.87951
SANEL,Producer Manufacturing,34.4,18151071.27538,88.26639,0.28303,-0.23745,26.32541,55.80047,102.05762,107.74,-5.68238,0.4545,0.1864,NEUTRAL,prior-research-2026-10-01+NEUTRAL,False,98.76628,0.40047,0.41667,-88.26639,-0.28303,-59.95343,16.71424,105.87968,30.16167,41.23321,61.78913,28.38955,-0.03661,0.0,-0.60256,1.56368,-0.19122,0.10565,-1.73212,2.34872,-0.17649,-0.74916,2.56491,1.93166,-0.65154,-0.39804,1.26408,1.08444,-0.41483,-0.03153,2026-09-30,False,,,,,,,,,,,,0.44082,5.88808
SANFM,Process Industries,3.85,49009696.96589,69.31,0.67024,-0.5217,9.87203,55.80047,102.05762,107.74,-5.68238,0.4545,0.1864,NEUTRAL,prior-research-2026-10-01+NEUTRAL,False,41.58191,0.33362,0.41667,-69.31,-0.67024,-66.63778,17.70753,2.93189,1.23934,46.3775,91.30781,1.18931,-1.05566,1.03896,17.6273,0.85781,-0.74795,-0.04657,-0.92691,0.62718,-0.76108,0.44336,0.27806,0.11487,-0.95008,-0.16741,-0.25668,-1.10123,0.97261,0.72321,2026-09-30,False,,,,,,,,,,,,0.40447,2.33546
SANKO,Process Industries,17.7,7160200.10445,38.40811,0.58227,0.43522,88.117,58.80547,105.95481,107.74,-1.78519,0.5497,0.2014,NEUTRAL,prior-research-2026-10-01+NEUTRAL,True,-15.63877,0.69905,0.33333,-38.40811,-0.58227,-30.09478,15.78405,-8.02926,-7.04727,90.87918,200.2719,5.815,-0.0,0.0,-56.25465,-0.34955,0.94021,-0.69188,0.9211,1.01192,1.08934,-1.04006,-0.52059,-0.45628,-0.22941,0.54159,0.2335,1.96851,-0.46691,-1.45843,2026-09-30,False,,,,,,,,,,,,0.58735,4.25056
SARKY,Producer Manufacturing,19.72,106164525.95727,53.42207,1.37317,-0.02278,42.96161,55.80047,102.05762,107.74,-5.68238,0.4545,0.1864,NEUTRAL,prior-research-2026-10-01+NEUTRAL,False,69.17084,0.38649,0.58333,-53.42207,-1.37317,-61.351,18.4805,2.28295,1.38361,63.05151,496.0585,2.41578,-0.96988,1.78976,24.40876,1.27399,-0.27779,1.19841,-0.00039,-2.32545,-0.27707,0.65713,0.20439,0.27697,-0.20245,1.41849,-0.19403,-0.75121,1.28449,0.78583,2026-09-30,False,,,,,,,,,,,,0.47763,9.02318
SASA,Process Industries,1.8,0.0,62.8786,1.29454,0.54344,95.2468,125.15047,191.99764,107.74,84.25764,0.5947,0.1885,NEUTRAL,prior-research-2026-10-01+NEUTRAL,True,-25.31646,0.50847,0.33333,-62.8786,-1.29454,-49.15254,0.0,-7.49333,-12.82689,208.9898,70.61164,4.54737,-0.72644,0.0,13.81665,-0.6983,0.01607,-0.69188,-0.59061,-2.13028,0.01818,-2.6503,-0.45934,-0.76206,0.70189,-0.3321,0.12845,-0.74887,-0.46691,0.6408,2026-09-30,False,,,,,,,,,,,,0.58561,9.96016
SAYAS,Producer Manufacturing,40.2,89904707.81047,62.95423,0.74527,-0.13731,31.99269,55.80047,102.05762,107.74,-5.68238,0.4545,0.1864,NEUTRAL,prior-research-2026-10-01+NEUTRAL,False,0.26525,0.60045,0.41667,-62.95423,-0.74527,-39.95519,18.31426,14.89675,6.24178,48.1335,83.34212,17.83398,-0.19823,0.0,17.10319,0.2762,0.73888,0.10565,-0.515,0.34447,0.79881,0.55189,0.97294,0.67296,-0.5507,-0.21083,0.88198,0.4204,-0.41483,0.55983,2026-09-30,False,,,,,,,,,,,,0.4802,3.81395
SDTTR,Electronic Technology,15.3,168274502.66002,56.3681,0.4987,-0.2324,26.87386,55.80047,102.05762,107.74,-5.68238,0.4545,0.1864,NEUTRAL,prior-research-2026-10-01+NEUTRAL,False,20.82965,0.58438,0.5,-56.3681,-0.4987,-41.5625,18.94111,4.75838,1.2075,27.44227,26.24477,11.40964,-0.28728,0.10162,21.34395,0.20381,0.33807,0.26692,0.17873,1.81712,0.36838,-0.05502,0.00243,-0.27508,-0.66825,-0.76156,-0.01644,0.20677,0.96946,0.46367,2026-09-30,False,,,,,,,,,,,,0.46191,5.9804
SEGMN,Consumer Non-Durables,19.77,55275960.40514,73.39959,1.2966,-0.41751,15.35649,55.80047,102.05762,107.74,-5.68238,0.4545,0.1864,NEUTRAL,prior-research-2026-10-01+NEUTRAL,False,113.57267,0.28467,0.41667,-73.39959,-1.2966,-71.53348,17.82785,1.29919,1.73602,161.99482,91.85532,7.21096,-0.0372,3.09937,17.1753,1.72726,-0.98835,0.14882,-1.37738,-2.49857,-0.94103,0.36829,0.00586,0.06548,0.34273,-0.29394,0.27163,0.87573,1.28032,0.73283,2026-09-30,False,,,,,,,,,,,,0.44141,3.35622
SEGYO,Finance,2.77,13611710.26993,43.3079,0.67825,-0.1349,32.72395,55.80047,102.05762,107.74,-5.68238,0.4545,0.1864,NEUTRAL,prior-research-2026-10-01+NEUTRAL,True,-13.21184,0.4242,0.41667,-43.3079,-0.67825,-58.95865,16.42644,-23.02806,-70.18092,295.68805,19.02786,-215.29049,-0.0463,0.0,31.69868,-0.36954,-0.47416,-0.24156,0.27852,0.58427,-0.49469,-1.07362,-1.68292,-2.47501,0.99667,-0.72867,-3.0,0.64975,-0.88033,0.94563,2026-09-30,False,,,,,,,,,,,,0.46556,9.70149
SEKFK,Finance,3.93,2804087.72271,91.66686,0.71507,0.42486,87.93419,58.80547,105.95481,107.74,-1.78519,0.5497,0.2014,NEUTRAL,prior-research-2026-10-01+NEUTRAL,False,-46.76259,0.31899,0.41667,-91.66686,-0.71507,-68.50649,14.84659,23.2119,28.51315,147.44563,231.83527,49.55881,-4.45256,0.0,-10.69983,-1.50408,-0.94575,-0.24156,-2.23678,0.38516,-0.96185,-1.98154,0.75482,1.00587,0.04641,1.20855,0.66363,-2.14344,-0.88033,-0.46007,2026-09-30,False,,,,,,,,,,,,0.58665,4.25
SEKUR,Process Industries,3.52,14349147.83597,85.81958,0.78157,-0.24181,26.1426,55.80047,102.05762,107.74,-5.68238,0.4545,0.1864,NEUTRAL,prior-research-2026-10-01+NEUTRAL,False,259.74794,0.27098,0.66667,-85.81958,-0.78157,-75.36567,16.4792,4.41466,3.47319,82.94031,296.0195,9.1838,-1.85931,0.0,7.87988,2.14995,-1.00561,1.6373,-1.66611,0.0177,-1.17313,-0.64382,0.36281,0.29455,-0.31394,0.91849,0.50756,-1.49091,-0.46691,0.40771,2026-09-30,False,,,,,,,,,,,,0.44665,10.0
SELEC,Distribution Services,91.9,631215835.5,85.89895,0.87522,-0.66508,6.39854,55.80047,102.05762,107.74,-5.68238,0.4545,0.1864,NEUTRAL,prior-research-2026-10-01+NEUTRAL,False,333.8081,0.22975,0.5,-85.89895,-0.87522,-77.025,20.26316,6.37485,3.56978,72.2211,343.15369,3.60308,-0.7234,0.47878,6.30896,2.35145,-0.93456,0.83289,-1.38214,-0.86303,-0.93356,1.74096,0.20103,0.29119,0.14104,0.32862,-0.00396,-0.54446,0.81679,0.46721,2026-09-30,False,,,,,,,,,,,,0.41822,4.0
SELVA,Consumer Non-Durables,1.13,33400716.14874,50.75501,0.8301,-0.11535,34.36929,55.80047,102.05762,107.74,-5.68238,0.4545,0.1864,NEUTRAL,prior-research-2026-10-01+NEUTRAL,True,-53.60231,0.26905,0.25,-50.75501,-0.8301,-73.33333,17.32409,-35.52672,-71.19036,202.55328,181.53804,1.59441,-0.34819,0.0,6.28039,-1.36245,-1.06031,-1.17053,-0.15207,-0.58158,-1.05064,-0.10309,-1.54351,-1.87976,0.55465,0.33035,-0.3262,-0.11052,-0.71132,0.35786,2026-09-30,False,,,,,,,,,,,,0.49012,2.58065
SERNT,Producer Manufacturing,4.88,33289866.65667,59.69762,0.76455,0.19305,64.89945,54.27547,100.07985,107.74,-7.66015,0.5049,0.1889,NEUTRAL,prior-research-2026-10-01+NEUTRAL,False,-26.86293,0.42882,0.33333,-59.69762,-0.76455,-57.11775,17.32076,,,202.82681,,,-1.35037,0.0,,-0.59368,-0.04247,-0.53966,-0.32523,0.2445,-0.05031,-0.25998,0.0,0.0,1.03694,0.0,0.0,-1.03637,-0.41483,0.0,2026-09-30,False,,,,,,,,,,,,0.50025,1.91617
SEYKM,Health Technology,2.7,6774743.84728,58.14912,0.42085,0.00927,46.25229,55.80047,102.05762,107.74,-5.68238,0.4545,0.1864,NEUTRAL,prior-research-2026-10-01+NEUTRAL,False,-31.95719,0.39416,0.16667,-58.14912,-0.42085,-64.08759,15.72871,1.97244,1.86924,99.19461,51.58971,-3.32058,-0.00019,0.0,-15.47441,-0.53859,-0.26858,-1.57169,-0.39662,1.32128,-0.34837,-1.18315,0.06244,0.24432,-0.41436,-0.42008,-0.54864,1.26362,-0.48804,-0.70128,2026-09-30,False,,,,,,,,,,,,0.45842,9.7561
SILVR,Producer Manufacturing,1.57,2655102.61139,34.16336,0.59462,0.82957,99.08592,125.15047,191.99764,107.74,84.25764,0.5947,0.1885,NEUTRAL,prior-research-2026-10-01+NEUTRAL,True,-34.7181,0.46588,0.25,-34.16336,-0.59462,-53.41246,14.79199,-8.9493,-27.59184,316.51976,331.22291,-11.49806,-0.33925,0.0,-31.70068,-0.84454,0.12321,-1.2137,1.57583,1.04697,0.11879,-1.98328,-0.59258,-1.10405,1.70939,1.06052,-1.00178,0.09656,-0.41483,-1.14129,2026-09-30,False,,,,,,,,,,,,0.67605,1.14286
SISE,Consumer Durables,36.7,1919648983.69904,42.7387,1.25363,0.04001,49.54296,55.80047,102.05762,107.74,-5.68238,0.4545,0.1864,NEUTRAL,prior-research-2026-10-01+NEUTRAL,False,14.49758,0.71016,0.41667,-42.7387,-1.25363,-28.98379,21.37541,4.44659,9.96544,238.7564,215.74412,-1.03554,-0.63551,1.60114,-8.21014,0.57378,0.83471,0.22881,0.09504,-1.65323,0.98963,1.90853,0.77541,1.24019,0.88267,-0.03459,-0.25572,0.27978,0.67127,-0.30315,2026-09-30,False,,,,,,,,,,,,0.51601,9.9856
SKBNK,Finance,4.97,649212694.67914,74.88257,1.02377,-0.16838,30.71298,55.80047,102.05762,107.74,-5.68238,0.4545,0.1864,NEUTRAL,prior-research-2026-10-01+NEUTRAL,False,-8.86895,0.25318,0.66667,-74.88257,-1.02377,-74.68161,20.29127,16.26301,25.7697,174.39364,436.53473,16.11012,-4.09909,1.28773,14.31473,-0.24904,-1.26899,1.4423,-1.43352,-1.18758,-1.25974,1.45881,0.44353,0.94822,0.26103,1.8413,-0.16335,-2.08301,0.61283,0.49367,2026-09-30,False,,,,,,,,,,,,0.48456,8.48
SKTAS,Process Industries,2.28,35848727.54094,60.21968,0.94677,0.07859,54.29616,54.27547,100.07985,107.74,-7.66015,0.5049,0.1889,NEUTRAL,prior-research-2026-10-01+NEUTRAL,True,-30.29046,0.3931,0.41667,-60.21968,-0.94677,-60.68966,17.39482,-4.33754,-8.43069,219.07893,171.08098,-2.43381,-0.37023,0.0,-14.61373,-0.84493,-0.4949,-0.04657,-0.45056,-0.83322,-0.50159,0.18699,-0.2546,-0.54101,0.7729,0.39714,-0.4993,-0.21807,-0.46691,-0.47896,2026-09-30,False,,,,,,,,,,,,0.50553,2.83019
SKYLP,Commercial Services,49.68,13076928.375,80.69613,0.73726,-0.26543,23.58318,55.80047,102.05762,107.74,-5.68238,0.4545,0.1864,NEUTRAL,prior-research-2026-10-01+NEUTRAL,True,73.82282,0.12879,0.41667,-80.69613,-0.73726,-87.12119,16.38636,-16.78719,-8.45407,53.57913,55.31747,-2.14683,-0.28836,0.0,2.13485,0.87847,-1.34794,-0.25362,-0.85091,-0.05166,-1.3205,-0.59544,-1.15559,-0.79071,0.10591,0.14816,-0.15287,-0.72838,-0.80119,0.00075,2026-09-30,False,,,,,,,,,,,,0.45537,5.75061
SKYMD,Finance,19.9,40681677.4971,58.13241,0.38833,-0.08703,36.56307,55.80047,102.05762,107.74,-5.68238,0.4545,0.1864,NEUTRAL,prior-research-2026-10-01+NEUTRAL,True,3.98293,1.0,0.58333,-58.13241,-0.38833,-22.33749,17.52129,-19.08512,-6.83336,37.41869,34.48234,27.2428,-0.83322,0.0,-12.71037,0.15731,2.89572,0.85119,-0.58612,1.79341,1.65962,-0.09213,-1.59467,-1.15951,-1.35672,-0.31099,0.24821,-0.94229,-0.88033,-0.56589,2026-09-30,False,,,,,,,,,,,,0.44225,10.0
SMART,Technology Services,15.4,22622357.36333,62.69929,1.06433,0.23403,69.46984,54.27547,100.07985,107.74,-7.66015,0.5049,0.1889,NEUTRAL,prior-research-2026-10-01+NEUTRAL,True,-9.17136,0.37561,0.41667,-62.69929,-1.06433,-62.43903,16.93445,-7.29784,-6.94705,98.24804,34.14069,-13.60705,-0.43741,0.0,-57.87426,-0.37652,-0.62567,-0.07317,-0.21918,-0.9628,-0.61159,-1.05752,-0.97637,-0.66079,0.48001,-0.23897,-1.38365,-0.80852,-0.38676,-1.55446,2026-09-30,False,,,,,,,,,,,,0.50048,2.99824
SMRTG,Electronic Technology,4.72,210881152.51956,70.37213,1.03337,-0.00116,44.97258,55.80047,102.05762,107.74,-5.68238,0.4545,0.1864,NEUTRAL,prior-research-2026-10-01+NEUTRAL,False,13.08203,0.36392,0.33333,-70.37213,-1.03337,-63.60833,19.16681,4.03965,2.10636,57.50335,147.80115,14.70481,-3.11537,0.0,-18.06236,0.07342,-0.69227,-0.9364,-0.56664,-0.70439,-0.70413,0.05126,-0.0983,-0.19038,0.03666,0.4693,0.13951,-1.51925,-0.20017,-1.03145,2026-09-30,False,,,,,,,,,,,,0.47093,10.0
SMRVA,Commercial Services,6.64,87058530.60219,72.41665,0.70268,-0.18764,29.61609,55.80047,102.05762,107.74,-5.68238,0.4545,0.1864,NEUTRAL,prior-research-2026-10-01+NEUTRAL,False,-79.74428,0.06747,0.41667,-72.41665,-0.70268,-93.25297,18.28209,,,61.92781,,,-0.6774,2.83459,,-2.74551,-1.65563,-0.25362,-0.46533,0.14324,-1.65565,1.02178,0.0,0.0,0.29298,0.0,0.0,-1.33642,1.14751,0.0,2026-09-30,False,,,,,,,,,,,,0.46376,2.35602
SNGYO,Finance,2.7,66936741.18001,40.504,1.07541,0.45446,90.12797,59.89547,107.36843,107.74,-0.37157,0.5912,0.1938,NEUTRAL,prior-research-2026-10-01+NEUTRAL,True,-29.79167,0.5104,0.41667,-40.504,-1.07541,-50.28355,18.01926,-0.24887,-1.27434,542.6695,69.30107,33.00879,-0.14971,0.0,-80.17903,-0.92242,-0.1312,-0.24156,0.53478,-1.43502,-0.14708,0.33105,-0.56131,-0.76665,2.0551,0.18524,0.43417,0.20294,-0.88033,-2.04114,2026-09-30,False,,,,,,,,,,,,0.59175,5.20446
SNICA,Producer Manufacturing,2.2,42973361.2808,55.0217,0.97051,0.27578,74.77148,57.21947,103.89792,107.74,-3.84208,0.5245,0.2036,NEUTRAL,prior-research-2026-10-01+NEUTRAL,True,-38.00384,0.38596,0.41667,-55.0217,-0.97051,-61.40351,17.57609,-17.47264,-51.48965,378.84783,246.70876,5.51268,-0.24074,0.0,-6.99217,-0.96524,-0.28334,0.10565,-0.07754,-0.84668,-0.2825,-0.01521,-0.9114,-1.39702,1.87755,0.7209,0.13304,0.31563,-0.41483,-0.2659,2026-09-30,False,,,,,,,,,,,,0.53859,1.63934
SOKE,Process Industries,6.0,32480337.99804,58.08036,0.93212,-0.05246,39.48812,55.80047,102.05762,107.74,-5.68238,0.4545,0.1864,NEUTRAL,prior-research-2026-10-01+NEUTRAL,True,-0.42158,0.28708,0.5,-58.08036,-0.93212,-71.29187,17.29615,-3.67192,-6.70017,192.72314,375.58556,2.11422,-0.12084,0.0,20.8385,0.11891,-0.9429,0.51143,-0.33508,-0.77404,-0.94374,0.06753,-0.2116,-0.42699,0.60435,1.18199,-0.15337,0.37168,-0.46691,0.85594,2026-09-30,False,,,,,,,,,,,,0.50049,1.75131
SOKM,Retail Trade,54.1,263157272.60521,38.43949,0.86665,-0.08977,36.38026,55.80047,102.05762,107.74,-5.68238,0.4545,0.1864,NEUTRAL,prior-research-2026-10-01+NEUTRAL,True,48.11419,0.77286,0.58333,-38.43949,-0.86665,-37.4,19.38826,-6.73875,-7.63533,121.28866,977.29163,-2.47349,-0.42062,0.0,7.51452,0.65588,0.56251,0.70081,0.36003,-0.65377,-0.00107,0.87372,-0.35398,-0.52997,0.19517,0.75438,-0.33868,-0.11393,-1.09075,0.41859,2026-09-30,False,,,,,,,,,,,,0.51115,2.88714
SONME,Process Industries,108.0,3884583.47991,40.61254,0.51271,-0.10329,35.10055,55.80047,102.05762,107.74,-5.68238,0.4545,0.1864,NEUTRAL,prior-research-2026-10-01+NEUTRAL,True,7.30594,0.55413,0.33333,-40.61254,-0.51271,-44.58697,15.17253,-6.37582,-3.63021,57.02886,0.76607,22.02536,-0.0,0.61311,-11.08723,0.3246,0.25723,-0.69188,0.7484,1.26261,0.25493,-1.44587,-0.37715,-0.25407,-0.69473,-2.47188,1.13066,1.96851,0.83375,-0.32801,2026-09-30,False,,,,,,,,,,,,0.49136,2.48901
SRVGY,Finance,2.09,34588523.99321,29.39165,0.8199,0.46915,90.4936,59.89547,107.36843,107.74,-0.37157,0.5912,0.1938,NEUTRAL,prior-research-2026-10-01+NEUTRAL,False,-16.79404,0.56182,0.5,-29.39165,-0.8199,-44.35562,17.35903,11.06835,43.89843,442.38853,67.46041,58.54492,-0.03451,3.68053,240.76651,-0.53027,0.13889,0.31644,1.71352,-0.22705,0.13677,-0.22887,0.21288,1.3791,1.57513,0.18002,0.75598,0.76031,1.22599,1.81663,2026-09-30,False,,,,,,,,,,,,0.64076,3.33334
SUNTK,Consumer Non-Durables,24.9,74627226.76019,67.4055,0.43475,-0.31095,20.2925,55.80047,102.05762,107.74,-5.68238,0.4545,0.1864,NEUTRAL,prior-research-2026-10-01+NEUTRAL,False,-22.75829,0.40887,0.33333,-67.4055,-0.43475,-59.1133,18.12802,7.80746,4.81149,65.2442,109.8234,5.18716,-0.27777,4.39405,-22.82795,-0.41525,-0.40844,-0.49649,-1.09184,1.31461,-0.36438,0.55714,0.51964,0.33242,-0.65119,-0.14517,0.07246,0.02918,1.55032,-0.7639,2026-09-30,False,,,,,,,,,,,,0.4232,7.17131
SURGY,Finance,19.96,128111725.16172,60.11368,0.81899,-0.75834,4.02194,55.80047,102.05762,107.74,-5.68238,0.4545,0.1864,NEUTRAL,prior-research-2026-10-01+NEUTRAL,True,-31.63766,0.24521,0.41667,-60.11368,-0.81899,-75.47912,18.66841,-5.13041,-14.85386,306.50817,2.031,-288.24817,-0.0,0.0,3260.57161,-1.0045,-1.3062,-0.24156,-0.67048,-0.2174,-1.30543,0.69225,-0.92633,-1.56605,1.04002,-1.79454,-3.0,1.8935,-0.88033,2.53225,2026-09-30,False,,,,,,,,,,,,0.37685,1.91518
SUWEN,Retail Trade,4.83,22421902.69479,49.33337,0.68936,-0.07026,38.93967,55.80047,102.05762,107.74,-5.68238,0.4545,0.1864,NEUTRAL,prior-research-2026-10-01+NEUTRAL,True,-39.37282,0.41863,0.33333,-49.33337,-0.68936,-58.13749,16.92555,-8.70167,-5.18651,60.79482,235.54685,6.25511,-1.31529,3.69712,-1.81092,-1.41522,-1.06043,-1.03726,-0.36873,0.31187,-1.04552,-0.80854,-0.50589,-0.40273,-0.51271,-0.44234,0.47408,-1.07366,1.0277,0.08636,2026-09-30,False,,,,,,,,,,,,0.43089,9.88655
TABGD,Consumer Services,214.10001,176745567.5,35.77775,0.63682,0.06982,53.19927,54.27547,100.07985,107.74,-7.66015,0.5049,0.1889,NEUTRAL,prior-research-2026-10-01+NEUTRAL,False,3.56216,0.74083,0.5,-35.77775,-0.63682,-25.95156,18.99022,12.21939,4.99227,46.20689,98.58613,8.03636,-0.28291,2.33536,17.80281,0.71636,1.1911,0.71062,1.1456,0.53307,1.50984,0.88811,1.10293,0.62252,-0.83676,0.27797,0.92327,-0.37079,1.40122,0.51939,2026-09-30,False,,,,,,,,,,,,0.5448,2.92599
TARKM,Process Industries,352.25,60913487.0,51.36673,0.75345,-0.24591,25.59415,55.80047,102.05762,107.74,-5.68238,0.4545,0.1864,NEUTRAL,prior-research-2026-10-01+NEUTRAL,False,37.7583,0.59351,0.41667,-51.36673,-0.75345,-40.64869,17.92497,,,40.81652,,,-0.38309,0.0,,0.81304,0.44341,-0.04657,0.05822,0.21135,0.48928,0.65752,0.0,0.0,-1.06053,0.0,0.0,-0.23328,-0.46691,0.0,2026-09-30,False,,,,,,,,,,,,0.45895,6.0844
TATEN,Utilities,4.51,186289776.81548,68.2553,0.74755,-0.30253,21.02377,55.80047,102.05762,107.74,-5.68238,0.4545,0.1864,NEUTRAL,prior-research-2026-10-01+NEUTRAL,True,-56.77922,0.19879,0.25,-68.2553,-0.74755,-80.12121,19.04281,-3.4974,-3.53785,97.75625,56.67521,33.39294,-1.24322,0.0,-7.07748,-1.90722,-1.64854,-1.50071,-0.9364,0.01183,-1.5328,0.39082,-0.33141,-0.3311,-0.42557,-0.0135,1.45753,-1.19538,-0.69305,0.23482,2026-09-30,False,,,,,,,,,,,,0.4123,4.93333
TATGD,Consumer Non-Durables,15.82,43073967.15534,46.21874,0.87407,0.29468,75.86837,57.21947,103.89792,107.74,-3.84208,0.5245,0.2036,NEUTRAL,prior-research-2026-10-01+NEUTRAL,False,40.07875,0.68783,0.5,-46.21874,-0.87407,-31.21739,17.57843,9.33751,14.57267,208.76796,234.71491,7.76917,-0.46219,0.0,10.375,1.03422,0.86354,0.70682,0.11529,-0.80053,1.04423,0.14149,0.63133,1.17248,0.59165,0.54033,0.29793,-0.31072,-0.71132,0.54553,2026-09-30,False,,,,,,,,,,,,0.59306,3.17073
TAVHL,Transportation,261.25,889350935.99542,40.9702,1.05283,0.03768,49.36015,55.80047,102.05762,107.74,-5.68238,0.4545,0.1864,NEUTRAL,prior-research-2026-10-01+NEUTRAL,False,12.05531,0.72175,0.66667,-40.9702,-1.05283,-33.25153,20.606,6.95027,5.5884,85.16777,98.90363,19.24295,-1.35353,0.69091,5.57233,0.2437,0.64566,1.58902,0.65355,-1.3245,0.64857,1.06876,0.15494,-0.02032,-0.11332,0.13729,0.5809,-0.82467,0.65261,0.42699,2026-09-30,False,,,,,,,,,,,,0.50344,8.41584
TBORG,Consumer Non-Durables,120.7,22550124.86151,34.79833,0.62579,0.21425,67.8245,54.27547,100.07985,107.74,-7.66015,0.5049,0.1889,NEUTRAL,prior-research-2026-10-01+NEUTRAL,False,-5.06329,0.61553,0.33333,-34.79833,-0.62579,-40.2691,16.93125,11.97644,8.08034,74.03066,118.05693,15.58159,-0.33383,6.61837,4.22358,0.17206,0.56936,-0.49649,1.1542,0.49913,0.53294,-0.4567,0.75614,0.64139,-0.52893,-0.06218,0.7764,-0.09545,1.92083,0.2927,2026-09-30,False,,,,,,,,,,,,0.52776,5.23394
TCELL,Communications,96.1,2716118802.28271,35.44968,1.00787,0.08139,54.66179,54.27547,100.07985,107.74,-7.66015,0.5049,0.1889,NEUTRAL,prior-research-2026-10-01+NEUTRAL,False,-0.08847,0.75373,0.25,-35.44968,-1.00787,-25.45098,21.72247,7.34276,9.26872,141.48739,128.67842,15.28823,-0.68506,3.78394,8.2069,0.08614,1.10365,-1.38219,1.20514,-1.12638,1.37901,2.01348,0.40592,0.65709,0.30579,0.30291,0.56492,-0.67969,1.56841,0.38592,2026-09-30,False,,,,,,,,,,,,0.56278,3.55092
TCKRC,Producer Manufacturing,120.5,382193812.12534,62.92685,0.75505,-0.45693,13.34552,55.80047,102.05762,107.74,-5.68238,0.4545,0.1864,NEUTRAL,prior-research-2026-10-01+NEUTRAL,False,206.71195,0.70303,0.75,-62.92685,-0.75505,-34.24737,19.76144,34.23456,9.22145,33.75243,26.04067,38.4863,-0.15658,0.0,212.45949,2.05533,1.21917,2.39897,-0.50911,0.28716,1.11619,1.23509,1.67255,0.9597,-0.77077,-0.99304,1.55203,0.52158,-0.41483,1.74393,2026-09-30,False,,,,,,,,,,,,0.41856,7.71961
TDGYO,Finance,7.1,13325797.58767,69.16972,0.65202,-0.0314,41.49909,55.80047,102.05762,107.74,-5.68238,0.4545,0.1864,NEUTRAL,prior-research-2026-10-01+NEUTRAL,False,-14.5046,0.1701,0.58333,-69.16972,-0.65202,-82.98994,16.40521,67.00987,81.84584,179.38487,129.82181,95.41867,-2e-05,0.0,831.22528,-0.41385,-1.75735,0.85119,-1.14461,0.69793,-1.71438,-1.09873,1.86321,1.95811,0.28941,0.70776,1.43573,1.45834,-0.88033,2.24411,2026-09-30,False,,,,,,,,,,,,0.48935,9.98925
TEKTU,Consumer Services,4.41,40291363.23141,57.27057,0.90473,-0.21614,28.15356,55.80047,102.05762,107.74,-5.68238,0.4545,0.1864,NEUTRAL,prior-research-2026-10-01+NEUTRAL,True,-60.39409,0.15123,0.41667,-57.27057,-0.90473,-84.87654,17.51165,-15.00222,-65.49347,422.04,9.15063,-94.93203,-0.0,0.0,8.08955,-1.30689,-1.60932,0.15262,-0.37811,-0.88566,-1.54507,-0.05314,-0.5757,-1.54831,1.87594,-1.33809,-1.40762,1.65065,-0.43637,0.21771,2026-09-30,False,,,,,,,,,,,,0.46504,1.66205
TERA,Finance,70.5,1881877581.5,76.1878,0.52032,-0.41123,15.90494,55.80047,102.05762,107.74,-5.68238,0.4545,0.1864,NEUTRAL,prior-research-2026-10-01+NEUTRAL,False,12.66771,0.17803,0.58333,-76.1878,-0.52032,-82.19697,21.35554,111.59569,126.14841,187.07692,163.82233,149.52304,-0.24365,0.0,,0.31973,-1.70658,0.85119,-1.4981,1.21728,-1.66738,1.88765,2.06545,2.71801,0.31244,0.89454,1.84084,-0.03857,-0.88033,0.0,2026-09-30,False,,,,,,,,,,,,0.45593,5.00511
TEZOL,Consumer Non-Durables,7.39,40302812.19295,48.18919,0.64956,0.00501,45.70384,55.80047,102.05762,107.74,-5.68238,0.4545,0.1864,NEUTRAL,prior-research-2026-10-01+NEUTRAL,True,-30.90647,0.36693,0.33333,-48.18919,-0.64956,-64.3992,17.51193,-0.62475,-1.02725,176.20377,153.51349,0.83409,-0.03419,6.08931,-26.92683,-0.68291,-0.64932,-0.49649,0.01385,0.4315,-0.67608,0.07873,-0.10362,-0.12473,0.44279,0.18003,-0.37902,0.9093,1.88007,-0.86402,2026-09-30,False,,,,,,,,,,,,0.51777,3.27314
TGSAS,Distribution Services,95.35,63265926.80992,74.84847,0.52762,-0.63253,7.1298,55.80047,102.05762,107.74,-5.68238,0.4545,0.1864,NEUTRAL,prior-research-2026-10-01+NEUTRAL,False,15.31961,0.35512,0.41667,-74.84847,-0.52762,-67.7095,17.96286,23.67422,5.65128,26.83442,21.57823,55.63953,-0.03775,0.31463,9.77455,0.53331,-0.43897,0.27489,-0.89371,0.82355,-0.51213,0.60245,1.03828,0.48073,-0.82844,-1.87957,1.75168,0.98715,0.78223,0.61787,2026-09-30,False,,,,,,,,,,,,0.3614,10.0
THYAO,Transportation,283.25,14371349550.0,34.33002,0.96803,0.21419,67.64168,54.27547,100.07985,107.74,-7.66015,0.5049,0.1889,NEUTRAL,prior-research-2026-10-01+NEUTRAL,False,-2.82031,0.81335,0.41667,-34.33002,-0.96803,-21.60804,23.3885,12.65781,28.66802,256.8044,289.72844,3.01703,-0.89761,2.43038,6.04793,-0.11203,1.17681,-0.09485,1.37597,-0.99326,1.57075,2.79408,0.48083,1.23288,1.15743,1.12394,-0.46491,-0.43199,1.17076,0.44707,2026-09-30,False,,,,,,,,,,,,0.56549,5.95238
TKFEN,Industrial Services,231.39999,1061520427.01318,65.45116,1.00364,-0.01692,44.0585,55.80047,102.05762,107.74,-5.68238,0.4545,0.1864,NEUTRAL,prior-research-2026-10-01+NEUTRAL,True,166.14505,0.83387,0.66667,-65.45116,-1.00364,-24.58599,20.78297,-7.79252,-3.30244,42.30745,64.54994,1.98435,-0.38427,0.14341,-30.18723,1.23948,1.35323,1.4547,-0.35784,-1.07623,1.32531,0.95382,-0.77035,-0.27966,-0.50807,0.3671,-0.52491,-0.58666,0.78567,-1.15416,2026-09-30,False,,,,,,,,,,,,0.47506,9.92757
TKNSA,Retail Trade,12.55,41091754.09218,48.07704,0.75423,-0.03187,41.31627,55.80047,102.05762,107.74,-5.68238,0.4545,0.1864,NEUTRAL,prior-research-2026-10-01+NEUTRAL,True,-35.29863,0.45504,0.41667,-48.07704,-0.75423,-54.49601,17.53132,-526.03596,-105.43022,,3590.00593,-1.37451,,0.0,-5.97982,-1.29249,-0.8874,-0.39195,-0.2829,-0.01138,-0.89853,-0.24792,-2.46531,-2.20479,0.0,1.73261,-0.26027,0.0,-1.09075,-0.06979,2026-09-30,False,,,,,,,,,,,,0.47557,2.86738
TLMAN,Transportation,61.8,11809012.5,34.42789,0.8266,0.44575,89.39671,58.80547,105.95481,107.74,-1.78519,0.5497,0.2014,NEUTRAL,prior-research-2026-10-01+NEUTRAL,True,-18.48564,0.56906,0.41667,-34.42789,-0.8266,-43.69245,16.28437,-3.49633,-4.85525,152.04902,61.62638,8.11509,-0.059,0.0,-4.35707,-0.6383,-0.04196,-0.09485,1.36467,-0.28903,0.04118,-1.67405,-0.61922,-0.83399,0.53599,-0.19354,-0.04297,1.12476,-0.67655,0.11329,2026-09-30,False,,,,,,,,,,,,0.59783,3.23206
TMPOL,Process Industries,90.75,254080467.5,90.23403,0.82013,-0.9277,2.3766,55.80047,102.05762,107.74,-5.68238,0.4545,0.1864,NEUTRAL,prior-research-2026-10-01+NEUTRAL,True,82.66979,0.13219,0.58333,-90.23403,-0.82013,-86.78077,19.35316,-12.14895,-8.2063,80.91838,119.43693,4.95923,-0.74329,0.0,39.53351,1.29228,-1.86577,1.04619,-1.94189,-0.20555,-1.87517,1.37519,-0.65818,-0.52864,-0.34922,0.09564,0.16005,-0.76156,-0.46691,1.21227,2026-09-30,False,,,,,,,,,,,,0.3588,3.5461
TMSN,Producer Manufacturing,55.55,34204236.07992,37.05507,0.83977,0.25226,71.11517,57.21947,103.89792,107.74,-3.84208,0.5245,0.2036,NEUTRAL,prior-research-2026-10-01+NEUTRAL,True,-30.05618,0.46641,0.16667,-37.05507,-0.83977,-53.35852,17.34786,-31.95626,-78.66298,227.04194,52.66746,-40.09064,-0.62255,0.0,-71.68638,-0.7092,0.12799,-1.94287,1.14629,-0.1742,0.12354,-0.22003,-1.41717,-1.79301,1.19175,-0.5054,-1.70436,-0.34618,-0.41483,-1.85361,2026-09-30,False,,,,,,,,,,,,0.54837,2.26028
TNZTP,Health Services,25.0,89459008.71328,48.12099,1.00561,0.00229,45.15539,55.80047,102.05762,107.74,-5.68238,0.4545,0.1864,NEUTRAL,prior-research-2026-10-01+NEUTRAL,False,43.62657,0.78125,0.33333,-48.12099,-1.00561,-26.95285,18.30929,5.50176,4.48121,90.5204,37.7219,29.72922,-0.07149,0.0,11.7687,0.49465,0.74169,-0.37907,-0.28694,-1.29566,0.64751,0.28146,0.43941,0.46297,0.07484,-0.40827,0.96048,0.74689,-0.43692,0.37082,2026-09-30,False,,,,,,,,,,,,0.50288,6.74074
TOASO,Consumer Durables,262.0,996131260.25,41.1826,1.03118,-0.12649,33.45521,55.80047,102.05762,107.74,-5.68238,0.4545,0.1864,NEUTRAL,prior-research-2026-10-01+NEUTRAL,False,1.31453,0.75942,0.41667,-41.1826,-1.03118,-25.50725,20.71939,22.30647,9.70415,49.24406,328.65478,1.83173,-1.07034,7.63359,140.73793,0.31903,1.03944,0.22881,0.2302,-0.85278,1.25583,1.53945,1.71931,1.22097,-0.90454,0.3648,-0.06376,-0.185,1.88375,1.52969,2026-09-30,False,,,,,,,,,,,,0.51559,5.41781
TRALT,Non-Energy Minerals,44.7,5851180464.67982,56.25717,1.37871,-0.62062,7.31261,55.80047,102.05762,107.74,-5.68238,0.4545,0.1864,NEUTRAL,prior-research-2026-10-01+NEUTRAL,False,94.33071,0.73039,0.75,-56.25717,-1.37871,-35.39216,22.48991,11.25035,3.50989,38.48616,15.80544,35.43382,-0.00154,0.0,95.31431,1.19074,0.84102,1.99945,-0.4806,-2.23206,0.67431,2.01457,0.91142,0.42134,-1.02851,-1.34225,1.48496,1.36827,-0.80259,1.61273,2026-09-30,False,,,,,,,,,,,,0.40038,4.68948
TRCAS,Utilities,41.28,37783395.94931,33.47129,0.46943,0.06399,51.91956,54.27547,100.07985,107.74,-7.66015,0.5049,0.1889,NEUTRAL,prior-research-2026-10-01+NEUTRAL,False,33.00139,0.78563,0.33333,-33.47129,-0.46943,-28.49364,17.44738,7.37369,10.35623,154.10885,0.0,,-0.0,6.63434,,0.46725,1.07165,-0.82667,1.51251,1.28409,1.01524,-0.61555,0.47472,0.89554,0.09791,-2.4908,0.0,1.98039,1.98196,0.0,2026-09-30,False,,,,,,,,,,,,0.53731,4.25717
TRENJ,Energy Minerals,95.85,169182863.74313,49.9589,1.15017,-0.10018,35.28336,55.80047,102.05762,107.74,-5.68238,0.4545,0.1864,NEUTRAL,prior-research-2026-10-01+NEUTRAL,False,36.48295,0.78566,0.58333,-49.9589,-1.15017,-33.85246,18.94649,12.75532,6.66143,65.40779,93.36154,32.79249,-0.00738,0.0,82.43933,0.74448,1.28211,1.02991,0.05067,-1.64144,0.8601,0.77937,0.74219,0.4286,-0.49436,-0.00821,1.2074,1.22181,-0.56229,1.42233,2026-09-30,False,,,,,,,,,,,,0.50075,4.79556
TRGYO,Finance,89.5,101318191.18721,23.89526,0.58564,0.40754,86.28885,58.80547,105.95481,107.74,-1.78519,0.5497,0.2014,NEUTRAL,prior-research-2026-10-01+NEUTRAL,False,37.24921,0.88004,0.58333,-23.89526,-0.58564,-11.99606,18.43378,6.70792,10.07501,171.37,21.6029,67.72294,-0.0806,5.58659,-3.28811,0.69008,1.86825,0.85119,2.41963,0.95643,2.74561,0.58904,-0.03815,0.21595,0.2442,-0.59671,0.91045,0.47138,1.59919,-0.12663,2026-09-30,False,,,,,,,,,,,,0.60934,2.33593
TRILC,Health Technology,0.73,4956256.24952,72.05022,0.72179,0.34602,80.80439,58.80547,105.95481,107.74,-1.78519,0.5497,0.2014,NEUTRAL,prior-research-2026-10-01+NEUTRAL,True,-69.54895,0.18025,0.41667,-72.05022,-0.72179,-81.97531,15.41616,-2.80772,-7.03886,269.72676,679.04102,24.66944,-2.42056,0.0,56.58608,-1.62598,-1.27163,0.47684,-1.11402,0.02319,-1.1791,-1.36228,-0.25832,-0.38072,0.76819,1.72362,1.25287,-1.85657,-0.48804,1.18205,2026-09-30,False,,,,,,,,,,,,0.54786,2.85715
TRMET,Non-Energy Minerals,134.3,785917393.40332,56.2136,1.21114,-0.36195,17.73309,55.80047,102.05762,107.74,-5.68238,0.4545,0.1864,NEUTRAL,prior-research-2026-10-01+NEUTRAL,False,50.08356,0.79562,0.66667,-56.2136,-1.21114,-39.98815,20.48236,8.18577,4.01406,60.63513,44.59206,32.54706,-0.00645,0.0,82.80701,0.77958,1.20856,1.38999,-0.47565,-1.57828,0.41668,1.2043,0.75598,0.45662,-0.57015,-0.63678,1.39545,1.2109,-0.80259,1.57141,2026-09-30,False,,,,,,,,,,,,0.43729,6.32228
TSGYO,Finance,4.71,8809549.08851,34.81399,0.86121,0.25566,71.66362,57.21947,103.89792,107.74,-3.84208,0.5245,0.2036,NEUTRAL,prior-research-2026-10-01+NEUTRAL,False,-22.20745,0.49631,0.33333,-34.81399,-0.86121,-50.36881,15.99135,1.40296,2.95002,228.51351,8.06126,14.38815,-0.01962,0.0,5.08836,-0.69187,-0.18782,-0.88688,1.15695,-0.41044,-0.16119,-1.35076,-0.46693,-0.45639,0.57714,-1.26182,-0.24177,0.96553,-0.88033,0.13312,2026-09-30,False,,,,,,,,,,,,0.52675,2.65018
TSKB,Finance,9.64,191885021.74741,33.02228,1.07731,0.54354,95.42962,125.15047,191.99764,107.74,84.25764,0.5947,0.1885,NEUTRAL,prior-research-2026-10-01+NEUTRAL,False,-11.93174,0.70218,0.41667,-33.02228,-1.07731,-29.78244,19.07241,23.77065,39.55736,181.46828,163.75299,59.55179,-6.36855,5.55802,-7.92665,-0.35489,0.80873,-0.24156,1.35926,-1.4478,0.97446,0.88094,0.81266,1.27995,0.30089,0.88886,0.79909,-2.64036,1.58184,-0.32302,2026-09-30,False,,,,,,,,,,,,0.65111,7.36843
TSPOR,Consumer Services,0.8,227134346.70504,43.96972,0.75988,-0.20986,28.5192,55.80047,102.05762,107.74,-5.68238,0.4545,0.1864,NEUTRAL,prior-research-2026-10-01+NEUTRAL,True,-15.2,0.55944,0.33333,-43.96972,-0.75988,-44.05594,19.24105,-23.14591,-32.89267,195.28554,62.33118,-95.95301,-0.01978,0.0,26.14539,0.12993,0.36266,-0.49269,0.39969,-0.1045,0.45555,1.03262,-0.87621,-1.16909,0.76277,-0.03204,-1.44634,0.71469,-0.43637,0.80326,2026-09-30,False,,,,,,,,,,,,0.5051,1.96078
TTKOM,Communications,51.55,1894885141.01338,41.62294,1.0712,0.0583,51.1883,54.27547,100.07985,107.74,-7.66015,0.5049,0.1889,NEUTRAL,prior-research-2026-10-01+NEUTRAL,False,1.3766,0.70713,0.41667,-41.62294,-1.0712,-31.63237,21.36242,12.72788,15.69036,142.18959,151.70817,19.83032,-0.54551,0.0,13.4777,0.16186,0.91769,-0.06284,0.57555,-1.41168,0.95152,1.90076,0.72309,1.16791,0.31087,0.42769,0.78705,-0.49472,-0.56229,0.55455,2026-09-30,False,,,,,,,,,,,,0.54084,9.93677
TTRAK,Producer Manufacturing,407.0,49074886.0,25.06248,0.53906,0.40708,86.10603,58.80547,105.95481,107.74,-1.78519,0.5497,0.2014,NEUTRAL,prior-research-2026-10-01+NEUTRAL,True,-24.1119,0.65804,0.33333,-25.06248,-0.53906,-34.80194,17.70886,-4.44176,-1.8614,46.45127,120.03314,-0.137,-0.76179,18.53797,-43.43447,-0.5043,1.00776,-0.53966,2.56819,1.25392,1.09014,0.09547,-0.29949,0.0248,-0.56459,0.12924,-0.41455,-0.5245,3.0,-1.37729,2026-09-30,False,,,,,,,,,,,,0.60884,2.3199
TUCLK,Non-Energy Minerals,4.11,22134788.24172,48.16072,0.86096,0.41016,86.65448,58.80547,105.95481,107.74,-1.78519,0.5497,0.2014,NEUTRAL,prior-research-2026-10-01+NEUTRAL,True,-58.14208,0.40334,0.5,-48.16072,-0.86096,-66.53582,16.91266,-6.63023,-15.55362,268.15133,124.8136,30.20817,-0.6928,0.0,-21.08096,-1.91738,-0.61508,0.26413,0.01609,-0.09294,-0.87478,-0.9737,-0.32519,-0.76025,1.11956,0.17426,1.2872,-0.70627,-0.80259,-0.64639,2026-09-30,False,,,,,,,,,,,,0.5675,9.79899
TUKAS,Consumer Non-Durables,1.94,113370756.46144,39.33767,0.8655,0.04868,50.09141,54.27547,100.07985,107.74,-7.66015,0.5049,0.1889,NEUTRAL,prior-research-2026-10-01+NEUTRAL,True,-18.95161,0.64026,0.41667,-39.33767,-0.8655,-39.27393,18.54617,-7.59984,-14.5481,228.74103,113.12931,11.32834,-0.36926,0.0,6.69377,-0.29975,0.67479,0.14882,0.61209,-0.75307,0.63014,0.84932,-0.60005,-0.92112,0.7432,-0.11417,0.57872,-0.14581,-0.71132,0.38831,2026-09-30,False,,,,,,,,,,,,0.50107,9.85914
TUPRS,Energy Minerals,376.25,9212185962.90112,40.3294,0.45677,-0.29739,21.3894,55.80047,102.05762,107.74,-5.68238,0.4545,0.1864,NEUTRAL,prior-research-2026-10-01+NEUTRAL,False,132.28032,0.9179,0.75,-40.3294,-0.45677,-21.30672,22.94379,18.20968,9.57983,61.13223,151.3679,8.88237,-0.14636,4.73132,14.99658,1.58927,2.03698,2.23048,0.68998,1.52014,1.88295,2.59553,0.98049,0.69393,-0.56069,0.41113,0.20665,0.29031,1.75676,0.60634,2026-09-30,False,,,,,,,,,,,,0.49358,5.00634
TUREX,Finance,5.6,73638057.20292,51.63259,0.90713,0.01739,46.98355,55.80047,102.05762,107.74,-5.68238,0.4545,0.1864,NEUTRAL,prior-research-2026-10-01+NEUTRAL,False,-22.18137,0.57613,0.33333,-51.63259,-0.90713,-49.07408,18.11467,7.58458,9.49845,135.80229,142.9622,17.9014,-0.06975,0.0,10.08941,-0.68625,0.21187,-0.88688,-0.18597,-0.66001,-0.10011,0.36135,0.02067,0.12719,-0.05003,0.75068,-0.09445,0.52308,-0.88033,0.3602,2026-09-30,False,,,,,,,,,,,,0.47859,9.84252
TURGG,Finance,22.76,10219480.46406,51.05611,0.64451,-0.31458,19.92687,55.80047,102.05762,107.74,-5.68238,0.4545,0.1864,NEUTRAL,prior-research-2026-10-01+NEUTRAL,False,-3.14803,0.52082,0.41667,-51.05611,-0.64451,-47.91762,16.13981,11.12122,8.65636,86.60241,0.04591,-2079.28104,-0.00039,0.0,229.86086,-0.0652,-0.07472,-0.24156,-0.15293,0.75187,-0.03432,-1.28581,0.21884,0.07862,-0.53575,-2.19263,-3.0,1.35395,-0.88033,1.78857,2026-09-30,False,,,,,,,,,,,,0.42072,7.95297
TURSG,Finance,5.4,392306613.55644,35.85203,0.73663,-0.04174,40.21938,55.80047,102.05762,107.74,-5.68238,0.4545,0.1864,NEUTRAL,prior-research-2026-10-01+NEUTRAL,False,34.26951,0.74368,0.5,-35.85203,-0.73663,-25.63166,19.78755,49.96642,21.87985,54.36483,87.9581,32.14195,-0.26767,2.77778,14.95732,0.63535,0.96386,0.31644,0.97801,0.27649,1.27066,1.24367,1.57973,0.84478,-1.00524,0.33497,0.39614,-0.10807,1.04744,0.51105,2026-09-30,False,,,,,,,,,,,,0.53888,2.33333
ULAS,Consumer Services,13.29,3873420.58944,41.70688,0.40253,0.2733,73.8574,57.21947,103.89792,107.74,-3.84208,0.5245,0.2036,NEUTRAL,prior-research-2026-10-01+NEUTRAL,False,-19.66335,0.29879,0.33333,-41.70688,-0.40253,-70.1214,15.16965,,,149.95407,,,-0.19459,0.0,,-0.05152,-0.78552,-0.49269,0.56862,1.45819,-0.72199,-1.79675,0.0,0.0,0.45327,0.0,0.0,-0.16171,-0.43637,0.0,2026-09-30,False,,,,,,,,,,,,0.50993,9.33333
ULKER,Consumer Non-Durables,83.45,515292943.16423,30.84358,1.01039,0.33446,79.89031,57.21947,103.89792,107.74,-3.84208,0.5245,0.2036,NEUTRAL,prior-research-2026-10-01+NEUTRAL,False,-9.569,0.63084,0.41667,-30.84358,-1.01039,-36.91617,20.06025,9.91775,14.02215,159.45338,380.6099,11.44667,-1.26358,6.86979,-7.12066,0.03024,0.64081,0.14882,1.55251,-1.43845,0.73888,1.52482,0.64863,1.12999,0.32112,1.07231,0.58994,-1.14944,2.0089,-0.10877,2026-09-30,False,,,,,,,,,,,,0.59409,5.10264
ULUFA,Finance,1.39,42412947.03227,35.68622,0.67791,0.51814,93.78428,59.89547,107.36843,107.74,-0.37157,0.5912,0.1938,NEUTRAL,prior-research-2026-10-01+NEUTRAL,False,0.70158,0.54724,0.33333,-35.68622,-0.67791,-45.27559,17.56296,37.75368,49.43172,139.32222,667.77705,74.09683,-7.69193,8.88705,1.23036,0.0619,0.04328,-0.88688,1.02171,0.58978,0.08878,-0.05351,1.20278,1.53373,-0.04,2.10595,1.00208,-2.86312,2.18724,0.03424,2026-09-30,False,,,,,,,,,,,,0.64676,1.35135
ULUSE,Producer Manufacturing,135.3,49181531.375,74.91862,0.78963,-0.39454,16.08775,55.80047,102.05762,107.74,-5.68238,0.4545,0.1864,NEUTRAL,prior-research-2026-10-01+NEUTRAL,False,27.25344,0.37273,0.41667,-74.91862,-0.78963,-62.72727,17.71103,212.73348,10.8901,8.26148,103.44544,6.18883,-1.84669,0.0,85.70719,0.76471,-0.35131,0.10565,-1.12541,0.08438,-0.34338,0.10028,3.0,1.14589,-1.87876,-0.03661,0.21682,-1.20873,-0.41483,1.38092,2026-09-30,False,,,,,,,,,,,,0.42363,3.40859
ULUUN,Process Industries,5.86,67725238.92589,48.79242,0.86283,0.34454,80.62157,58.80547,105.95481,107.74,-1.78519,0.5497,0.2014,NEUTRAL,prior-research-2026-10-01+NEUTRAL,False,10.81081,0.56728,0.5,-48.79242,-0.86283,-43.27202,18.03097,2.95435,9.67769,366.03824,1844.11699,0.66373,-0.60641,0.0,39.64614,0.3988,0.32476,0.51143,0.20953,-0.39435,0.35742,0.72753,0.28303,0.88547,1.44317,2.29213,-0.30406,-0.59222,-0.46691,1.22163,2026-09-30,False,,,,,,,,,,,,0.60373,3.49345
UNLU,Finance,10.83,13853392.74003,51.70652,0.5796,0.21544,68.00731,54.27547,100.07985,107.74,-7.66015,0.5049,0.1889,NEUTRAL,prior-research-2026-10-01+NEUTRAL,True,-29.71914,0.58731,0.41667,-51.70652,-0.5796,-44.14317,16.44404,-11.20853,-16.45283,156.32849,160.29461,30.53919,-1.04056,0.0,8.46517,-0.91583,0.25637,-0.24156,-0.19542,1.00046,0.15611,-1.04912,-1.2558,-1.63064,0.14596,0.87754,0.3416,-1.15959,-0.88033,0.30171,2026-09-30,False,,,,,,,,,,,,0.51175,10.0
USAK,Producer Manufacturing,0.54,51251162.82085,50.17111,0.9009,0.26784,72.5777,57.21947,103.89792,107.74,-3.84208,0.5245,0.2036,NEUTRAL,prior-research-2026-10-01+NEUTRAL,True,-68.75,0.14063,0.25,-50.17111,-0.9009,-85.9375,17.75225,-13.18381,-53.10325,547.02041,402.04242,8.22097,-0.43225,0.0,10.33847,-1.82254,-1.54437,-1.2137,0.22223,-0.49951,-1.55039,0.1292,-0.75587,-1.4345,2.7569,1.30179,0.35347,-0.06155,-0.41483,0.37311,2026-09-30,False,,,,,,,,,,,,0.55539,0.84747
USHOL,Distribution Services,48.42,34484467.44692,65.24284,0.49414,-0.45425,13.71115,55.80047,102.05762,107.74,-5.68238,0.4545,0.1864,NEUTRAL,prior-research-2026-10-01+NEUTRAL,False,83.68938,0.51511,0.41667,-65.24284,-0.49414,-48.90203,17.35602,27.85602,4.41354,22.55365,8.69934,-11.59822,-0.0,0.0,-74.92649,1.37606,0.31226,0.27489,-0.40168,0.99029,0.31951,0.0726,1.22002,0.35693,-0.9389,-2.52057,-0.98449,2.16033,-0.44176,-1.68301,2026-09-30,False,,,,,,,,,,,,0.42137,6.77419
VAKBN,Finance,32.26,1218638620.75,48.33693,1.17676,0.20373,66.36197,54.27547,100.07985,107.74,-7.66015,0.5049,0.1889,NEUTRAL,prior-research-2026-10-01+NEUTRAL,False,33.00654,0.76409,0.58333,-48.33693,-1.17676,-31.5964,20.921,24.61402,23.875,107.71744,392.80883,32.04176,-4.80392,0.0,-9.07102,0.60581,1.10047,0.85119,0.01758,-1.73195,0.88126,1.65566,0.84306,0.88195,-0.27627,1.76985,0.38685,-2.33269,-0.88033,-0.38834,2026-09-30,False,,,,,,,,,,,,0.5305,9.99423
VAKFN,Finance,0.91,45985534.01214,28.36399,0.91109,0.50968,93.41865,59.89547,107.36843,107.74,-0.37157,0.5912,0.1938,NEUTRAL,prior-research-2026-10-01+NEUTRAL,False,-24.24577,0.44211,0.25,-28.36399,-0.91109,-55.78946,17.64384,22.88085,30.15157,140.85208,113.71762,91.8869,-3.39759,0.0,-43.03638,-0.74913,-0.39446,-1.56091,1.8802,-0.68939,-0.38062,0.01388,0.73633,1.03654,-0.01985,0.56602,1.3608,-1.97838,-0.88033,-1.37401,2026-09-30,False,,,,,,,,,,,,0.62448,1.8018
VAKKO,Consumer Non-Durables,58.3,10039754.74962,36.54642,0.81046,0.37999,83.91225,58.80547,105.95481,107.74,-1.78519,0.5497,0.2014,NEUTRAL,prior-research-2026-10-01+NEUTRAL,True,16.30325,0.6222,0.58333,-36.54642,-0.81046,-37.78015,16.12206,-1.54219,-1.55297,103.83063,230.42584,2.62029,-0.23971,10.72041,2.03093,0.68508,0.60749,1.24158,0.88288,-0.44176,0.69796,-1.12636,-0.14888,-0.18065,-0.1415,0.52005,-0.19044,0.11854,2.57342,0.23826,2026-09-30,False,,,,,,,,,,,,0.57965,2.5641
VANGD,Distribution Services,53.05,14921219.31948,60.95817,0.54252,-0.3209,19.56124,55.80047,102.05762,107.74,-5.68238,0.4545,0.1864,NEUTRAL,prior-research-2026-10-01+NEUTRAL,False,124.21133,0.5,0.58333,-60.95817,-0.54252,-53.62865,16.51829,59.70335,17.44106,40.96694,15.69254,-0.42843,-0.0,0.0,40.24408,1.64433,0.23687,1.36764,-0.17348,0.77152,0.13554,-0.65002,1.97706,1.39315,-0.45206,-2.11483,-0.4185,2.16033,-0.44176,1.35198,2026-09-30,False,,,,,,,,,,,,0.43989,7.8252
VBTYZ,Technology Services,23.38,62974637.92229,63.92966,0.92081,0.00562,45.88665,55.80047,102.05762,107.74,-5.68238,0.4545,0.1864,NEUTRAL,prior-research-2026-10-01+NEUTRAL,False,98.32724,0.5904,0.5,-63.92966,-0.92081,-40.9596,17.95824,16.84685,6.53552,39.43927,112.38465,8.45319,-0.59462,0.0,21.92462,1.19582,0.38703,0.48483,-0.29644,-0.33783,0.43499,-0.14089,0.55785,0.35722,-0.46665,0.62887,0.07609,-1.04802,-0.38676,0.83065,2026-09-30,False,,,,,,,,,,,,0.50867,5.1213
VERUS,Finance,468.5,48588721.125,67.46401,0.05489,-0.80754,3.47349,55.80047,102.05762,107.74,-5.68238,0.4545,0.1864,NEUTRAL,prior-research-2026-10-01+NEUTRAL,True,142.33835,0.6255,0.58333,-67.46401,-0.05489,-47.94997,17.6989,-16.8567,-2.63407,16.41373,2.53376,-22.68407,-0.07408,0.0,-57.95974,1.57185,0.49668,0.85119,-1.09289,2.68526,-0.03903,0.04755,-1.44768,-0.89014,-2.10031,-1.72092,-2.32119,0.48847,-0.88033,-1.65724,2026-09-30,False,,,,,,,,,,,,0.33349,7.63929
VESBE,Consumer Durables,3.94,54579121.59064,48.35643,0.85414,0.32652,79.15905,57.21947,103.89792,107.74,-3.84208,0.5245,0.2036,NEUTRAL,prior-research-2026-10-01+NEUTRAL,True,-48.63813,0.38327,0.16667,-48.35643,-0.85414,-61.67315,17.81516,-14.10137,-85.968,620.36562,933.7822,-7.81275,-0.66356,1.11419,-53.51763,-1.31371,-0.7072,-1.81972,-0.2173,-0.00118,-0.69976,0.11409,-0.32888,-1.68922,2.52877,1.17992,-0.63191,0.26189,0.56049,-1.53344,2026-09-30,False,,,,,,,,,,,,0.52017,9.90826
VESTL,Consumer Durables,17.64,171691563.98965,50.44539,0.91744,0.12662,58.86654,54.27547,100.07985,107.74,-7.66015,0.5049,0.1889,NEUTRAL,prior-research-2026-10-01+NEUTRAL,True,-33.13609,0.50114,0.33333,-50.44539,-0.91744,-49.88637,18.96121,-84.27518,-433.19783,351.64477,1869.40675,-15.06376,-4.94834,0.0,-54.24707,-0.81185,-0.18507,-0.41651,-0.34529,-0.36577,-0.16409,0.7739,-1.5857,-2.79662,1.35595,1.72113,-0.94476,-1.38083,-0.9095,-1.54749,2026-09-30,False,,,,,,,,,,,,0.47947,10.0
VKFYO,Finance,16.6,4244466.76468,53.26641,0.88858,-0.44485,14.07678,55.80047,102.05762,107.74,-5.68238,0.4545,0.1864,NEUTRAL,prior-research-2026-10-01+NEUTRAL,True,2.06278,0.28183,0.41667,-53.26641,-0.88858,-71.81664,15.26113,-35.42998,-3.77093,10.10478,8.96909,-29.00195,-0.00525,0.0,-1.70476,0.11418,-1.11795,-0.24156,-0.30457,-0.57495,-1.09644,-1.78369,-2.01015,-0.99112,-2.3951,-1.21401,-2.43972,1.17847,-0.88033,-0.07799,2026-09-30,False,,,,,,,,,,,,0.38407,6.65435
VKGYO,Finance,1.62,32278285.40747,28.47423,0.82072,0.52079,94.33272,59.89547,107.36843,107.74,-0.37157,0.5912,0.1938,NEUTRAL,prior-research-2026-10-01+NEUTRAL,False,7.47801,0.68224,0.5,-28.47423,-0.82072,-32.19679,17.28991,1.94688,6.91904,390.93036,36.85152,52.52599,-0.0,4.93827,-36.03906,0.23508,0.7287,0.31644,1.84862,-0.24156,0.83047,-0.32904,-0.41251,-0.082,1.30299,-0.24271,0.70193,1.8935,1.48407,-1.25428,2026-09-30,False,,,,,,,,,,,,0.62681,2.27273
VKING,Consumer Non-Durables,14.3,6985413.14565,37.35966,0.61986,0.00927,46.06947,55.80047,102.05762,107.74,-5.68238,0.4545,0.1864,NEUTRAL,prior-research-2026-10-01+NEUTRAL,True,-27.0195,0.3147,0.33333,-37.35966,-0.61986,-68.52993,15.75933,-1853.22935,-159.76716,,105.51476,-65.96384,,0.0,-46.33633,-0.55812,-0.84406,-0.49649,0.77826,0.52458,-0.82811,-1.26596,-2.81836,-2.55477,0.0,-0.17606,-1.90952,0.0,-0.71132,-1.25502,2026-09-30,False,,,,,,,,,,,,0.46379,6.43595
VRGYO,Finance,1.36,21401133.33387,49.13701,0.77488,0.18984,64.16819,54.27547,100.07985,107.74,-7.66015,0.5049,0.1889,NEUTRAL,prior-research-2026-10-01+NEUTRAL,True,-41.29032,0.38095,0.41667,-49.13701,-0.77488,-67.78711,16.87895,-14.21432,-64.09471,490.77388,13.19458,54.40888,-0.21816,0.0,-91.30039,-1.31738,-0.69664,-0.24156,-0.03003,0.0384,-0.92886,-0.67269,-1.35518,-2.42553,1.85548,-0.95447,0.7285,0.03609,-0.88033,-2.18,2026-09-30,False,,,,,,,,,,,,0.47341,9.56522
VSNMD,Non-Energy Minerals,27.32,52091335.63513,54.96451,0.82962,-0.27124,23.03473,55.80047,102.05762,107.74,-5.68238,0.4545,0.1864,NEUTRAL,prior-research-2026-10-01+NEUTRAL,True,-56.74781,0.27725,0.33333,-54.96451,-0.82962,-72.27476,17.76851,-2.83899,-2.10773,51.63021,30.17321,-6.09342,-0.0193,0.92007,,-1.86063,-1.19516,-0.93918,-0.4022,0.03186,-1.11629,-0.19415,-0.04794,-0.02649,-0.77398,-0.89443,-0.76793,1.03531,0.60692,0.0,2026-09-30,False,,,,,,,,,,,,0.43111,2.17601
YAPRK,Process Industries,8.14,23445039.51746,42.6879,0.79875,-0.17773,30.53016,55.80047,102.05762,107.74,-5.68238,0.4545,0.1864,NEUTRAL,prior-research-2026-10-01+NEUTRAL,False,-19.79958,0.45059,0.25,-42.6879,-0.79875,-54.94097,16.97017,4.46923,1.34861,32.78921,11.22515,-9.33861,-0.10824,0.30713,-29.88633,-0.52138,-0.18877,-1.36592,0.55569,-0.04823,-0.21401,-0.18708,0.38289,0.12484,-1.19229,-1.56731,-0.85479,0.43038,0.75023,-0.95518,2026-09-30,False,,,,,,,,,,,,0.48358,2.7689
YATAS,Distribution Services,25.8,24693517.96189,42.29942,0.99064,0.63936,97.44059,125.15047,191.99764,107.74,84.25764,0.5947,0.1885,NEUTRAL,prior-research-2026-10-01+NEUTRAL,False,-7.01219,0.52718,0.33333,-42.29942,-0.99064,-47.28239,17.02205,6.95931,21.16176,342.51041,678.99055,2.66402,-0.72058,0.0,13.68689,-0.01974,0.36404,-0.37043,0.89163,-1.37402,0.40417,-0.19025,0.23276,1.53519,1.95965,0.84888,-0.13956,-0.5382,-0.44176,0.75023,2026-09-30,False,,,,,,,,,,,,0.68096,2.25619
YAYLA,Industrial Services,12.8,18030906.0,60.03701,0.68778,0.24711,70.56673,57.21947,103.89792,107.74,-3.84208,0.5245,0.2036,NEUTRAL,prior-research-2026-10-01+NEUTRAL,False,-38.53428,0.36343,0.16667,-60.03701,-0.68778,-63.65701,16.7076,,,135.50696,,,-0.0,0.0,,-1.67235,-0.97049,-2.27769,-0.08005,0.54764,-0.83366,-1.47652,0.0,0.0,0.70874,0.0,0.0,1.62021,-0.40421,0.0,2026-09-30,False,,,,,,,,,,,,0.48595,7.21951
YEOTK,Utilities,26.92,563444407.32385,72.7718,1.20663,-0.46902,12.61426,55.80047,102.05762,107.74,-5.68238,0.4545,0.1864,NEUTRAL,prior-research-2026-10-01+NEUTRAL,False,122.89113,0.51421,0.5,-72.7718,-1.20663,-48.57866,20.14958,58.22324,9.96616,22.74897,90.38088,22.42116,-1.88033,0.0,115.11592,1.3293,-0.23379,0.37664,-1.16143,-2.03777,-0.09388,0.89587,2.12167,0.83605,-1.8131,0.28877,1.10346,-1.50553,-0.69305,1.95986,2026-09-30,False,,,,,,,,,,,,0.4091,9.96168
YESIL,Miscellaneous,0.8,17050885.19532,37.83244,0.50597,0.03735,49.17733,55.80047,102.05762,107.74,-5.68238,0.4545,0.1864,NEUTRAL,prior-research-2026-10-01+NEUTRAL,True,-51.05485,0.25397,0.25,-37.83244,-0.50597,-74.60317,16.65171,-7.94209,-19.34803,249.12558,4.83907,-14.49267,-0.0,0.0,-125.3819,-1.17964,-0.83537,-0.6719,0.71711,0.8824,-0.85574,0.03991,-0.45894,-0.77544,0.76956,-1.48282,-1.29006,0.23871,-0.96267,-3.0,2026-09-30,False,,,,,,,,,,,,0.50263,2.7027
YGGYO,Finance,209.60001,23613310.18298,41.78009,0.43992,-0.0217,43.51005,55.80047,102.05762,107.74,-5.68238,0.4545,0.1864,NEUTRAL,prior-research-2026-10-01+NEUTRAL,False,85.33019,0.7962,0.66667,-41.78009,-0.43992,-22.39316,16.97732,24.63314,11.28864,56.77485,6.85431,74.15689,-0.0205,5.0334,5.78925,1.22921,1.27344,1.4423,0.42151,1.59509,1.63945,-0.55724,0.85344,0.31761,-0.95741,-1.38805,1.02197,0.94962,1.53168,0.15814,2026-09-30,False,,,,,,,,,,,,0.51326,3.76897
YIGIT,Producer Manufacturing,16.13,52411464.27048,39.9475,0.81956,0.41136,86.83729,58.80547,105.95481,107.74,-1.78519,0.5497,0.2014,NEUTRAL,prior-research-2026-10-01+NEUTRAL,False,-15.74435,0.58998,0.5,-39.9475,-0.81956,-41.0022,17.77464,1.60992,2.36567,159.48132,274.19549,5.41527,-0.09387,0.0,-7.86804,-0.22558,0.66791,0.66365,0.89489,-0.09627,0.71486,0.16302,0.14007,0.3517,0.80269,0.87455,0.12256,0.74865,-0.41483,-0.30057,2026-09-30,False,,,,,,,,,,,,0.63141,2.22016
YKBNK,Finance,34.04,8136192361.85829,46.45548,1.44923,0.07051,53.38208,54.27547,100.07985,107.74,-7.66015,0.5049,0.1889,NEUTRAL,prior-research-2026-10-01+NEUTRAL,False,17.26115,0.77328,0.58333,-46.45548,-1.44923,-29.57747,22.81959,21.78396,19.25031,96.4079,285.73969,23.07314,-4.14077,0.0,-9.13493,0.40716,1.14773,0.85119,0.11882,-2.83974,0.99088,2.45813,0.66574,0.76422,-0.41259,1.42113,0.13914,-2.11241,-0.88033,-0.39341,2026-09-30,False,,,,,,,,,,,,0.52032,9.96264
YKSLN,Distribution Services,2.08,19884165.31901,66.99642,0.7077,0.08682,54.84461,54.27547,100.07985,107.74,-7.66015,0.5049,0.1889,NEUTRAL,prior-research-2026-10-01+NEUTRAL,True,-53.47222,0.33016,0.33333,-66.99642,-0.7077,-66.98413,16.80543,-4.96368,-3.6892,95.00802,136.91164,18.82314,-0.60094,0.0,-20.24172,-1.47306,-0.5154,-0.37043,-0.50702,0.06753,-0.50567,-0.39644,-0.66577,-0.28329,0.42265,-0.54052,0.95385,-0.39464,-0.44176,-0.56576,2026-09-30,False,,,,,,,,,,,,0.45571,10.0
YUNSA,Process Industries,6.2,30891480.64581,41.82379,0.87353,0.15659,61.60878,54.27547,100.07985,107.74,-7.66015,0.5049,0.1889,NEUTRAL,prior-research-2026-10-01+NEUTRAL,False,13.75798,0.56109,0.33333,-41.82379,-0.87353,-43.89141,17.24599,8.61567,13.43825,164.57896,122.84703,8.99759,-0.09063,5.89476,37.32561,0.44424,0.28124,-0.69188,0.64133,-0.4674,0.29365,-0.00927,0.72584,1.17247,0.46226,0.12195,0.49151,0.5015,2.08558,1.19383,2026-09-30,False,,,,,,,,,,,,0.56318,4.78395
YYLGD,Process Industries,7.0,48936105.87784,38.74986,0.90861,0.31628,78.6106,57.21947,103.89792,107.74,-3.84208,0.5245,0.2036,NEUTRAL,prior-research-2026-10-01+NEUTRAL,False,-0.49554,0.49123,0.33333,-38.74986,-0.90861,-50.87719,17.70603,16.53203,31.96782,226.4716,356.73808,8.00415,-0.98741,0.0,59.31337,0.1142,-0.04529,-0.69188,0.88223,-0.63951,-0.05233,0.43854,1.07597,1.84064,0.80645,1.13962,0.40132,-1.03615,-0.46691,1.37611,2026-09-30,False,,,,,,,,,,,,0.56902,5.52941
ZEDUR,Consumer Services,5.35,11473165.07767,48.5425,0.68227,0.25722,71.84644,57.21947,103.89792,107.74,-3.84208,0.5245,0.2036,NEUTRAL,prior-research-2026-10-01+NEUTRAL,True,-10.22327,0.47683,0.33333,-48.5425,-0.68227,-52.31729,16.25552,-2.64543,-6.61767,262.08912,13.68359,-45.67822,-0.19388,0.0,-20.79475,0.2862,0.01731,-0.49269,0.14965,0.31974,0.09101,-1.15278,0.10915,-0.24061,1.15671,-1.05483,-1.19184,-0.15668,-0.43637,-0.92178,2026-09-30,False,,,,,,,,,,,,0.55296,1.60214
ZOREN,Utilities,1.87,93447529.11914,41.64014,0.85735,0.43953,88.48263,58.80547,105.95481,107.74,-1.78519,0.5497,0.2014,NEUTRAL,prior-research-2026-10-01+NEUTRAL,True,-31.04478,0.50678,0.25,-41.64014,-0.85735,-49.32249,18.35291,-18.27977,-123.38079,643.48325,371.215,2.03534,-0.95865,0.0,-17.81625,-1.11615,-0.27146,-1.50071,0.62569,-0.58208,-0.14554,0.07488,-1.05588,-2.30137,2.38053,1.63209,-0.23919,-1.00082,-0.69305,-0.24602,2026-09-30,False,,,,,,,,,,,,0.58307,5.62771
ZRGYO,Finance,19.3,18345498.20245,35.38519,0.52943,0.10023,56.12431,54.27547,100.07985,107.74,-7.66015,0.5049,0.1889,NEUTRAL,prior-research-2026-10-01+NEUTRAL,False,-14.89478,0.7829,0.5,-35.38519,-0.52943,-37.12672,16.72489,7.76079,6.8459,102.99252,14.68799,80.95107,-0.11264,0.48161,202.12674,-0.42378,1.18752,0.31644,1.08668,1.14514,0.59252,-0.76506,0.03151,-0.0985,-0.31517,-0.8596,1.08547,0.31787,0.38518,1.66624,2026-09-30,False,,,,,,,,,,,,0.50703,2.79389
