tarih,ticker,open,high,low,close,volume,change_pct,value_traded,rvol,perf_w,perf_1m,perf_3m,high_1m,low_1m,atr,market_cap,sector,takas_conc,takas_conf,z_mom_3m,z_rs_1m,z_range_pos,z_rev_1d,z_flow_clv,z_vol_surge,z_low_vol,z_liquidity,z_takas_delta,composite,composite_pct,exp_net_pct,regime_label,p_risk_off,model_version,eligible
2026-09-28,A1CAP,4.45,4.65,4.18,4.46,13846269.0,0.6772,61754359.74,1.38469,-5.30786,-47.52941,-59.12007,8.67,4.18,0.42055,2990249884.0,Finance,,0.0,-1.60697,-1.2875,-0.15305,-1.12832,0.71689,1.30711,-0.9745,0.06625,0.0,-0.76122,10.88889,-0.2011,NEUTRAL,0.0192,prior-research-2026-09-28+NEUTRAL,False
2026-09-28,A1YEN,1.62,1.66,1.53,1.63,23221663.0,1.875,37851310.69,1.3583,-7.38636,-42.80702,-45.48495,2.88,1.53,0.14256,960000014.0,Utilities,,0.0,-0.85326,-1.11932,0.09772,-1.7338,1.45637,1.19507,-0.6208,-0.58777,0.0,-0.48862,22.0,-0.2011,NEUTRAL,0.0192,prior-research-2026-09-28+NEUTRAL,False
2026-09-28,AAGYO,8.33,8.33,7.77,7.85,5613397.0,-5.8753,44065166.45,0.70778,-9.97706,-40.25875,-51.15121,13.04,7.77,0.49851,,Finance,,0.0,-1.125,-1.00489,-1.12025,0.63177,-0.79369,-0.26449,-0.14583,-0.18856,0.0,-0.70605,13.55556,-0.2011,NEUTRAL,0.0192,prior-research-2026-09-28+NEUTRAL,False
2026-09-28,ADEL,26.2,26.2,24.5,24.78,2176147.0,-6.41994,53924922.66,1.14787,-13.89854,-28.91566,-22.22222,36.4,24.5,1.4743,6881489881.0,Consumer Durables,,0.0,0.34612,-0.50102,-0.65207,0.50946,-0.93785,0.83964,-0.05417,-0.04987,0.0,-0.20736,37.33333,-0.2011,NEUTRAL,0.0192,prior-research-2026-09-28+NEUTRAL,False
2026-09-28,ADESE,0.7,0.7,0.64,0.64,122160658.0,-8.57143,78182821.12,0.87377,-15.78947,-26.43678,-35.35354,0.89,0.64,0.0361,3527999940.0,Finance,,0.0,-0.3855,-0.21,-1.83344,1.30674,-1.72599,0.30587,0.14124,0.23142,0.0,-0.54311,19.33333,-0.2011,NEUTRAL,0.0192,prior-research-2026-09-28+NEUTRAL,False
2026-09-28,ADGYO,52.0,53.4,48.6,48.6,1660127.0,-10.0,80682172.2,1.02225,-0.81633,-19.46976,-9.0739,60.95,44.24,3.68491,29476139282.0,Finance,,0.0,0.89994,0.14474,0.70733,2.7199,-1.92415,0.68401,-0.55183,0.25552,0.0,0.41757,73.55556,0.0707,NEUTRAL,0.0192,prior-research-2026-09-28+NEUTRAL,False
2026-09-28,AEFES,18.79,18.79,18.01,18.06,31675877.0,-4.08922,572066338.62,0.86265,-3.83387,-2.79871,-15.68627,19.96,17.67,0.63245,111493422537.0,Consumer Non-Durables,,0.0,0.5524,1.36783,0.60235,-0.18827,-0.87736,0.12072,1.35988,1.62479,0.0,0.60382,82.66667,0.1382,NEUTRAL,0.0192,prior-research-2026-09-28+NEUTRAL,False
2026-09-28,AFYON,11.14,11.14,10.8,10.82,1739368.0,-2.95964,18819961.76,1.17434,-6.32035,-14.80315,-18.5241,12.89,10.8,0.32456,4459999847.0,Non-Energy Minerals,,0.0,0.1814,0.44976,-1.29668,-0.49067,-1.61212,1.16119,2.10556,-1.24351,0.0,-0.22689,36.44444,-0.2011,NEUTRAL,0.0192,prior-research-2026-09-28+NEUTRAL,False
2026-09-28,AGESA,232.5,233.7,228.4,231.9,164179.0,-0.25806,38073110.1,0.93233,-3.49563,-10.54966,-8.33992,266.75,226.0,7.4372,41850000000.0,Finance,,0.0,0.92439,0.68882,0.33344,-0.92256,0.78805,0.47951,1.6808,-0.29421,0.0,0.55638,80.66667,0.1382,NEUTRAL,0.0192,prior-research-2026-09-28+NEUTRAL,False
2026-09-28,AGHOL,34.0,34.0,32.72,32.94,2977015.0,-3.11765,98062874.1,0.58388,-2.88915,8.85658,-1.9059,35.7,30.48,1.23112,82801737305.0,Consumer Non-Durables,,0.0,1.23651,1.96316,1.50336,-0.46294,0.03724,-0.98841,1.15876,0.7649,0.0,1.05795,95.55556,0.1492,NEUTRAL,0.0192,prior-research-2026-09-28+NEUTRAL,False
2026-09-28,AGROT,1.43,1.45,1.32,1.35,24613604.0,-6.89655,33228365.4,0.58503,-18.6747,-36.01896,-50.54945,2.1,1.32,0.09367,3480000114.0,Technology Services,,0.0,-1.27434,-0.4439,-0.29187,0.46484,0.15288,-1.09028,0.1271,-0.49411,0.0,-0.35972,28.0,-0.2011,NEUTRAL,0.0192,prior-research-2026-09-28+NEUTRAL,False
2026-09-28,AHGAZ,44.2,44.22,41.04,41.48,7448188.0,-6.28107,308950838.24,0.79974,-0.28846,11.98704,11.32582,44.82,36.56,1.79133,115075995636.0,Utilities,,0.0,1.62511,1.92236,1.77494,0.49341,-0.77027,-0.01,0.98517,0.72892,0.0,1.19073,97.33333,0.1492,NEUTRAL,0.0192,prior-research-2026-09-28+NEUTRAL,False
2026-09-28,AHSGY,10.7,10.72,9.59,9.59,2019319.0,-9.95305,19365269.21,0.6012,-27.07224,-48.49624,-52.9902,20.1,9.59,1.32994,7683974725.0,Finance,,0.0,-1.24239,-1.34593,-1.83344,1.8266,-1.07084,-0.73451,-1.85149,-1.0661,0.0,-1.08609,3.33333,-0.2011,NEUTRAL,0.0192,prior-research-2026-09-28+NEUTRAL,False
2026-09-28,AKBNK,69.75,71.2,69.3,70.1,115640289.0,-1.12835,8106384258.9,0.68285,-0.84866,-4.16951,-9.43152,76.3,62.8,2.6279,368680007935.0,Finance,,0.0,0.87595,1.21213,1.51813,-0.66986,0.19708,-0.36484,1.04955,2.57493,0.0,0.93149,92.88889,0.1427,NEUTRAL,0.0192,prior-research-2026-09-28+NEUTRAL,False
2026-09-28,AKCNS,211.4,211.4,194.8,197.5,620937.0,-6.92743,122635057.5,0.5341,-1.00251,-20.29863,-13.26307,253.5,187.3,11.42489,40625070326.0,Non-Energy Minerals,,0.0,0.45964,0.07513,0.35514,0.65715,-0.06156,-0.8854,0.14537,0.36196,0.0,0.2967,67.33333,-0.0529,NEUTRAL,0.0192,prior-research-2026-09-28+NEUTRAL,False
2026-09-28,AKENR,8.78,8.78,8.2,8.31,4480472.0,-5.56818,37232722.32,0.79154,-10.83691,-19.71014,-30.46025,11.09,8.2,0.45638,6416643889.0,Utilities,,0.0,-0.17063,0.11087,-0.36499,0.22022,-0.51012,-0.03277,0.45088,-0.60562,0.0,-0.11081,44.66667,-0.2011,NEUTRAL,0.0192,prior-research-2026-09-28+NEUTRAL,False
2026-09-28,AKFGY,2.43,2.43,2.37,2.39,21496485.0,-2.44898,51376599.15,0.74863,-2.84553,-7.72201,-14.64286,3.09,2.32,0.10427,9555000186.0,Finance,,0.0,0.61563,0.91378,0.06833,-0.28239,-0.1402,-0.12633,0.71961,-0.06113,0.0,0.33575,69.11111,-0.0529,NEUTRAL,0.0192,prior-research-2026-09-28+NEUTRAL,False
2026-09-28,AKFIS,15.74,15.84,15.06,15.6,13561048.0,-0.95238,211552348.8,0.70168,0.32154,-20.0,17.95818,18.83,12.52,1.31576,60123517822.0,Industrial Services,,0.0,1.41237,-0.0195,1.04181,-1.09264,1.01645,0.08385,-0.57307,0.58391,0.0,0.49419,77.55556,0.0707,NEUTRAL,0.0192,prior-research-2026-09-28+NEUTRAL,False
2026-09-28,AKFYE,3.57,3.6,3.24,3.33,52311215.0,-6.46067,174196345.95,0.89778,-11.43617,-13.73022,-16.26119,4.85665,3.24,0.26271,25567116503.0,Utilities,,0.0,0.44309,0.50663,-0.09834,0.57089,-0.39892,0.30655,-0.39725,0.40522,0.0,0.15324,60.66667,-0.0529,NEUTRAL,0.0192,prior-research-2026-09-28+NEUTRAL,False
2026-09-28,AKGRT,5.3,5.3,5.11,5.18,8164870.0,-2.81426,42294026.6,0.8015,-5.98911,-16.85393,-27.34923,6.39,5.11,0.17544,8591959877.0,Finance,,0.0,0.04165,0.29577,-0.26589,-0.18121,-0.0134,0.05565,1.40834,-0.20021,0.0,0.13119,58.88889,-0.0529,NEUTRAL,0.0192,prior-research-2026-09-28+NEUTRAL,False
2026-09-28,AKHAN,28.26,29.48,26.0,26.0,5831607.0,-5.93343,151621782.0,2.01627,-5.10949,-35.67541,-22.29528,42.0,23.6,2.49439,7555394000.0,Process Industries,,0.0,0.19208,-0.52956,0.80811,-0.13035,-1.90514,1.90815,-0.71154,1.02837,0.0,-0.12579,43.33333,-0.2011,NEUTRAL,0.0192,prior-research-2026-09-28+NEUTRAL,False
2026-09-28,AKMGY,227.3,227.8,216.0,216.8,63879.0,-4.61945,13848967.2,0.64221,-5.73913,-20.0,-10.78189,271.0,216.0,10.97089,8470107300.0,Finance,,0.0,0.77671,0.1211,-1.12913,0.32091,-0.92004,-0.52524,0.40745,-1.76398,0.0,-0.16573,40.66667,-0.2011,NEUTRAL,0.0192,prior-research-2026-09-28+NEUTRAL,False
2026-09-28,AKSA,10.7,10.74,10.42,10.43,11095812.0,-3.51526,115729319.16,0.81709,-3.87097,-4.83577,-12.27923,11.66,10.19,0.35294,41996851630.0,Process Industries,,0.0,0.65614,1.36179,0.94116,-0.7904,-0.80273,0.31815,1.74573,0.91319,0.0,0.64977,84.22222,0.1382,NEUTRAL,0.0192,prior-research-2026-09-28+NEUTRAL,False
2026-09-28,AKSEN,70.0,72.0,65.95,71.6,10583872.0,-0.55556,757805235.2,1.33467,9.2296,-14.40526,-14.30281,83.35,61.15,4.09713,88296354492.0,Utilities,,0.0,0.58063,0.46591,1.46409,-1.13429,1.85785,1.15811,0.35397,1.119,0.0,0.70507,86.0,0.1382,NEUTRAL,0.0192,prior-research-2026-09-28+NEUTRAL,False
2026-09-28,AKSGY,9.3,9.41,9.13,9.35,3001018.0,-0.63762,28059518.3,0.58237,0.863,-8.33333,-2.60417,10.23,8.83,0.28146,22725149632.0,Finance,,0.0,1.18263,0.83402,1.0892,-0.8306,0.85357,-0.8547,1.9772,-0.54003,0.0,0.84663,91.11111,0.1427,NEUTRAL,0.0192,prior-research-2026-09-28+NEUTRAL,False
2026-09-28,AKSUE,17.98,18.26,16.24,16.29,2473798.0,-9.5,40298169.42,0.8229,-14.84579,-56.42055,-55.97297,33.66,16.24,2.2002,1188000000.0,Utilities,,0.0,-1.47186,-1.76509,-1.23479,1.1569,-1.24761,0.07586,-1.56107,-0.54052,0.0,-1.10876,2.88889,-0.2011,NEUTRAL,0.0192,prior-research-2026-09-28+NEUTRAL,False
2026-09-28,ALARK,106.0,106.2,102.0,104.0,3537811.0,-2.80374,367932344.0,0.86697,-3.52505,-5.02283,-3.34572,119.9,101.5,4.1141,43821610321.0,Finance,,0.0,1.13156,1.13954,0.30709,-0.19439,0.28592,0.28195,0.9407,1.06726,0.0,0.68023,84.88889,0.1382,NEUTRAL,0.0192,prior-research-2026-09-28+NEUTRAL,False
2026-09-28,ALBRK,8.4,8.4,8.17,8.28,9085793.0,-1.54578,75230366.04,0.45111,-3.83275,-8.71003,1.97044,9.3,7.74,0.3115,21024999619.0,Finance,,0.0,1.35564,0.80861,0.95623,-0.52202,0.32131,-1.41357,1.03805,0.20747,0.0,0.75679,88.0,0.1382,NEUTRAL,0.0192,prior-research-2026-09-28+NEUTRAL,False
2026-09-28,ALBTN,23.0,23.02,21.24,21.92,3711792.0,-6.00343,81362480.64,0.53461,-15.69231,-35.60517,-41.07527,36.7,21.24,2.06619,5829999924.0,Non-Energy Minerals,,0.0,-0.82126,-0.72031,-0.41107,0.35695,0.49535,-0.87608,-0.89091,0.14734,0.0,-0.39117,26.22222,-0.2011,NEUTRAL,0.0192,prior-research-2026-09-28+NEUTRAL,False
2026-09-28,ALCTL,93.0,93.0,87.65,88.0,340431.0,-5.832,29957928.0,0.89757,-3.77255,-26.84954,-47.77448,121.1,85.8,5.73327,3616587319.0,Electronic Technology,,0.0,-0.54896,0.32039,0.18671,-0.09733,-0.79039,0.41243,0.39055,-0.85621,0.0,-0.12579,43.11111,-0.2011,NEUTRAL,0.0192,prior-research-2026-09-28+NEUTRAL,False
2026-09-28,ALFAS,29.7,30.64,29.66,29.66,2547685.0,-9.9575,75564337.1,1.22527,-11.62098,-29.71564,-37.39975,42.32,29.66,1.95723,12121919495.0,Utilities,,0.0,-0.53728,-0.43371,-1.68969,1.6012,-1.85373,0.98392,0.01066,-0.07419,0.0,-0.59529,18.0,-0.2011,NEUTRAL,0.0192,prior-research-2026-09-28+NEUTRAL,False
2026-09-28,ALGYO,3.03,3.11,2.92,3.09,27895730.0,1.31148,86197805.7,1.20559,-4.62963,-16.71159,-21.9697,3.89,2.92,0.14609,6178503895.0,Finance,,0.0,0.2855,0.30196,0.45626,-1.32663,1.48168,1.02424,0.52601,0.31657,0.0,0.30571,67.55556,-0.0529,NEUTRAL,0.0192,prior-research-2026-09-28+NEUTRAL,False
2026-09-28,ALKA,6.48,6.48,6.01,6.07,2844488.0,-6.32716,17266042.16,1.39485,-13.28571,-27.65197,-35.69915,8.51,6.01,0.32432,4762800014.0,Process Industries,,0.0,-0.46797,-0.06384,-0.27971,0.01223,-1.34045,1.52836,0.60197,-0.80425,0.0,-0.29772,31.55556,-0.2011,NEUTRAL,0.0192,prior-research-2026-09-28+NEUTRAL,False
2026-09-28,ALKIM,12.55,12.55,11.79,12.36,2029710.0,-1.90476,25087215.6,1.53716,-9.05077,-21.82163,-30.91112,16.5,11.79,0.57407,3780000114.0,Process Industries,,0.0,-0.21945,0.21461,0.75054,-1.19252,1.93819,1.66604,0.89616,-0.29197,0.0,0.32072,68.66667,-0.0529,NEUTRAL,0.0192,prior-research-2026-09-28+NEUTRAL,False
2026-09-28,ALTIN,71.4,71.73,71.17,71.39,15411580.0,-2.69865,1100232696.2,1.00839,-4.78794,-8.06182,1.30552,76.5,71.17,1.33829,,,,0.0,1.26331,0.92993,-0.27949,-0.55946,0.28825,0.68132,3.0,1.52542,0.0,0.76777,88.22222,0.1382,NEUTRAL,0.0192,prior-research-2026-09-28+NEUTRAL,False
2026-09-28,ALTNY,12.8,13.06,12.2,12.3,46569528.0,-5.9633,572805194.4,2.17294,-12.82778,-33.72845,-27.8169,18.71,12.2,0.86987,13079999924.0,Electronic Technology,,0.0,0.36422,-0.11087,-0.76574,-0.03098,-1.64035,1.84537,0.1633,0.89142,0.0,-0.231,36.0,-0.2011,NEUTRAL,0.0192,prior-research-2026-09-28+NEUTRAL,False
2026-09-28,ANGEN,6.91,7.55,6.7,6.74,4449902.0,-4.93653,29992339.48,1.25598,-10.84656,-27.44887,-35.9924,10.22,6.7,0.43202,1559800034.0,Health Technology,,0.0,-0.54114,0.06478,-1.08604,-0.18928,-0.93363,0.98647,0.29832,-0.661,0.0,-0.47537,22.44444,-0.2011,NEUTRAL,0.0192,prior-research-2026-09-28+NEUTRAL,False
2026-09-28,ANHYT,99.2,99.6,96.25,98.5,1090286.0,-1.25313,107393171.0,0.79974,-0.70565,-7.07547,-3.90244,110.0,96.25,3.77413,42892500000.0,Finance,,0.0,1.09253,0.98999,0.42137,-0.61548,0.75692,0.04426,1.02671,0.43646,0.0,0.65557,84.44444,0.1382,NEUTRAL,0.0192,prior-research-2026-09-28+NEUTRAL,False
2026-09-28,ANSGR,24.2,24.58,23.8,24.2,2753110.0,-2.57649,66625262.0,0.65112,-10.56911,-10.96394,-12.31884,27.52,23.8,0.82351,49680000305.0,Finance,,0.0,0.71887,0.65861,0.12338,-0.24805,0.42484,-0.47476,1.35497,0.13053,0.0,0.4801,76.66667,0.0707,NEUTRAL,0.0192,prior-research-2026-09-28+NEUTRAL,False
2026-09-28,ARASE,99.25,99.25,94.6,98.55,247270.0,-0.70529,24368458.5,0.75509,-8.32558,-17.18487,-15.625,128.9,93.2,5.96148,24812500000.0,Utilities,,0.0,0.47824,0.2673,0.50386,-1.08057,1.22119,-0.1578,0.20117,-1.04533,0.0,0.24629,65.33333,-0.0529,NEUTRAL,0.0192,prior-research-2026-09-28+NEUTRAL,False
2026-09-28,ARCLK,85.15,87.15,83.8,86.8,2047889.0,1.1655,177756765.2,1.32009,-0.57274,-7.70867,-14.39842,97.7,83.8,2.6552,57977482519.0,Consumer Durables,,0.0,0.70736,0.74946,0.75555,-1.62052,2.03728,1.08459,1.8648,0.66721,0.0,0.74189,87.33333,0.1382,NEUTRAL,0.0192,prior-research-2026-09-28+NEUTRAL,False
2026-09-28,ARDYZ,66.4,66.5,62.85,64.35,4790674.0,-3.95522,308279871.9,0.66183,5.06122,-29.44079,13.89381,90.05,55.5,5.09227,21592365295.0,Technology Services,,0.0,1.54698,-0.09488,0.87889,-0.41432,0.63088,-0.6843,-0.14816,0.9089,0.0,0.5764,81.11111,0.1382,NEUTRAL,0.0192,prior-research-2026-09-28+NEUTRAL,False
2026-09-28,ARFYE,13.88,14.29,13.03,14.0,3746080.0,-2.0979,52445120.0,1.01529,-12.2807,-33.39676,-54.63383,21.0,13.03,1.18113,2614574888.0,Utilities,,0.0,-1.38359,-0.65567,0.36706,-0.64592,1.24861,0.60241,-0.57798,-0.33143,0.0,-0.35274,28.88889,-0.2011,NEUTRAL,0.0192,prior-research-2026-09-28+NEUTRAL,False
2026-09-28,ARMGD,148.5,155.0,142.8,151.9,2413446.0,3.40368,366602447.4,1.27274,5.85366,-24.05,-14.90196,205.7,109.4,14.95565,38778783045.0,Consumer Non-Durables,,0.0,0.61753,-0.05517,1.39825,-2.06839,1.63835,0.96662,-1.01989,1.41748,0.0,0.33976,69.33333,-0.0529,NEUTRAL,0.0192,prior-research-2026-09-28+NEUTRAL,False
2026-09-28,ARSAN,3.53,3.62,3.41,3.46,14189271.0,-5.97826,49094877.66,0.72587,-3.62117,-18.20331,8.125,4.57,3.3,0.2141,6436076191.0,Process Industries,,0.0,1.48908,0.41516,0.78879,-0.09993,0.1831,-0.0012,0.21896,0.37144,0.0,0.62674,83.33333,0.1382,NEUTRAL,0.0192,prior-research-2026-09-28+NEUTRAL,False
2026-09-28,ARTMS,34.9,37.3,33.86,36.4,903515.0,4.0,32887946.0,1.18459,0.3861,-7.98787,-15.42751,44.42,31.76,2.55457,2450000000.0,Retail Trade,,0.0,-0.39241,0.24047,0.77273,-1.52235,0.85019,1.15069,-0.85719,-0.78259,0.0,-0.09492,46.22222,-0.2011,NEUTRAL,0.0192,prior-research-2026-09-28+NEUTRAL,False
2026-09-28,ARZUM,1.23,1.23,1.14,1.16,11152479.0,-6.45161,12936875.64,1.11318,-10.76923,-28.39506,-41.70854,1.73,1.14,0.07084,744000006.0,Distribution Services,,0.0,-0.14266,0.24504,-0.19936,0.16603,-0.54802,0.49794,0.57722,-1.92086,0.0,-0.11009,44.88889,-0.2011,NEUTRAL,0.0192,prior-research-2026-09-28+NEUTRAL,False
2026-09-28,ASELS,370.0,370.0,357.25,367.25,24903811.0,-1.34318,9145924589.75,0.86163,-1.54155,-9.04025,2.29805,407.0,347.5,14.98748,1697460000000.0,Electronic Technology,,0.0,1.73298,1.32578,1.2416,-1.27972,1.62835,0.31026,1.42191,2.72787,0.0,1.21998,97.77778,0.1492,NEUTRAL,0.0192,prior-research-2026-09-28+NEUTRAL,False
2026-09-28,ASGYO,10.27,10.27,9.82,9.9,3000269.0,-4.16263,29702663.1,0.89048,-1.39442,-11.52815,-21.42857,11.5,9.55,0.38814,6758918193.0,Finance,,0.0,0.30327,0.6217,0.47751,0.16947,-0.97586,0.34817,0.96147,-0.48283,0.0,0.2722,66.44444,-0.0529,NEUTRAL,0.0192,prior-research-2026-09-28+NEUTRAL,False
2026-09-28,ASTOR,235.2,235.2,235.2,235.2,789792.0,-9.97129,185759078.4,0.02263,-6.66667,-33.18182,-15.39568,355.25,235.2,16.60662,260727500000.0,Producer Manufacturing,,0.0,0.80476,-0.21134,-1.42259,1.43656,0.0,-2.9796,-0.01589,1.00401,0.0,0.04549,55.11111,-0.0529,NEUTRAL,0.0192,prior-research-2026-09-28+NEUTRAL,False
2026-09-28,ATAKP,36.22,36.96,34.18,34.58,364400.0,-5.26027,12600952.0,0.85233,-1.14351,-24.5966,-35.78459,45.36,33.9,1.60534,5051855415.0,Consumer Non-Durables,,0.0,-0.39532,-0.07252,-0.02747,0.10267,-0.5895,0.06769,0.6708,-2.86969,0.0,-0.22904,36.22222,-0.2011,NEUTRAL,0.0192,prior-research-2026-09-28+NEUTRAL,False
2026-09-28,ATATP,241.6,241.6,225.3,230.0,469185.0,-5.77632,107912550.0,0.70505,-5.81491,-29.50192,1.05448,322.75,225.3,18.57791,6174107874.0,Technology Services,,0.0,1.13644,-0.10092,-0.12723,0.07102,0.18219,-0.52927,-0.21354,0.34511,0.0,0.22947,64.66667,-0.0529,NEUTRAL,0.0192,prior-research-2026-09-28+NEUTRAL,False
2026-09-28,ATATR,5.9,6.01,5.5,5.75,29705601.0,-5.89198,170807205.75,0.99335,-31.05516,-64.28571,-63.44565,16.07,5.5,0.85223,4905388449.0,Consumer Services,,0.0,-2.00652,-1.95807,-0.55626,0.36714,0.69039,0.45406,-1.75612,0.91251,0.0,-0.93099,6.44444,-0.2011,NEUTRAL,0.0192,prior-research-2026-09-28+NEUTRAL,False
2026-09-28,AVHOL,26.1,26.44,24.0,25.92,1047252.0,-0.68966,27144771.84,0.59609,-9.7493,-28.43733,-31.10048,36.74,24.0,1.67485,972225014.0,Health Services,,0.0,-0.31053,-0.30194,0.32309,-1.27118,1.02533,-0.16072,-0.19643,-0.2613,0.0,-0.11135,44.44444,-0.2011,NEUTRAL,0.0192,prior-research-2026-09-28+NEUTRAL,False
2026-09-28,AVOD,3.19,3.19,2.98,3.06,5253643.0,-4.6729,16076147.58,0.83641,-12.06897,-22.1374,-24.44444,5.06,2.98,0.23253,866700010.0,Consumer Non-Durables,,0.0,0.18465,0.05473,-0.32296,-0.0018,0.52499,0.03272,-0.47842,-1.00719,0.0,-0.07092,47.55556,-0.2011,NEUTRAL,0.0192,prior-research-2026-09-28+NEUTRAL,False
2026-09-28,AVPGY,53.05,53.05,51.0,51.05,351739.0,-4.22139,17956275.95,0.46124,-5.63771,-5.81181,-7.18182,61.0,51.0,2.08624,21202799230.0,Finance,,0.0,0.97483,1.08333,-1.3343,0.18707,-0.58247,-1.38567,0.81534,-1.19421,0.0,0.09204,57.11111,-0.0529,NEUTRAL,0.0192,prior-research-2026-09-28+NEUTRAL,False
2026-09-28,AYCES,397.5,397.5,358.75,359.25,92966.0,-9.79284,33398035.5,1.0478,-12.48477,-20.69536,-38.79898,486.0,358.75,21.33623,9956250000.0,Consumer Services,,0.0,-0.72744,0.21374,-1.07384,1.2757,-1.52511,0.57688,0.25681,-0.1556,0.0,-0.36956,27.77778,-0.2011,NEUTRAL,0.0192,prior-research-2026-09-28+NEUTRAL,False
2026-09-28,AYDEM,24.3,24.34,23.5,24.16,1697832.0,-0.90238,41019621.12,0.81648,3.07167,-10.51852,-3.74502,27.46,22.1,1.08797,17187899408.0,Utilities,,0.0,1.04021,0.68035,1.24493,-1.00039,1.15645,0.05862,0.92729,-0.51706,0.0,0.71583,86.66667,0.1382,NEUTRAL,0.0192,prior-research-2026-09-28+NEUTRAL,False
2026-09-28,AYEN,27.06,27.1,25.82,26.14,533051.0,-5.42692,13933953.14,1.15778,-5.28986,-16.37876,-27.86976,33.0,25.82,1.18911,7670101518.0,Utilities,,0.0,-0.05485,0.30448,-0.21797,0.17338,-0.78464,0.90762,0.88752,-2.02966,0.0,-0.0806,47.11111,-0.2011,NEUTRAL,0.0192,prior-research-2026-09-28+NEUTRAL,False
2026-09-28,AYGAZ,298.25,299.0,290.0,291.25,309263.0,-2.67335,90072848.75,0.28172,-9.89946,-8.98438,40.42912,346.5,290.0,13.278,65775379223.0,Utilities,,0.0,2.31427,0.78413,-0.75731,-0.52045,0.23728,-2.38657,0.87971,0.05371,0.0,0.55311,80.44444,0.1382,NEUTRAL,0.0192,prior-research-2026-09-28+NEUTRAL,False
2026-09-28,BAGFS,23.16,23.16,21.42,21.72,619105.0,-6.62081,13446960.6,0.72564,-9.57535,-17.72727,-16.07419,29.4,21.42,1.2295,3140100031.0,Process Industries,,0.0,0.44791,0.45154,0.01232,0.11649,-0.06946,-0.00695,0.44784,-1.59949,0.0,0.15167,60.44444,-0.0529,NEUTRAL,0.0192,prior-research-2026-09-28+NEUTRAL,False
2026-09-28,BAHKM,185.0,192.6,178.8,188.3,1154308.0,2.67176,217356196.4,0.51219,5.78652,14.12121,63.3131,202.0,145.5,17.07534,10086999664.0,Process Industries,,0.0,2.60523,2.3214,2.57758,-2.39564,1.25512,-0.93504,-0.59494,1.27941,0.0,1.39895,99.11111,0.1492,NEUTRAL,0.0192,prior-research-2026-09-28+NEUTRAL,False
2026-09-28,BALSU,7.37,7.38,6.66,6.66,92895941.0,-10.0,618686967.06,1.56233,12.88136,-38.04651,-64.38503,10.58,5.72,0.71516,8228800106.0,Consumer Non-Durables,,0.0,-1.83928,-0.79763,0.67336,2.51778,-1.7501,1.33995,-1.16811,1.67866,0.0,-0.35586,28.66667,-0.2011,NEUTRAL,0.0192,prior-research-2026-09-28+NEUTRAL,False
2026-09-28,BAYRK,2.98,2.98,2.7,2.76,4937465.0,-7.38255,13627403.4,0.97877,-18.82353,-36.9863,-42.01681,4.39,2.7,0.19446,744999959.0,Consumer Non-Durables,,0.0,-0.60355,-0.73051,-0.41108,0.74706,-0.44494,0.42934,-0.31548,-1.58415,0.0,-0.42974,25.33333,-0.2011,NEUTRAL,0.0192,prior-research-2026-09-28+NEUTRAL,False
2026-09-28,BERA,11.35,11.35,10.82,11.02,5808569.0,-3.67133,64010430.38,0.86183,-8.92562,-17.88376,-31.76471,14.37,10.82,0.54101,7392504827.0,Producer Manufacturing,,0.0,0.0327,0.64894,0.19253,-0.63586,0.40688,0.43571,0.87229,0.33727,0.0,0.24878,65.77778,-0.0529,NEUTRAL,0.0192,prior-research-2026-09-28+NEUTRAL,False
2026-09-28,BESLR,11.48,11.57,10.96,11.04,2598090.0,-4.74547,28682913.6,1.09473,-7.53769,-15.66081,-20.40375,13.41,10.96,0.45087,7672580101.0,Consumer Non-Durables,,0.0,0.37287,0.43947,-0.47575,0.02138,-1.02222,0.6642,0.91023,-0.16023,0.0,0.0353,54.44444,-0.0529,NEUTRAL,0.0192,prior-research-2026-09-28+NEUTRAL,False
2026-09-28,BESTE,21.98,22.2,20.38,20.38,3581457.0,-9.98233,72990093.66,0.60041,-15.85467,-39.16418,-37.36939,34.48,20.38,1.99887,4260961200.0,Utilities,,0.0,-0.53074,-0.93035,-1.68969,2.00509,-0.836,-0.80893,-0.83973,-0.10991,0.0,-0.61482,17.77778,-0.2011,NEUTRAL,0.0192,prior-research-2026-09-28+NEUTRAL,False
2026-09-28,BETAE,60.0,60.05,55.25,57.65,11536189.0,-6.03097,665061295.85,1.07409,-5.80065,-41.29328,31.02273,96.1,55.25,6.47604,,Producer Manufacturing,,0.0,2.30198,-0.62255,0.21033,0.04255,0.81213,0.94568,-0.94485,1.58834,0.0,0.5195,79.11111,0.0707,NEUTRAL,0.0192,prior-research-2026-09-28+NEUTRAL,False
2026-09-28,BEYAZ,18.0,18.0,16.67,16.67,975653.0,-8.9071,16264135.51,0.76143,-18.28431,-28.14655,-34.67868,24.7,16.67,1.13812,1824281314.0,Retail Trade,,0.0,-1.30328,-0.92041,-2.1264,1.66843,-1.6125,0.0667,-0.79853,-1.72273,0.0,-1.08475,3.77778,-0.2011,NEUTRAL,0.0192,prior-research-2026-09-28+NEUTRAL,False
2026-09-28,BFREN,107.4,110.0,106.0,107.9,122452.0,-2.61733,13212570.8,0.58674,-7.77778,-17.82178,-20.60338,133.0,106.0,3.90411,13575527086.0,Producer Manufacturing,,0.0,0.56245,0.65502,0.34693,-0.90355,0.73252,-0.65205,1.57704,-2.02319,0.0,0.3707,71.33333,0.0707,NEUTRAL,0.0192,prior-research-2026-09-28+NEUTRAL,False
2026-09-28,BIENY,16.09,16.09,15.0,15.3,1307062.0,-5.49722,19998048.6,0.72083,-11.14983,-32.36074,-32.06039,22.6,15.0,0.92074,5844590193.0,Non-Energy Minerals,,0.0,-0.44465,-0.57943,-0.49666,0.15386,0.02038,-0.0524,0.0515,-1.13219,0.0,-0.33624,30.0,-0.2011,NEUTRAL,0.0192,prior-research-2026-09-28+NEUTRAL,False
2026-09-28,BIGCH,3.89,3.89,3.58,3.65,3894623.0,-6.16967,14215373.95,0.82841,-9.65347,-41.97138,-49.30556,6.35,3.58,0.29802,2081149929.0,Consumer Services,,0.0,-1.17867,-0.88835,-0.52069,0.46515,-0.28123,-7e-05,-0.50399,-1.46564,0.0,-0.63591,15.77778,-0.2011,NEUTRAL,0.0192,prior-research-2026-09-28+NEUTRAL,False
2026-09-28,BIGTK,119.0,124.0,119.0,119.0,118932.0,-9.98487,14152908.0,0.36274,-40.88425,-68.45593,-52.4,376.75,119.0,23.58023,4469910528.0,Consumer Services,,0.0,-1.38739,-2.20135,-1.56211,2.0622,-0.03688,-2.01726,-2.33816,-1.4862,0.0,-1.13356,2.44444,-0.2011,NEUTRAL,0.0192,prior-research-2026-09-28+NEUTRAL,False
2026-09-28,BIMAS,422.25,427.25,418.25,426.5,6506612.0,0.41201,2775070018.0,0.64837,1.36661,2.83303,14.80485,443.25,390.0,12.05808,503660067444.0,Retail Trade,,0.0,0.81801,1.02161,1.61613,-0.75616,0.80794,-0.35744,1.77305,1.58429,0.0,1.00065,94.44444,0.1427,NEUTRAL,0.0192,prior-research-2026-09-28+NEUTRAL,False
2026-09-28,BINBN,73.2,88.0,72.3,72.3,2174640.0,-9.96264,157226472.0,3.98646,-40.88307,-61.48109,-58.92045,191.0,72.3,11.77311,8993600342.0,Commercial Services,,0.0,-1.11953,-1.11054,-1.06235,1.50393,-2.56416,2.96679,-1.39947,0.93597,0.0,-0.90321,7.11111,-0.2011,NEUTRAL,0.0192,prior-research-2026-09-28+NEUTRAL,False
2026-09-28,BINHO,6.82,6.82,6.16,6.29,24028526.0,-8.04094,151139428.54,0.8175,-0.94488,-44.13854,-37.22555,10.86,5.72,0.62617,8824626364.0,Technology Services,,0.0,-0.6375,-0.84282,0.3587,0.71398,-0.3148,-0.12889,-0.61245,0.47943,0.0,-0.20237,37.77778,-0.2011,NEUTRAL,0.0192,prior-research-2026-09-28+NEUTRAL,False
2026-09-28,BIOEN,9.47,11.22,9.18,10.95,26663840.0,7.35294,291969048.0,2.8206,-17.04545,-42.36842,-42.06349,20.66,9.18,1.18227,5099999905.0,Utilities,,0.0,-0.69449,-1.09163,0.53086,-2.29226,2.38081,2.07727,-1.01515,0.69014,0.0,-0.2949,31.77778,-0.2011,NEUTRAL,0.0192,prior-research-2026-09-28+NEUTRAL,False
2026-09-28,BJKAS,1.69,1.7,1.58,1.61,184278121.0,-5.84795,296687774.81,0.54782,-6.93642,-40.1487,-3.01205,2.96,1.56,0.20684,7463412896.0,Consumer Services,,0.0,0.94598,-0.8366,-0.28775,0.33708,0.15655,-1.13776,-1.40865,1.22193,0.0,-0.03542,49.77778,-0.2011,NEUTRAL,0.0192,prior-research-2026-09-28+NEUTRAL,False
2026-09-28,BKRGY,5.74,5.76,5.36,5.49,11977948.0,-6.15385,65758934.52,0.61287,-16.56535,-52.83505,-52.83505,13.38,5.36,0.66974,3907799936.0,Finance,,0.0,-1.21759,-1.56701,-1.05984,0.72959,-0.03177,-0.63686,-1.51744,0.11294,0.0,-0.85381,9.11111,-0.2011,NEUTRAL,0.0192,prior-research-2026-09-28+NEUTRAL,False
2026-09-28,BLCYT,1.79,1.95,1.75,1.86,52242057.0,2.1978,97170226.02,1.98076,9.41176,-12.42938,-16.66667,2.45,1.55,0.14233,1808533956.0,Process Industries,,0.0,0.40995,0.7773,1.4693,-2.27386,1.27338,1.86078,-0.25175,0.82939,0.0,0.44034,74.66667,0.0707,NEUTRAL,0.0192,prior-research-2026-09-28+NEUTRAL,False
2026-09-28,BLUME,37.0,37.14,33.32,33.32,1446421.0,-9.94595,48194747.72,0.63971,-4.52722,-21.04265,2.46002,42.5,29.8,2.74316,6418029282.0,Consumer Services,,0.0,1.18923,0.19624,1.02093,1.50926,-0.76271,-0.69059,-0.53106,0.14458,0.0,0.55257,80.22222,0.1382,NEUTRAL,0.0192,prior-research-2026-09-28+NEUTRAL,False
2026-09-28,BMSTL,42.96,43.52,41.1,42.38,3340432.0,-2.48504,141567508.16,0.56407,-8.2684,-3.7693,-10.35431,53.0,41.1,2.29935,13037999854.0,Producer Manufacturing,,0.0,1.06464,1.64609,0.54039,-0.93776,0.88055,-0.74767,0.64866,0.79147,0.0,0.73688,87.11111,0.1382,NEUTRAL,0.0192,prior-research-2026-09-28+NEUTRAL,False
2026-09-28,BOBET,16.68,16.68,15.76,15.94,1842472.0,-4.5509,29369003.68,0.41015,-7.5942,-25.65299,-15.92827,25.54,15.76,1.25181,6346000290.0,Non-Energy Minerals,,0.0,0.30002,-0.16254,-1.01931,-0.04948,0.18522,-1.48119,-0.55104,-0.63474,0.0,-0.2644,33.33333,-0.2011,NEUTRAL,0.0192,prior-research-2026-09-28+NEUTRAL,False
2026-09-28,BORLS,1.89,1.89,1.72,1.72,10502742.0,-9.94764,18064716.24,0.41778,-24.5614,-61.77778,-75.35817,4.49,1.72,0.24882,1337000060.0,Finance,,0.0,-2.45045,-2.00409,-1.83344,1.81071,-0.54649,-1.55426,-1.94415,-1.18374,0.0,-1.4211,1.55556,-0.2011,NEUTRAL,0.0192,prior-research-2026-09-28+NEUTRAL,False
2026-09-28,BORSK,5.7,5.71,5.45,5.53,4792608.0,-3.65854,26503122.24,0.65099,-3.65854,-10.0813,-9.1954,7.13,5.33,0.31056,5505204912.0,Process Industries,,0.0,0.81405,0.92627,0.69407,-0.77205,0.47089,-0.28718,0.47197,-0.21511,0.0,0.49677,78.0,0.0707,NEUTRAL,0.0192,prior-research-2026-09-28+NEUTRAL,False
2026-09-28,BRISA,70.6,71.5,70.0,71.45,209184.0,-1.31215,14946196.8,0.9615,-2.12329,-8.27985,-17.68433,79.65,69.55,2.61668,22090462746.0,Consumer Durables,,0.0,0.52071,0.67772,0.68174,-0.93242,1.95307,0.42202,1.06974,-1.61245,0.0,0.53136,79.77778,0.0707,NEUTRAL,0.0192,prior-research-2026-09-28+NEUTRAL,False
2026-09-28,BRKVY,55.5,55.5,50.15,51.15,390146.0,-8.0036,19955967.9,0.8737,-18.87391,-37.73585,-41.94098,95.1,50.15,4.99548,3113599915.0,Finance,,0.0,-0.61829,-0.84451,-0.89355,1.20441,-0.88602,0.29987,-1.07996,-1.02074,0.0,-0.6162,17.55556,-0.2011,NEUTRAL,0.0192,prior-research-2026-09-28+NEUTRAL,False
2026-09-28,BRLSM,12.86,13.05,11.78,11.78,3987845.0,-9.80092,46976814.1,0.59569,-17.56473,-52.99282,-38.83697,27.2,11.78,1.35637,2925440094.0,Non-Energy Minerals,,0.0,-0.7526,-1.58221,-1.85862,1.23373,-0.70961,-0.61267,-1.30576,-0.24502,0.0,-0.94236,5.77778,-0.2011,NEUTRAL,0.0192,prior-research-2026-09-28+NEUTRAL,False
2026-09-28,BRSAN,665.0,670.0,635.5,649.5,1483776.0,-3.34821,963712512.0,0.84348,-0.53599,-11.45194,12.76042,734.5,612.0,28.41116,95270499023.0,Non-Energy Minerals,,0.0,1.48342,0.63735,0.8044,-0.38902,0.43698,0.37103,0.78711,1.31835,0.0,0.77553,88.66667,0.1382,NEUTRAL,0.0192,prior-research-2026-09-28+NEUTRAL,False
2026-09-28,BRYAT,1489.0,1502.0,1442.0,1450.0,57396.0,-4.60526,83224200.0,0.94379,-6.2702,-15.05565,-23.68421,1752.0,1442.0,57.11879,41733287201.0,Miscellaneous,,0.0,0.13628,0.49249,-0.60978,-0.02331,-0.92699,0.53156,1.10046,0.31566,0.0,0.01437,53.11111,-0.0529,NEUTRAL,0.0192,prior-research-2026-09-28+NEUTRAL,False
2026-09-28,BSOKE,8.98,8.98,8.09,8.09,3383512.0,-9.91091,27372612.08,0.21668,-37.18944,-73.52749,-78.52972,28.5,8.09,1.69319,14366282632.0,Non-Energy Minerals,,0.0,-2.97835,-2.59463,-1.85862,1.33224,0.27526,-2.2387,-2.59863,-0.68623,0.0,-1.6525,0.44444,-0.2011,NEUTRAL,0.0192,prior-research-2026-09-28+NEUTRAL,False
2026-09-28,BTCIM,2.23,2.25,2.07,2.07,181451085.0,-9.60699,375603745.95,0.8305,-23.33333,-54.7046,-65.78512,4.54,2.07,0.24765,12770286540.0,Non-Energy Minerals,,0.0,-2.15288,-1.70746,-1.85862,1.13466,-1.29932,0.33615,-1.38962,0.97871,0.0,-1.29894,2.0,-0.2011,NEUTRAL,0.0192,prior-research-2026-09-28+NEUTRAL,False
2026-09-28,BUCIM,5.06,5.06,4.85,4.93,3293820.0,-2.56917,16238532.6,0.74021,-2.37624,-14.70588,-13.81119,6.01,4.85,0.19581,7547332107.0,Non-Energy Minerals,,0.0,0.43207,0.45637,-0.10101,-0.59047,0.39884,0.01652,0.97627,-1.47535,0.0,0.16485,61.33333,-0.0529,NEUTRAL,0.0192,prior-research-2026-09-28+NEUTRAL,False
2026-09-28,BULGS,13.94,15.05,12.35,15.05,11977482.0,9.93426,180261104.1,1.79135,-20.62236,-53.3478,-62.94929,33.56,12.35,1.84756,3668919888.0,Finance,,0.0,-1.74624,-1.61675,0.26165,-2.17549,2.0648,1.5819,-1.54477,0.72321,0.0,-0.75521,11.11111,-0.2011,NEUTRAL,0.0192,prior-research-2026-09-28+NEUTRAL,False
2026-09-28,BURCE,25.12,26.38,25.1,25.34,649910.0,-5.30643,16468719.4,0.38256,-9.5,-29.76718,-36.71329,36.28,25.1,1.78565,2254262362.0,Non-Energy Minerals,,0.0,-0.67342,-0.42878,-0.9643,0.11299,0.22103,-1.58945,-0.33134,-1.42631,0.0,-0.50468,21.55556,-0.2011,NEUTRAL,0.0192,prior-research-2026-09-28+NEUTRAL,False
2026-09-28,BVSAN,79.55,79.55,73.1,74.45,647263.0,-6.41106,48188730.35,0.49586,-16.11268,-28.82409,-37.75084,147.1,73.1,7.1881,2991079993.0,Producer Manufacturing,,0.0,-0.2531,0.09269,-0.59132,0.16222,0.20362,-1.07606,-0.64343,0.14608,0.0,-0.19633,38.44444,-0.2011,NEUTRAL,0.0192,prior-research-2026-09-28+NEUTRAL,False
2026-09-28,BYDNR,21.56,23.3,20.8,22.2,688185.0,2.96846,15277707.0,0.85751,-12.94118,-42.12722,-38.50416,39.04,20.14,2.01544,1811039955.0,Consumer Services,,0.0,-0.70741,-0.90613,0.40704,-1.92114,0.93236,0.07567,-0.6808,-1.25783,0.0,-0.47127,22.66667,-0.2011,NEUTRAL,0.0192,prior-research-2026-09-28+NEUTRAL,False
2026-09-28,CANTE,1.13,1.13,1.03,1.03,279904110.0,-9.64912,288301233.3,0.5944,-15.57377,-15.57377,-25.36232,1.43,1.03,0.07105,11399996517.0,Utilities,,0.0,0.04307,0.37408,-1.68969,1.19868,-0.81378,-0.85323,-0.12307,0.65275,0.0,-0.23797,35.55556,-0.2011,NEUTRAL,0.0192,prior-research-2026-09-28+NEUTRAL,False
2026-09-28,CATES,33.72,33.76,31.48,32.4,2010161.0,-3.91459,65129216.4,0.70254,-21.7013,-52.35294,-19.92091,73.0,30.98,4.25664,5570544099.0,Utilities,,0.0,0.30111,-1.53659,-0.47304,-0.21805,0.36418,-0.34196,-1.44976,-0.1864,0.0,-0.45216,24.0,-0.2011,NEUTRAL,0.0192,prior-research-2026-09-28+NEUTRAL,False
2026-09-28,CCOLA,77.45,77.6,75.95,77.2,4093829.0,-0.89859,316043598.8,0.69596,-4.69136,-0.6435,-6.87575,81.7,74.6,2.50759,217970328244.0,Consumer Non-Durables,,0.0,1.02275,1.4744,1.22126,-1.05747,1.36539,-0.46071,1.61563,1.38707,0.0,1.03315,95.11111,0.1492,NEUTRAL,0.0192,prior-research-2026-09-28+NEUTRAL,False
2026-09-28,CELHA,27.5,27.98,26.48,27.0,2675104.0,-2.03193,72227808.0,0.76952,3.84615,7.05789,34.59621,31.0,23.1,1.98632,10624370542.0,Non-Energy Minerals,,0.0,1.97345,1.80315,1.39623,-0.7107,0.23302,0.13604,-0.42104,0.04558,0.0,0.94216,93.11111,0.1427,NEUTRAL,0.0192,prior-research-2026-09-28+NEUTRAL,False
2026-09-28,CEMAS,3.34,3.34,3.15,3.2,4788559.0,-4.19162,15323388.8,0.44583,-5.04451,-29.04656,-30.88553,4.39,3.15,0.19428,2641939321.0,Non-Energy Minerals,,0.0,-0.36786,-0.34434,-0.47817,-0.16026,0.31184,-1.27687,0.01665,-1.59785,0.0,-0.30486,31.33333,-0.2011,NEUTRAL,0.0192,prior-research-2026-09-28+NEUTRAL,False
2026-09-28,CEMZY,7.11,7.4,6.95,6.95,3879206.0,-9.97409,26960481.7,0.15726,-32.97975,-57.44029,-50.2149,16.5,6.95,1.16333,17756000614.0,Consumer Non-Durables,,0.0,-1.03945,-1.75287,-1.66633,1.7834,0.60091,-2.77073,-2.18743,-0.25812,0.0,-0.8839,8.0,-0.2011,NEUTRAL,0.0192,prior-research-2026-09-28+NEUTRAL,False
2026-09-28,CEOEM,20.2,20.74,19.34,19.6,3496909.0,-3.16206,68539416.4,0.61138,-35.14229,-21.91235,-26.03774,32.62,19.34,2.0902,890559990.0,Consumer Services,,0.0,-0.12372,0.16136,-0.71481,-0.37438,-0.09563,-0.82312,-1.00372,0.38277,0.0,-0.30719,31.11111,-0.2011,NEUTRAL,0.0192,prior-research-2026-09-28+NEUTRAL,False
2026-09-28,CGCAM,23.1,23.1,20.8,20.84,2946219.0,-9.78355,61399203.96,1.12025,-15.89992,-44.15863,-53.75055,37.0,20.8,1.71323,3880800064.0,Consumer Durables,,0.0,-1.20273,-1.3344,-1.2072,1.2006,-1.5071,0.75289,-0.82938,0.01388,0.0,-0.88359,8.22222,-0.2011,NEUTRAL,0.0192,prior-research-2026-09-28+NEUTRAL,False
2026-09-28,CIMSA,42.12,43.0,41.9,42.88,6803846.0,0.18692,291748916.48,0.90404,4.48343,-7.38661,-10.36789,46.76,39.42,1.37743,40471299449.0,Non-Energy Minerals,,0.0,0.58992,0.9427,1.32734,-1.33422,1.5496,0.56303,1.72866,0.848,0.0,0.84622,90.88889,0.1427,NEUTRAL,0.0192,prior-research-2026-09-28+NEUTRAL,False
2026-09-28,CITAS,102.4,112.5,102.4,112.5,3462351.0,9.97067,389514487.5,0.57924,7.75862,-16.48107,38.80321,188.7,76.15,13.83513,18414000549.0,Retail Trade,,0.0,1.29481,-0.33792,0.57403,-2.54345,0.8648,-0.7344,-2.02063,0.75168,0.0,-0.02525,50.88889,-0.0529,NEUTRAL,0.0192,prior-research-2026-09-28+NEUTRAL,False
2026-09-28,CLEBI,1388.0,1398.0,1350.0,1357.0,22362.0,-3.07143,30345234.0,0.81048,-1.38081,-8.31081,-15.13446,1499.0,1339.0,39.29458,34019998932.0,Transportation,,0.0,-0.06747,0.02294,-0.37529,-0.04112,-0.73963,0.75126,1.56325,-0.9157,0.0,-0.04707,49.11111,-0.2011,NEUTRAL,0.0192,prior-research-2026-09-28+NEUTRAL,False
2026-09-28,CMBTN,1293.0,1293.0,1192.0,1220.0,21953.0,-6.36992,26782660.0,1.01975,-16.72355,-21.34107,-25.19926,1661.0,1192.0,78.5602,2306309975.0,Non-Energy Minerals,,0.0,-0.11334,0.0343,-0.21383,0.46963,-0.31789,0.83522,-0.0873,-0.74569,0.0,-0.09969,45.11111,-0.2011,NEUTRAL,0.0192,prior-research-2026-09-28+NEUTRAL,False
2026-09-28,CRFSA,228.7,228.7,210.8,210.8,870677.0,-9.99146,183538711.6,0.51469,-10.48832,-24.37668,39.97344,346.75,210.8,23.00242,29924615505.0,Retail Trade,,0.0,1.35369,-0.77488,-2.1264,2.66779,-1.02014,-0.97273,-1.73584,0.36622,0.0,-0.29378,32.0,-0.2011,NEUTRAL,0.0192,prior-research-2026-09-28+NEUTRAL,False
2026-09-28,CVKMD,13.68,13.79,12.81,12.82,29420666.0,-9.84529,377172938.12,0.77919,-5.17751,-18.55146,-18.2686,16.9,12.34,0.86882,53751601009.0,Non-Energy Minerals,,0.0,0.19364,0.1874,0.09204,1.26935,-1.08418,0.17581,-0.23175,0.98954,0.0,0.13905,59.33333,-0.0529,NEUTRAL,0.0192,prior-research-2026-09-28+NEUTRAL,False
2026-09-28,CWENE,22.28,22.28,22.28,22.28,2867406.0,-9.94341,63885805.68,0.09999,-5.43294,-39.32462,-38.99233,40.44,21.98,2.08297,26676895320.0,Electronic Technology,,0.0,-0.19063,-0.39626,-0.70574,1.05127,0.0,-2.74661,-0.37077,-0.29636,0.0,-0.19905,38.22222,-0.2011,NEUTRAL,0.0192,prior-research-2026-09-28+NEUTRAL,False
2026-09-28,DAGI,5.58,6.0,5.03,5.03,5680707.0,-9.85663,28573956.21,0.824,-18.21138,-55.08929,-40.04768,11.04,5.03,0.64955,2231999969.0,Consumer Non-Durables,,0.0,-0.54749,-1.66633,-1.66633,1.27706,-1.09196,-0.002,-1.57929,-0.16662,0.0,-0.93485,6.22222,-0.2011,NEUTRAL,0.0192,prior-research-2026-09-28+NEUTRAL,False
2026-09-28,DAPGM,3.86,3.88,3.61,3.61,16484161.0,-9.97506,59507821.21,0.29065,-27.8,-57.57932,-64.4685,8.62,3.61,0.47568,10626500607.0,Finance,,0.0,-1.89391,-1.83857,-1.83344,2.14917,-0.24067,-2.10358,-1.71583,0.04301,0.0,-1.10789,3.11111,-0.2011,NEUTRAL,0.0192,prior-research-2026-09-28+NEUTRAL,False
2026-09-28,DARDL,1.19,1.2,1.09,1.14,13524385.0,-5.0,15417798.9,0.86859,-13.63636,-31.73653,-42.13198,1.76,1.09,0.06317,2813276772.0,Consumer Non-Durables,,0.0,-0.61787,-0.50544,0.13303,0.05037,0.74014,0.13857,0.25123,-1.07399,0.0,-0.12907,42.88889,-0.2011,NEUTRAL,0.0192,prior-research-2026-09-28+NEUTRAL,False
2026-09-28,DCTTR,3.64,3.64,3.35,3.35,5094096.0,-8.21918,17065221.6,0.53782,-13.88175,-52.07439,-74.23077,6.99,3.35,0.39983,1423343424.0,Distribution Services,,0.0,-1.88594,-0.95394,-1.42572,0.54656,-0.33459,-1.37242,-0.77529,-0.72114,0.0,-0.9912,5.11111,-0.2011,NEUTRAL,0.0192,prior-research-2026-09-28+NEUTRAL,False
2026-09-28,DENGE,1.82,1.82,1.69,1.72,13893144.0,-7.02703,23896207.68,0.70043,-22.17195,-30.64516,-29.5082,2.66,1.69,0.11381,1110000014.0,Finance,,0.0,-0.06801,-0.51027,-0.67584,1.01404,-0.42813,-0.29373,-0.24385,-0.78699,0.0,-0.25082,34.66667,-0.2011,NEUTRAL,0.0192,prior-research-2026-09-28+NEUTRAL,False
2026-09-28,DERHL,1.65,1.74,1.56,1.56,36906830.0,-1.88679,57574654.8,2.85591,-10.34483,-30.04484,-40.56276,2.16,1.55,0.09724,1572794648.0,Consumer Non-Durables,,0.0,-0.56133,-0.37995,-0.876,-0.76753,-2.34087,2.04596,-0.01968,0.3746,0.0,-0.71337,12.88889,-0.2011,NEUTRAL,0.0192,prior-research-2026-09-28+NEUTRAL,False
2026-09-28,DESA,8.72,8.8,8.39,8.69,2407463.0,-0.79909,20920853.47,1.25841,-2.57848,-15.46693,-17.86389,10.61,8.39,0.41446,4292400112.0,Consumer Non-Durables,,0.0,0.45808,0.4587,0.46765,-1.08707,1.57559,0.94545,0.59737,-0.57456,0.0,0.37217,71.55556,0.0707,NEUTRAL,0.0192,prior-research-2026-09-28+NEUTRAL,False
2026-09-28,DEVA,96.75,96.85,93.2,93.25,207132.0,-4.60358,19315059.0,0.28963,-4.35897,2.41625,31.89533,109.3,89.65,4.75231,19549064808.0,Health Technology,,0.0,2.03252,1.95385,0.62773,-0.26463,0.87054,-2.30011,0.8497,-1.28173,0.0,1.01556,94.88889,0.1427,NEUTRAL,0.0192,prior-research-2026-09-28+NEUTRAL,False
2026-09-28,DGATE,65.1,66.75,61.2,61.2,450154.0,-10.0,27549424.8,1.27678,-5.26316,-39.34589,-50.0,104.1,58.15,6.19339,2029253342.0,Distribution Services,,0.0,-0.55747,-0.40941,0.29621,1.92326,-1.56016,0.78686,-0.47551,-0.0031,0.0,-0.14093,42.44444,-0.2011,NEUTRAL,0.0192,prior-research-2026-09-28+NEUTRAL,False
2026-09-28,DGNMO,4.61,4.61,4.11,4.11,4933393.0,-9.86842,20276245.23,2.10966,-22.30624,-49.32182,-53.76828,8.14,4.11,0.46993,1595838972.0,Consumer Durables,,0.0,-1.21604,-1.56927,-1.65072,1.30761,-2.08902,1.65606,-1.43511,-1.00938,0.0,-1.20079,2.22222,-0.2011,NEUTRAL,0.0192,prior-research-2026-09-28+NEUTRAL,False
2026-09-28,DITAS,9.99,10.4,9.36,9.36,2883908.0,-10.0,26993378.88,0.71646,-14.83167,-63.861,-68.50606,25.08,8.91,1.62336,1767999935.0,Producer Manufacturing,,0.0,-1.86161,-1.62868,-0.33251,2.86099,-0.88666,-0.06386,-2.02906,-0.37015,0.0,-0.78839,9.77778,-0.2011,NEUTRAL,0.0192,prior-research-2026-09-28+NEUTRAL,False
2026-09-28,DMLKT,6.84,6.84,6.6,6.72,8756276.0,-1.75439,58842174.72,1.66897,-3.72493,-2.74964,10.89109,7.19,6.6,0.14024,70476566956.0,Finance,,0.0,1.66719,1.32009,0.52814,-0.44274,0.37959,1.54329,2.63494,0.0314,0.0,1.00218,94.66667,0.1427,NEUTRAL,0.0192,prior-research-2026-09-28+NEUTRAL,False
2026-09-28,DMRGD,9.56,9.86,9.26,9.26,29818905.0,-9.92218,276123060.3,0.33725,-11.38756,-22.18487,-17.39518,12.4,8.13,0.86177,15239071855.0,Consumer Non-Durables,,0.0,0.47666,0.04894,0.89117,1.35431,0.13109,-2.17056,-0.86557,1.29182,0.0,0.44632,74.88889,0.0707,NEUTRAL,0.0192,prior-research-2026-09-28+NEUTRAL,False
2026-09-28,DMSAS,6.05,6.15,5.49,5.81,4599053.0,-3.96694,26720497.93,0.8384,-5.52846,-35.58758,-42.36111,9.0,4.97,0.44138,1210000038.0,Producer Manufacturing,,0.0,-0.4188,-0.30604,0.96117,-0.55781,0.7396,0.36527,-0.15488,-0.39698,0.0,0.04984,55.33333,-0.0529,NEUTRAL,0.0192,prior-research-2026-09-28+NEUTRAL,False
2026-09-28,DNISI,4.0,4.03,3.77,3.86,3582581.0,-5.85366,13828762.66,1.07811,-12.27273,-20.24793,-22.31382,5.12,3.77,0.23155,2131999450.0,Process Industries,,0.0,0.18621,0.29044,0.43989,-0.1665,0.28274,0.99145,0.30014,-1.34261,0.0,0.16316,61.11111,-0.0529,NEUTRAL,0.0192,prior-research-2026-09-28+NEUTRAL,False
2026-09-28,DOAS,152.5,154.4,149.5,151.3,843728.0,-2.13454,127656046.4,1.00785,-2.13454,-9.29257,-17.3224,167.7,149.5,4.21763,30610801208.0,Retail Trade,,0.0,-0.49423,0.11326,-0.20025,-0.04137,-0.40646,0.77713,1.86908,0.12869,0.0,0.03803,54.66667,-0.0529,NEUTRAL,0.0192,prior-research-2026-09-28+NEUTRAL,False
2026-09-28,DOCO,10640.0,10750.0,10400.0,10567.5,5838.0,-0.68139,61693065.0,0.90864,3.67918,-9.19441,-9.92968,11707.5,10192.5,337.24336,118223305952.91618,Consumer Services,,0.0,0.63124,0.91872,0.92969,-1.0904,0.65485,0.26335,1.95043,0.29503,0.0,0.68947,85.11111,0.1382,NEUTRAL,0.0192,prior-research-2026-09-28+NEUTRAL,False
2026-09-28,DOFRB,83.5,83.5,76.05,80.0,2914261.0,-5.32544,233140880.0,0.72904,-10.01125,-43.01994,-57.80591,140.4,76.05,6.96284,13097500000.0,Producer Manufacturing,,0.0,-1.25719,-0.70428,0.24,-0.20205,0.90412,-0.00049,-0.45201,1.11978,0.0,-0.25898,34.0,-0.2011,NEUTRAL,0.0192,prior-research-2026-09-28+NEUTRAL,False
2026-09-28,DOHOL,20.04,20.06,19.53,19.69,7415629.0,-2.23436,146013735.01,0.57229,-2.52475,-12.41103,-6.41635,22.62,19.42,0.68501,48041986996.0,Retail Trade,,0.0,0.07232,-0.06042,-0.24889,-0.01999,-0.2873,-0.75852,0.84354,0.18316,0.0,0.02622,54.22222,-0.0529,NEUTRAL,0.0192,prior-research-2026-09-28+NEUTRAL,False
2026-09-28,DUNYH,40.12,44.0,40.12,40.12,561548.0,-9.96409,22529305.76,0.53801,-40.86957,-75.94724,-64.01794,161.9,40.12,8.41275,1636791330.0,Consumer Non-Durables,,0.0,-1.80833,-2.83849,-1.66633,1.66892,-0.39039,-1.17273,-2.71283,-0.51017,0.0,-1.43309,1.33333,-0.2011,NEUTRAL,0.0192,prior-research-2026-09-28+NEUTRAL,False
2026-09-28,DURKN,11.41,11.6,10.66,10.93,1928739.0,-5.93804,21081117.27,0.7682,-22.26174,-52.4369,-47.40135,23.4,10.66,1.1332,1539649985.0,Consumer Non-Durables,,0.0,-0.8524,-1.47359,-0.78752,0.31586,0.17205,-0.2017,-1.1007,-0.56633,0.0,-0.708,13.11111,-0.2011,NEUTRAL,0.0192,prior-research-2026-09-28+NEUTRAL,False
2026-09-28,DYOBY,10.71,11.1,10.23,10.32,1318580.0,-5.3211,13607745.6,0.91532,-8.91439,-23.61214,-27.52809,14.37,10.23,0.49081,3269999886.0,Process Industries,,0.0,-0.03971,0.11041,-0.39021,-0.32582,-0.71478,0.64138,0.83743,-1.53165,0.0,-0.17498,40.22222,-0.2011,NEUTRAL,0.0192,prior-research-2026-09-28+NEUTRAL,False
2026-09-28,EBEBK,80.3,80.3,78.7,79.9,299401.0,-0.92994,23922139.9,0.44638,-0.92994,-4.25404,7.97297,87.85,78.4,3.07558,12904000244.0,Retail Trade,,0.0,0.58716,0.5535,0.10095,-0.40067,0.45264,-1.29181,0.5426,-1.15983,0.0,0.25521,66.22222,-0.0529,NEUTRAL,0.0192,prior-research-2026-09-28+NEUTRAL,False
2026-09-28,ECILC,68.3,68.3,62.35,63.85,8382686.0,-6.78832,535234501.1,1.13472,6.41667,-16.4267,-15.43046,80.85,54.8,4.18793,46940314850.0,Health Technology,,0.0,0.43878,0.62417,1.11307,0.36331,0.1528,0.80722,0.24068,1.05434,0.0,0.58419,81.55556,0.1382,NEUTRAL,0.0192,prior-research-2026-09-28+NEUTRAL,False
2026-09-28,ECOGR,30.02,30.94,28.84,30.6,2873104.0,-1.67095,87916982.4,0.81624,-5.84615,-15.98023,-29.97712,38.8,28.84,2.03808,16804800000.0,Utilities,,0.0,-0.15898,0.3422,0.61414,-0.77448,1.26269,0.05288,-0.01246,0.04749,0.0,0.21124,63.33333,-0.0529,NEUTRAL,0.0192,prior-research-2026-09-28+NEUTRAL,False
2026-09-28,ECZYT,239.5,239.5,222.3,226.2,491245.0,-6.14108,111119619.0,0.60179,-0.74594,-29.75155,-22.06718,326.0,190.9,15.40816,25305000000.0,Finance,,0.0,0.2737,-0.42367,0.71567,0.72338,-0.32855,-0.72733,-0.31921,0.45596,0.0,0.18125,62.22222,-0.0529,NEUTRAL,0.0192,prior-research-2026-09-28+NEUTRAL,False
2026-09-28,EDIP,31.5,31.94,29.66,30.14,574196.0,-5.22013,17306267.44,0.66415,0.46667,-18.54054,-18.31978,43.94,29.32,1.7191,2066999950.0,Finance,,0.0,0.41163,0.19239,-0.2302,0.42531,-0.46344,-0.41314,0.11121,-1.23729,0.0,0.01834,53.33333,-0.0529,NEUTRAL,0.0192,prior-research-2026-09-28+NEUTRAL,False
2026-09-28,EFOR,13.52,14.98,13.52,14.06,88508827.0,1.00575,1244434107.62,0.96529,-26.0,-26.11666,-0.14205,21.12,12.84,1.43843,30317760166.0,Consumer Non-Durables,,0.0,1.2925,-0.11887,0.52051,-1.58784,0.33085,0.38903,-1.0731,1.9244,0.0,0.21452,63.77778,-0.0529,NEUTRAL,0.0192,prior-research-2026-09-28+NEUTRAL,False
2026-09-28,EGEEN,5400.0,5600.0,5130.0,5132.5,35265.0,-9.27972,180997612.5,0.6076,0.14634,0.04873,-7.89592,6882.5,4712.5,385.98215,17821125540.0,Producer Manufacturing,,0.0,1.17636,1.8894,0.92436,0.76707,-0.63078,-0.51336,-0.13027,0.98052,0.0,0.82764,90.0,0.1427,NEUTRAL,0.0192,prior-research-2026-09-28+NEUTRAL,False
2026-09-28,EGEGY,15.82,15.84,15.03,15.07,6021729.0,-5.69462,90747456.03,0.87258,2.58679,-53.19876,-48.24863,32.88,14.09,1.74692,3195999908.0,Finance,,0.0,-0.90915,-1.59978,-0.30169,0.54236,-1.47818,0.29389,-1.39307,0.35381,0.0,-0.77969,10.44444,-0.2011,NEUTRAL,0.0192,prior-research-2026-09-28+NEUTRAL,False
2026-09-28,EGEPO,7.3,7.34,6.74,7.03,3763679.0,-6.01604,26458663.37,0.73184,2.62774,-56.87117,-63.28982,17.35,6.64,0.87011,3740000010.0,Health Services,,0.0,-1.91619,-1.79623,-0.59015,0.22589,0.47454,0.44963,-1.6152,-0.33525,0.0,-0.97928,5.33333,-0.2011,NEUTRAL,0.0192,prior-research-2026-09-28+NEUTRAL,False
2026-09-28,EGGUB,102.0,102.0,96.2,98.4,418413.0,-3.52941,41171839.2,0.84896,-3.05419,-10.78876,-1.10553,114.8,95.7,4.51957,10200000000.0,Process Industries,,0.0,1.15573,0.86483,0.86039,-0.78427,0.62189,0.40502,0.94184,0.2264,0.0,0.6908,85.33333,0.1382,NEUTRAL,0.0192,prior-research-2026-09-28+NEUTRAL,False
2026-09-28,EGPRO,33.8,33.8,32.24,32.7,761366.0,-3.25444,24896668.2,0.5768,-0.42631,-20.16602,-15.54752,40.5,32.24,1.79886,18420999584.0,Process Industries,,0.0,0.48003,0.30218,0.29743,-0.85868,0.51864,-0.69271,0.5085,-0.29914,0.0,0.22879,64.22222,-0.0529,NEUTRAL,0.0192,prior-research-2026-09-28+NEUTRAL,False
2026-09-28,EKDMR,32.96,32.96,29.98,31.04,4919892.0,-6.50602,152713447.68,0.88854,-15.97185,-34.06967,-52.9697,49.58,29.98,2.3447,10624000000.0,Non-Energy Minerals,,0.0,-1.45402,-0.67897,-0.30299,0.54118,0.15555,0.50171,-0.4637,0.47095,0.0,-0.45423,23.77778,-0.2011,NEUTRAL,0.0192,prior-research-2026-09-28+NEUTRAL,False
2026-09-28,EKGYO,19.0,19.27,18.68,18.92,98404555.0,-1.71429,1861814180.6,0.66107,-0.42105,-7.88705,-9.12584,22.48,17.82,0.83042,70476566956.0,Finance,,0.0,0.89189,0.89555,0.64243,-0.45822,0.17055,-0.43761,0.69481,1.77077,0.0,0.62762,83.55556,0.1382,NEUTRAL,0.0192,prior-research-2026-09-28+NEUTRAL,False
2026-09-28,EKIM,12.96,12.97,11.9,11.99,6432591.0,-7.76923,77126766.09,0.55446,-20.11992,-38.7953,-57.95933,20.2,11.9,1.02468,,Finance,,0.0,-1.52858,-0.89058,-1.23167,1.16417,-0.66154,-0.96146,-0.83378,0.21942,0.0,-0.78517,10.0,-0.2011,NEUTRAL,0.0192,prior-research-2026-09-28+NEUTRAL,False
2026-09-28,EKOS,3.71,3.72,3.38,3.38,11618217.0,-9.86667,39269573.46,1.36966,-13.33333,-39.96448,-53.12067,5.57,3.38,0.23933,4200000000.0,Producer Manufacturing,,0.0,-1.01968,-0.57118,-1.42259,0.96725,-1.71794,1.45222,-0.03371,-0.03459,0.0,-0.72571,12.22222,-0.2011,NEUTRAL,0.0192,prior-research-2026-09-28+NEUTRAL,False
2026-09-28,ELITE,20.2,21.0,19.44,19.65,1062919.0,-6.25,20886358.35,1.12516,-11.40667,-30.02137,-43.01044,28.5,19.44,1.01291,2716416009.0,Consumer Non-Durables,,0.0,-0.68406,-0.37382,-0.68218,0.43967,-1.07995,0.72164,0.4335,-0.58285,0.0,-0.41556,25.55556,-0.2011,NEUTRAL,0.0192,prior-research-2026-09-28+NEUTRAL,False
2026-09-28,EMKEL,8.26,8.26,7.7,7.94,2256334.0,-5.02392,17915291.96,0.61889,-19.87891,-47.7975,-57.94492,15.35,7.7,0.66209,1253999949.0,Producer Manufacturing,,0.0,-1.27496,-0.91379,-0.25836,-0.26022,0.65651,-0.44509,-0.39567,-0.96292,0.0,-0.54108,19.55556,-0.2011,NEUTRAL,0.0192,prior-research-2026-09-28+NEUTRAL,False
2026-09-28,EMPAE,49.08,49.56,45.16,45.44,4670109.0,-9.08363,212209752.96,0.91321,-13.61217,-38.76011,-36.17978,75.9,45.16,4.78288,8496600000.0,Electronic Technology,,0.0,-0.0786,-0.34075,-0.936,0.71045,-0.82257,0.48693,-0.61704,0.42451,0.0,-0.34334,29.33333,-0.2011,NEUTRAL,0.0192,prior-research-2026-09-28+NEUTRAL,False
2026-09-28,ENDAE,14.85,14.85,13.67,14.05,2301706.0,-5.25961,32338969.3,0.78782,-3.76712,-26.36268,-20.71106,18.72,13.42,0.87952,6483633606.0,Finance,,0.0,0.3211,-0.19837,0.20434,0.43694,-0.21125,0.02149,-0.12276,-0.42075,0.0,0.07321,56.66667,-0.0529,NEUTRAL,0.0192,prior-research-2026-09-28+NEUTRAL,False
2026-09-28,ENERY,13.48,13.64,12.33,12.7,101648971.0,-5.99556,1290941931.7,1.02539,-1.09034,31.74274,29.45973,13.64,9.64,0.6842,118744260361.0,Utilities,,0.0,1.96739,3.0,2.24184,0.39372,-0.39285,0.63134,0.50681,1.29612,0.0,1.54983,99.77778,0.1492,NEUTRAL,0.0192,prior-research-2026-09-28+NEUTRAL,False
2026-09-28,ENJSA,106.9,107.4,105.1,107.0,2184594.0,-0.27959,233751558.0,0.59825,-0.92593,-6.14035,1.32576,119.6,102.6,3.84079,126728690958.0,Utilities,,0.0,1.28102,1.04565,0.84279,-1.20322,1.11988,-0.81622,1.46401,0.60777,0.0,0.83576,90.22222,0.1427,NEUTRAL,0.0192,prior-research-2026-09-28+NEUTRAL,False
2026-09-28,ENKAI,85.35,86.9,85.1,85.4,7665875.0,-1.21457,654665725.0,0.6056,-0.69767,-2.00803,-7.47562,91.65,79.25,2.68172,506760088947.0,Industrial Services,,0.0,0.52334,1.24558,1.09537,-1.03735,-0.22921,-0.32021,2.02057,1.11381,0.0,0.71498,86.44444,0.1382,NEUTRAL,0.0192,prior-research-2026-09-28+NEUTRAL,False
2026-09-28,ENSRI,3.29,3.34,3.03,3.07,7540830.0,-5.82822,23150348.1,0.612,-8.63095,-51.34707,-48.91847,5.45,3.03,0.24878,1776912102.0,Consumer Non-Durables,,0.0,-0.90515,-1.4005,-0.86771,0.25569,-0.14814,-0.7998,-0.65178,-0.44127,0.0,-0.70776,13.33333,-0.2011,NEUTRAL,0.0192,prior-research-2026-09-28+NEUTRAL,False
2026-09-28,ENTRA,4.05,4.18,4.03,4.06,23122709.0,-2.87081,93878198.54,1.13809,2.01005,-9.17226,-15.24008,4.53,3.72,0.1844,16889498510.0,Utilities,,0.0,0.51398,0.75942,1.30744,-0.4608,-1.01941,0.86265,0.91123,0.085,0.0,0.47204,76.22222,0.0707,NEUTRAL,0.0192,prior-research-2026-09-28+NEUTRAL,False
2026-09-28,EPLAS,5.51,5.6,5.2,5.2,4407372.0,-8.4507,22918334.4,0.4192,-5.28233,-14.33278,-7.30838,7.43,5.15,0.40333,1082694412.0,Producer Manufacturing,,0.0,1.20166,0.91059,-0.50532,0.61802,-0.11993,-1.36559,-0.19848,-0.58257,0.0,0.30989,68.0,-0.0529,NEUTRAL,0.0192,prior-research-2026-09-28+NEUTRAL,False
2026-09-28,ERCB,38.1,38.2,36.0,36.54,393377.0,-3.94322,14373995.58,0.50224,-7.16463,-22.1891,-26.56752,48.46,36.0,1.96161,2957573213.0,Non-Energy Minerals,,0.0,-0.15368,-0.01793,-0.41713,-0.25497,0.16148,-1.04797,0.34019,-1.80061,0.0,-0.19062,39.33333,-0.2011,NEUTRAL,0.0192,prior-research-2026-09-28+NEUTRAL,False
2026-09-28,EREGL,37.4,37.76,36.62,37.48,81549301.0,-0.68892,3056467801.48,0.59251,3.02364,-3.10238,-9.4686,40.36,34.44,1.39155,260110246432.0,Non-Energy Minerals,,0.0,0.64393,1.29268,1.45262,-1.14459,1.13003,-0.64268,1.18524,1.88441,0.0,0.9102,92.44444,0.1427,NEUTRAL,0.0192,prior-research-2026-09-28+NEUTRAL,False
2026-09-28,ESCAR,17.9,19.22,17.9,17.9,4726920.0,-9.95976,84611868.0,2.58445,-40.846,-61.03613,-61.13765,48.66,17.9,2.55514,9939999580.0,Finance,,0.0,-1.69624,-1.88875,-1.83344,1.93013,-2.7336,1.99578,-1.91965,0.28589,0.0,-1.39284,1.77778,-0.2011,NEUTRAL,0.0192,prior-research-2026-09-28+NEUTRAL,False
2026-09-28,ESCOM,4.35,4.54,4.2,4.34,14509176.0,-3.9823,62969823.84,0.97263,-2.90828,-23.72583,-24.52174,5.63,4.14,0.25067,3185886564.0,Electronic Technology,,0.0,0.50837,0.44216,0.63972,-0.58867,0.74024,0.61045,0.66372,-0.30802,0.0,0.40365,73.11111,0.0707,NEUTRAL,0.0192,prior-research-2026-09-28+NEUTRAL,False
2026-09-28,ESEN,2.68,2.68,2.51,2.54,16150145.0,-5.92593,41021368.3,0.60326,-15.33333,-30.21978,-31.16531,3.82,2.51,0.136,4914000087.0,Utilities,,0.0,-0.24096,-0.48277,-0.72752,0.35114,-0.26131,-0.75889,0.52573,-0.5112,0.0,-0.24684,35.33333,-0.2011,NEUTRAL,0.0192,prior-research-2026-09-28+NEUTRAL,False
2026-09-28,ETILR,6.87,7.4,6.86,7.4,27515877.0,9.95542,203617489.8,3.1304,33.33333,20.3252,40.68441,7.4,5.03,0.49115,1684444471.0,Consumer Services,,0.0,2.24937,2.47972,3.0,-2.75187,3.0,2.18046,-0.00938,1.01263,0.0,1.64192,100.0,0.1492,NEUTRAL,0.0192,prior-research-2026-09-28+NEUTRAL,False
2026-09-28,ETYAT,10.11,11.06,10.11,11.06,1345089.0,9.94036,14876684.34,1.6123,31.51011,-28.18182,-13.59375,16.59,6.82,1.05773,603600025.0,Finance,,0.0,0.67683,-0.2802,1.2035,-2.30033,1.91835,1.50681,-1.02207,-1.60604,0.0,0.12142,58.44444,-0.0529,NEUTRAL,0.0192,prior-research-2026-09-28+NEUTRAL,False
2026-09-28,EUKYO,9.36,9.65,8.72,9.55,1356582.0,-1.34298,12955358.1,1.5082,-15.1865,-27.65152,-17.67241,15.5,8.6,0.90377,580800018.0,Finance,,0.0,0.4486,-0.25672,0.31365,-0.58925,1.71555,1.42333,-0.98231,-2.3916,0.0,0.01114,52.44444,-0.0529,NEUTRAL,0.0192,prior-research-2026-09-28+NEUTRAL,False
2026-09-28,EUPWR,59.0,59.8,55.35,55.35,21849119.0,-10.0,1209348736.65,0.86511,-10.5093,-46.881,-31.15672,109.3,51.3,6.48325,40590000000.0,Producer Manufacturing,,0.0,0.06226,-0.83506,0.34097,2.05761,-1.27911,0.44758,-1.0016,1.76755,0.0,0.01303,52.66667,-0.0529,NEUTRAL,0.0192,prior-research-2026-09-28+NEUTRAL,False
2026-09-28,EUREN,3.06,3.06,2.85,2.88,21791546.0,-6.79612,62759652.48,0.98794,-10.83591,-26.34271,-35.71429,4.21,2.85,0.14685,6488999820.0,Producer Manufacturing,,0.0,-0.16907,0.21575,-0.49775,0.28523,-0.86839,0.76391,0.79046,0.31394,0.0,-0.06978,47.77778,-0.2011,NEUTRAL,0.0192,prior-research-2026-09-28+NEUTRAL,False
2026-09-28,FADE,11.79,11.79,10.83,11.28,1762723.0,-4.6492,19883515.44,1.1133,-11.32075,-30.62731,-24.8501,16.5,10.83,0.65347,992477804.0,Consumer Non-Durables,,0.0,0.15573,-0.44193,0.16898,-0.00759,0.75393,0.69668,0.14349,-0.67808,0.0,0.06272,55.55556,-0.0529,NEUTRAL,0.0192,prior-research-2026-09-28+NEUTRAL,False
2026-09-28,FENER,2.51,2.51,2.28,2.31,95710519.0,-5.71429,221091298.89,0.99624,-11.83206,-31.04478,-23.76238,3.31,2.28,0.10846,15312500298.0,Consumer Services,,0.0,-0.00807,-0.37791,-0.44476,0.28352,-0.99476,0.46101,0.7808,1.08675,0.0,-0.09496,46.0,-0.2011,NEUTRAL,0.0192,prior-research-2026-09-28+NEUTRAL,False
2026-09-28,FLAP,11.92,12.87,11.81,12.37,1272313.0,1.39344,15738511.81,0.87845,5.2766,15.60748,9.76043,13.94,10.51,0.82162,1143749982.0,Consumer Services,,0.0,1.44222,2.33306,1.81057,-1.61859,0.84945,0.16497,-0.01516,-1.17258,0.0,0.95461,93.33333,0.1427,NEUTRAL,0.0192,prior-research-2026-09-28+NEUTRAL,False
2026-09-28,FMIZP,274.5,276.75,266.25,272.5,69166.0,-1.62455,18847735.0,0.68995,2.53998,-8.01688,-7.15503,305.0,245.5,12.81234,3954670737.0,Producer Manufacturing,,0.0,1.21884,1.27707,1.68533,-1.16002,1.0116,-0.17535,0.93638,-0.87159,0.0,0.90022,92.22222,0.1427,NEUTRAL,0.0192,prior-research-2026-09-28+NEUTRAL,False
2026-09-28,FONET,4.31,4.45,4.12,4.21,24736734.0,-3.66133,104141650.14,1.46212,3.69458,-20.11385,-23.03473,5.18,3.73,0.25175,4090319893.0,Technology Services,,0.0,0.03336,0.40778,1.09058,-0.49261,-0.76495,1.11864,0.50383,0.32572,0.0,0.24876,65.55556,-0.0529,NEUTRAL,0.0192,prior-research-2026-09-28+NEUTRAL,False
2026-09-28,FORMT,1.02,1.02,0.95,0.98,22557971.0,-4.85437,22106811.58,0.85918,-17.64706,-42.01183,-55.25114,1.68,0.95,0.06434,1174813793.0,Non-Energy Minerals,,0.0,-1.60345,-1.0475,-0.47203,0.04327,0.50853,0.41209,-0.14494,-1.00684,0.0,-0.64035,15.33333,-0.2011,NEUTRAL,0.0192,prior-research-2026-09-28+NEUTRAL,False
2026-09-28,FORTE,94.95,94.95,89.45,92.0,1375181.0,-3.9666,126516652.0,1.13172,-4.01669,-23.71476,-3.36134,126.6,89.45,6.84853,6418600204.0,Technology Services,,0.0,0.93993,0.20435,0.12262,-0.40836,0.67802,0.62897,-0.00441,0.39771,0.0,0.3176,68.22222,-0.0529,NEUTRAL,0.0192,prior-research-2026-09-28+NEUTRAL,False
2026-09-28,FRIGO,1.6,1.61,1.44,1.44,17426255.0,-8.86076,25093807.2,0.81215,-23.40426,-46.66667,-21.31148,2.7,1.44,0.14861,1342999935.0,Consumer Non-Durables,,0.0,0.33106,-1.17059,-1.66633,1.02148,-1.05641,-0.0537,-1.09142,-0.36838,0.0,-0.63644,15.55556,-0.2011,NEUTRAL,0.0192,prior-research-2026-09-28+NEUTRAL,False
2026-09-28,FRMPL,23.88,24.0,22.78,22.96,1155862.0,-4.49251,26538591.52,0.51989,-10.66148,-32.43084,-35.46936,33.8,22.2,1.71469,3846400000.0,Producer Manufacturing,,0.0,-0.15642,-0.18511,0.28746,-0.38778,0.02201,-0.9274,-0.11805,-0.41055,0.0,-0.07557,47.33333,-0.2011,NEUTRAL,0.0192,prior-research-2026-09-28+NEUTRAL,False
2026-09-28,FROTO,76.15,77.1,74.25,74.95,17480354.0,-2.40885,1310152532.3,0.75869,-1.12137,-4.58307,-12.44159,84.85,72.05,2.55938,269498898209.0,Consumer Durables,,0.0,0.79009,1.00152,0.78607,-0.62384,0.02879,-0.18481,1.27318,1.56357,0.0,0.67626,84.66667,0.1382,NEUTRAL,0.0192,prior-research-2026-09-28+NEUTRAL,False
2026-09-28,FZLGY,5.75,5.87,5.24,5.29,12866265.0,-8.7931,68062541.85,0.59671,-29.08847,-47.67557,-60.9017,9.95,5.24,0.69836,7250000238.0,Consumer Durables,,0.0,-1.59439,-1.47242,-1.06867,1.01774,-0.26349,-0.8733,-1.79848,0.09566,0.0,-0.95056,5.55556,-0.2011,NEUTRAL,0.0192,prior-research-2026-09-28+NEUTRAL,False
2026-09-28,GARAN,128.2,130.2,127.2,129.4,23825331.0,-0.30817,3082997831.4,0.68165,-0.46154,-2.70677,-5.89091,137.8,117.8,4.2911,545160012817.00006,Finance,,0.0,1.03662,1.3347,1.56104,-0.89866,0.82023,-0.37084,1.46628,2.04827,0.0,1.06195,95.77778,0.1492,NEUTRAL,0.0192,prior-research-2026-09-28+NEUTRAL,False
2026-09-28,GEDIK,5.14,5.17,4.92,4.98,5455848.0,-3.11284,27170123.04,0.4148,-5.14286,-20.82671,-32.42877,6.3,4.78,0.26409,8176558943.0,Finance,,0.0,-0.23247,0.05661,0.28751,-0.12925,-0.04396,-1.60826,0.28969,-0.58555,0.0,0.00874,52.22222,-0.0529,NEUTRAL,0.0192,prior-research-2026-09-28+NEUTRAL,False
2026-09-28,GENIL,7.15,7.18,6.62,6.62,39714682.0,-9.93197,262911194.84,0.67073,-14.80051,-45.15327,-28.66379,12.75,6.07,0.73431,33074999571.0,Health Technology,,0.0,-0.13355,-0.89144,0.16789,1.13408,-0.12864,-0.49891,-0.84931,0.71624,0.0,-0.08782,46.88889,-0.2011,NEUTRAL,0.0192,prior-research-2026-09-28+NEUTRAL,False
2026-09-28,GENKM,8.15,8.15,7.45,7.55,6303227.0,-7.36196,47589363.85,0.50945,-9.14561,-27.61266,-45.13081,12.22,7.45,0.59022,4963350000.0,Process Industries,,0.0,-0.85316,-0.05213,-0.42887,0.29945,0.21833,-0.98709,-0.29556,0.33677,0.0,-0.25019,34.88889,-0.2011,NEUTRAL,0.0192,prior-research-2026-09-28+NEUTRAL,False
2026-09-28,GEREL,29.26,30.0,26.34,26.34,5428445.0,-9.97949,142985241.3,0.70478,8.48435,-32.80612,-39.30876,42.36,24.28,2.5836,10898630372.0,Producer Manufacturing,,0.0,-0.31341,-0.19818,0.58382,1.54183,-0.85937,-0.10458,-0.69391,0.79835,0.0,0.06412,55.77778,-0.0529,NEUTRAL,0.0192,prior-research-2026-09-28+NEUTRAL,False
2026-09-28,GESAN,44.5,45.32,41.88,43.48,16530404.0,-6.53482,718741965.92,0.72242,-7.48936,-53.98942,-38.76056,94.1,41.88,4.87704,21399200211.0,Electronic Technology,,0.0,-0.16369,-1.10993,-0.34348,0.19097,0.94539,-0.1545,-0.74879,0.99003,0.0,-0.20444,37.55556,-0.2011,NEUTRAL,0.0192,prior-research-2026-09-28+NEUTRAL,False
2026-09-28,GIPTA,31.28,34.5,29.72,33.0,11237396.0,4.7619,370834068.0,3.82856,-26.66667,-65.07937,-54.79452,93.0,29.54,5.52966,4158000000.0,Producer Manufacturing,,0.0,-1.10028,-1.78488,0.139,-2.53491,2.23923,2.90527,-1.9176,1.3196,0.0,-0.70281,13.77778,-0.2011,NEUTRAL,0.0192,prior-research-2026-09-28+NEUTRAL,False
2026-09-28,GLCVY,42.9,42.9,41.3,41.84,521788.0,-3.50554,21831609.92,0.75059,-10.02151,-21.79439,-30.49834,55.75,41.3,2.24277,6057391953.0,Finance,,0.0,-0.11451,0.02168,-0.5338,-0.02246,-0.13425,-0.11493,0.27067,-0.90254,0.0,-0.17183,40.44444,-0.2011,NEUTRAL,0.0192,prior-research-2026-09-28+NEUTRAL,False
2026-09-28,GLRMK,144.5,145.6,139.0,141.0,4095575.0,-3.95095,577476075.0,0.55953,0.71429,-22.05638,-17.92782,182.7,124.0,9.66417,47357681880.0,Industrial Services,,0.0,-0.00438,-0.13045,0.44014,-0.31744,0.20146,-0.56423,-0.11932,1.08593,0.0,0.10473,57.77778,-0.0529,NEUTRAL,0.0192,prior-research-2026-09-28+NEUTRAL,False
2026-09-28,GLRYH,1.88,1.88,1.73,1.76,7621977.0,-3.2967,13414679.52,0.52576,-13.30049,-47.77448,-47.46269,3.54,1.73,0.16793,1091999960.0,Finance,,0.0,-0.88288,-1.31041,-1.02657,-0.07217,-0.29344,-1.07954,-1.00602,-2.08099,0.0,-0.90094,7.33333,-0.2011,NEUTRAL,0.0192,prior-research-2026-09-28+NEUTRAL,False
2026-09-28,GLYHO,15.56,15.67,14.8,15.67,4213743.0,0.3201,66029352.81,0.8745,2.21787,-7.60613,-12.4581,18.64,14.64,0.62087,30272966951.0,Finance,,0.0,0.70473,0.93232,0.68262,-1.02563,1.42933,0.31187,0.93048,0.1188,0.0,0.61856,83.11111,0.1382,NEUTRAL,0.0192,prior-research-2026-09-28+NEUTRAL,False
2026-09-28,GMTAS,49.5,49.72,45.66,46.1,2902148.0,-7.05645,133789022.8,0.63077,12.71394,3.17816,3.13199,53.75,39.86,3.12587,14879999542.0,Retail Trade,,0.0,0.46696,1.04618,0.96682,1.31863,-0.94326,-0.44084,-0.77522,0.16254,0.0,0.45062,75.11111,0.0707,NEUTRAL,0.0192,prior-research-2026-09-28+NEUTRAL,False
2026-09-28,GOKNR,15.75,15.75,14.95,14.98,3439897.0,-5.48896,51529657.06,0.69291,-13.00813,-14.98297,-37.99669,18.68,14.45,0.95874,5547500134.0,Consumer Non-Durables,,0.0,-0.47324,0.49768,0.40951,0.14351,-0.65149,-0.47844,-0.06583,0.30522,0.0,0.0199,53.55556,-0.0529,NEUTRAL,0.0192,prior-research-2026-09-28+NEUTRAL,False
2026-09-28,GOLDA,8.44,8.59,7.79,7.79,13945072.0,-9.9422,108632110.88,0.83672,-20.91371,-39.89198,-23.02372,13.8,7.79,0.82122,2162499905.0,Consumer Non-Durables,,0.0,0.24278,-0.90078,-1.66633,1.39589,-1.15474,0.03853,-1.13867,0.81002,0.0,-0.52591,20.0,-0.2011,NEUTRAL,0.0192,prior-research-2026-09-28+NEUTRAL,False
2026-09-28,GOLTS,256.25,267.75,252.0,264.75,396837.0,2.41779,105062595.75,3.63938,-1.39665,-13.12551,-18.53846,309.0,251.25,9.35829,4637490138.0,Non-Energy Minerals,,0.0,0.1753,0.54447,0.60934,-1.88687,2.61665,2.7221,1.31994,0.30969,0.0,0.50734,78.66667,0.0707,NEUTRAL,0.0192,prior-research-2026-09-28+NEUTRAL,False
2026-09-28,GOODY,2.21,2.21,2.1,2.13,7215475.0,-3.61991,15368961.75,0.61961,-12.34568,-18.70229,-31.82973,2.81,2.1,0.1052,3359200058.0,Consumer Durables,,0.0,-0.13032,0.00689,-0.23355,-0.33242,0.28099,-0.7197,0.3766,-1.48937,0.0,-0.11656,43.55556,-0.2011,NEUTRAL,0.0192,prior-research-2026-09-28+NEUTRAL,False
2026-09-28,GRSEL,260.0,266.75,257.0,260.0,252287.0,-4.14747,65594620.0,0.54506,-1.88679,-17.65637,-14.7541,316.0,252.0,12.99276,27667500000.0,Consumer Services,,0.0,0.39662,0.42243,0.50736,-0.10707,0.35466,-1.16429,0.66804,0.34168,0.0,0.39469,72.66667,0.0707,NEUTRAL,0.0192,prior-research-2026-09-28+NEUTRAL,False
2026-09-28,GRTHO,116.5,125.9,105.8,123.0,3407087.0,5.94315,419071701.0,2.46149,-14.99654,-44.96644,-51.19048,244.0,105.6,15.5145,14512499809.0,Distribution Services,,0.0,-0.66751,-0.65396,0.65653,-2.62287,2.52375,1.54526,-0.96777,1.71586,0.0,-0.15104,41.33333,-0.2011,NEUTRAL,0.0192,prior-research-2026-09-28+NEUTRAL,False
2026-09-28,GSDDE,12.39,12.4,11.49,11.58,2307764.0,-7.21154,26723907.12,0.51181,-9.17647,-17.28571,-6.98795,14.99,11.49,0.79137,1871999931.0,Transportation,,0.0,0.34219,-0.54238,-1.32701,1.14472,-0.27337,-0.48127,-0.93526,-1.08998,0.0,-0.37304,27.33333,-0.2011,NEUTRAL,0.0192,prior-research-2026-09-28+NEUTRAL,False
2026-09-28,GSDHO,4.15,4.22,4.0,4.12,10785949.0,-1.67064,44438109.88,0.63142,-1.43541,-15.40041,-30.63973,4.88,3.91,0.21716,4001450055.0,Transportation,,0.0,-0.77614,-0.41658,0.03838,-0.39517,0.73892,0.10808,-0.28386,-0.64061,0.0,-0.26052,33.55556,-0.2011,NEUTRAL,0.0192,prior-research-2026-09-28+NEUTRAL,False
2026-09-28,GSRAY,0.88,0.88,0.8,0.81,190774240.0,-7.95455,154527134.4,1.33114,-10.98901,-28.94737,-20.58824,1.13,0.8,0.03477,11879999936.0,Consumer Services,,0.0,0.12735,-0.18808,-0.42454,0.9175,-1.50728,1.04714,0.98519,0.83997,0.0,-0.00528,51.55556,-0.0529,NEUTRAL,0.0192,prior-research-2026-09-28+NEUTRAL,False
2026-09-28,GUBRF,450.0,454.5,433.0,442.25,2751469.0,-3.43886,1216837165.25,0.73965,1.08571,-9.56033,-2.48071,525.5,379.0,23.91835,152972000000.0,Process Industries,,0.0,1.12334,0.95006,1.72359,-0.80886,0.82676,0.03895,0.57044,1.98861,0.0,0.95634,93.55556,0.1427,NEUTRAL,0.0192,prior-research-2026-09-28+NEUTRAL,False
2026-09-28,GWIND,21.06,21.06,20.18,20.4,3831630.0,-2.94957,78165252.0,1.27962,-4.58372,-12.1447,-22.01835,23.48,20.18,0.65948,11350796398.0,Utilities,,0.0,0.21766,0.57668,0.04412,-0.45427,-0.91264,1.07769,1.8013,-0.06222,0.0,0.20547,63.11111,-0.0529,NEUTRAL,0.0192,prior-research-2026-09-28+NEUTRAL,False
2026-09-28,GZNMI,31.1,31.52,29.6,30.02,750823.0,-6.71224,22539706.46,0.58354,-22.42894,-46.91424,-52.72441,60.15,29.6,3.03921,2091700020.0,Consumer Services,,0.0,-1.41115,-1.10291,-0.88485,0.65977,0.03921,-1.00582,-0.90956,-0.62832,0.0,-0.74822,11.55556,-0.2011,NEUTRAL,0.0192,prior-research-2026-09-28+NEUTRAL,False
2026-09-28,HALKB,43.86,46.84,43.26,45.12,33255821.0,0.48998,1500502643.52,0.7276,-3.05114,-2.12581,3.96313,54.35,40.04,2.47871,322596535621.0,Finance,,0.0,1.46507,1.36478,1.00941,-1.08261,0.44024,-0.1778,0.196,1.67025,0.0,0.80933,89.33333,0.1382,NEUTRAL,0.0192,prior-research-2026-09-28+NEUTRAL,False
2026-09-28,HATEK,8.75,8.75,7.86,8.05,1591983.0,-7.78923,12815463.15,0.99627,-30.18213,-37.5969,-50.0,14.2,7.86,0.73825,549989971.0,Process Industries,,0.0,-1.09587,-0.63824,-0.16902,0.39188,-0.33875,0.82079,-0.62507,-2.24729,0.0,-0.56916,19.11111,-0.2011,NEUTRAL,0.0192,prior-research-2026-09-28+NEUTRAL,False
2026-09-28,HATSN,35.0,35.34,32.58,33.38,4876492.0,-7.79006,162777302.96,1.00673,-15.32217,-58.06533,-42.79349,92.0,31.94,5.01152,8018300169.0,Producer Manufacturing,,0.0,-0.46303,-1.45484,-0.40957,0.51783,-0.13191,0.80555,-1.62121,0.88309,0.0,-0.53435,19.77778,-0.2011,NEUTRAL,0.0192,prior-research-2026-09-28+NEUTRAL,False
2026-09-28,HDFGS,0.98,1.04,0.91,0.98,54045197.0,-1.0101,52964293.06,1.24896,-28.98551,-61.56863,-60.1626,2.66,0.91,0.13143,1118700011.0,Finance,,0.0,-1.62813,-1.94356,-0.45914,-0.67919,0.55341,1.06391,-1.78992,-0.03225,0.0,-1.00902,4.88889,-0.2011,NEUTRAL,0.0192,prior-research-2026-09-28+NEUTRAL,False
2026-09-28,HEKTS,2.15,2.16,2.02,2.08,221676090.0,-4.58716,461086267.2,0.61275,-11.11111,-27.27273,-36.58537,3.07,2.02,0.12698,18377400563.0,Process Industries,,0.0,-0.51268,-0.03459,0.32712,-0.48252,0.85374,-0.44981,0.2363,1.65781,0.0,0.10735,58.0,-0.0529,NEUTRAL,0.0192,prior-research-2026-09-28+NEUTRAL,False
2026-09-28,HKTM,10.13,10.13,9.42,9.5,1752601.0,-6.03363,16649709.5,0.39956,-13.87126,-30.55556,-11.3806,15.92,9.42,0.79208,1061549964.0,Producer Manufacturing,,0.0,0.97569,-0.08943,-0.79191,0.04872,0.15667,-1.51638,-0.38876,-1.04063,0.0,-0.04627,49.33333,-0.2011,NEUTRAL,0.0192,prior-research-2026-09-28+NEUTRAL,False
2026-09-28,HLGYO,4.04,4.04,3.85,3.93,23733343.0,-3.91198,93272037.99,0.95048,-2.72277,-11.88341,-33.61486,4.89,3.85,0.18203,15348542374.0,Finance,,0.0,-0.27455,0.59998,-0.00413,0.06865,0.11844,0.51854,0.60018,0.36635,0.0,0.14541,60.0,-0.0529,NEUTRAL,0.0192,prior-research-2026-09-28+NEUTRAL,False
2026-09-28,HOROZ,47.7,47.7,43.72,44.1,699652.0,-7.54717,30854653.2,0.70813,-5.64827,-29.27025,-34.81153,62.2,43.72,3.12675,4316281623.0,Transportation,,0.0,-1.00418,-1.18892,-1.52021,1.22741,-0.72545,0.42565,-1.03552,-0.89709,0.0,-0.86522,8.88889,-0.2011,NEUTRAL,0.0192,prior-research-2026-09-28+NEUTRAL,False
2026-09-28,HRKET,8.29,8.34,7.51,8.25,44957385.0,0.24301,370898426.25,0.60296,44.23077,16.54987,5.96415,8.57,5.42853,0.6053,13273343664.0,Transportation,,0.0,0.84509,1.42962,1.99386,-0.91745,1.19249,-0.03458,-1.07147,0.63044,0.0,0.80048,88.88889,0.1382,NEUTRAL,0.0192,prior-research-2026-09-28+NEUTRAL,False
2026-09-28,HTTBT,30.84,33.5,29.92,30.7,659384.0,-1.34961,20243088.8,1.16972,0.26127,-17.02703,-22.78672,36.74,29.2,1.39536,9336000252.0,Technology Services,,0.0,0.05673,0.58805,0.72522,-1.07897,-0.75664,0.72716,1.16521,-1.07498,0.0,0.14412,59.77778,-0.0529,NEUTRAL,0.0192,prior-research-2026-09-28+NEUTRAL,False
2026-09-28,HUNER,4.29,4.47,4.24,4.4,94128254.0,0.91743,414164317.6,1.53346,13.69509,12.82051,6.79612,4.47,3.57,0.22633,4360000134.0,Utilities,,0.0,1.46434,1.96259,2.86477,-1.46976,1.32173,1.37929,0.60958,0.86686,0.0,1.37603,98.88889,0.1492,NEUTRAL,0.0192,prior-research-2026-09-28+NEUTRAL,False
2026-09-28,HURGZ,5.96,6.04,5.4,5.4,7525984.0,-10.0,40640313.6,1.02122,-18.429,-29.41176,-15.625,8.85,5.4,0.48822,3552000000.0,Consumer Services,,0.0,0.3345,-0.22999,-1.56211,2.25722,-1.54342,0.5178,-0.66589,-0.01242,0.0,-0.30722,30.88889,-0.2011,NEUTRAL,0.0192,prior-research-2026-09-28+NEUTRAL,False
2026-09-28,ICUGS,1.78,1.78,1.63,1.63,10697476.0,-9.94475,17436885.88,0.46847,-30.34188,-69.7026,-69.64618,5.42,1.63,0.30118,628974980.0,Finance,,0.0,-2.20837,-2.4993,-1.83344,1.765,-0.6677,-1.34561,-2.4995,-1.22633,0.0,-1.53469,1.11111,-0.2011,NEUTRAL,0.0192,prior-research-2026-09-28+NEUTRAL,False
2026-09-28,IEYHO,89.3,89.3,89.3,89.3,498825.0,-9.97984,44545072.5,0.28514,-40.86093,-54.18163,-38.66758,234.9,89.3,9.20495,48716280533.0,Process Industries,,0.0,-0.57822,-1.47154,-1.29987,1.45342,0.0,-2.06643,-0.84935,0.26721,0.0,-0.57627,18.88889,-0.2011,NEUTRAL,0.0192,prior-research-2026-09-28+NEUTRAL,False
2026-09-28,IHLAS,0.92,0.93,0.87,0.9,88951056.0,-3.22581,80055950.4,0.46146,-10.0,-15.88785,-27.41935,1.33,0.87,0.05102,2790000021.0,Finance,,0.0,0.03589,0.37103,-0.12932,-0.09105,0.37959,-1.37208,0.12319,0.24345,0.0,0.10186,57.55556,-0.0529,NEUTRAL,0.0192,prior-research-2026-09-28+NEUTRAL,False
2026-09-28,IHLGM,1.25,1.26,1.16,1.21,18188522.0,-4.72441,22008111.62,0.41529,-15.38462,-23.89937,-34.59459,1.81,1.16,0.0714,1269999981.0,Finance,,0.0,-0.32333,-0.10567,-0.01612,0.34989,0.37959,-1.58977,0.03416,-0.89451,0.0,-0.05031,48.66667,-0.2011,NEUTRAL,0.0192,prior-research-2026-09-28+NEUTRAL,False
2026-09-28,IMASM,1.61,1.61,1.48,1.52,13084016.0,-6.17284,19887704.32,0.60317,-17.83784,-35.04274,-49.66887,2.44,1.48,0.10856,1498500004.0,Producer Manufacturing,,0.0,-0.76618,-0.29221,-0.01152,0.086,0.34019,-0.53441,-0.04564,-0.78779,0.0,-0.21794,36.88889,-0.2011,NEUTRAL,0.0192,prior-research-2026-09-28+NEUTRAL,False
2026-09-28,INDES,10.48,10.64,10.18,10.39,4018417.0,-2.07352,41751352.63,0.68686,-0.09615,-13.77593,-8.77963,12.22,9.91,0.48197,7956842446.0,Distribution Services,,0.0,1.37658,1.05293,0.94322,-1.05148,0.80994,-0.69874,1.25792,0.3438,0.0,0.82507,89.77778,0.1382,NEUTRAL,0.0192,prior-research-2026-09-28+NEUTRAL,False
2026-09-28,INTET,51.05,53.1,49.12,49.4,10319324.0,-3.23213,509774605.6,0.69711,6.14525,-16.20017,-16.20017,82.45,42.34,5.43361,8167999878.0,Electronic Technology,,0.0,0.86275,0.8689,0.80901,-0.78383,-0.38193,-0.25343,-0.70631,0.85265,0.0,0.3449,70.44444,0.0707,NEUTRAL,0.0192,prior-research-2026-09-28+NEUTRAL,False
2026-09-28,INVEO,6.06,6.07,5.81,5.84,4171993.0,-4.41899,24364439.12,0.4854,-8.0315,-17.97753,-34.0113,7.13,5.77,0.30488,6109969554.0,Finance,,0.0,-0.30495,0.22851,-0.30767,0.25126,-0.42226,-1.30749,0.32821,-0.76497,0.0,-0.11543,43.77778,-0.2011,NEUTRAL,0.0192,prior-research-2026-09-28+NEUTRAL,False
2026-09-28,INVES,706.0,706.0,645.5,694.0,124704.0,-1.69972,86544576.0,2.02111,-12.7044,-18.35294,-3.07263,833.5,645.5,35.04836,132375000000.0,Finance,,0.0,1.14156,0.20439,0.69081,-0.46603,1.75909,1.73948,0.4142,0.32274,0.0,0.64437,84.0,0.1382,NEUTRAL,0.0192,prior-research-2026-09-28+NEUTRAL,False
2026-09-28,ISCTR,12.84,13.1,12.75,12.96,459133510.0,-0.84162,5950370289.6,0.74894,-2.1148,1.48786,-11.77672,14.75,12.03,0.48457,354104126626.0,Finance,,0.0,0.73312,1.53758,0.91563,-0.72715,0.59648,-0.12062,1.06119,2.27512,0.0,0.84356,90.66667,0.1427,NEUTRAL,0.0192,prior-research-2026-09-28+NEUTRAL,False
2026-09-28,ISDMR,62.9,63.5,60.85,62.35,1328141.0,-1.73365,82809591.35,0.49235,2.80297,13.67366,6.5812,66.25,52.0,3.04778,184005002213.0,Non-Energy Minerals,,0.0,1.28637,2.0233,1.92519,-0.78606,0.83506,-1.11734,0.55901,0.15341,0.0,1.1235,96.44444,0.1492,NEUTRAL,0.0192,prior-research-2026-09-28+NEUTRAL,False
2026-09-28,ISFIN,17.84,17.85,17.1,17.85,1881676.0,-0.83333,33587916.6,1.15942,-3.09446,-10.30151,-10.57114,20.04,17.1,0.59156,12515447021.0,Finance,,0.0,0.79899,0.71192,0.6664,-0.73701,1.67537,0.9768,1.48678,-0.37806,0.0,0.69733,85.55556,0.1382,NEUTRAL,0.0192,prior-research-2026-09-28+NEUTRAL,False
2026-09-28,ISGYO,23.76,24.12,22.94,23.76,1079070.0,0.0,25638703.2,0.62986,3.30435,-16.10169,-2.30263,28.28,21.26,1.34306,22779900219.0,Finance,,0.0,1.20385,0.34569,1.0204,-0.95342,0.68787,-0.58351,0.13522,-0.70072,0.0,0.50015,78.22222,0.0707,NEUTRAL,0.0192,prior-research-2026-09-28+NEUTRAL,False
2026-09-28,ISKPL,3.56,3.67,3.1,3.19,91020276.0,-7.26744,290354680.44,2.47198,-25.29274,-63.9548,-48.96,8.94,3.0,0.5026,5159681785.0,Producer Manufacturing,,0.0,-0.70066,-1.66366,-0.24515,0.40256,-1.91163,2.09109,-1.71436,1.20079,0.0,-0.79262,9.55556,-0.2011,NEUTRAL,0.0192,prior-research-2026-09-28+NEUTRAL,False
2026-09-28,ISMEN,31.48,31.48,30.72,31.48,4996133.0,-0.75662,157278266.84,0.76827,-6.47653,-3.49479,-13.98907,37.38,30.72,1.24932,47579998970.0,Finance,,0.0,0.64937,1.26428,0.18548,-0.75704,1.29464,-0.04668,0.91035,0.62678,0.0,0.59046,82.0,0.1382,NEUTRAL,0.0192,prior-research-2026-09-28+NEUTRAL,False
2026-09-28,IZENR,4.2,4.2,3.79,3.79,14068824.0,-9.97625,53320842.96,0.51207,-12.67281,-54.66507,-62.251,8.29,3.79,0.39921,10288187593.0,Utilities,,0.0,-1.78266,-1.70522,-1.68969,1.88331,-0.58032,-1.19901,-0.96608,-0.3141,0.0,-1.02962,4.44444,-0.2011,NEUTRAL,0.0192,prior-research-2026-09-28+NEUTRAL,False
2026-09-28,IZMDC,6.97,7.11,6.66,6.75,8673414.0,-3.15638,58545544.5,0.69556,-7.91269,-52.19547,-24.74916,13.95,6.66,0.71563,10455000401.0,Non-Energy Minerals,,0.0,-0.08447,-1.50457,-1.21847,-0.45205,-0.20914,-0.15159,-1.15834,-0.09469,0.0,-0.7487,11.33333,-0.2011,NEUTRAL,0.0192,prior-research-2026-09-28+NEUTRAL,False
2026-09-28,JANTS,14.39,14.4,13.47,13.64,1801311.0,-5.60554,24569882.04,0.62478,-9.66887,-13.12102,-15.06849,18.44,13.47,0.69577,10114999866.0,Producer Manufacturing,,0.0,0.82445,0.95874,-0.18657,-0.1435,-0.06044,-0.43176,0.7838,-0.50859,0.0,0.3426,70.0,0.0707,NEUTRAL,0.0192,prior-research-2026-09-28+NEUTRAL,False
2026-09-28,KAREL,6.2,6.2,5.74,5.76,7762222.0,-6.79612,44710398.72,0.57699,-10.69767,-34.61975,-49.2511,8.94,5.6,0.42487,4980372240.0,Electronic Technology,,0.0,-0.60299,-0.14474,0.00805,0.24844,-0.17949,-0.82646,0.08533,-0.55702,0.0,-0.16503,40.88889,-0.2011,NEUTRAL,0.0192,prior-research-2026-09-28+NEUTRAL,False
2026-09-28,KARSN,9.1,9.2,8.8,8.99,12563935.0,-4.0555,112949775.65,0.33982,3.33333,-3.125,-28.93281,16.9,8.54,0.90836,8432999897.0,Producer Manufacturing,,0.0,0.20209,1.68617,0.12707,-0.52817,0.76821,-1.77853,-0.72882,0.70438,0.0,0.33091,68.88889,-0.0529,NEUTRAL,0.0192,prior-research-2026-09-28+NEUTRAL,False
2026-09-28,KATMR,1.56,1.56,1.46,1.48,66017464.0,-5.73248,97705846.72,0.91484,-8.07453,-30.18868,-45.58824,2.13,1.46,0.0769,3380602356.0,Producer Manufacturing,,0.0,-0.56397,-0.05216,-0.29848,-0.09033,-0.46702,0.61278,0.73782,0.63983,0.0,-0.1439,42.0,-0.2011,NEUTRAL,0.0192,prior-research-2026-09-28+NEUTRAL,False
2026-09-28,KAYSE,3.35,3.35,3.11,3.15,8584573.0,-5.97015,27041404.95,0.97626,-11.51685,-25.0,-27.58621,4.27,3.11,0.15508,9991487582.0,Health Technology,,0.0,-0.0932,0.16363,-0.45508,0.10026,-0.07081,0.47398,0.91094,-0.80231,0.0,-0.02692,50.44444,-0.0529,NEUTRAL,0.0192,prior-research-2026-09-28+NEUTRAL,False
2026-09-28,KBORU,13.64,13.9,11.95,11.95,13773017.0,-9.94725,164587553.15,0.90087,4.27574,-49.57806,-55.57621,24.02,10.32,1.49012,7962000275.0,Producer Manufacturing,,0.0,-1.15908,-1.00035,0.62149,1.13287,-1.30806,0.56273,-1.19937,0.89766,0.0,-0.39769,25.77778,-0.2011,NEUTRAL,0.0192,prior-research-2026-09-28+NEUTRAL,False
2026-09-28,KCAER,10.98,11.03,10.68,10.92,6337548.0,-2.5,69206024.16,0.4225,-7.45763,-33.04721,-27.2485,16.35,10.68,0.65069,21447999635.0,Non-Energy Minerals,,0.0,-0.17671,-0.61206,-0.43536,-0.60418,0.93666,-1.35481,0.08067,0.03377,0.0,-0.18575,39.55556,-0.2011,NEUTRAL,0.0192,prior-research-2026-09-28+NEUTRAL,False
2026-09-28,KCHOL,214.8,216.8,211.0,214.0,20626040.0,-1.15473,4413972560.0,0.69144,-0.32604,-0.27959,9.18367,232.5,200.5,6.89272,549021929143.00006,Energy Minerals,,0.0,1.54376,1.51583,1.33798,-0.99903,0.77081,-0.31486,1.75006,2.2435,0.0,1.18125,97.11111,0.1492,NEUTRAL,0.0192,prior-research-2026-09-28+NEUTRAL,False
2026-09-28,KFEIN,6.17,6.27,5.8,6.09,4238800.0,-2.87081,25814292.0,1.18303,-0.32733,-26.27119,-35.07463,8.46,5.8,0.36795,1238324996.0,Technology Services,,0.0,-0.54842,0.11171,0.3463,-0.68153,1.20765,0.74604,0.4689,-0.79156,0.0,0.04373,54.88889,-0.0529,NEUTRAL,0.0192,prior-research-2026-09-28+NEUTRAL,False
2026-09-28,KGYO,8.78,9.37,8.78,8.79,24761558.0,3.16901,217654094.82,1.91036,-25.382,-31.59533,-26.99336,13.31,6.98,0.91848,8520000458.0,Finance,,0.0,0.05892,-0.55467,0.77567,-1.68797,-2.38435,1.62298,-1.19583,0.84369,0.0,-0.45939,23.33333,-0.2011,NEUTRAL,0.0192,prior-research-2026-09-28+NEUTRAL,False
2026-09-28,KLGYO,3.72,3.73,3.46,3.54,13361546.0,-6.1008,47299872.84,1.38433,-12.59259,-30.17751,-30.85938,5.17,3.46,0.23714,5259149973.0,Finance,,0.0,-0.13788,-0.4543,-0.34967,0.71719,-0.94773,1.29377,-0.26698,-0.11893,0.0,-0.24736,35.11111,-0.2011,NEUTRAL,0.0192,prior-research-2026-09-28+NEUTRAL,False
2026-09-28,KLKIM,22.82,22.82,22.1,22.3,1091787.0,-2.78989,24346850.1,0.66213,-3.54671,-20.18611,-25.76565,27.82,22.1,0.87247,10552400246.0,Process Industries,,0.0,0.01788,0.29631,-0.05101,-0.98126,0.37645,-0.2254,1.31214,-0.32815,0.0,0.11012,58.22222,-0.0529,NEUTRAL,0.0192,prior-research-2026-09-28+NEUTRAL,False
2026-09-28,KLSER,19.86,19.86,18.7,18.84,1067174.0,-5.13595,20105558.16,1.09212,-8.27653,-23.97094,-30.01486,24.76,18.7,0.67945,10223505029.0,Producer Manufacturing,,0.0,0.13253,0.29686,-0.44573,-0.2486,-1.17287,0.97713,1.59058,-0.74387,0.0,-0.03298,50.22222,-0.0529,NEUTRAL,0.0192,prior-research-2026-09-28+NEUTRAL,False
2026-09-28,KLSYN,14.84,14.85,14.15,14.39,2385279.0,-2.10884,34324164.81,0.76539,12.07165,-8.63492,2.05674,17.48,12.31,0.8776,6341870975.0,Consumer Durables,,0.0,1.44683,0.64348,1.29605,-0.6805,0.3818,-0.16776,-0.13563,-0.39466,0.0,0.64377,83.77778,0.1382,NEUTRAL,0.0192,prior-research-2026-09-28+NEUTRAL,False
2026-09-28,KLYPV,52.35,54.6,49.08,54.5,2341258.0,2.53998,127598561.0,0.88119,-2.67857,-15.04287,-10.36184,64.45,49.08,2.98635,24453166022.0,Producer Manufacturing,,0.0,1.05701,0.83737,1.40938,-2.24472,1.83731,0.50154,0.62378,0.74408,0.0,0.74678,87.55556,0.1382,NEUTRAL,0.0192,prior-research-2026-09-28+NEUTRAL,False
2026-09-28,KMPUR,15.1,15.12,13.68,13.68,2219143.0,-9.94075,30357876.24,0.96718,-14.44653,-30.90909,-29.08243,19.62,13.68,1.08921,7385377981.0,Producer Manufacturing,,0.0,0.19053,-0.11457,-1.42259,1.05959,-1.38572,0.7166,-0.26862,-0.20354,0.0,-0.36959,27.55556,-0.2011,NEUTRAL,0.0192,prior-research-2026-09-28+NEUTRAL,False
2026-09-28,KNFRT,10.4,10.61,10.12,10.37,2648304.0,-2.81162,27462912.48,0.71792,-8.23009,-19.67467,-19.6124,13.25,10.11,0.70983,2816880020.0,Consumer Non-Durables,,0.0,0.39699,0.19497,0.20513,-0.52788,0.90609,-0.3732,-0.26846,-0.19885,0.0,0.16628,61.77778,-0.0529,NEUTRAL,0.0192,prior-research-2026-09-28+NEUTRAL,False
2026-09-28,KOCMT,2.88,2.89,2.6,2.6,59148316.0,-9.72222,153785621.6,0.68074,-6.47482,-49.80695,-24.4186,5.12,2.31,0.37738,6802291677.0,Non-Energy Minerals,,0.0,-0.04974,-1.4208,0.0859,1.18838,-0.89933,-0.21116,-1.89387,0.47799,0.0,-0.38848,26.66667,-0.2011,NEUTRAL,0.0192,prior-research-2026-09-28+NEUTRAL,False
2026-09-28,KONYA,3765.0,3765.0,3500.0,3540.0,11553.0,-6.4111,40897620.0,0.45312,-8.99743,-7.32984,-9.80892,4427.5,3467.5,208.81292,18433786001.0,Non-Energy Minerals,,0.0,0.62052,0.95218,-0.04729,0.49538,0.03208,-1.23381,0.11586,-0.35558,0.0,0.34025,69.77778,-0.0529,NEUTRAL,0.0192,prior-research-2026-09-28+NEUTRAL,False
2026-09-28,KOPOL,3.37,3.37,3.09,3.27,11912435.0,-4.38596,38953662.45,1.14304,-5.21739,-42.42958,-51.12108,5.8,3.09,0.25176,4435603165.0,Process Industries,,0.0,-1.18392,-0.89514,0.428,-0.53479,1.4542,1.12528,-0.25796,0.16176,0.0,-0.23741,35.77778,-0.2011,NEUTRAL,0.0192,prior-research-2026-09-28+NEUTRAL,False
2026-09-28,KORDS,3.07,3.07,2.85,2.91,27794277.0,-5.21173,80881346.07,0.74036,-4.59016,-37.06607,-21.57808,4.65021,2.85,0.24348,11346291033.0,Process Industries,,0.0,0.22749,-0.60115,-0.08971,-0.36074,0.27104,0.05038,-0.48709,0.7057,0.0,-0.099,45.33333,-0.2011,NEUTRAL,0.0192,prior-research-2026-09-28+NEUTRAL,False
2026-09-28,KOTON,10.79,10.79,10.17,10.18,2098799.0,-5.82794,21365773.82,1.33798,-9.99116,-21.63202,-30.79538,12.94,10.17,0.3458,8968517112.0,Consumer Non-Durables,,0.0,-0.11018,0.08956,-1.18906,0.24972,-1.63484,1.08086,1.45807,-0.55815,0.0,-0.28689,32.44444,-0.2011,NEUTRAL,0.0192,prior-research-2026-09-28+NEUTRAL,False
2026-09-28,KPEKS,56.1,56.1,51.6,53.25,3615018.0,-6.41476,192499708.5,0.60988,-22.71408,-66.27612,-48.50097,128.2,51.6,8.01005,7118190104.0,Process Industries,,0.0,-0.98788,-2.04211,-0.39786,0.05722,0.71581,-0.47722,-1.73507,1.21418,0.0,-0.69584,14.0,-0.2011,NEUTRAL,0.0192,prior-research-2026-09-28+NEUTRAL,False
2026-09-28,KRDMA,43.9,44.88,41.72,43.44,11617639.0,-1.22783,504670238.16,1.48853,-2.20621,-26.74536,9.42065,71.15,41.26,3.39654,52905107540.0,Non-Energy Minerals,,0.0,1.40504,-0.21483,-0.07718,-0.95996,0.91911,1.5582,-0.5447,1.10573,0.0,0.24445,65.11111,-0.0529,NEUTRAL,0.0192,prior-research-2026-09-28+NEUTRAL,False
2026-09-28,KRDMB,81.05,86.5,73.0,73.0,10059424.0,-7.41915,734337952.0,3.35291,-17.37408,-44.86405,-46.63743,139.4,63.6,8.76086,52905107540.0,Non-Energy Minerals,,0.0,-1.08133,-1.17985,0.20448,0.75907,-2.80276,2.59975,-1.40231,1.27083,0.0,-0.71832,12.66667,-0.2011,NEUTRAL,0.0192,prior-research-2026-09-28+NEUTRAL,False
2026-09-28,KRDMD,46.64,47.8,46.12,47.16,51222623.0,0.42589,2415658900.68,1.12921,7.13312,0.55437,17.54736,48.44,39.6,1.99592,52905107540.0,Non-Energy Minerals,,0.0,1.59717,1.5004,2.28407,-1.40357,1.06808,1.04511,0.82932,1.77187,0.0,1.25322,98.22222,0.1492,NEUTRAL,0.0192,prior-research-2026-09-28+NEUTRAL,False
2026-09-28,KRGYO,3.15,3.31,2.99,3.16,24911254.0,1.60772,78719562.64,1.25023,11.66078,-0.94044,20.15209,3.78,2.72,0.23193,3078899896.0,Finance,,0.0,1.93076,1.39614,1.13815,-1.36995,0.53661,1.07409,-0.48477,0.23743,0.0,0.76941,88.44444,0.1382,NEUTRAL,0.0192,prior-research-2026-09-28+NEUTRAL,False
2026-09-28,KRONT,19.52,19.52,17.73,18.1,1107462.0,-7.27459,20045062.2,0.89232,-5.72917,-29.18623,-24.58333,26.06,17.73,1.43647,3342256499.0,Communications,,0.0,0.08405,-0.29331,-0.21256,0.73382,-0.49448,0.38038,-0.51583,-0.95853,0.0,-0.15956,41.11111,-0.2011,NEUTRAL,0.0192,prior-research-2026-09-28+NEUTRAL,False
2026-09-28,KRPLS,11.61,12.0,11.08,11.84,4516160.0,0.33898,53471334.4,0.77284,10.34483,14.06551,31.11849,14.98,10.14,0.9353,2060280105.0,Consumer Non-Durables,,0.0,2.12852,2.13204,1.15489,-1.37959,1.47688,-0.16195,-0.56663,0.34567,0.0,1.03967,95.33333,0.1492,NEUTRAL,0.0192,prior-research-2026-09-28+NEUTRAL,False
2026-09-28,KRSTL,7.8,8.03,7.3,7.92,6746708.0,0.76336,53433927.36,1.50612,-0.8761,-15.65495,-29.78723,9.38,7.3,0.30423,1509120026.0,Consumer Non-Durables,,0.0,-0.06356,0.44586,0.98752,-1.50055,2.05909,1.25842,1.10127,0.33989,0.0,0.48185,76.88889,0.0707,NEUTRAL,0.0192,prior-research-2026-09-28+NEUTRAL,False
2026-09-28,KRVGD,2.13,2.14,2.02,2.08,7093528.0,-2.34742,14754538.24,0.75662,1.96078,-9.56522,-28.27586,2.37,1.97,0.09387,4599545960.0,Consumer Non-Durables,,0.0,0.02318,0.80541,0.90813,-0.65046,0.86849,-0.2358,0.75626,-1.26328,0.0,0.3857,72.44444,0.0707,NEUTRAL,0.0192,prior-research-2026-09-28+NEUTRAL,False
2026-09-28,KTLEV,11.85,11.85,11.85,11.85,3017503.0,-9.95441,35757410.55,0.50137,-40.86826,-82.26048,-76.8367,68.05,11.85,3.5549,92119998932.0,Finance,,0.0,-2.5745,-3.0,-1.83344,1.84284,0.0,-1.22483,-3.0,-0.3479,0.0,-1.62882,0.66667,-0.2011,NEUTRAL,0.0192,prior-research-2026-09-28+NEUTRAL,False
2026-09-28,KTSKR,62.75,62.75,57.95,58.8,253833.0,-4.77733,14925380.4,0.72738,-8.83721,-29.62298,-42.74586,84.05,57.95,3.40609,2840500000.0,Process Industries,,0.0,-0.75337,-0.2067,-0.11585,-0.41296,-0.05088,0.0103,0.38227,-1.14453,0.0,-0.29278,32.22222,-0.2011,NEUTRAL,0.0192,prior-research-2026-09-28+NEUTRAL,False
2026-09-28,KUVVA,101.0,108.8,100.8,100.8,150703.0,-9.91957,15190862.4,0.9431,-21.12676,-44.30939,-27.22022,200.0,97.4,13.62704,3473600681.0,Consumer Durables,,0.0,0.13148,-1.34434,-0.45359,1.34651,-1.30393,0.38272,-1.89518,-1.56386,0.0,-0.58842,18.44444,-0.2011,NEUTRAL,0.0192,prior-research-2026-09-28+NEUTRAL,False
2026-09-28,KUYAS,33.6,38.48,33.1,33.1,29164625.0,-9.95647,965349087.5,1.61353,-27.69768,-47.37679,-50.22556,74.0,31.5,4.15373,13761333327.0,Finance,,0.0,-1.07163,-1.27627,-0.51498,1.85945,-2.27186,1.5248,-1.61764,1.47218,0.0,-0.72175,12.44444,-0.2011,NEUTRAL,0.0192,prior-research-2026-09-28+NEUTRAL,False
2026-09-28,KZBGY,1.42,1.42,1.34,1.36,20596147.0,-4.22535,28010759.92,0.43054,-7.48299,-31.65829,-45.6,2.03,1.34,0.08019,5679999828.0,Finance,,0.0,-0.81561,-0.56108,-0.72968,0.19293,-0.03787,-1.50422,0.04593,-0.54648,0.0,-0.43689,25.11111,-0.2011,NEUTRAL,0.0192,prior-research-2026-09-28+NEUTRAL,False
2026-09-28,KZGYO,14.61,14.91,13.9,14.7,1853202.0,-2.0,27242069.4,0.39235,-19.40789,-26.86567,-34.60854,32.48,13.9,1.65202,3000000000.0,Finance,,0.0,-0.32948,-0.22748,-0.39802,-0.38986,0.66897,-1.73191,-1.35903,-0.57245,0.0,-0.35231,29.11111,-0.2011,NEUTRAL,0.0192,prior-research-2026-09-28+NEUTRAL,False
2026-09-28,LIDER,8.41,8.41,8.41,8.41,1638464.0,-9.95717,13779482.24,0.41473,-40.85795,-74.04321,-89.51372,34.26,8.41,2.39106,7686820126.0,Finance,,0.0,-3.0,-2.72015,-1.83344,1.87646,0.0,-1.62728,-2.97846,-1.83491,0.0,-1.7466,0.22222,-0.2011,NEUTRAL,0.0192,prior-research-2026-09-28+NEUTRAL,False
2026-09-28,LIDFA,1.55,1.57,1.51,1.53,8980423.0,-3.16456,13740047.19,0.40411,-4.96894,-15.06949,-22.97001,1.82127,1.41,0.08331,2606999874.0,Finance,,0.0,0.22676,0.41604,0.79336,-0.09738,0.15087,-1.66708,0.23307,-1.86051,0.0,0.2347,64.88889,-0.0529,NEUTRAL,0.0192,prior-research-2026-09-28+NEUTRAL,False
2026-09-28,LILAK,25.16,25.16,23.94,24.12,2256124.0,-4.28571,54417710.88,0.48079,-7.30208,-19.3311,-34.31373,30.12,23.94,1.09639,14868000450.0,Consumer Non-Durables,,0.0,-0.2892,0.21273,-0.55577,-0.11796,0.12524,-1.46934,0.73241,0.35724,0.0,-0.04471,49.55556,-0.2011,NEUTRAL,0.0192,prior-research-2026-09-28+NEUTRAL,False
2026-09-28,LINK,3.94,3.94,3.59,3.59,16556186.0,-9.79899,59436707.74,0.91798,-12.43902,-36.57244,-49.57865,5.75,3.59,0.26327,3549184694.0,Technology Services,,0.0,-1.17368,-0.4724,-1.62903,1.05089,-1.34574,0.19495,0.03794,-0.06062,0.0,-0.72914,12.0,-0.2011,NEUTRAL,0.0192,prior-research-2026-09-28+NEUTRAL,False
2026-09-28,LKMNH,12.17,12.17,11.31,11.43,1545161.0,-6.92182,17661190.23,0.59322,-8.48679,-16.14087,-24.90145,14.2,11.31,0.58686,2642247421.0,Health Services,,0.0,-0.0152,0.33534,-0.47832,0.51291,-0.41007,-0.19057,0.33988,-0.88466,0.0,-0.04764,48.88889,-0.2011,NEUTRAL,0.0192,prior-research-2026-09-28+NEUTRAL,False
2026-09-28,LMKDC,23.58,23.58,22.5,22.5,3898454.0,-5.85774,87715215.0,0.6555,2.08711,-6.94789,-16.41902,24.4,19.55,1.11342,12336694334.0,Non-Energy Minerals,,0.0,0.26196,1.00092,1.65752,0.28414,-0.85746,-0.28425,0.51043,0.20862,0.0,0.59625,82.22222,0.1382,NEUTRAL,0.0192,prior-research-2026-09-28+NEUTRAL,False
2026-09-28,LOGO,136.5,144.5,135.8,140.7,606571.0,0.5,85344539.7,0.79512,-1.95122,2.17865,2.70073,152.7,121.1,6.08857,13178176117.0,Technology Services,,0.0,1.22673,1.89779,1.91457,-1.61966,1.00237,-0.22608,1.23866,0.20644,0.0,1.09297,96.22222,0.1492,NEUTRAL,0.0192,prior-research-2026-09-28+NEUTRAL,False
2026-09-28,LRSHO,1.99,1.99,1.82,1.88,19509916.0,-5.52764,36678642.08,1.06645,-9.61538,-25.6917,-43.71257,2.57,1.82,0.11327,1498020119.0,Consumer Non-Durables,,0.0,-0.72996,-0.11307,0.17499,0.16108,0.20717,0.60932,0.05563,0.02467,0.0,-0.09428,46.44444,-0.2011,NEUTRAL,0.0192,prior-research-2026-09-28+NEUTRAL,False
2026-09-28,LXGYO,6.9,7.02,6.56,6.6,5420414.0,-5.71429,35774732.4,0.70809,-1.04948,-39.44954,-56.89092,10.96,6.37,0.5203,2310000000.0,Finance,,0.0,-1.45835,-0.95461,-0.31964,0.5601,-1.01898,-0.25866,-0.63959,-0.3419,0.0,-0.69332,14.22222,-0.2011,NEUTRAL,0.0192,prior-research-2026-09-28+NEUTRAL,False
2026-09-28,LYDHO,50.05,53.3,50.05,50.05,1098204.0,-9.98201,54965110.2,1.88362,-40.87419,-69.10494,-72.19444,163.1,50.05,8.06287,19570715881.0,Utilities,,0.0,-2.33758,-2.43629,-1.68969,1.97211,-2.20805,1.54216,-1.9409,-0.28519,0.0,-1.56123,0.88889,-0.2011,NEUTRAL,0.0192,prior-research-2026-09-28+NEUTRAL,False
2026-09-28,MAALT,890.0,890.5,831.0,833.0,31291.0,-7.44444,26065403.0,0.55581,-11.09925,-17.68775,-33.67834,1154.0,831.0,42.87882,7541324615.0,Consumer Services,,0.0,-0.49236,0.41019,-1.05222,0.83915,-0.46429,-1.11185,0.59453,-0.44526,0.0,-0.18355,39.77778,-0.2011,NEUTRAL,0.0192,prior-research-2026-09-28+NEUTRAL,False
2026-09-28,MACKO,26.9,27.02,24.86,25.06,767964.0,-6.84015,19245177.84,1.04329,-18.37134,-31.34247,-26.29412,37.2,24.86,1.69808,2689999962.0,Commercial Services,,0.0,0.54315,0.26308,-0.2972,0.50031,-0.74217,0.6014,0.52851,-0.7779,0.0,0.09206,57.33333,-0.0529,NEUTRAL,0.0192,prior-research-2026-09-28+NEUTRAL,False
2026-09-28,MAKIM,14.12,14.14,12.8,13.26,974669.0,-5.01433,12924110.94,0.64469,4.40945,-19.63636,-31.04524,16.31,11.7,0.81925,1563520004.0,Electronic Technology,,0.0,0.19001,0.68086,1.25142,-0.30282,0.69011,-0.45413,0.49435,-2.95289,0.0,0.38022,72.22222,0.0707,NEUTRAL,0.0192,prior-research-2026-09-28+NEUTRAL,False
2026-09-28,MAKTK,7.01,7.01,6.49,6.6,2350509.0,-6.25,15513359.4,0.89817,-12.0,-36.59942,-46.5154,11.34,6.49,0.45935,1407999992.0,Producer Manufacturing,,0.0,-0.61338,-0.36976,-0.46782,0.11115,-0.38713,0.55037,0.01366,-1.17888,0.0,-0.39086,26.44444,-0.2011,NEUTRAL,0.0192,prior-research-2026-09-28+NEUTRAL,False
2026-09-28,MARMR,1.53,1.53,1.41,1.44,47387648.0,-7.09677,68238213.12,0.94363,-11.11111,-39.24051,-42.62948,2.35,1.41,0.10591,4675227955.0,Finance,,0.0,-0.66878,-0.93022,-0.66259,1.02839,-0.68005,0.49893,-0.49081,0.14229,0.0,-0.45916,23.55556,-0.2011,NEUTRAL,0.0192,prior-research-2026-09-28+NEUTRAL,False
2026-09-28,MASFN,38.0,38.0,36.5,37.6,3525672.0,-1.41584,132565267.2,0.65256,2.95728,-11.48776,-25.0996,42.42,32.42,1.84102,21167699661.0,Industrial Services,,0.0,-0.31789,0.4943,1.15333,-0.95921,1.07907,-0.0906,0.72278,0.3176,0.0,0.37901,72.0,0.0707,NEUTRAL,0.0192,prior-research-2026-09-28+NEUTRAL,False
2026-09-28,MAVI,37.96,37.96,37.04,37.32,6043908.0,-1.89274,225558646.56,0.52087,4.7726,-2.66041,-4.16025,39.5,33.3,1.51001,29829522715.0,Consumer Non-Durables,,0.0,1.09542,1.41165,2.03782,-0.75994,0.50014,-1.23855,0.94752,1.22984,0.0,1.07209,96.0,0.1492,NEUTRAL,0.0192,prior-research-2026-09-28+NEUTRAL,False
2026-09-28,MCARD,89.0,90.95,85.1,85.75,1115402.0,-6.48855,95645721.5,0.52807,-14.67662,-51.0,-49.82446,189.2,85.1,11.47157,8491420000.0,Commercial Services,,0.0,-0.54433,-0.64376,-0.54183,0.4057,0.40534,-1.18939,-0.94035,0.6953,0.0,-0.3276,30.22222,-0.2011,NEUTRAL,0.0192,prior-research-2026-09-28+NEUTRAL,False
2026-09-28,MEGMT,3.63,3.63,3.28,3.31,44669363.0,-9.06593,147855591.53,0.60889,-5.42857,-33.18777,-58.46288,5.07293,3.24,0.31586,9260159660.0,Non-Energy Minerals,,0.0,-1.77145,-0.62526,-0.52768,1.05448,-0.44944,-0.5123,-0.9382,0.45,0.0,-0.62978,16.66667,-0.2011,NEUTRAL,0.0192,prior-research-2026-09-28+NEUTRAL,False
2026-09-28,MERCN,14.4,14.4,12.97,12.97,4061494.0,-9.99306,52677577.18,0.65403,-15.00655,-29.16439,-52.14022,19.43,12.97,1.14107,2743245453.0,Process Industries,,0.0,-1.23991,-0.15854,-1.29987,1.63045,-0.55765,-0.26228,-0.56544,0.4061,0.0,-0.51271,20.88889,-0.2011,NEUTRAL,0.0192,prior-research-2026-09-28+NEUTRAL,False
2026-09-28,MERIT,13.89,14.39,13.44,14.1,2190104.0,0.49893,30880466.4,1.26647,-2.2869,-10.70298,-18.16599,16.43,13.44,0.5199,4722497996.0,Consumer Services,,0.0,0.21822,0.82493,0.85934,-1.3682,1.33675,0.94636,1.36217,-0.19845,0.0,0.51627,78.88889,0.0707,NEUTRAL,0.0192,prior-research-2026-09-28+NEUTRAL,False
2026-09-28,MERKO,1.01,1.02,0.91,0.94,20209763.0,-6.93069,18997177.22,0.8415,-7.84314,-30.37037,-42.68293,1.37,0.91,0.05349,858499992.0,Consumer Non-Durables,,0.0,-0.65428,-0.41697,0.03185,0.65972,0.04312,0.05017,0.20297,-0.74324,0.0,-0.14273,42.22222,-0.2011,NEUTRAL,0.0192,prior-research-2026-09-28+NEUTRAL,False
2026-09-28,METEN,18.28,18.34,16.51,17.5,15301014.0,-4.58015,267767745.0,0.79616,2.94118,-25.08562,-20.45455,21.68,15.3,1.37723,11645900097.0,Utilities,,0.0,0.28307,-0.16808,1.08968,-0.00078,0.73168,-0.02139,-0.38448,0.63454,0.0,0.345,70.66667,0.0707,NEUTRAL,0.0192,prior-research-2026-09-28+NEUTRAL,False
2026-09-28,METRO,6.8,6.92,6.48,6.88,5788624.0,0.73206,39825733.12,0.7585,5.35988,-20.2781,-18.86792,9.0,6.08,0.44919,3663636304.0,Consumer Non-Durables,,0.0,0.41519,0.14791,0.89962,-1.48431,1.62215,-0.23012,-0.12346,0.09591,0.0,0.32047,68.44444,-0.0529,NEUTRAL,0.0192,prior-research-2026-09-28+NEUTRAL,False
2026-09-28,MEYSU,8.52,8.52,8.0,8.06,6918194.0,-5.50996,55760643.64,0.54727,-1.70732,-37.22741,-42.26361,12.69,7.62,0.6504,7421100000.0,Consumer Non-Durables,,0.0,-0.62508,-0.74516,0.22329,0.15522,-0.06956,-1.13691,-0.63181,0.36881,0.0,-0.25471,34.22222,-0.2011,NEUTRAL,0.0192,prior-research-2026-09-28+NEUTRAL,False
2026-09-28,MGROS,521.5,533.5,519.0,532.0,3135486.0,1.62369,1668078552.0,0.95011,1.33333,-6.25551,-20.95097,558.5,483.5,16.87652,93231287315.0,Retail Trade,,0.0,-0.64011,0.38427,1.54186,-1.09534,1.0677,0.6481,1.27932,1.36381,0.0,0.47606,76.44444,0.0707,NEUTRAL,0.0192,prior-research-2026-09-28+NEUTRAL,False
2026-09-28,MIATK,27.22,28.98,24.56,24.56,79535972.0,-9.97067,1953403472.32,3.07245,7.81387,-17.91444,-39.47758,40.26,18.47,2.72694,13476320339.0,Technology Services,,0.0,-0.74419,0.53303,0.96263,1.56828,-2.51361,2.00269,-0.80489,1.73042,0.0,0.02252,54.0,-0.0529,NEUTRAL,0.0192,prior-research-2026-09-28+NEUTRAL,False
2026-09-28,MNDRS,9.65,9.65,9.2,9.27,2441629.0,-4.03727,22633900.83,0.90014,-8.66995,-24.26471,-19.0393,12.22,9.2,0.40553,2678646203.0,Consumer Non-Durables,,0.0,0.40304,-0.06095,-0.67492,-0.21189,-0.61242,0.23562,0.78879,-0.49456,0.0,-0.09533,45.55556,-0.2011,NEUTRAL,0.0192,prior-research-2026-09-28+NEUTRAL,False
2026-09-28,MOBTL,10.66,10.66,9.97,10.25,3594854.0,-3.75587,36847253.5,0.89802,-0.29183,-23.10578,-23.10578,13.52,9.56,0.69196,10916249609.0,Distribution Services,,0.0,0.67781,0.47181,0.85694,-0.64641,0.62444,0.03276,0.37518,0.22589,0.0,0.46971,75.77778,0.0707,NEUTRAL,0.0192,prior-research-2026-09-28+NEUTRAL,False
2026-09-28,MOGAN,8.6,10.09,8.58,9.5,21999542.0,3.48584,208995649.0,0.88931,13.23004,-52.5,-31.65468,20.38,7.56,1.13571,22400191360.0,Utilities,,0.0,-0.25278,-1.5673,0.51731,-2.0647,0.86106,0.28214,-1.20421,0.50649,0.0,-0.44942,24.44444,-0.2011,NEUTRAL,0.0192,prior-research-2026-09-28+NEUTRAL,False
2026-09-28,MOPAS,19.82,19.82,18.24,18.5,1640862.0,-6.80101,30355947.0,0.81583,-15.52511,-33.78669,-45.03862,28.32,18.24,1.06849,5419050104.0,Retail Trade,,0.0,-1.73063,-1.30573,-1.07095,1.2553,-1.09977,0.24321,-0.38042,-0.83183,0.0,-0.90465,6.88889,-0.2011,NEUTRAL,0.0192,prior-research-2026-09-28+NEUTRAL,False
2026-09-28,MPARK,426.75,427.5,413.5,420.5,218690.0,-1.52225,91959145.0,0.37865,-2.71833,-3.94061,-2.83073,455.75,404.25,13.18168,81562212402.0,Health Services,,0.0,1.01858,1.22079,0.81379,-1.01129,0.53997,-1.16904,1.81856,0.69091,0.0,0.80325,89.11111,0.1382,NEUTRAL,0.0192,prior-research-2026-09-28+NEUTRAL,False
2026-09-28,MRGYO,1.08,1.11,0.99,1.01,129628843.0,-5.60748,130925131.43,1.07287,-35.25641,-36.07595,-35.25641,2.46,0.99,0.1415,2562905348.0,Finance,,0.0,-0.37922,-0.74943,-1.16535,0.52468,-1.31002,0.76636,-1.89609,0.51563,0.0,-0.74782,11.77778,-0.2011,NEUTRAL,0.0192,prior-research-2026-09-28+NEUTRAL,False
2026-09-28,MRSHL,1483.0,1485.0,1387.0,1395.0,24087.0,-6.43863,33601365.0,0.66175,-9.41558,-14.46965,-33.18966,1851.0,1387.0,95.50364,16392253718.0,Process Industries,,0.0,-0.33232,0.67408,-0.48482,0.07025,-0.2902,-0.23764,-0.04145,0.07212,0.0,-0.09517,45.77778,-0.2011,NEUTRAL,0.0192,prior-research-2026-09-28+NEUTRAL,False
2026-09-28,MTRKS,22.0,22.3,20.46,22.0,1356031.0,-0.5425,29832682.0,1.11808,-6.77966,-35.93477,-26.95883,33.96,20.46,1.80148,2215926337.0,Technology Services,,0.0,-0.11704,-0.43685,0.38362,-1.3596,1.69581,0.59533,-0.24031,-0.57438,0.0,-0.03529,50.0,-0.0529,NEUTRAL,0.0192,prior-research-2026-09-28+NEUTRAL,False
2026-09-28,NATEN,4.17,4.17,3.88,3.95,5989117.0,-5.95238,23657012.15,0.92338,-11.43498,-29.08438,-39.32412,5.68,3.88,0.22809,3464999843.0,Industrial Services,,0.0,-0.99005,-0.48601,-0.8282,0.25799,-0.43521,0.83199,0.33397,-1.01273,0.0,-0.51677,20.44444,-0.2011,NEUTRAL,0.0192,prior-research-2026-09-28+NEUTRAL,False
2026-09-28,NETAS,78.05,78.85,73.55,75.2,696926.0,-4.81013,52408835.2,0.67539,-7.67342,-20.84211,17.31669,108.2,73.55,6.49792,5124319160.0,Technology Services,,0.0,1.61508,0.34924,-0.13925,-0.13382,0.27649,-0.64784,-0.33732,-0.1474,0.0,0.35505,70.88889,0.0707,NEUTRAL,0.0192,prior-research-2026-09-28+NEUTRAL,False
2026-09-28,NETCD,90.0,90.0,83.5,83.5,2821096.0,-8.9422,235561516.0,0.75407,-7.37659,-37.31231,-46.02456,128.8,83.5,7.38043,12562900000.0,Technology Services,,0.0,-1.02212,-0.51615,-1.62903,0.87361,-0.94522,-0.36249,-0.38809,0.80643,0.0,-0.6821,14.66667,-0.2011,NEUTRAL,0.0192,prior-research-2026-09-28+NEUTRAL,False
2026-09-28,NIBAS,3.17,3.17,2.93,3.02,7540930.0,-6.21118,22773608.6,0.7102,-10.38576,-30.41475,-29.43925,5.22,2.93,0.27491,1043280009.0,Industrial Services,,0.0,-0.49086,-0.61996,-0.822,0.3568,0.33085,0.12468,-0.68194,-1.05803,0.0,-0.44997,24.22222,-0.2011,NEUTRAL,0.0192,prior-research-2026-09-28+NEUTRAL,False
2026-09-28,NTGAZ,10.31,10.35,10.03,10.15,2584611.0,-2.40385,26233801.65,0.779,-4.42561,-10.65141,-10.57269,11.98,10.03,0.37098,7175999737.0,Utilities,,0.0,0.72959,0.66508,-0.02117,-0.58902,0.26218,-0.05551,1.40934,-0.96059,0.0,0.34489,70.22222,0.0707,NEUTRAL,0.0192,prior-research-2026-09-28+NEUTRAL,False
2026-09-28,NTHOL,37.2,41.32,36.52,38.28,4633705.0,1.86269,177378227.4,2.01267,-0.57143,-11.63435,-14.51541,44.24,36.52,1.78619,18585397027.0,Consumer Services,,0.0,0.41664,0.75848,0.89019,-1.68713,-0.50397,1.53121,0.79548,0.93498,0.0,0.30712,67.77778,-0.0529,NEUTRAL,0.0192,prior-research-2026-09-28+NEUTRAL,False
2026-09-28,NUHCM,206.8,210.0,204.2,206.1,91062.0,-0.38666,18767878.2,1.53405,0.88106,-6.19026,-6.8264,230.6,196.0,6.98942,31079191377.0,Non-Energy Minerals,,0.0,0.7856,1.05219,0.77713,-1.19958,-0.5212,1.62121,1.4659,-1.26327,0.0,0.42992,74.22222,0.0707,NEUTRAL,0.0192,prior-research-2026-09-28+NEUTRAL,False
2026-09-28,OBAMS,4.41,4.45,4.19,4.45,16728222.0,-0.22422,74440587.9,0.65056,2.29885,-16.03774,-28.57143,5.92,4.17,0.25091,12829326218.0,Consumer Non-Durables,,0.0,0.01165,0.41407,0.56784,-1.27486,1.65493,-0.63662,0.23305,0.54423,0.0,0.2938,67.11111,-0.0529,NEUTRAL,0.0192,prior-research-2026-09-28+NEUTRAL,False
2026-09-28,OBASE,27.62,28.54,24.66,27.7,476910.0,1.16874,13210407.0,1.43958,-11.67092,-28.60825,-29.94436,37.94,24.66,1.91185,1245789962.0,Technology Services,,0.0,-0.27295,-0.00532,0.83107,-1.8129,1.79886,1.08965,0.13298,-2.42195,0.0,0.00835,52.0,-0.0529,NEUTRAL,0.0192,prior-research-2026-09-28+NEUTRAL,False
2026-09-28,ODAS,6.98,7.03,6.55,6.61,60852382.0,-6.24113,402234245.02,0.92404,-2.07407,-6.24113,-22.50879,8.03,6.22,0.34104,9870000267.0,Utilities,,0.0,0.18824,1.02459,0.70904,0.47443,-1.06312,0.40671,0.58994,0.85549,0.0,0.41377,73.33333,0.0707,NEUTRAL,0.0192,prior-research-2026-09-28+NEUTRAL,False
2026-09-28,OFSYM,60.2,60.2,55.1,55.1,536658.0,-8.47176,29569855.8,0.65161,-8.54772,-13.90625,-2.82187,71.35,55.1,3.6209,8804250112.0,Process Industries,,0.0,1.10236,0.70782,-1.29987,0.51763,-0.5495,-0.2747,0.08633,-0.05762,0.0,0.07809,56.88889,-0.0529,NEUTRAL,0.0192,prior-research-2026-09-28+NEUTRAL,False
2026-09-28,ONCSM,89.3,90.95,81.75,84.0,1859426.0,-5.72391,156191784.0,1.13278,-19.30836,-67.31518,-66.86391,247.5,79.5,13.11917,2125034998.0,Health Technology,,0.0,-2.08359,-1.98375,-0.62123,-0.00791,0.0963,0.79858,-1.629,0.41553,0.0,-1.08595,3.55556,-0.2011,NEUTRAL,0.0192,prior-research-2026-09-28+NEUTRAL,False
2026-09-28,ONRYT,10.3,10.5,9.51,9.65,3476111.0,-8.44402,33544471.15,0.90539,-14.22222,-36.30363,-40.70661,15.6875,9.51,0.77672,2648912868.0,Electronic Technology,,0.0,-0.23878,-0.22164,-0.54039,0.57255,-0.48988,0.46184,-0.11613,-0.77004,0.0,-0.25324,34.44444,-0.2011,NEUTRAL,0.0192,prior-research-2026-09-28+NEUTRAL,False
2026-09-28,ORGE,22.7,22.7,21.62,22.16,2847417.0,-2.97723,63098760.72,0.67697,1.00273,-7.28033,-3.65217,25.0,20.58,1.08938,9123722725.0,Industrial Services,,0.0,0.67742,0.82604,0.68717,-0.55263,0.64928,-0.01115,0.70882,-0.13461,0.0,0.52403,79.55556,0.0707,NEUTRAL,0.0192,prior-research-2026-09-28+NEUTRAL,False
2026-09-28,ORZAX,76.85,77.4,75.2,75.5,1618768.0,-2.64346,122216984.0,0.49423,6.33803,-22.08462,-0.52701,98.4,68.75,4.89434,,Health Technology,,0.0,1.13025,0.30825,0.74699,-0.80844,0.70649,-1.36898,0.27527,0.27871,0.0,0.50369,78.44444,0.0707,NEUTRAL,0.0192,prior-research-2026-09-28+NEUTRAL,False
2026-09-28,OSMEN,5.37,5.4,5.0,5.14,3211641.0,-4.28305,16507834.74,1.10272,-11.22625,-33.59173,-37.31707,7.75,5.0,0.33368,2155578065.0,Finance,,0.0,-0.46228,-0.64621,-0.31365,0.21631,-0.3344,0.82158,-0.18617,-1.29418,0.0,-0.38084,26.88889,-0.2011,NEUTRAL,0.0192,prior-research-2026-09-28+NEUTRAL,False
2026-09-28,OTKAR,304.25,304.75,291.5,298.5,268386.0,-1.56636,80113221.0,0.7823,-1.97044,-8.9939,-20.4,332.75,289.5,11.68086,36390000000.0,Consumer Durables,,0.0,0.43534,0.61843,0.72562,-0.84837,0.97767,-0.09391,0.91783,0.20874,0.0,0.49029,77.33333,0.0707,NEUTRAL,0.0192,prior-research-2026-09-28+NEUTRAL,False
2026-09-28,OTTO,93.5,93.5,85.95,86.8,166912.0,-8.43882,14487961.6,0.56649,-2.90828,-44.14414,-49.29907,155.9,85.95,8.22149,723841712.0,Process Industries,,0.0,-1.03347,-0.95229,-0.67874,0.48279,0.03449,-0.71715,-0.67153,-1.19803,0.0,-0.6165,17.33333,-0.2011,NEUTRAL,0.0192,prior-research-2026-09-28+NEUTRAL,False
2026-09-28,OYAKC,20.76,21.04,20.34,20.64,10750308.0,-2.18009,221886357.12,0.63451,2.17822,-10.41667,-0.95969,23.1,18.87,0.77065,102580938427.0,Non-Energy Minerals,,0.0,1.01251,0.70517,1.12564,-0.66725,0.54859,-0.39821,1.16078,0.74037,0.0,0.74985,87.77778,0.1382,NEUTRAL,0.0192,prior-research-2026-09-28+NEUTRAL,False
2026-09-28,OYYAT,27.7,29.44,26.72,28.36,998917.0,-1.18467,28329286.12,0.82996,8.40979,-23.06023,-31.69557,39.62,26.16,1.91103,8610000229.0,Finance,,0.0,-0.19676,-0.05364,0.41447,-0.64233,0.61416,0.16467,-0.28435,-0.53361,0.0,-0.02536,50.66667,-0.0529,NEUTRAL,0.0192,prior-research-2026-09-28+NEUTRAL,False
2026-09-28,OZKGY,12.05,12.12,11.86,12.0,3815183.0,-1.39688,45782196.0,1.03068,-0.16639,-13.2321,-20.47714,13.99,11.59,0.40379,17692927948.0,Finance,,0.0,0.33902,0.53654,0.44222,-0.5636,0.54498,0.70598,1.4464,-0.15369,0.0,0.41809,73.77778,0.0707,NEUTRAL,0.0192,prior-research-2026-09-28+NEUTRAL,False
2026-09-28,OZSUB,39.08,39.08,35.6,35.84,1260055.0,-8.66463,45160371.2,0.56402,-4.22234,-19.09707,9.1352,44.74,34.74,2.86179,4708800201.0,Process Industries,,0.0,1.52331,0.36128,0.68166,0.54448,-0.08815,-0.73373,-0.36609,0.28464,0.0,0.57243,80.88889,0.1382,NEUTRAL,0.0192,prior-research-2026-09-28+NEUTRAL,False
2026-09-28,OZYSR,11.05,11.05,10.61,10.95,1373058.0,-1.17329,15034985.1,0.44296,-0.81522,-13.02621,-13.71158,13.17,9.95,0.66295,4688169514.0,Producer Manufacturing,,0.0,0.90531,0.96572,1.24966,-1.31372,1.11091,-1.30115,0.34975,-1.31327,0.0,0.58811,81.77778,0.1382,NEUTRAL,0.0192,prior-research-2026-09-28+NEUTRAL,False
2026-09-28,PAHOL,0.94,0.94,0.87,0.87,245554377.0,-9.375,213632307.99,0.77851,-17.14286,-37.41007,-42.76316,1.38,0.87,0.05892,19199999571.0,Miscellaneous,,0.0,-0.75811,-0.75207,-1.67221,1.101,-1.10807,0.01919,-0.14652,0.85452,0.0,-0.63459,16.44444,-0.2011,NEUTRAL,0.0192,prior-research-2026-09-28+NEUTRAL,False
2026-09-28,PAPIL,8.26,8.26,7.5,7.51,4898190.0,-9.0799,36785406.9,0.74696,-21.68926,-42.36378,-53.86978,14.43,7.5,0.71517,1702683420.0,Electronic Technology,,0.0,-0.95651,-0.52438,-1.07927,0.70067,-0.68072,-0.07999,-0.40982,-0.71584,0.0,-0.61864,17.11111,-0.2011,NEUTRAL,0.0192,prior-research-2026-09-28+NEUTRAL,False
2026-09-28,PARSN,61.1,61.35,58.5,59.65,222739.0,-2.77099,13286381.35,0.76901,-8.0185,-18.28767,-32.78873,76.0,58.5,2.4625,5260249372.0,Producer Manufacturing,,0.0,-0.00905,0.61871,0.2934,-0.86996,0.55743,0.13057,1.20044,-1.92288,0.0,0.17012,62.0,-0.0529,NEUTRAL,0.0192,prior-research-2026-09-28+NEUTRAL,False
2026-09-28,PATEK,14.6,15.5,14.36,14.36,12006906.0,-9.96865,172419170.16,0.28992,-26.35897,-36.17778,-40.11676,27.08,14.36,1.85833,10765204321.0,Technology Services,,0.0,-0.75798,-0.45809,-1.62903,1.54545,0.20567,-2.40937,-1.17091,0.58754,0.0,-0.50962,21.33333,-0.2011,NEUTRAL,0.0192,prior-research-2026-09-28+NEUTRAL,False
2026-09-28,PCILT,30.2,31.16,29.8,31.0,1603321.0,0.9772,49702951.0,0.8112,3.33333,-11.42857,-5.19878,34.78,28.0,1.61969,3486094562.0,Commercial Services,,0.0,1.51268,1.44871,2.01643,-1.65855,2.04539,-0.02951,1.15201,0.24945,0.0,1.20835,97.55556,0.1492,NEUTRAL,0.0192,prior-research-2026-09-28+NEUTRAL,False
2026-09-28,PENGD,7.17,7.5,6.98,7.01,6174022.0,-7.76316,43279894.22,2.20266,-13.88206,-23.22015,-35.21257,9.75,6.98,0.34543,1329999983.0,Consumer Non-Durables,,0.0,-0.35109,-0.00892,-1.07439,0.81618,-1.9866,1.67294,0.53412,0.1662,0.0,-0.37862,27.11111,-0.2011,NEUTRAL,0.0192,prior-research-2026-09-28+NEUTRAL,False
2026-09-28,PENTA,10.25,10.25,9.53,9.69,2242840.0,-5.46341,21733119.6,1.06641,-6.82692,-29.6807,-29.01099,13.54,9.53,0.46834,4033538910.0,Distribution Services,,0.0,0.42948,0.12551,-0.05759,-0.21324,-0.4883,0.41113,1.16979,-0.36076,0.0,0.14222,59.55556,-0.0529,NEUTRAL,0.0192,prior-research-2026-09-28+NEUTRAL,False
2026-09-28,PETKM,20.96,21.24,20.06,20.2,92486991.0,-4.08357,1868237218.2,0.90417,-4.80679,1.50754,4.88058,26.8,19.59,1.37704,53374460590.0,Process Industries,,0.0,1.41006,1.75625,0.58369,-0.63431,-0.63355,0.5974,-0.01222,2.24292,0.0,0.70186,85.77778,0.1382,NEUTRAL,0.0192,prior-research-2026-09-28+NEUTRAL,False
2026-09-28,PETUN,10.45,10.45,9.96,10.14,1786907.0,-3.42857,18119236.98,0.96899,-4.78873,-12.58621,-16.40561,12.78,9.96,0.51529,3185122513.0,Consumer Non-Durables,,0.0,0.51424,0.6265,0.02591,-0.3749,0.30715,0.40236,0.48649,-0.81281,0.0,0.22918,64.44444,-0.0529,NEUTRAL,0.0192,prior-research-2026-09-28+NEUTRAL,False
2026-09-28,PGSUS,145.5,147.1,141.9,143.7,6480425.0,-2.04499,931237072.5,0.61165,-2.77402,-5.08587,-18.95093,160.0,140.5,4.63113,73349998474.0,Transportation,,0.0,-0.2627,0.30835,-0.11373,-0.27321,0.29821,0.02119,0.9834,0.9646,0.0,0.13404,59.11111,-0.0529,NEUTRAL,0.0192,prior-research-2026-09-28+NEUTRAL,False
2026-09-28,PINSU,9.19,9.2,8.7,8.79,1871413.0,-4.24837,16449720.27,0.50316,-3.93443,-14.66019,-21.86667,11.25,8.61,0.40464,2609764996.0,Consumer Non-Durables,,0.0,0.31327,0.52408,0.07937,-0.13547,0.18375,-1.35195,0.70126,-0.95743,0.0,0.21364,63.55556,-0.0529,NEUTRAL,0.0192,prior-research-2026-09-28+NEUTRAL,False
2026-09-28,PKART,88.85,88.85,84.95,85.05,188559.0,-4.27687,16036942.95,0.47613,-8.59753,-36.85969,-33.60656,135.0,84.95,6.63042,2021337465.0,Commercial Services,,0.0,0.19844,0.01967,-0.63036,-0.254,0.29705,-1.45212,0.22238,-1.06433,0.0,-0.1134,44.0,-0.2011,NEUTRAL,0.0192,prior-research-2026-09-28+NEUTRAL,False
2026-09-28,PKENT,98.35,98.35,92.2,92.8,147479.0,-5.7868,13686051.2,1.03001,-14.5488,-27.32968,-36.56869,130.8,92.2,4.52451,2450995170.0,Consumer Services,,0.0,-0.64208,-0.08787,-0.83135,0.3132,-1.25604,0.53966,0.73759,-1.68068,0.0,-0.44651,24.66667,-0.2011,NEUTRAL,0.0192,prior-research-2026-09-28+NEUTRAL,False
2026-09-28,PLTUR,16.4,16.4,15.03,15.1,1219341.0,-8.03898,18412049.1,0.77134,-11.95335,-28.84072,-33.71378,21.8,15.03,0.89603,4018795019.0,Transportation,,0.0,-0.9427,-1.1412,-1.80342,1.30717,-1.03075,0.6602,-0.56444,-1.61088,0.0,-0.91351,6.66667,-0.2011,NEUTRAL,0.0192,prior-research-2026-09-28+NEUTRAL,False
2026-09-28,PNLSN,33.54,33.54,31.88,32.36,426956.0,-3.69048,13816296.16,0.72618,-8.32861,-25.12726,-24.98841,43.12,31.88,1.7136,2519999886.0,Non-Energy Minerals,,0.0,-0.1018,-0.15675,-0.42928,-0.3031,0.06723,-0.0236,0.37189,-1.93065,0.0,-0.22541,36.66667,-0.2011,NEUTRAL,0.0192,prior-research-2026-09-28+NEUTRAL,False
2026-09-28,PNSUT,10.74,10.74,10.19,10.26,2012854.0,-4.46927,20651882.04,0.66459,-1.72414,-4.91196,-13.78151,13.0,9.9,0.61254,3379419852.0,Consumer Non-Durables,,0.0,0.6849,1.21328,0.35886,-0.07721,-0.26002,-0.5564,0.08477,-0.59119,0.0,0.37372,71.77778,0.0707,NEUTRAL,0.0192,prior-research-2026-09-28+NEUTRAL,False
2026-09-28,POLHO,20.0,20.0,18.11,18.36,2167011.0,-8.2,39786321.96,1.10278,-5.60411,-17.66816,-11.13262,23.6,17.5,1.11831,15170000000.0,Process Industries,,0.0,0.68492,0.46375,0.85379,0.44895,-0.91077,1.0235,0.25367,0.17357,0.0,0.40243,72.88889,0.0707,NEUTRAL,0.0192,prior-research-2026-09-28+NEUTRAL,False
2026-09-28,POLTK,3080.0,3137.5,3007.5,3010.0,4778.0,-6.66667,14381780.0,0.58053,-12.2449,-30.16241,-43.89562,4352.5,3007.5,194.81428,12093750000.0,Process Industries,,0.0,-0.82947,-0.24942,-0.87957,0.1299,-0.30394,-0.66875,0.14399,-1.21684,0.0,-0.4831,22.22222,-0.2011,NEUTRAL,0.0192,prior-research-2026-09-28+NEUTRAL,False
2026-09-28,PRDGS,4.05,4.18,3.78,4.04,6592835.0,1.0,26635053.4,1.38481,-7.55149,-49.05422,-43.25843,8.48,3.78,0.39344,784000000.0,Finance,,0.0,-0.71347,-1.37046,-0.24803,-1.22939,0.91206,1.3207,-1.07152,-0.64563,0.0,-0.63514,16.22222,-0.2011,NEUTRAL,0.0192,prior-research-2026-09-28+NEUTRAL,False
2026-09-28,PRKME,14.64,14.96,13.91,13.99,1647038.0,-7.47354,23042061.62,0.9906,-12.06788,-23.55191,-30.53625,19.8,13.91,0.87339,2250872781.0,Non-Energy Minerals,,0.0,-0.34447,-0.08155,-1.19976,0.78185,-1.32541,0.76488,-0.04117,-0.92964,0.0,-0.46885,22.88889,-0.2011,NEUTRAL,0.0192,prior-research-2026-09-28+NEUTRAL,False
2026-09-28,PSDTC,92.0,96.15,86.0,86.0,199097.0,-8.46195,17122342.0,0.49521,-8.55928,-48.80952,-32.49608,196.3,83.25,10.21936,697578745.0,Process Industries,,0.0,-0.30829,-1.15937,-0.26551,0.50882,-0.11959,-1.06543,-1.10985,-0.81548,0.0,-0.44329,24.88889,-0.2011,NEUTRAL,0.0192,prior-research-2026-09-28+NEUTRAL,False
2026-09-28,PSGYO,1.78,1.82,1.77,1.77,91433568.0,-9.69388,161837415.36,0.6379,-15.311,-47.00599,-49.57265,3.35,1.77,0.17563,13496261669.0,Finance,,0.0,-0.98243,-1.26517,-1.83344,1.51298,-1.11681,-0.54448,-1.11435,0.63398,0.0,-0.88235,8.44444,-0.2011,NEUTRAL,0.0192,prior-research-2026-09-28+NEUTRAL,False
2026-09-28,QUAGR,2.21,2.21,2.02,2.07,22387883.0,-6.33484,46342917.81,0.46259,-15.16393,-39.11765,-45.81152,3.41,2.02,0.17136,5827115086.0,Non-Energy Minerals,,0.0,-1.04794,-0.9053,-0.57792,0.46324,0.2692,-1.19305,-0.70232,-0.2566,0.0,-0.52012,20.22222,-0.2011,NEUTRAL,0.0192,prior-research-2026-09-28+NEUTRAL,False
2026-09-28,QUICK,43.26,44.94,42.96,43.36,2311650.0,-4.0708,100233144.0,0.82338,-9.96678,-38.23362,-43.39426,72.95,42.96,3.45456,21768905507.0,Finance,,0.0,-0.72868,-0.86735,-1.18389,0.14003,-0.7174,0.14158,-0.67822,0.41712,0.0,-0.68783,14.44444,-0.2011,NEUTRAL,0.0192,prior-research-2026-09-28+NEUTRAL,False
2026-09-28,RAYSG,130.4,130.4,122.7,124.9,146734.0,-4.21779,18327076.6,1.14555,-8.22924,-22.66254,-32.88555,161.8,122.7,6.37277,21264308062.0,Finance,,0.0,-0.25645,-0.04207,-0.22426,0.18121,-0.72367,0.94036,0.37405,-1.16314,0.0,-0.19145,39.11111,-0.2011,NEUTRAL,0.0192,prior-research-2026-09-28+NEUTRAL,False
2026-09-28,REEDR,3.95,3.95,3.58,3.58,23640077.0,-9.82368,84631475.66,0.75403,-21.31868,-40.23372,-45.59271,5.9,3.58,0.26019,3771500027.0,Technology Services,,0.0,-0.98919,-0.6979,-1.62903,1.07416,-0.93546,-0.36818,0.04394,0.19418,0.0,-0.66221,15.11111,-0.2011,NEUTRAL,0.0192,prior-research-2026-09-28+NEUTRAL,False
2026-09-28,RGYAS,192.6,195.1,187.5,193.8,1205895.0,0.0,233702451.0,0.49647,1.78571,-7.84593,0.67532,216.1,184.5,5.97649,64147801010.0,Finance,,0.0,1.29408,0.90463,0.81133,-0.95342,0.84232,-1.23616,1.88622,0.88662,0.0,0.87,91.55556,0.1427,NEUTRAL,0.0192,prior-research-2026-09-28+NEUTRAL,False
2026-09-28,RTALB,2.04,2.15,1.88,1.92,44110153.0,-4.47761,84691493.76,1.28731,-14.66667,-34.02062,-44.66859,3.18,1.88,0.15553,1004999995.0,Health Technology,,0.0,-0.88505,-0.36337,-0.54659,-0.30524,-0.66192,1.05077,-0.27519,0.10118,0.0,-0.51345,20.66667,-0.2011,NEUTRAL,0.0192,prior-research-2026-09-28+NEUTRAL,False
2026-09-28,RUBNS,19.0,19.5,18.09,18.09,741373.0,-10.0,13411437.57,0.356,-24.05542,-43.29154,-24.68776,33.58,18.09,2.14695,1647194970.0,Process Industries,,0.0,0.07559,-0.92332,-1.29987,2.38336,0.25348,-1.69342,-1.09789,-1.67707,0.0,-0.33862,29.77778,-0.2011,NEUTRAL,0.0192,prior-research-2026-09-28+NEUTRAL,False
2026-09-28,RUZYE,5.18,5.18,4.67,4.94,5162121.0,-4.6332,25500877.74,0.63613,-11.15108,-46.36265,-50.6,10.14,4.67,0.59549,1424499953.0,Process Industries,,0.0,-1.17312,-1.01286,0.20793,-0.45353,1.07881,-0.36357,-1.17239,-0.26361,0.0,-0.46123,23.11111,-0.2011,NEUTRAL,0.0192,prior-research-2026-09-28+NEUTRAL,False
2026-09-28,RYGYO,48.8,50.3,47.52,49.54,1964433.0,-0.72144,97318010.82,0.62704,6.08137,7.41544,61.36808,52.1,40.38,2.96885,99625091120.0,Finance,,0.0,2.55102,1.83322,2.15874,-0.77749,0.77756,-0.5901,-0.01267,0.3916,0.0,1.3636,98.66667,0.1492,NEUTRAL,0.0192,prior-research-2026-09-28+NEUTRAL,False
2026-09-28,RYSAS,25.84,26.72,25.38,26.54,6235683.0,1.14329,165495026.82,0.33742,9.30807,3.67187,19.54955,30.54,22.7,1.65569,52376118996.0,Transportation,,0.0,1.25146,0.89822,0.86154,-1.17205,0.94079,-1.30599,-0.70395,0.20526,0.0,0.52013,79.33333,0.0707,NEUTRAL,0.0192,prior-research-2026-09-28+NEUTRAL,False
2026-09-28,SAFKR,11.16,11.16,10.5,10.99,2469527.0,-1.69946,27140101.73,0.53076,-6.06838,-39.94536,-51.5859,18.3,10.5,0.79223,2236000061.0,Producer Manufacturing,,0.0,-0.91186,-0.56283,0.26372,-1.13618,1.13966,-0.8889,-0.05162,-0.35687,0.0,-0.25959,33.77778,-0.2011,NEUTRAL,0.0192,prior-research-2026-09-28+NEUTRAL,False
2026-09-28,SAHOL,87.1,88.4,85.8,86.9,28238196.0,-1.52975,2453899232.4,0.76911,-1.08139,-7.2572,-11.0087,98.4,82.3,2.96871,185190082642.0,Finance,,0.0,0.76936,0.9704,0.76692,-0.53023,0.18377,-0.03532,1.32153,1.92713,0.0,0.71402,86.22222,0.1382,NEUTRAL,0.0192,prior-research-2026-09-28+NEUTRAL,False
2026-09-28,SANFM,4.77,4.77,4.34,4.34,3754225.0,-9.95851,16293336.5,0.41541,-30.0,-61.59292,-50.45662,11.54,4.34,0.5266,1807500064.0,Process Industries,,0.0,-1.1519,-1.77429,-1.29987,1.13154,0.08844,-1.37794,-1.18549,-0.88605,0.0,-0.87925,8.66667,-0.2011,NEUTRAL,0.0192,prior-research-2026-09-28+NEUTRAL,False
2026-09-28,SARAE,41.5,42.66,40.52,40.52,9534188.0,-9.99556,386325297.76,0.44321,-21.3967,-56.82472,-47.37662,93.65,40.52,6.5209,20011390203.0,Industrial Services,,0.0,-1.30014,-1.90491,-2.17778,2.05035,-0.33694,-1.08577,-1.90573,0.90247,0.0,-1.06484,4.0,-0.2011,NEUTRAL,0.0192,prior-research-2026-09-28+NEUTRAL,False
2026-09-28,SARKY,20.86,20.86,19.75,20.14,3437411.0,-4.4592,69229457.54,0.81506,-8.2878,-25.68266,-23.82753,26.88,19.75,1.0929,21079999924.0,Producer Manufacturing,,0.0,0.42719,0.23897,0.15091,-0.40521,0.31022,0.27294,0.64242,0.40185,0.0,0.25161,66.0,-0.0529,NEUTRAL,0.0192,prior-research-2026-09-28+NEUTRAL,False
2026-09-28,SASA,2.02,2.05,1.88,1.88,3342322900.0,-9.61538,6283567052.0,0.75533,-20.0,-21.33891,-23.88664,3.06,1.88,0.15654,109172825996.0,Process Industries,,0.0,0.11615,0.23786,-1.29987,0.70053,-0.77256,0.10168,-0.46636,2.79834,0.0,-0.14073,42.66667,-0.2011,NEUTRAL,0.0192,prior-research-2026-09-28+NEUTRAL,False
2026-09-28,SAYAS,44.58,44.8,42.42,42.7,1088149.0,-5.69788,46463962.3,0.6992,-7.05268,-30.79417,-16.35651,59.8,42.42,2.92184,3497879906.0,Producer Manufacturing,,0.0,0.73408,-0.10826,-0.67452,-0.11402,-0.42668,-0.12802,0.05474,0.11137,0.0,-0.05177,48.44444,-0.2011,NEUTRAL,0.0192,prior-research-2026-09-28+NEUTRAL,False
2026-09-28,SDTTR,16.6,16.6,15.62,15.98,4680417.0,-4.02402,74793063.66,0.64318,-9.46176,-35.56452,-34.65421,23.72,15.62,1.12785,10622699757.0,Electronic Technology,,0.0,0.00954,-0.16537,-0.02205,-0.5768,0.74657,-0.46682,0.17516,-0.18441,0.0,0.00036,51.77778,-0.0529,NEUTRAL,0.0192,prior-research-2026-09-28+NEUTRAL,False
2026-09-28,SEGMN,27.1,27.1,24.4,24.4,1972871.0,-9.9631,48138052.4,1.15682,-28.15077,-53.4795,-55.18825,53.9,24.4,3.39037,4850900068.0,Consumer Non-Durables,,0.0,-1.34264,-1.57207,-1.66633,1.6483,-1.56106,0.80908,-1.78762,0.259,0.0,-1.11039,2.66667,-0.2011,NEUTRAL,0.0192,prior-research-2026-09-28+NEUTRAL,False
2026-09-28,SELVA,1.2,1.2,1.11,1.16,13680216.0,-3.33333,15869050.56,0.69498,-9.375,-33.33333,-42.57426,1.72,1.11,0.06418,1263600050.0,Consumer Non-Durables,,0.0,-0.63961,-0.57082,0.19305,-0.406,1.01719,-0.47252,0.26341,-1.03325,0.0,-0.14691,41.55556,-0.2011,NEUTRAL,0.0192,prior-research-2026-09-28+NEUTRAL,False
2026-09-28,SERNT,5.47,5.53,5.04,5.2,3944787.0,-7.14286,20512892.4,0.8579,-11.71477,-35.0,-47.52775,8.67,5.04,0.4015,2312799961.0,Producer Manufacturing,,0.0,-0.65618,-0.28533,0.03101,0.38058,0.18013,0.41209,-0.18595,-0.7183,0.0,-0.18247,40.0,-0.2011,NEUTRAL,0.0192,prior-research-2026-09-28+NEUTRAL,False
2026-09-28,SISE,38.92,39.2,38.0,38.38,39468704.0,-2.19164,1514808859.52,0.60294,-3.12973,-4.33699,-14.71111,48.28,37.58,1.62146,116207914180.0,Consumer Durables,,0.0,0.68726,1.01369,0.15462,-0.65902,0.42386,-0.82989,0.69726,1.65312,0.0,0.49451,77.77778,0.0707,NEUTRAL,0.0192,prior-research-2026-09-28+NEUTRAL,False
2026-09-28,SKBNK,5.38,5.42,5.08,5.14,68755854.0,-5.68807,353405089.56,0.63924,-15.18152,-18.4127,-67.19847,6.89,5.08,0.32248,13624999523.0,Finance,,0.0,-2.00609,0.19839,-0.62978,0.53646,-0.5286,-0.53804,-0.12853,1.04666,0.0,-0.51062,21.11111,-0.2011,NEUTRAL,0.0192,prior-research-2026-09-28+NEUTRAL,False
2026-09-28,SKTAS,2.5,2.5,2.25,2.29,5922232.0,-8.4,13561911.28,0.64663,-18.21429,-27.76025,-32.24852,3.43,2.25,0.15344,1250000000.0,Process Industries,,0.0,-0.29634,-0.06971,-0.07351,0.46575,0.02846,-0.30602,0.04587,-1.56453,0.0,-0.11268,44.22222,-0.2011,NEUTRAL,0.0192,prior-research-2026-09-28+NEUTRAL,False
2026-09-28,SKYMD,16.8,17.69,16.51,17.4,7548956.0,2.29277,131351834.4,2.24879,23.22946,21.84874,22.19101,17.96,13.5,1.18556,2636550035.0,Finance,,0.0,1.96171,2.72969,2.4081,-1.52173,1.60306,1.85281,-0.32503,0.52237,0.0,1.40933,99.55556,0.1492,NEUTRAL,0.0192,prior-research-2026-09-28+NEUTRAL,False
2026-09-28,SMRTG,5.38,5.38,4.86,5.03,42973513.0,-6.67904,216156770.39,1.03111,-7.36648,-49.24319,-57.04526,10.6,4.67,0.56343,9794276531.0,Electronic Technology,,0.0,-1.12389,-0.84096,0.16298,0.22456,0.28524,0.76543,-0.73799,0.44103,0.0,-0.35964,28.22222,-0.2011,NEUTRAL,0.0192,prior-research-2026-09-28+NEUTRAL,False
2026-09-28,SMRVA,7.54,7.54,7.03,7.14,4153519.0,-3.51351,29656125.66,0.58902,-4.8,-38.60705,-51.88679,11.65,6.89,0.53398,4440000057.0,Commercial Services,,0.0,-0.69164,-0.07007,0.47538,-0.48078,0.58188,-0.9354,0.303,-0.17276,0.0,-0.02076,51.11111,-0.0529,NEUTRAL,0.0192,prior-research-2026-09-28+NEUTRAL,False
2026-09-28,SNGYO,2.6,2.68,2.57,2.63,28318073.0,-3.663,74476531.99,0.7318,-4.36364,-24.85714,-28.91892,3.62,2.57,0.14566,10634029242.0,Finance,,0.0,-0.02752,-0.14037,-0.21238,0.02036,0.52004,-0.16633,0.17154,0.1896,0.0,0.01399,52.88889,-0.0529,NEUTRAL,0.0192,prior-research-2026-09-28+NEUTRAL,False
2026-09-28,SNICA,2.42,2.42,2.3,2.34,5869732.0,-3.7037,13735172.88,0.69217,-7.87402,-37.43316,-45.83333,3.37,2.3,0.13436,1458000040.0,Producer Manufacturing,,0.0,-0.59669,-0.42118,-0.11667,-0.62375,0.34621,-0.16345,0.49643,-1.64538,0.0,-0.28499,32.66667,-0.2011,NEUTRAL,0.0192,prior-research-2026-09-28+NEUTRAL,False
2026-09-28,SOHOE,7.81,7.88,7.24,7.32,5495256.0,-7.22433,40225273.92,0.34301,-15.37572,-33.87534,-54.95385,12.2,7.24,0.63055,2420339085.0,Utilities,,0.0,-1.41189,-0.68252,-0.93305,0.76479,0.03219,-1.97774,-0.59212,-0.54641,0.0,-0.63589,16.0,-0.2011,NEUTRAL,0.0192,prior-research-2026-09-28+NEUTRAL,False
2026-09-28,SOKE,7.4,7.53,6.94,7.04,4610944.0,-8.69001,32461045.76,1.2875,-17.07892,-50.76923,-56.27329,14.0,6.94,0.58986,2979915015.0,Process Industries,,0.0,-1.49555,-1.23642,-0.60451,0.55358,-1.06075,1.3537,-0.49406,0.03564,0.0,-0.78295,10.22222,-0.2011,NEUTRAL,0.0192,prior-research-2026-09-28+NEUTRAL,False
2026-09-28,SOKM,56.75,57.25,55.6,57.05,3606385.0,-0.34934,205744264.25,1.07788,-1.46805,1.06289,19.45142,61.9,54.7,2.29448,33965851242.0,Retail Trade,,0.0,0.91821,0.87213,0.58358,-0.57795,1.17415,0.92584,0.40945,0.40584,0.0,0.60865,82.88889,0.1382,NEUTRAL,0.0192,prior-research-2026-09-28+NEUTRAL,False
2026-09-28,SRVGY,2.11,2.17,2.07,2.09,9328417.0,-4.12844,19496391.53,0.51198,-2.33645,-18.99225,-25.62278,2.59,2.05,0.08713,7085000217.0,Finance,,0.0,0.09349,0.1685,-0.04005,0.15771,-0.27001,-1.14935,0.77959,-1.05687,0.0,0.06606,56.0,-0.0529,NEUTRAL,0.0192,prior-research-2026-09-28+NEUTRAL,False
2026-09-28,SSAAT,27.74,28.48,25.8,26.96,1512670.0,-3.16092,40781583.2,0.59568,0.0,-28.18327,-50.07407,37.08,25.22,1.81119,18385229222.0,Consumer Durables,,0.0,-0.96268,-0.45963,0.52945,-0.44457,0.74252,-0.89551,-0.34343,-0.28189,0.0,-0.19215,38.88889,-0.2011,NEUTRAL,0.0192,prior-research-2026-09-28+NEUTRAL,False
2026-09-28,SUNTK,25.52,27.48,25.24,25.24,597011.0,-6.171,15068557.64,1.06335,-9.85714,-31.37575,-10.43293,36.52,25.04,2.22057,12758726134.0,Consumer Non-Durables,,0.0,0.82835,-0.48621,-0.84315,0.40195,-1.4951,0.59406,-0.80563,-1.17837,0.0,-0.35922,28.44444,-0.2011,NEUTRAL,0.0192,prior-research-2026-09-28+NEUTRAL,False
2026-09-28,SURGY,21.74,21.74,20.46,20.64,1317423.0,-5.23416,27191610.72,0.56904,-18.09524,-37.79385,-69.46746,33.4,20.46,1.80761,3648150115.0,Finance,,0.0,-2.1495,-0.85208,-1.1471,0.43112,-0.51076,-0.90279,-0.87679,-0.57899,0.0,-1.00927,4.66667,-0.2011,NEUTRAL,0.0192,prior-research-2026-09-28+NEUTRAL,False
2026-09-28,TABGD,219.9,219.9,210.2,215.0,573204.0,-2.36149,123238860.0,0.72166,-5.28634,-12.53051,-4.78299,247.9,210.2,8.87958,57536495882.0,Consumer Services,,0.0,0.85852,0.72278,0.53942,-0.57399,0.70482,-0.37127,1.02867,0.72348,0.0,0.60046,82.44444,0.1382,NEUTRAL,0.0192,prior-research-2026-09-28+NEUTRAL,False
2026-09-28,TARKM,400.0,403.0,373.5,378.0,129619.0,-7.74863,48995982.0,0.83411,-11.63063,-31.21019,-25.37019,584.0,373.5,27.9948,8604750000.0,Process Industries,,0.0,0.02941,-0.33681,-0.41328,0.36818,-0.38872,0.3701,-0.19035,0.36567,0.0,-0.1463,41.77778,-0.2011,NEUTRAL,0.0192,prior-research-2026-09-28+NEUTRAL,False
2026-09-28,TATEN,5.0,5.0,4.52,4.58,15812174.0,-8.76494,72419756.92,0.85473,-6.72098,-48.307,-68.03908,8.92,4.42,0.50096,5627695735.0,Utilities,,0.0,-2.11146,-1.35006,-0.42805,1.05029,-0.9285,0.1688,-1.03548,-0.11583,0.0,-0.89771,7.55556,-0.2011,NEUTRAL,0.0192,prior-research-2026-09-28+NEUTRAL,False
2026-09-28,TATGD,15.82,16.32,15.81,16.05,2020541.0,-4.23628,32429683.05,1.2184,-3.07971,-11.32597,-19.66967,18.46,15.81,0.65387,4102848107.0,Consumer Non-Durables,,0.0,0.39094,0.71322,0.22935,-0.14132,0.74702,0.88467,0.92871,-0.05403,0.0,0.42563,74.0,0.0707,NEUTRAL,0.0192,prior-research-2026-09-28+NEUTRAL,False
2026-09-28,TAVHL,270.0,274.25,265.5,267.75,2149690.0,-1.83318,575579497.5,0.53928,-2.54777,-5.55556,-4.8,284.0,243.2,9.65145,98526550926.0,Transportation,,0.0,0.40498,0.27463,1.11439,-0.34051,0.04978,-0.33583,0.60852,0.83282,0.0,0.46316,75.55556,0.0707,NEUTRAL,0.0192,prior-research-2026-09-28+NEUTRAL,False
2026-09-28,TCELL,99.35,100.3,97.5,98.35,21522366.0,-1.6008,2116724696.1,0.90792,1.18313,-5.25048,-10.59091,105.4,92.25,3.16225,218201458145.0,Communications,,0.0,0.71694,1.18658,1.4507,-0.8442,-0.03707,0.44215,1.7756,1.89516,0.0,0.87981,91.77778,0.1427,NEUTRAL,0.0192,prior-research-2026-09-28+NEUTRAL,False
2026-09-28,TCKRC,129.7,129.7,118.2,118.7,3747627.0,-9.59634,444843324.9,1.07502,2.50432,-28.92216,-27.62195,160.8,104.9,9.2033,22154878046.0,Producer Manufacturing,,0.0,0.254,0.07488,1.06122,0.79758,-1.4023,0.95347,-0.19221,1.44339,0.0,0.28652,66.88889,-0.0529,NEUTRAL,0.0192,prior-research-2026-09-28+NEUTRAL,False
2026-09-28,TEKTU,4.89,4.89,4.52,4.67,4248796.0,-4.49898,19841877.32,0.77023,-16.60714,-40.96081,-50.21322,8.55,4.52,0.35284,1466999960.0,Consumer Services,,0.0,-1.25678,-0.86219,-0.26877,0.00965,0.49327,-0.18292,-0.30541,-0.81313,0.0,-0.50112,21.77778,-0.2011,NEUTRAL,0.0192,prior-research-2026-09-28+NEUTRAL,False
2026-09-28,TEZOL,7.46,7.46,7.05,7.17,3092493.0,-3.75839,22173174.81,0.94163,-11.37206,-26.38604,-56.49272,9.7,7.05,0.37966,3724798695.0,Consumer Non-Durables,,0.0,-1.41998,-0.14212,-0.18859,-0.28948,0.00183,0.33662,0.38823,-0.51804,0.0,-0.39424,26.0,-0.2011,NEUTRAL,0.0192,prior-research-2026-09-28+NEUTRAL,False
2026-09-28,TGSAS,102.0,105.9,96.3,96.3,625965.0,-10.0,60280429.5,0.9909,-25.92308,-64.33333,-43.48592,257.0,94.95,16.15765,1562200041.0,Distribution Services,,0.0,-0.2678,-1.61257,-0.89469,2.29172,-1.31383,0.26621,-1.70793,0.59866,0.0,-0.58084,18.66667,-0.2011,NEUTRAL,0.0192,prior-research-2026-09-28+NEUTRAL,False
2026-09-28,THYAO,288.0,293.0,286.0,287.0,28590319.0,-1.28977,8205421553.0,0.63746,-0.17391,-6.51466,-12.89833,306.75,258.25,8.99842,401235000000.0,Transportation,,0.0,0.04077,0.20045,1.06492,-0.51211,-0.41207,0.12756,1.2161,2.29737,0.0,0.43396,74.44444,0.0707,NEUTRAL,0.0192,prior-research-2026-09-28+NEUTRAL,False
2026-09-28,TKFEN,274.25,280.25,264.25,264.75,5141075.0,-4.59459,1361099606.25,0.66106,7.40365,20.78011,83.85417,282.0,201.9,15.95915,98948177032.0,Industrial Services,,0.0,2.77777,2.29005,1.88369,-0.10052,-0.82395,-0.07205,0.21066,1.42917,0.0,1.40435,99.33333,0.1492,NEUTRAL,0.0192,prior-research-2026-09-28+NEUTRAL,False
2026-09-28,TKNSA,13.93,13.93,13.16,13.55,2502723.0,-2.72793,33911896.65,0.95502,-7.2553,-29.42708,-31.87531,19.56,13.16,0.80425,2799930061.0,Retail Trade,,0.0,-1.16983,-1.03339,-0.46974,0.0831,0.2026,0.66124,-0.43942,-0.74015,0.0,-0.59196,18.22222,-0.2011,NEUTRAL,0.0192,prior-research-2026-09-28+NEUTRAL,False
2026-09-28,TMSN,63.25,63.25,58.9,59.45,566891.0,-6.52516,33701669.95,0.54701,-11.13602,-22.33834,-31.46974,78.0,58.9,3.49408,7313999825.0,Producer Manufacturing,,0.0,0.05046,0.3778,-0.32566,0.22112,-0.07229,-0.82484,0.45494,-0.12409,0.0,0.06627,56.22222,-0.0529,NEUTRAL,0.0192,prior-research-2026-09-28+NEUTRAL,False
2026-09-28,TNZTP,28.86,28.86,26.02,26.02,3482923.0,-9.9654,90625656.46,0.91255,-3.62963,-14.52037,0.07692,34.86,25.34,1.8402,11559999847.0,Health Services,,0.0,1.13899,0.4646,-0.10169,1.55751,-1.61032,1.03883,-0.45843,0.67841,0.0,0.28122,66.66667,-0.0529,NEUTRAL,0.0192,prior-research-2026-09-28+NEUTRAL,False
2026-09-28,TOASO,286.75,290.0,277.25,278.75,2396208.0,-3.87931,667942980.0,0.74238,-1.15248,1.91956,-11.08453,299.75,257.0,11.29837,145000000000.0,Consumer Durables,,0.0,0.84035,1.40454,1.64122,-0.27786,-0.45659,-0.24745,0.78743,1.32032,0.0,0.85837,91.33333,0.1427,NEUTRAL,0.0192,prior-research-2026-09-28+NEUTRAL,False
2026-09-28,TRALT,48.24,48.54,46.06,46.66,84605423.0,-6.38042,3947689037.18,0.97542,-6.86627,-14.38532,-0.29915,55.15,45.72,2.60228,159612600489.0,Non-Energy Minerals,,0.0,1.03504,0.48976,0.07364,0.47604,-0.44302,0.73082,0.23521,1.97561,0.0,0.45795,75.33333,0.0707,NEUTRAL,0.0192,prior-research-2026-09-28+NEUTRAL,False
2026-09-28,TRCAS,45.34,45.66,43.92,43.98,348566.0,-3.34066,15329932.68,0.3955,-6.70344,-6.90093,3.23944,50.7,43.92,1.84612,11626553848.0,Utilities,,0.0,1.3743,0.99384,-1.14825,-0.35235,-0.19655,-1.7695,1.01956,-1.75058,0.0,0.18563,62.44444,-0.0529,NEUTRAL,0.0192,prior-research-2026-09-28+NEUTRAL,False
2026-09-28,TRENJ,102.5,102.8,96.25,97.7,1900248.0,-6.95238,185654229.6,1.29738,-3.5538,-10.1196,14.60411,115.5,96.15,5.39137,27277483063.0,Energy Minerals,,0.0,1.68343,0.78966,0.17513,0.66848,-0.99015,1.20878,0.33319,0.79012,0.0,0.58386,81.33333,0.1382,NEUTRAL,0.0192,prior-research-2026-09-28+NEUTRAL,False
2026-09-28,TRGYO,90.2,91.0,89.7,90.9,939105.0,-0.32895,85364644.5,0.8108,-0.65574,-7.19755,-8.22817,98.8,87.3,2.4807,91088724491.0,Finance,,0.0,0.93265,0.98015,0.84813,-0.88695,1.20039,0.0842,2.45507,0.31041,0.0,0.89174,92.0,0.1427,NEUTRAL,0.0192,prior-research-2026-09-28+NEUTRAL,False
2026-09-28,TRMET,136.6,137.9,131.6,136.8,7045399.0,-2.5641,963810583.2,1.00813,5.63707,-6.04396,24.59016,145.5,121.9,6.85619,54486427746.0,Non-Energy Minerals,,0.0,1.77036,1.07349,1.71376,-0.59731,1.51438,0.81378,0.4968,1.33492,0.0,1.17436,96.88889,0.1492,NEUTRAL,0.0192,prior-research-2026-09-28+NEUTRAL,False
2026-09-28,TSKB,10.18,10.3,9.89,10.04,34152160.0,-2.99517,342887686.4,1.4537,-7.63569,-9.79335,-16.74959,11.72,9.89,0.37344,28980001068.0,Finance,,0.0,0.47352,0.73542,0.01992,-0.14213,-0.47524,1.36296,1.0971,1.03652,0.0,0.34023,69.55556,-0.0529,NEUTRAL,0.0192,prior-research-2026-09-28+NEUTRAL,False
2026-09-28,TSPOR,0.88,0.89,0.83,0.84,199250402.0,-5.61798,167370337.68,0.71504,-8.69565,-28.81356,-7.69231,1.11,0.83,0.04608,6674999893.0,Consumer Services,,0.0,0.74366,-0.1584,-0.2941,0.2599,-0.33675,-0.40019,0.45473,0.9051,0.0,0.16594,61.55556,-0.0529,NEUTRAL,0.0192,prior-research-2026-09-28+NEUTRAL,False
2026-09-28,TTKOM,54.2,54.7,52.95,53.55,24533012.0,-2.01281,1313742792.6,0.6009,2.09724,-0.09328,-14.32,60.85,49.36,2.12485,191275005341.0,Communications,,0.0,0.56864,1.53321,1.204,-0.72089,0.38689,-0.71561,1.0698,1.6614,0.0,0.81812,89.55556,0.1382,NEUTRAL,0.0192,prior-research-2026-09-28+NEUTRAL,False
2026-09-28,TTRAK,405.0,408.25,395.0,407.75,112877.0,0.18428,46025596.75,1.0444,-4.56407,-5.39443,-6.69336,443.25,389.25,11.92325,40727216759.0,Producer Manufacturing,,0.0,1.254,1.5137,1.33647,-1.64774,1.94224,0.89989,2.49178,0.09978,0.0,1.14788,96.66667,0.1492,NEUTRAL,0.0192,prior-research-2026-09-28+NEUTRAL,False
2026-09-28,TUCLK,4.41,4.43,4.06,4.09,16276822.0,-6.40732,66572201.98,0.98095,19.59064,2.25,0.98765,4.43,3.1,0.26855,1573199959.0,Non-Energy Minerals,,0.0,1.08191,1.62229,1.96992,0.48247,-1.22562,0.75117,-0.15071,0.00436,0.0,0.84102,90.44444,0.1427,NEUTRAL,0.0192,prior-research-2026-09-28+NEUTRAL,False
2026-09-28,TUKAS,2.24,2.28,2.07,2.19,201759426.0,-4.36681,441853142.94,1.2467,19.02174,8.41584,-3.94737,2.45,1.73,0.11539,10304999828.0,Consumer Non-Durables,,0.0,1.10486,1.92818,1.93628,-0.1063,1.112,0.9045,0.40106,1.5501,0.0,1.22623,98.0,0.1492,NEUTRAL,0.0192,prior-research-2026-09-28+NEUTRAL,False
2026-09-28,TUPRS,406.5,409.0,396.0,398.25,17664750.0,-1.90887,7034986687.5,0.67429,-4.32432,4.25393,81.02273,424.25,380.0,16.29074,782279035645.0,Energy Minerals,,0.0,2.78764,1.8146,1.28688,-0.7432,-0.26228,-0.36882,0.95573,2.48635,0.0,1.32884,98.44444,0.1492,NEUTRAL,0.0192,prior-research-2026-09-28+NEUTRAL,False
2026-09-28,TUREX,6.0,6.0,5.42,5.6,23470473.0,-6.66667,131434648.8,1.35078,11.77645,-15.27988,-24.42645,6.58,4.72,0.30511,6480000000.0,Finance,,0.0,0.16859,0.40955,1.36915,0.91688,-0.80664,1.24252,0.22686,0.52914,0.0,0.47145,76.0,0.0707,NEUTRAL,0.0192,prior-research-2026-09-28+NEUTRAL,False
2026-09-28,TURSG,5.55,5.76,5.31,5.66,292630630.0,-3.90492,1656289365.8,2.77207,-7.21311,-11.5625,-8.5622,6.32,5.31,0.2215,117799997330.0,Finance,,0.0,0.91618,0.61443,0.96664,0.06265,1.85933,2.08545,0.97202,1.71842,0.0,0.92903,92.66667,0.1427,NEUTRAL,0.0192,prior-research-2026-09-28+NEUTRAL,False
2026-09-28,UCAYM,16.99,16.99,15.4,15.57,2873441.0,-8.41176,44739476.37,0.80673,-14.49753,-41.11195,-52.47253,26.2,15.4,1.24927,3825000000.0,Industrial Services,,0.0,-1.62794,-1.15684,-1.43834,0.85043,-0.83935,0.43878,-0.45118,-0.38363,0.0,-0.94053,6.0,-0.2011,NEUTRAL,0.0192,prior-research-2026-09-28+NEUTRAL,False
2026-09-28,ULKER,87.2,87.65,84.9,85.15,3406390.0,-3.34847,290054108.5,0.61697,-3.12856,-8.39161,-16.76442,97.65,82.35,2.97334,32533201680.0,Consumer Non-Durables,,0.0,0.48913,0.88755,0.65175,-0.3873,-0.29835,-0.77945,1.37535,1.31019,0.0,0.55122,80.0,0.1382,NEUTRAL,0.0192,prior-research-2026-09-28+NEUTRAL,False
2026-09-28,ULUFA,1.47,1.47,1.4,1.43,20629150.0,-3.37838,29499684.5,0.92543,-2.72109,-14.37126,-22.7027,1.72,1.4,0.06398,1598400021.0,Finance,,0.0,0.24432,0.49552,0.07441,-0.041,0.15741,0.47307,0.68665,-0.50809,0.0,0.21804,64.0,-0.0529,NEUTRAL,0.0192,prior-research-2026-09-28+NEUTRAL,False
2026-09-28,ULUSE,168.2,168.2,151.4,155.7,244714.0,-7.43163,38101969.8,1.36517,-19.98972,-39.17969,-49.11765,254.75,151.4,13.59403,13455999756.0,Producer Manufacturing,,0.0,-0.70977,-0.51389,-0.01763,0.43993,-0.78125,1.43931,-0.4592,-0.04641,0.0,-0.34214,29.55556,-0.2011,NEUTRAL,0.0192,prior-research-2026-09-28+NEUTRAL,False
2026-09-28,ULUUN,6.41,6.79,6.41,6.42,15473507.0,-9.83146,99339914.94,2.68664,-8.28571,-29.37294,-31.04189,9.2,6.41,0.36827,5311035369.0,Process Industries,,0.0,-0.22532,-0.17653,-0.83372,0.81268,-2.03158,2.23245,0.4179,0.85484,0.0,-0.3097,30.66667,-0.2011,NEUTRAL,0.0192,prior-research-2026-09-28+NEUTRAL,False
2026-09-28,UNLU,13.97,15.15,13.15,13.36,23072354.0,-4.3665,308246649.44,1.94937,6.88,21.45455,-9.54638,15.75,9.9,0.96974,2442794255.0,Finance,,0.0,0.8524,2.54928,1.58359,0.22797,-2.20795,1.64457,-0.46072,0.99698,0.0,0.7326,86.88889,0.1382,NEUTRAL,0.0192,prior-research-2026-09-28+NEUTRAL,False
2026-09-28,USAK,0.6,0.6,0.6,0.6,22119380.0,-9.09091,13271628.0,0.20221,-40.59406,-51.6129,-60.2649,1.26,0.6,0.05788,1617000064.0,Producer Manufacturing,,0.0,-1.41463,-1.06833,-1.42259,0.75711,0.0,-2.32745,-0.63522,-1.97052,0.0,-0.89005,7.77778,-0.2011,NEUTRAL,0.0192,prior-research-2026-09-28+NEUTRAL,False
2026-09-28,USHOL,63.0,63.0,59.3,59.75,422050.0,-6.20094,25217487.5,0.62499,4.45804,-30.44237,-32.78965,90.8,55.05,5.77469,1337063001.0,Distribution Services,,0.0,0.21811,0.04553,0.68874,0.06356,-0.14827,-0.93658,-0.38948,-0.16494,0.0,0.14664,60.22222,-0.0529,NEUTRAL,0.0192,prior-research-2026-09-28+NEUTRAL,False
2026-09-28,VAKBN,33.34,34.14,32.8,33.82,34531245.0,0.05917,1167846705.9,0.51178,1.5006,4.77076,3.74233,38.08,30.5,1.57587,335158151810.0,Finance,,0.0,1.45052,1.77269,1.21721,-0.97249,0.72675,-1.17028,0.56262,1.50738,0.0,0.99949,94.22222,0.1427,NEUTRAL,0.0192,prior-research-2026-09-28+NEUTRAL,False
2026-09-28,VAKFA,9.47,9.49,8.83,9.1,5309581.0,-4.71204,48317187.1,0.87484,-6.66667,-20.45455,-24.16667,11.53,8.83,0.42065,8595000000.0,Finance,,0.0,0.18018,0.06829,0.10495,0.34409,0.0992,0.31789,0.60781,-0.08424,0.0,0.18982,62.66667,-0.0529,NEUTRAL,0.0192,prior-research-2026-09-28+NEUTRAL,False
2026-09-28,VAKFN,0.99,0.99,0.94,0.96,47901599.0,-4.0,45985535.04,0.71697,-4.9505,-19.32773,-29.75608,1.2,0.94,0.03857,6000000000.0,Finance,,0.0,-0.07961,0.15661,-0.01013,0.11636,0.13784,-0.22964,0.88092,-0.14789,0.0,0.12973,58.66667,-0.0529,NEUTRAL,0.0192,prior-research-2026-09-28+NEUTRAL,False
2026-09-28,VBTYZ,27.5,27.5,25.22,25.56,985953.0,-7.99136,25200958.68,0.64348,-9.68198,-32.52376,-9.49008,40.0,25.22,2.05779,3250260080.0,Technology Services,,0.0,0.67847,-0.30148,-0.6595,0.68937,-0.18438,-0.77146,-0.2003,-0.81968,0.0,-0.05217,48.22222,-0.2011,NEUTRAL,0.0192,prior-research-2026-09-28+NEUTRAL,False
2026-09-28,VERUS,405.0,443.5,384.5,432.0,87369.0,2.12766,37743408.0,1.29168,-12.90323,-42.4,-29.46939,711.5,384.5,42.03142,29610000000.0,Finance,,0.0,-0.06222,-1.08465,0.34008,-1.46679,1.33643,1.17119,-1.06314,-0.31203,0.0,-0.27469,32.88889,-0.2011,NEUTRAL,0.0192,prior-research-2026-09-28+NEUTRAL,False
2026-09-28,VESBE,4.59,4.59,4.28,4.33,10927196.0,-5.86957,47314758.68,0.55744,-15.26419,-17.99242,-43.69311,6.34,4.28,0.27226,7359999847.0,Consumer Durables,,0.0,-0.66575,0.04892,-0.62344,0.29125,0.06412,-1.0541,-0.20494,-0.15389,0.0,-0.26756,33.11111,-0.2011,NEUTRAL,0.0192,prior-research-2026-09-28+NEUTRAL,False
2026-09-28,VESTL,19.8,19.88,18.71,18.91,9521210.0,-7.48532,180046081.1,0.76352,-18.49138,-14.97302,-37.59076,28.4,18.71,1.4583,6856726303.0,Consumer Durables,,0.0,-0.4036,0.26864,-0.78757,0.79063,-0.26987,-0.17344,-0.6477,0.67482,0.0,-0.2016,38.0,-0.2011,NEUTRAL,0.0192,prior-research-2026-09-28+NEUTRAL,False
2026-09-28,VEYAS,86.2,94.9,79.55,79.55,2267311.0,-9.96038,180364590.05,0.80594,-6.41176,-44.0183,-41.50735,142.0,79.55,9.81533,50081615090.0,Utilities,,0.0,-0.6661,-1.14775,-1.68969,1.6563,-1.28017,0.0014,-1.32435,0.44328,0.0,-0.79856,9.33333,-0.2011,NEUTRAL,0.0192,prior-research-2026-09-28+NEUTRAL,False
2026-09-28,VKGYO,1.68,1.68,1.61,1.61,19973231.0,-4.73373,32156901.91,0.82631,-7.47126,-16.14583,-22.80702,1.97,1.61,0.05773,7436000252.0,Finance,,0.0,0.23261,0.33312,-1.83344,0.35568,-1.59304,0.15311,1.22956,-0.42689,0.0,-0.31486,30.44444,-0.2011,NEUTRAL,0.0192,prior-research-2026-09-28+NEUTRAL,False
2026-09-28,VRGYO,1.27,1.38,1.24,1.38,41860419.0,9.52381,57767378.22,2.56631,5.34351,-22.90503,-33.65385,1.88,1.09,0.0867,1033199992.0,Finance,,0.0,-0.28061,-0.04786,1.07737,-2.07892,2.46534,1.95625,-0.1343,0.01981,0.0,0.19099,62.88889,-0.0529,NEUTRAL,0.0192,prior-research-2026-09-28+NEUTRAL,False
2026-09-28,VSNMD,30.8,30.8,28.4,28.4,804763.0,-7.6723,22855269.2,0.68722,-10.2402,-38.84582,-58.85979,45.56,28.4,1.85272,5578326229.0,Non-Energy Minerals,,0.0,-1.79073,-0.89742,-1.85862,0.80501,-0.91649,-0.1872,-0.12764,-0.95235,0.0,-1.03084,4.22222,-0.2011,NEUTRAL,0.0192,prior-research-2026-09-28+NEUTRAL,False
2026-09-28,YAPRK,9.15,9.16,8.5,8.65,2236136.0,-5.0494,19342576.4,0.37526,-13.32665,-22.28212,-29.6748,11.23,8.5,0.56199,2716602009.0,Process Industries,,0.0,-0.14365,0.17402,0.27959,-0.37236,0.62806,-1.61061,0.1267,-0.63127,0.0,0.0721,56.44444,-0.0529,NEUTRAL,0.0192,prior-research-2026-09-28+NEUTRAL,False
2026-09-28,YATAS,26.3,26.4,25.7,26.24,864498.0,-1.4275,22684427.52,0.77894,-2.08955,-15.95131,-33.73737,31.6,25.68,1.05039,3828058155.0,Distribution Services,,0.0,0.16971,0.90169,0.48822,-1.2378,1.46222,-0.34112,1.55597,-0.29755,0.0,0.48461,77.11111,0.0707,NEUTRAL,0.0192,prior-research-2026-09-28+NEUTRAL,False
2026-09-28,YAYLA,15.9,15.9,14.6,14.85,861849.0,-6.89655,12798457.65,0.85389,-12.02607,-31.88073,-35.7699,24.0,14.6,1.22056,795506240.0,Industrial Services,,0.0,-0.84524,-0.70867,-1.1084,0.57467,-0.56966,0.59461,-0.51111,-3.0,0.0,-0.7629,10.66667,-0.2011,NEUTRAL,0.0192,prior-research-2026-09-28+NEUTRAL,False
2026-09-28,YEOTK,30.04,30.76,28.6,29.5,14533326.0,-5.44872,428733117.0,0.61843,-3.59477,-18.95604,-34.62464,36.68,27.56,2.36065,25896000633.0,Utilities,,0.0,-0.39759,0.15833,0.70154,0.17922,0.43032,-0.68333,-0.44252,0.89006,0.0,0.15612,60.88889,-0.0529,NEUTRAL,0.0192,prior-research-2026-09-28+NEUTRAL,False
2026-09-28,YESIL,0.89,0.89,0.81,0.85,23557658.0,-5.55556,20024009.3,1.13625,-14.14141,-30.32787,-38.84892,1.22,0.81,0.04663,580499985.0,Miscellaneous,,0.0,-0.60238,-0.40288,0.24783,0.16862,0.68847,0.93994,0.35774,-0.96724,0.0,-0.05956,48.0,-0.2011,NEUTRAL,0.0192,prior-research-2026-09-28+NEUTRAL,False
2026-09-28,YGGYO,212.0,212.0,206.3,207.8,73297.0,-1.98113,15231116.6,0.51294,-5.54545,-8.01239,-12.87212,233.9,204.3,7.31668,49651686829.0,Finance,,0.0,0.69771,0.87763,0.19804,-0.3973,-0.12828,-1.11881,1.25897,-1.50761,0.0,0.35566,71.11111,0.0707,NEUTRAL,0.0192,prior-research-2026-09-28+NEUTRAL,False
2026-09-28,YIGIT,18.5,18.5,17.18,17.18,2199636.0,-7.13514,37789746.48,0.85952,-9.81627,-22.61261,-28.89073,23.0,17.18,0.7989,5559250000.0,Producer Manufacturing,,0.0,0.21364,0.37201,-1.42259,0.37332,-1.26503,0.42388,0.97317,-0.06421,0.0,-0.19526,38.66667,-0.2011,NEUTRAL,0.0192,prior-research-2026-09-28+NEUTRAL,False
2026-09-28,YKBNK,35.18,35.96,35.0,35.52,118724668.0,-0.72666,4217100207.36,0.50654,-1.66113,-3.73984,-11.37725,37.88,31.22,1.29989,302235466642.0,Finance,,0.0,0.74751,1.25093,1.80106,-0.76721,0.46368,-1.19171,1.1475,2.14857,0.0,0.98174,94.0,0.1427,NEUTRAL,0.0192,prior-research-2026-09-28+NEUTRAL,False
2026-09-28,YKSLN,2.45,2.49,2.24,2.24,18633808.0,-9.67742,41739729.92,0.81074,-33.13433,-20.2847,-28.4345,5.16,2.24,0.27399,1240000010.0,Distribution Services,,0.0,0.46411,0.61701,-1.42572,0.81112,-0.98439,-0.2614,-0.86565,0.33797,0.0,-0.21249,37.11111,-0.2011,NEUTRAL,0.0192,prior-research-2026-09-28+NEUTRAL,False
2026-09-28,YUNSA,6.7,6.7,6.34,6.34,2963766.0,-6.62739,18790276.44,0.55316,-3.79363,-23.52232,-35.04098,8.32,6.23,0.30942,3259199982.0,Process Industries,,0.0,-0.4303,0.12197,0.24383,0.12319,-0.28337,-0.77626,0.80888,-0.68891,0.0,0.02119,53.77778,-0.0529,NEUTRAL,0.0192,prior-research-2026-09-28+NEUTRAL,False
2026-09-28,YYLGD,7.83,7.83,7.83,7.83,2932973.0,-10.0,22965178.59,0.49088,-8.95349,-23.08448,-29.33213,10.35,7.83,0.36759,9450636048.0,Process Industries,,0.0,-0.12048,0.13931,-1.29987,1.74765,0.0,-1.10133,0.8665,-0.37274,0.0,-0.01174,51.33333,-0.0529,NEUTRAL,0.0192,prior-research-2026-09-28+NEUTRAL,False
2026-09-28,ZERGY,7.36,7.36,6.65,6.65,4456514.0,-9.8916,29635818.1,0.43558,-21.30178,-32.4187,-43.35605,10.59,6.65,0.60629,4619142000.0,Finance,,0.0,-0.72105,-0.58691,-1.83344,1.65487,-0.57646,-1.4883,-0.93611,-0.49543,0.0,-0.67244,14.88889,-0.2011,NEUTRAL,0.0192,prior-research-2026-09-28+NEUTRAL,False
2026-09-28,ZGYO,18.35,18.77,16.05,16.3,10053452.0,-8.58104,163871267.6,1.76409,9.54301,-46.6623,-53.71948,30.62,12.22,2.16772,3753076282.6,Finance,,0.0,-1.26795,-1.22207,0.59566,1.31569,-2.1785,1.56231,-1.75186,0.64848,0.0,-0.6194,16.88889,-0.2011,NEUTRAL,0.0192,prior-research-2026-09-28+NEUTRAL,False
2026-09-28,ZOREN,2.06,2.06,1.95,1.97,37825474.0,-4.36893,74516183.78,0.31365,-13.9738,-13.59649,-34.5515,2.67,1.95,0.12026,10299999714.0,Utilities,,0.0,-0.37913,0.51351,-0.60649,-0.05307,0.2497,-2.1207,0.17219,-0.09209,0.0,-0.09254,46.66667,-0.2011,NEUTRAL,0.0192,prior-research-2026-09-28+NEUTRAL,False
2026-09-28,ZRGYO,19.4,19.6,19.0,19.6,1319152.0,0.97888,25855379.2,0.36662,0.51282,-0.30519,8.52713,20.98,18.39,0.64246,91103165758.0,Finance,,0.0,1.57583,1.42891,1.30475,-1.21151,0.88819,-1.83075,1.50796,-0.68678,0.0,0.98016,93.77778,0.1427,NEUTRAL,0.0192,prior-research-2026-09-28+NEUTRAL,False
