Date,usdtry,gold_try,xu100
2011-01-03,1.541599988937378,70.50911012026285,676.0753784179688
2011-01-04,1.5543999671936035,68.8906507234357,682.2153930664062
2011-01-05,1.5384999513626099,67.93370105494373,688.2863159179688
2011-01-06,1.5430999994277954,68.03759631194619,693.1083374023438
2011-01-07,1.5513999462127686,68.25890418738,687.6993408203125
2011-01-10,1.5707000494003296,69.37066829028548,678.743408203125
2011-01-11,1.5752999782562256,70.09549310870533,676.6864013671875
2011-01-12,1.575700044631958,70.19941405012379,679.2354125976562
2011-01-13,1.559399962425232,69.53339161055322,685.7513427734375
2011-01-14,1.5455000400543213,67.59683933389597,678.7924194335938
2011-01-17,1.5496000051498413,67.77616296680037,668.3104858398438
2011-01-18,1.5398000478744507,67.7287253172235,664.2794799804688
2011-01-19,1.5370999574661255,67.71373918261213,664.62548828125
2011-01-20,1.5471999645233154,66.97975315416735,652.8765258789062
2011-01-21,1.5805000066757202,68.1418653512351,659.26953125
2011-01-24,1.5693999528884888,67.83989701025843,652.0135498046875
2011-01-25,1.5607000589370728,66.85166507717523,651.5255126953125
2011-01-26,1.5663000345230103,67.12678463900116,659.6065063476562
2011-01-27,1.573799967765808,66.70946729227553,650.3825073242188
2011-01-28,1.577299952507019,67.98868195892942,632.109619140625
2011-01-31,1.6100000143051147,69.04104353829774,632.7776489257812
2011-02-01,1.6043000221252441,69.09576962308087,648.2225952148438
2011-02-02,1.5771000385284424,67.51358211457298,653.0675048828125
2011-02-03,1.5757999420166016,68.51172178476399,637.2766723632812
2011-02-04,1.5936000347137451,69.08068238677461,653.0865478515625
2011-02-07,1.5835000276565552,68.60721779254119,649.0526123046875
2011-02-08,1.5757999420166016,69.0740810332314,652.5375366210938
2011-02-09,1.5738999843597412,69.06164179287732,655.6925048828125
2011-02-10,1.5882999897003174,69.54541433439059,644.2116088867188
2011-02-11,1.5918999910354614,69.60068277441027,647.3005981445312
2011-02-14,1.5859999656677246,69.58237865286783,645.6856079101562
2011-02-15,1.593500018119812,70.37251711175799,648.017578125
2011-02-16,1.5942000150680542,70.45980943856017,653.614501953125
2011-02-17,1.5814000368118286,70.4025126997457,659.728515625
2011-02-18,1.5738999843597412,70.2457241608696,659.8544921875
2011-02-21,1.5743000507354736,70.26357977593727,651.2864990234375
2011-02-22,1.5891000032424927,71.55254407192473,646.5845947265625
2011-02-23,1.5985000133514404,72.63876920272011,631.3136596679688
2011-02-24,1.6068999767303467,73.1186398806685,607.604736328125
2011-02-25,1.6009999513626099,72.51044266113726,613.6697387695312
2011-02-28,1.5906000137329102,72.07011034191672,612.8357543945312
2011-03-01,1.5959999561309814,73.41286541086725,587.0899047851562
2011-03-02,1.614400029182434,74.59660948487688,586.638916015625
2011-03-03,1.6159000396728516,73.56453312896484,603.8668212890625
2011-03-04,1.597100019454956,73.33509636543054,611.124755859375
2011-03-07,1.5979000329971313,73.67493684987075,602.1728515625
2011-03-08,1.597100019454956,73.26834783069354,613.0137939453125
2011-03-09,1.5882999897003174,72.9871960657924,624.834716796875
2011-03-10,1.579300045967102,71.7053530245947,631.6886596679688
2011-03-11,1.5815000534057617,72.27811422882603,637.8136596679688
2011-03-14,1.5824999809265137,72.48153533180053,645.297607421875
2011-03-15,1.5673999786376953,70.17734891521062,642.1355590820312
2011-03-16,1.5771000385284424,70.78404854070139,632.8006591796875
2011-03-17,1.5947999954223633,71.98865701843837,634.8186645507812
2011-03-18,1.5855000019073486,72.17546229231795,638.3896484375
2011-03-21,1.5765000581741333,72.2878231064159,642.153564453125
2011-03-22,1.5743999481201172,72.25733200255493,648.7425537109375
2011-03-23,1.562399983406067,72.22900877020639,637.192626953125
2011-03-24,1.5550999641418457,71.7365410478993,643.5556030273438
2011-03-25,1.5480999946594238,70.98060876069877,642.466552734375
2011-03-28,1.556399941444397,71.04591807542063,642.6095581054688
2011-03-29,1.5591000318527222,70.97868873610541,637.6346435546875
2011-03-30,1.5546000003814697,71.16368114364427,645.652587890625
2011-03-31,1.5511000156402588,71.75648561651973,644.341552734375
2011-04-01,1.544100046157837,70.89649840758281,657.1405029296875
2011-04-04,1.5255999565124512,70.24817731846728,675.81640625
2011-04-05,1.5298999547958374,71.41025380020714,676.8914184570312
2011-04-06,1.5273000001907349,71.5786048419901,686.4883422851562
2011-04-07,1.5134999752044678,70.97078186814076,694.9013671875
2011-04-08,1.5099999904632568,71.53002147069611,680.9293823242188
2011-04-11,1.5069999694824219,71.09720102273047,681.9434204101562
2011-04-12,1.5153000354766846,70.78237042579468,680.0653686523438
2011-04-13,1.5214999914169312,71.16981608688697,682.0303955078125
2011-04-14,1.5199999809265137,71.92064872798241,679.5913696289062
2011-04-15,1.5199999809265137,72.58527322934395,684.5014038085938
2011-04-18,1.5125000476837158,72.56752117964056,666.0724487304688
2011-04-19,1.5397000312805176,73.98143928331967,677.4174194335938
2011-04-20,1.527500033378601,73.58185974556305,680.536376953125
2011-04-21,1.5174000263214111,73.3343721920217,685.65234375
2011-04-22,1.5175000429153442,73.33920589045168,686.9143676757812
2011-04-25,1.5146000385284424,73.46200849249982,688.7033081054688
2011-04-26,1.5247000455856323,73.67737291672016,685.2403564453125
2011-04-27,1.5226999521255493,74.25141681927234,677.9234008789062
2011-04-28,1.5162999629974365,74.62671588067452,684.3983764648438
2011-04-29,1.5233999490737915,76.21040464124036,692.497314453125
2011-05-02,1.5204999446868896,76.09954473454498,695.2203369140625
2011-05-03,1.5204999446868896,75.28805207422631,700.7162475585938
2011-05-04,1.5325000286102295,74.64061378160619,694.372314453125
2011-05-05,1.5460000038146973,73.6081612485195,693.745361328125
2011-05-06,1.5484999418258667,74.23997420355856,682.4053955078125
2011-05-09,1.5429999828338623,74.55671264879868,679.5614013671875
2011-05-10,1.5448999404907227,75.32898908582463,672.596435546875
2011-05-11,1.5583000183105469,75.20581669077525,656.4295043945312
2011-05-12,1.5848000049591064,76.76498300126941,665.3474731445312
2011-05-13,1.5770000219345093,75.71790542086818,645.8485717773438
2011-05-16,1.595900058746338,76.47144168720388,654.175537109375
2011-05-17,1.590000033378601,75.64686054721733,653.8505249023438
2011-05-18,1.583899974822998,76.16122827578384,637.32861328125
2011-05-19,1.5708999633789062,75.36440749915296,637.32861328125
2011-05-20,1.5723999738693237,76.27556890225789,632.982666015625
2011-05-23,1.589400053024292,77.4323782839595,632.0956420898438
2011-05-24,1.604099988937378,78.55595109309947,645.610595703125
2011-05-25,1.5964000225067139,78.35337615972928,636.0896606445312
2011-05-26,1.6049000024795532,78.5744949005778,637.5506591796875
2011-05-27,1.6019999980926514,79.12783690878507,624.0706787109375
2011-05-30,1.603600025177002,79.20686729725628,614.9137573242188
2011-05-31,1.6002999544143677,79.02328480893952,630.4566650390625
2011-06-01,1.5920000076293945,78.94612666210445,632.24365234375
2011-06-02,1.5973000526428223,78.67486555046229,631.1226196289062
2011-06-03,1.5822999477386475,78.42949353506626,628.0656127929688
2011-06-06,1.5706000328063965,78.09194948269784,635.1646728515625
2011-06-07,1.5851000547409058,78.64983014384566,644.6286010742188
2011-06-08,1.576300024986267,77.94965293126144,640.6676025390625
2011-06-09,1.5809999704360962,78.3853912199872,636.6976318359375
2011-06-10,1.5713000297546387,77.22247294102347,636.9996337890625
2011-06-13,1.57260000705719,76.59874325049087,635.2286376953125
2011-06-14,1.5729999542236328,77.06326963372643,621.8516845703125
2011-06-15,1.583299994468689,77.6595056153374,609.3857421875
2011-06-16,1.6066999435424805,78.99838610161754,611.1637573242188
2011-06-17,1.607800006866455,79.53320530846361,617.1636962890625
2011-06-20,1.5882999897003174,78.71668571456715,610.0737915039062
2011-06-21,1.600000023841858,79.5280285774756,620.3286743164062
2011-06-22,1.611799955368042,80.47210732045002,612.1767578125
2011-06-23,1.6211999654769897,79.23179153283375,615.8956909179688
2011-06-24,1.627500057220459,78.5141169276544,620.7227172851562
2011-06-27,1.6354999542236328,78.6634279588649,619.5297241210938
2011-06-28,1.635599970817566,78.86280310485391,628.1876220703125
2011-06-29,1.6411999464035034,79.67102863481627,630.025634765625
2011-06-30,1.620300054550171,78.26054466754337,632.6906127929688
2011-07-01,1.621399998664856,77.2710883723966,632.6416625976562
2011-07-04,1.604599952697754,76.47044828503184,641.8635864257812
2011-07-05,1.6140999794006348,78.48002564537931,638.6596069335938
2011-07-06,1.6256999969482422,79.90121709630412,632.3976440429688
2011-07-07,1.6308000087738037,80.23052369658616,641.0045776367188
2011-07-08,1.6171000003814697,80.12842418467247,635.9586181640625
2011-07-11,1.628999948501587,81.11611875770478,629.0916137695312
2011-07-12,1.6450999975204468,82.61069417559953,626.8947143554688
2011-07-13,1.6503000259399414,84.10807531431958,632.607666015625
2011-07-14,1.642799973487854,83.92654067459289,627.4346313476562
2011-07-15,1.6431000232696533,83.98413352913943,626.3477172851562
2011-07-18,1.6509000062942505,85.03566671849929,620.2467041015625
2011-07-19,1.6579999923706055,85.33741309706681,618.397705078125
2011-07-20,1.656000018119812,85.01085562951205,616.3646850585938
2011-07-21,1.6620999574661255,84.79496820822327,608.8197631835938
2011-07-22,1.6650999784469604,85.72426501168124,598.0198364257812
2011-07-25,1.7003999948501587,88.12657069778179,610.4737548828125
2011-07-26,1.7141000032424927,89.0901031521748,613.8827514648438
2011-07-27,1.6970000267028809,88.11403999952265,611.812744140625
2011-07-28,1.6893999576568604,87.63251508443406,625.3057250976562
2011-07-29,1.6725000143051147,87.5570869824315,622.9536743164062
2011-08-01,1.6865999698638916,87.79093514265728,619.2626953125
2011-08-02,1.6913000345230103,89.28080659651921,617.5827026367188
2011-08-03,1.7115000486373901,91.53018865041246,613.1477661132812
2011-08-04,1.6930999755859375,90.15423013148143,593.2568359375
2011-08-05,1.7409000396728516,92.28530777621432,562.6520385742188
2011-08-08,1.742900013923645,95.83190054848097,522.832275390625
2011-08-09,1.7740999460220337,99.24715566024204,529.6091918945312
2011-08-10,1.7532999515533447,100.41163500288785,503.0733337402344
2011-08-11,1.7747999429702759,99.78845554122758,520.167236328125
2011-08-12,1.777999997138977,99.47676332904148,521.88427734375
2011-08-15,1.7756999731063843,100.22156036421167,534.8502197265625
2011-08-16,1.763700008392334,101.06962039698357,540.9711303710938
2011-08-17,1.7746000289916992,102.19632791420707,542.1751098632812
2011-08-18,1.7683000564575195,103.40833076219623,519.4562377929688
2011-08-19,1.7826999425888062,105.96987372403078,530.6141967773438
2011-08-22,1.782099962234497,108.21457751236018,532.8671875
2011-08-23,1.784600019454956,106.62215838384161,524.1121826171875
2011-08-24,1.7684999704360962,99.73558457941027,530.5482177734375
2011-08-25,1.7806999683380127,100.74994425802483,529.6741943359375
2011-08-26,1.7527999877929688,101.10432637183587,537.0731201171875
2011-08-29,1.746999979019165,100.44962159015034,539.4581298828125
2011-08-30,1.729200005531311,101.55543799477395,539.4581298828125
2011-08-31,1.7310999631881714,101.76720570641797,539.4581298828125
2011-09-01,1.714400053024292,100.64766012900019,539.4581298828125
2011-09-02,1.718000054359436,103.49371028876345,553.7500610351562
2011-09-05,1.7455999851226807,105.15635240053346,540.5451049804688
2011-09-06,1.7675000429153442,106.25969339139513,550.195068359375
2011-09-07,1.7587000131607056,102.58117182960528,552.3790893554688
2011-09-08,1.7563999891281128,104.71709559117242,566.9169921875
2011-09-09,1.7654999494552612,105.37316216090707,559.0270385742188
2011-09-12,1.794600009918213,104.42704524456894,556.0450439453125
2011-09-13,1.7853000164031982,104.85592158883132,566.5029907226562
2011-09-14,1.7640000581741333,103.4177538245063,561.2160034179688
2011-09-15,1.774899959564209,101.4888863981528,571.1529541015625
2011-09-16,1.7796000242233276,103.68007331804542,578.9619750976562
2011-09-19,1.7812000513076782,101.72886699661738,579.3289184570312
2011-09-20,1.8109999895095825,105.18920818667175,608.8877563476562
2011-09-21,1.7835999727249146,103.53464242785645,608.2757568359375
2011-09-22,1.8236000537872314,101.96939651498325,579.7959594726562
2011-09-23,1.8389999866485596,96.81747964496009,563.2310180664062
2011-09-26,1.8308000564575195,93.73700997986079,568.009033203125
2011-09-27,1.8497999906539917,98.16515245590837,582.60986328125
2011-09-28,1.8422000408172607,95.73032025090785,589.8818969726562
2011-09-29,1.8598999977111816,96.60226168445396,597.5787963867188
2011-09-30,1.8499000072479248,96.37429925597156,596.9308471679688
2011-10-03,1.8545000553131104,98.73654384871512,594.5938110351562
2011-10-04,1.8875000476837158,97.98724371314506,572.0889282226562
2011-10-05,1.8842999935150146,99.37201187549678,573.1089477539062
2011-10-06,1.868299961090088,99.22499883734976,572.2819213867188
2011-10-07,1.841599941253662,96.77673264999471,573.3849487304688
2011-10-10,1.8482999801635742,99.21460934481946,583.2728881835938
2011-10-11,1.8257999420166016,97.42569404133187,586.6378784179688
2011-10-12,1.8375999927520752,99.33148866013876,594.1998291015625
2011-10-13,1.8167999982833862,97.38938466246009,585.430908203125
2011-10-14,1.8341000080108643,99.17178076513369,592.9998168945312
2011-10-17,1.8336999416351318,98.77873076051452,584.4208984375
2011-10-18,1.8653000593185425,99.05367617462126,587.5028686523438
2011-10-19,1.8549000024795532,98.16147392034159,577.9839477539062
2011-10-20,1.8659000396728516,96.69793815817737,559.0419921875
2011-10-21,1.857100009918213,97.62708958406334,567.9199829101562
2011-10-24,1.8371000289916992,97.54435024610707,562.5910034179688
2011-10-25,1.7972999811172485,98.21052306098933,562.781005859375
2011-10-26,1.7757999897003174,98.35454387923394,554.696044921875
2011-10-27,1.7563999891281128,98.63532320312365,566.1650390625
2011-10-28,1.745300054550171,97.98392046026264,570.4209594726562
2011-10-31,1.7417000532150269,96.54987852522711,560.6119995117188
2011-11-01,1.767799973487854,97.24647562614234,548.5120849609375
2011-11-02,1.792799949645996,99.64194336373635,557.2110595703125
2011-11-03,1.7798000574111938,100.95079892553984,565.2250366210938
2011-11-04,1.7518999576568604,98.86701114720456,561.7990112304688
2011-11-07,1.7620999813079834,101.42548853266419,561.7990112304688
2011-11-08,1.7752000093460083,102.64181652057502,561.7990112304688
2011-11-09,1.7681000232696533,101.80495361744262,561.7990112304688
2011-11-10,1.799399971961975,101.75590060972499,555.404052734375
2011-11-11,1.7906999588012695,102.91048198296878,562.0120239257812
2011-11-14,1.769700050354004,101.15173006029815,558.7540283203125
2011-11-15,1.7796000242233276,101.94072294964137,559.2219848632812
2011-11-16,1.7978999614715576,102.53235293283177,559.2720336914062
2011-11-17,1.8071999549865723,99.92517147035196,550.8950805664062
2011-11-18,1.8240000009536743,101.14143786333699,544.7361450195312
2011-11-21,1.825600028038025,98.50674734987521,527.5191650390625
2011-11-22,1.8575999736785889,101.66079651783787,519.8612670898438
2011-11-23,1.8497999906539917,100.84735652996314,510.91229248046875
2011-11-24,1.8700000047683716,101.9486204696299,496.2143859863281
2011-11-25,1.868399977684021,101.2486749846936,510.70928955078125
2011-11-28,1.8753000497817993,103.14798709901096,522.833251953125
2011-11-29,1.8573999404907227,102.31868128614086,520.9252319335938
2011-11-30,1.850000023841858,103.8203109494418,545.1751098632812
2011-12-01,1.8249000310897827,101.81327223806153,538.0631103515625
2011-12-02,1.8260999917984009,102.56712864056477,547.6900634765625
2011-12-05,1.8241000175476074,101.49886062026012,551.955078125
2011-12-06,1.8323999643325806,101.79574463023754,546.7880859375
2011-12-07,1.8335000276565552,102.62318526566081,551.3860473632812
2011-12-08,1.829200029373169,100.55351647045033,534.9901733398438
2011-12-09,1.8398000001907349,101.31366341925104,538.3461303710938
2011-12-12,1.8320000171661377,98.02158403764079,524.4381713867188
2011-12-13,1.8664000034332275,99.60414137525426,525.51220703125
2011-12-14,1.8802000284194946,95.77060449247342,513.3872680664062
2011-12-15,1.8839000463485718,95.37154876418434,518.8622436523438
2011-12-16,1.8765000104904175,96.26387290579908,516.6552734375
2011-12-19,1.8839999437332153,96.57593377865291,507.4183044433594
2011-12-20,1.9003000259399414,98.70672675147574,521.2662353515625
2011-12-21,1.8828999996185303,97.57893984131519,517.4712524414062
2011-12-22,1.8834999799728394,97.42836541746708,515.9132690429688
2011-12-23,1.8875000476837158,97.38039880897553,519.4832763671875
2011-12-26,1.8890000581741333,97.45778774464934,525.170166015625
2011-12-27,1.889799952507019,96.86109254621832,525.6091918945312
2011-12-28,1.8967000246047974,95.30607535360943,515.5292358398438
2011-12-29,1.9179999828338623,94.95806646814783,520.5332641601562
2011-12-30,1.9154000282287598,96.42430780220825,512.6632690429688
2012-01-02,1.8798999786376953,94.63717839930858,513.4072265625
2012-01-03,1.8875999450683594,97.08211423016344,528.5881958007812
2012-01-04,1.8720999956130981,97.01924312808266,515.3232421875
2012-01-05,1.8782999515533447,97.79346335307663,512.0432739257812
2012-01-06,1.8792999982833862,97.64613890219535,501.8223571777344
2012-01-09,1.8795000314712524,97.13685921488059,498.3673400878906
2012-01-10,1.867900013923645,97.94862066035864,507.8153076171875
2012-01-11,1.8676999807357788,98.43052123477423,514.1012573242188
2012-01-12,1.8530000448226929,98.13837877778835,521.540283203125
2012-01-13,1.8517999649047852,97.06864847977629,515.6142578125
2012-01-16,1.861299991607666,97.56662599897224,527.9691772460938
2012-01-17,1.850000023841858,98.44936901413058,535.2901611328125
2012-01-18,1.8398000001907349,98.16091759179913,543.8451538085938
2012-01-19,1.8301000595092773,97.32565350375741,546.0761108398438
2012-01-20,1.825600028038025,97.6498039611695,548.883056640625
2012-01-23,1.8316999673843384,98.81822126998311,551.8590698242188
2012-01-24,1.8162000179290771,97.17620142929023,547.9050903320312
2012-01-25,1.819100022315979,99.4134520795391,549.18408203125
2012-01-26,1.8043999671936035,100.14743522342452,569.5849609375
2012-01-27,1.7925000190734863,99.8039326942588,573.56396484375
2012-01-30,1.7726999521255493,98.65589458193855,578.1149291992188
2012-01-31,1.7861000299453735,99.7921365521882,571.7099609375
2012-02-01,1.774399995803833,99.66898224793236,592.1538696289062
2012-02-02,1.7546000480651855,99.10400598372364,600.5158081054688
2012-02-03,1.756600022315979,98.14957228828533,601.476806640625
2012-02-06,1.7522000074386597,97.05307307447599,606.7457885742188
2012-02-07,1.7568000555038452,98.64084941638535,605.4557495117188
2012-02-08,1.7467000484466553,97.11345922699661,611.77978515625
2012-02-09,1.750599980354309,97.87623147993452,601.621826171875
2012-02-10,1.7512999773025513,97.03137384532869,593.3178100585938
2012-02-13,1.7587000131607056,97.42440955763486,605.57177734375
2012-02-14,1.7669999599456787,97.48083895415107,596.6177978515625
2012-02-15,1.7674000263214111,98.09387212813611,598.4728393554688
2012-02-16,1.7630000114440918,97.8780042710834,600.2978515625
2012-02-17,1.760699987411499,97.62011118655874,611.1097412109375
2012-02-20,1.7401000261306763,96.47796855859795,614.48779296875
2012-02-21,1.743399977684021,98.48821059447063,612.5247802734375
2012-02-22,1.7509000301361084,99.63808103078148,608.560791015625
2012-02-23,1.756500005722046,100.79820287416466,596.662841796875
2012-02-24,1.7625000476837158,100.58719409756387,597.371826171875
2012-02-27,1.7616000175476074,100.4508736352701,588.2149047851562
2012-02-28,1.7640999555587769,101.35343677025203,599.7817993164062
2012-02-29,1.750499963760376,96.23289760865119,607.208740234375
2012-03-01,1.7484999895095825,96.75256126342548,607.2557373046875
2012-03-02,1.7517999410629272,96.24241081632088,609.020751953125
2012-03-05,1.766800045967102,96.73703854170671,596.851806640625
2012-03-06,1.770400047302246,95.13548900553415,591.430908203125
2012-03-07,1.7913000583648682,96.94392835891156,594.7938232421875
2012-03-08,1.7798999547958374,97.17388942672763,596.7348022460938
2012-03-09,1.7740999460220337,97.58733393226115,592.8008422851562
2012-03-12,1.7847000360488892,97.49906647517855,590.0918579101562
2012-03-13,1.7933000326156616,97.6517812361203,593.8868408203125
2012-03-14,1.7856999635696411,94.29846127166189,608.353759765625
2012-03-15,1.805299997329712,96.29698205973662,612.789794921875
2012-03-16,1.7955000400543213,95.56642552477788,623.3596801757812
2012-03-19,1.7935999631881714,96.12268144830725,625.3696899414062
2012-03-20,1.8033000230789185,95.47137974672613,621.6376953125
2012-03-21,1.8203999996185303,96.5698393869042,620.646728515625
2012-03-22,1.812399983406067,95.69677307196542,617.8637084960938
2012-03-23,1.8070000410079956,96.57357713440658,614.1707763671875
2012-03-26,1.798799991607666,97.47704875189999,625.6116943359375
2012-03-27,1.7847000360488892,96.67280877967833,624.9066772460938
2012-03-28,1.787500023841858,95.27854849671431,618.147705078125
2012-03-29,1.7798999547958374,94.54725733131336,615.4457397460938
2012-03-30,1.7838000059127808,95.73512424549696,624.2266845703125
2012-04-02,1.7796000242233276,95.9788782816928,629.6896362304688
2012-04-03,1.7752000093460083,95.31351827311505,632.8416137695312
2012-04-04,1.7812999486923218,92.33655357931316,624.63671875
2012-04-05,1.792199969291687,93.8350233893778,620.6237182617188
2012-04-06,1.791200041770935,93.7826697324728,609.3927612304688
2012-04-09,1.7929999828338623,94.68395749046309,608.1297607421875
2012-04-10,1.7973999977111816,95.89870259622569,599.8738403320312
2012-04-11,1.8125,96.67521340042117,607.0947875976562
2012-04-12,1.80649995803833,97.54582858923835,608.8977661132812
2012-04-13,1.7926000356674194,95.61955006385668,605.82275390625
2012-04-16,1.7962000370025635,95.2109863295464,604.78173828125
2012-04-17,1.7961000204086304,95.29808386131975,606.5227661132812
2012-04-18,1.7872999906539917,94.17034455782368,601.3157958984375
2012-04-19,1.7856999635696411,94.18937793612174,598.4818115234375
2012-04-20,1.7918000221252441,94.59754601851064,601.225830078125
2012-04-23,1.7900999784469604,93.92075485174361,601.225830078125
2012-04-24,1.794600009918213,94.79729986321873,597.0568237304688
2012-04-25,1.7800999879837036,93.93978696082188,599.40185546875
2012-04-26,1.7692999839782715,94.40513801387429,606.7747802734375
2012-04-27,1.7646000385284424,94.40398875082637,605.9637451171875
2012-04-30,1.7590999603271484,94.0758087339031,600.100830078125
2012-05-01,1.756100058555603,93.81938950776512,600.100830078125
2012-05-02,1.7537000179290771,93.22319521786545,589.4338989257812
2012-05-03,1.7595000267028809,92.44537938575274,592.8538208007812
2012-05-04,1.7608000040054321,93.10809653611881,590.1538696289062
2012-05-07,1.7676000595092773,93.12101256635438,588.0938720703125
2012-05-08,1.7598999738693237,90.75761756993249,587.4898681640625
2012-05-09,1.7773000001907349,91.06637270795079,580.9269409179688
2012-05-10,1.7939000129699707,91.99768086845575,588.2048950195312
2012-05-11,1.7861000299453735,90.93728885223643,588.722900390625
2012-05-14,1.7855000495910645,89.58642383656198,578.5359497070312
2012-05-15,1.8101999759674072,90.6045754006697,574.5279541015625
2012-05-16,1.82260000705719,90.01810220223172,581.0059204101562
2012-05-17,1.8222999572753906,92.2472159959523,573.3089599609375
2012-05-18,1.8281999826431274,93.55098454325118,569.35498046875
2012-05-21,1.8335000276565552,93.63356177577624,565.3930053710938
2012-05-22,1.8242000341415405,92.44897207354727,570.7919311523438
2012-05-23,1.843999981880188,91.78054967862742,557.340087890625
2012-05-24,1.8496999740600586,92.6113736370862,549.1630859375
2012-05-25,1.8461999893188477,93.11873690709702,548.0960693359375
2012-05-28,1.844099998474121,93.01281745302447,548.4360961914062
2012-05-29,1.835800051689148,91.4019295328975,554.4920654296875
2012-05-30,1.8299000263214111,91.97890095411088,551.2500610351562
2012-05-31,1.8550000190734863,93.1928234609013,550.9900512695312
2012-06-01,1.864300012588501,97.13048918609371,555.6810913085938
2012-06-04,1.8590999841690063,96.3634608227661,557.4400634765625
2012-06-05,1.8517999649047852,96.16368617339813,557.9950561523438
2012-06-06,1.8453999757766724,96.87556611170997,562.4819946289062
2012-06-07,1.8279999494552612,93.24689103081043,566.9539794921875
2012-06-08,1.8253999948501587,93.31967422463092,572.9969482421875
2012-06-11,1.8075000047683716,92.7183840277762,575.044921875
2012-06-12,1.8286000490188599,94.8119410923402,582.0098876953125
2012-06-13,1.8236000537872314,94.86929774821591,582.5018920898438
2012-06-14,1.8183000087738037,94.61111381650342,583.6438598632812
2012-06-15,1.813099980354309,94.84185599808578,584.6748657226562
2012-06-18,1.8030999898910522,94.24339915198907,583.2459106445312
2012-06-19,1.8102999925613403,94.41601618915723,592.9938354492188
2012-06-20,1.7994999885559082,93.42462003910464,594.0098266601562
2012-06-21,1.7939000129699707,90.23282171754045,604.394775390625
2012-06-22,1.8035000562667847,90.80267777304113,604.5107421875
2012-06-25,1.8128000497817993,92.52399501755771,594.7908325195312
2012-06-26,1.819000005722046,92.05092703414408,601.2628173828125
2012-06-27,1.8079999685287476,91.69771731008083,611.8397827148438
2012-06-28,1.8128999471664429,90.3258784253647,608.2227783203125
2012-06-29,1.82669997215271,94.17311252260583,625.4317016601562
2012-07-02,1.8042999505996704,92.6528459175723,619.5087280273438
2012-07-03,1.8039000034332275,94.03003403627716,627.2096557617188
2012-07-04,1.7963000535964966,93.63387929351885,629.857666015625
2012-07-05,1.804800033569336,93.35742980925636,619.7177124023438
2012-07-06,1.8097000122070312,91.83630599288529,627.8026733398438
2012-07-09,1.818600058555603,92.88433805269553,626.0776977539062
2012-07-10,1.822700023651123,92.54875613198654,631.2366333007812
2012-07-11,1.8144999742507935,91.89320400730523,630.484619140625
2012-07-12,1.8056000471115112,90.84455311482104,623.24267578125
2012-07-13,1.81850004196167,93.05462801257801,626.6187133789062
2012-07-16,1.8092000484466553,92.55546895842821,626.7496948242188
2012-07-17,1.8070000410079956,92.3209195444112,624.7247314453125
2012-07-18,1.8034000396728516,91.05275825326949,624.4456787109375
2012-07-19,1.8009999990463257,91.49324206354181,623.4047241210938
2012-07-20,1.8020000457763672,91.68309265648885,617.918701171875
2012-07-23,1.8140000104904175,91.97869603926657,607.36474609375
2012-07-24,1.8184000253677368,92.13749063544466,613.02978515625
2012-07-25,1.8264000415802002,94.4218903615658,617.0717163085938
2012-07-26,1.8209999799728394,94.55254127850999,638.4066162109375
2012-07-27,1.8098000288009644,94.13974346236441,643.724609375
2012-07-30,1.8128000497817993,94.40069934624569,650.3175048828125
2012-07-31,1.8007999658584595,93.24315093205102,642.591552734375
2012-08-01,1.7932000160217285,92.4575941014822,640.80859375
2012-08-02,1.8046000003814697,92.09966996200306,637.775634765625
2012-08-03,1.799399971961975,92.91032697191416,653.0325317382812
2012-08-06,1.7781000137329102,92.20497871816534,655.7645263671875
2012-08-07,1.7755000591278076,91.88748399645355,649.3805541992188
2012-08-08,1.784999966621399,92.56278199375488,646.9826049804688
2012-08-09,1.7786999940872192,92.47627170617935,645.007568359375
2012-08-10,1.7821999788284302,92.80721522294678,651.2565307617188
2012-08-13,1.7839000225067139,92.31647347322841,651.4855346679688
2012-08-14,1.7933000326156616,92.21483485611678,641.6045532226562
2012-08-15,1.8003000020980835,92.82367018050775,646.1145629882812
2012-08-16,1.7967000007629395,93.3543436387622,649.1585693359375
2012-08-17,1.7933000326156616,93.18922083624582,657.58154296875
2012-08-20,1.8006000518798828,93.78854791552834,657.58154296875
2012-08-21,1.8008999824523926,94.95059800957974,657.58154296875
2012-08-22,1.7939000129699707,94.43734386912782,661.0845336914062
2012-08-23,1.7929999828338623,96.24616932387039,660.79150390625
2012-08-24,1.7926000356674194,96.23623152014261,656.53955078125
2012-08-27,1.7976000308990479,96.65492100767717,659.4125366210938
2012-08-28,1.8020000457763672,96.5496833567385,661.3895263671875
2012-08-29,1.808500051498413,96.5083824580106,661.5225219726562
2012-08-30,1.821560025215149,96.83635287646885,661.5225219726562
2012-08-31,1.8265000581741333,98.92526414737436,673.6763916015625
2012-09-03,1.8191200494766235,98.52555471044126,672.0784301757812
2012-09-04,1.8184499740600586,98.97452072860047,668.9774780273438
2012-09-05,1.8190799951553345,98.88599497262061,675.5913696289062
2012-09-06,1.8178600072860718,99.50932866153063,677.1444091796875
2012-09-07,1.8091700077056885,101.06363876697586,679.3673706054688
2012-09-10,1.8005499839782715,100.07268215428354,681.21240234375
2012-09-11,1.802090048789978,100.33789234289267,681.0474243164062
2012-09-12,1.8041000366210938,100.38019770543681,681.83642578125
2012-09-13,1.8066799640655518,102.76005852460237,672.9034423828125
2012-09-14,1.7985899448394775,102.34039809663484,681.8013916015625
2012-09-17,1.7965099811553955,102.10074769618141,680.9193725585938
2012-09-18,1.7964500188827515,102.13777411708973,676.0004272460938
2012-09-19,1.796180009841919,102.15707034289886,671.1444702148438
2012-09-20,1.792099952697754,101.8501132952542,670.0134887695312
2012-09-21,1.7967100143432617,102.56269006595596,678.911376953125
2012-09-24,1.7948399782180786,101.68268785823913,672.0674438476562
2012-09-25,1.7970399856567383,101.90554807167837,678.0924072265625
2012-09-26,1.7906800508499146,100.7849423151763,666.7534790039062
2012-09-27,1.7913700342178345,102.37881039403933,667.7024536132812
2012-09-28,1.787559986114502,101.78749811969048,663.9634399414062
2012-10-01,1.7965799570083618,102.84407264305908,667.5454711914062
2012-10-02,1.7910399436950684,102.07778612487743,674.9783935546875
2012-10-03,1.790179967880249,102.29353430722259,668.220458984375
2012-10-04,1.803760051727295,104.04378493632,669.0904541015625
2012-10-05,1.7960799932479858,102.70573511473816,673.8333740234375
2012-10-08,1.8049900531768799,102.91928108763311,674.3504028320312
2012-10-09,1.8119800090789795,102.70615062633597,680.6254272460938
2012-10-10,1.8257299661636353,103.4972587391371,684.5723876953125
2012-10-11,1.8186800479888916,103.42506012781482,695.7723388671875
2012-10-12,1.80649995803833,102.1051304911468,696.02734375
2012-10-15,1.810789942741394,101.06680407668141,697.6932983398438
2012-10-16,1.809689998626709,101.51160005273522,702.8132934570312
2012-10-17,1.8003599643707275,101.38185341184527,706.8612670898438
2012-10-18,1.798259973526001,100.78951563822528,703.5542602539062
2012-10-19,1.797260046005249,99.54891555659914,707.7362060546875
2012-10-22,1.7942800521850586,99.51653268020574,712.1912231445312
2012-10-23,1.7927000522613525,98.46061011822627,707.6192016601562
2012-10-24,1.8011000156402588,98.47028715727362,707.0802612304688
2012-10-25,1.8022700548171997,99.20061516700841,707.0802612304688
2012-10-26,1.799280047416687,98.97240751211103,707.0802612304688
2012-10-29,1.8001999855041504,99.0230102448035,707.0802612304688
2012-10-30,1.8033000230789185,99.19353299505204,717.1652221679688
2012-10-31,1.79653000831604,99.20234987325539,725.2861328125
2012-11-01,1.7919299602508545,98.75245876244473,725.5211791992188
2012-11-02,1.786929965019226,96.17886767767186,714.2222290039062
2012-11-05,1.7913800477981567,96.88489812838846,727.3671264648438
2012-11-06,1.780400037765503,98.11704989043197,720.3931274414062
2012-11-07,1.7726500034332275,97.63865479211759,716.0452270507812
2012-11-08,1.7843600511550903,98.9835509131278,726.494140625
2012-11-09,1.785249948501587,99.31416313478238,718.19921875
2012-11-12,1.790179967880249,99.5884220693596,713.5662231445312
2012-11-13,1.80062997341156,99.81661588679172,720.1481323242188
2012-11-14,1.8072799444198608,100.4932134285257,713.252197265625
2012-11-15,1.8055700063705444,99.45771955173056,715.9682006835938
2012-11-16,1.8006700277328491,99.24570278154434,707.9012451171875
2012-11-19,1.7964999675750732,100.1537107970221,706.0702514648438
2012-11-20,1.7991700172424316,99.67783965991157,706.36328125
2012-11-21,1.7923699617385864,99.5719485153483,704.604248046875
2012-11-22,1.801010012626648,100.0519312870756,699.2572631835938
2012-11-23,1.7968800067901611,101.17433869596317,710.0392456054688
2012-11-26,1.7942700386047363,100.9235434127666,718.6652221679688
2012-11-27,1.7939800024032593,100.48617913065341,719.9931640625
2012-11-28,1.7906800508499146,98.82175019801238,719.7411499023438
2012-11-29,1.790079951286316,99.40444015803614,724.4851684570312
2012-11-30,1.7850799560546875,98.19130774334137,730.5811767578125
2012-12-03,1.785580039024353,98.71825973003085,742.9850463867188
2012-12-04,1.7851799726486206,97.24979469317981,755.2229614257812
2012-12-05,1.7840499877929688,97.07352043650162,760.3799438476562
2012-12-06,1.7860000133514404,97.63325381093723,757.8519897460938
2012-12-07,1.789080023765564,98.01444726466542,762.41796875
2012-12-10,1.7890599966049194,98.5310262248373,767.3399047851562
2012-12-11,1.7879799604415894,98.19561403451746,768.1439208984375
2012-12-12,1.7810800075531006,98.29768024441795,774.0399169921875
2012-12-13,1.7762199640274048,96.83021292266537,769.62890625
2012-12-14,1.7805800437927246,97.07935522388436,762.927978515625
2012-12-17,1.7784700393676758,97.0329273813862,774.6649169921875
2012-12-18,1.7836699485778809,95.73961062744617,772.9808959960938
2012-12-19,1.7786099910736084,95.29646342450748,768.0989379882812
2012-12-20,1.7834700345993042,94.31832120031972,768.139892578125
2012-12-21,1.7860900163650513,95.27229741172354,766.8428955078125
2012-12-24,1.7932900190353394,95.62752686323144,773.1409301757812
2012-12-25,1.7949999570846558,95.71870963066436,775.9578857421875
2012-12-26,1.7920000553131104,95.62788044138773,779.9068603515625
2012-12-27,1.7934199571609497,95.86509482827103,784.537841796875
2012-12-28,1.7880799770355225,95.13699736847565,785.786865234375
2012-12-31,1.7886799573898315,96.31331779299366,782.079833984375
2013-01-01,1.7818000316619873,95.94286109374993,782.079833984375
2013-01-02,1.7813999652862549,96.67159788762936,796.4168090820312
2013-01-03,1.7777800559997559,95.6635231700974,800.3287353515625
2013-01-04,1.7841999530792236,94.54048255374151,795.6358032226562
2013-01-07,1.7804800271987915,94.19454031718654,802.23974609375
2013-01-08,1.7791800498962402,95.04099708722822,801.6127319335938
2013-01-09,1.7772799730300903,94.55665716563867,811.4866943359375
2013-01-10,1.77538001537323,95.73986806867381,808.3707275390625
2013-01-11,1.766379952430725,94.27205044560912,810.3307495117188
2013-01-14,1.76937997341156,94.9384564703106,819.8956909179688
2013-01-15,1.7680799961090088,95.6929576612253,824.0565795898438
2013-01-16,1.768470048904419,95.67426382691302,840.8175659179688
2013-01-17,1.7636699676513672,95.85119862318453,848.5985107421875
2013-01-18,1.7532700300216675,95.07178259135146,850.0444946289062
2013-01-21,1.758739948272705,95.36839113986392,852.8104858398438
2013-01-22,1.7642300128936768,96.01776816018968,856.4644775390625
2013-01-23,1.7678699493408203,95.84642184626168,863.4053955078125
2013-01-24,1.7707699537277222,95.04719525932555,864.3744506835938
2013-01-25,1.7682700157165527,94.16826071675382,847.5465087890625
2013-01-28,1.7667700052261353,93.86116674231836,811.6536865234375
2013-01-29,1.773069977760315,94.66899948529498,821.7786865234375
2013-01-30,1.7672699689865112,95.45025042347902,789.8247680664062
2013-01-31,1.7683199644088745,94.40969954267214,787.8308715820312
2013-02-01,1.7557499408721924,94.23534310148462,802.2127075195312
2013-02-04,1.7483700513839722,94.17089499423537,807.2227172851562
2013-02-05,1.7616699934005737,94.7230035196245,803.0947265625
2013-02-06,1.7604700326919556,94.95846087697021,800.5397338867188
2013-02-07,1.7688699960708618,94.99639862465864,781.4888305664062
2013-02-08,1.7729699611663818,94.96577411877095,786.8358764648438
2013-02-11,1.7703700065612793,93.81335728681508,772.5538940429688
2013-02-12,1.7748700380325317,94.08034931890813,780.7838745117188
2013-02-13,1.7718700170516968,93.66497646629186,779.4298706054688
2013-02-14,1.7633700370788574,92.67705928627825,775.8009033203125
2013-02-15,1.7676500082015991,91.43007762810514,780.8098754882812
2013-02-18,1.7676700353622437,91.43111351464597,779.0708618164062
2013-02-19,1.7657999992370605,91.0391703720224,782.744873046875
2013-02-20,1.7754600048065186,90.05306991935223,788.9088134765625
2013-02-21,1.7845699787139893,90.54956044397613,772.6879272460938
2013-02-22,1.7925699949264526,90.62121959863906,758.9829711914062
2013-02-25,1.7990700006484985,91.74802665884654,766.6989135742188
2013-02-26,1.8102699518203735,94.00703900809168,775.138916015625
2013-02-27,1.804669976234436,92.55580426545312,781.6588745117188
2013-02-28,1.7959699630737305,91.09912784887806,793.332763671875
2013-03-01,1.7984700202941895,90.89057722791313,798.6707763671875
2013-03-04,1.7981499433517456,90.88596080965596,806.1177368164062
2013-03-05,1.7972700595855713,90.98594666017577,810.5077514648438
2013-03-06,1.7905700206756592,90.64676035947095,821.7356567382812
2013-03-07,1.7974900007247925,91.00864342950052,818.3426513671875
2013-03-08,1.7967499494552612,91.07514994920827,835.4115600585938
2013-03-11,1.8040900230407715,91.5168172856451,831.192626953125
2013-03-12,1.798359990119934,92.01825917584436,833.4705810546875
2013-03-13,1.802109956741333,92.02473458890188,826.1865844726562
2013-03-14,1.8114900588989258,92.6376788290321,819.8116455078125
2013-03-15,1.8092700242996216,92.63467177961154,831.150634765625
2013-03-18,1.8157700300216675,93.67384846857892,833.7836303710938
2013-03-19,1.8122700452804565,93.88367265581519,822.8585815429688
2013-03-20,1.8251700401306152,94.32896103364457,821.6036376953125
2013-03-21,1.8162699937820435,94.23687381325317,823.734619140625
2013-03-22,1.8171700239181519,93.83954872243736,824.515625
2013-03-25,1.8111200332641602,93.43395955949889,827.651611328125
2013-03-26,1.8206199407577515,93.40895366626513,839.7045288085938
2013-03-27,1.8127199411392212,93.60974427141966,841.9475708007812
2013-03-28,1.811750054359436,92.89562509546471,852.5354614257812
2013-03-29,1.8087199926376343,92.74026178966692,858.9854125976562
2013-04-01,1.8090699911117554,93.06065188093972,861.118408203125
2013-04-02,1.803920030593872,91.35159696328039,860.262451171875
2013-04-03,1.8026200532913208,89.99336109342421,848.5964965820312
2013-04-04,1.8067200183868408,90.13995893553621,832.43359375
2013-04-05,1.8014700412750244,91.24490642551082,820.7086791992188
2013-04-08,1.8016899824142456,91.05909792644539,833.4606323242188
2013-04-09,1.784980058670044,91.02947520070713,827.6995849609375
2013-04-10,1.7829699516296387,89.32763716892136,824.0386352539062
2013-04-11,1.789520025253296,90.00100512426698,841.0215454101562
2013-04-12,1.784060001373291,86.09558609356856,845.8064575195312
2013-04-15,1.7892999649047852,78.27162501214877,851.0684814453125
2013-04-16,1.793470025062561,79.96477304253663,847.051513671875
2013-04-17,1.7869700193405151,79.41067318719966,843.9745483398438
2013-04-18,1.7983700037002563,80.48390197729377,830.3786010742188
2013-04-19,1.7952699661254883,80.5356397638388,832.8505859375
2013-04-22,1.8010300397872925,82.28217681411232,840.2295532226562
2013-04-23,1.803920030593872,81.69504110641927,840.2295532226562
2013-04-24,1.8022099733352661,82.47514652835484,847.7994995117188
2013-04-25,1.8021199703216553,84.69590433907229,849.4304809570312
2013-04-26,1.7982699871063232,84.0408702993128,851.1184692382812
2013-04-29,1.7953699827194214,84.70191317616197,851.5374755859375
2013-04-30,1.7936099767684937,84.89567155529005,860.4554443359375
2013-05-01,1.7911100387573242,83.28588539911145,860.4554443359375
2013-05-02,1.7919000387191772,84.55548730313365,886.6923217773438
2013-05-03,1.7930500507354736,84.41375654968817,890.9323120117188
2013-05-06,1.7932100296020508,84.6403652540463,897.1432495117188
2013-05-07,1.7961699962615967,83.67708857791096,894.5902099609375
2013-05-08,1.7961000204086304,85.11170331089357,908.5171508789062
2013-05-09,1.7892199754714966,84.49230431741735,899.3072509765625
2013-05-10,1.7953799962997437,82.93607042128733,895.6842651367188
2013-05-13,1.8026200532913208,83.13721820523091,897.647216796875
2013-05-14,1.8103200197219849,82.92194909586958,912.8661499023438
2013-05-15,1.8147499561309814,81.47952203889966,921.1160888671875
2013-05-16,1.8220900297164917,81.25841258170706,919.4620971679688
2013-05-17,1.8228199481964111,79.98993656005663,919.2431030273438
2013-05-20,1.8420699834823608,81.98362139564536,901.646240234375
2013-05-21,1.8404099941253662,81.52513317696396,911.9031982421875
2013-05-22,1.8420699834823608,80.99457824482984,931.7840576171875
2013-05-23,1.8477799892425537,82.69518687689921,913.5091552734375
2013-05-24,1.8457200527191162,82.29442536158052,910.158203125
2013-05-27,1.8449900150299072,82.26187544587839,905.4631958007812
2013-05-28,1.8428699970245361,81.71112472566092,899.1592407226562
2013-05-29,1.8597899675369263,83.19082651933648,871.7403564453125
2013-05-30,1.8607699871063232,84.44312816244394,871.6973876953125
2013-05-31,1.8714100122451782,83.78881917996091,859.8954467773438
2013-06-03,1.8857699632644653,85.58976851678538,769.8328857421875
2013-06-04,1.8836100101470947,84.60756825405288,807.3287353515625
2013-06-05,1.8713300228118896,84.13419549526306,796.36376953125
2013-06-06,1.8917900323867798,86.1062921046636,758.948974609375
2013-06-07,1.8922100067138672,84.13607598132938,783.3218383789062
2013-06-10,1.8780299425125122,83.69878034980512,763.8579711914062
2013-06-11,1.8991700410842896,84.07919194216299,750.406005859375
2013-06-12,1.8901699781417847,84.58014911091009,768.8029174804688
2013-06-13,1.8736000061035156,82.98330807356135,764.8819580078125
2013-06-14,1.859969973564148,82.95968090872053,800.1067504882812
2013-06-17,1.8770899772644043,83.45170518481851,789.4608154296875
2013-06-18,1.8693000078201294,82.13176475476334,777.391845703125
2013-06-19,1.8852699995040894,83.25773065062509,788.341796875
2013-06-20,1.9023699760437012,78.64894943138793,734.6151123046875
2013-06-21,1.9386999607086182,80.50620740173001,731.0140991210938
2013-06-24,1.9364999532699585,79.49340861609609,706.4013061523438
2013-06-25,1.9441699981689453,79.68325135743396,712.1422119140625
2013-06-26,1.930709958076477,76.32584491502122,738.5111083984375
2013-06-27,1.933769941329956,75.31528458656707,757.6109619140625
2013-06-28,1.9176700115203857,75.45275141816448,762.9409790039062
2013-07-01,1.9285500049591064,77.87117200031771,767.3619384765625
2013-07-02,1.9232699871063232,76.8974073339203,764.3839721679688
2013-07-03,1.9325599670410156,77.79697743181364,737.18310546875
2013-07-04,1.9436700344085693,78.24422340347832,754.0919799804688
2013-07-05,1.940999984741211,75.6904827071008,731.1140747070312
2013-07-08,1.9616700410842896,77.88404461322115,716.8192138671875
2013-07-09,1.9463000297546387,77.96213463399279,719.8121337890625
2013-07-10,1.9399199485778809,77.80012510545036,710.7372436523438
2013-07-11,1.919469952583313,78.99797255742406,717.8952026367188
2013-07-12,1.9490300416946411,80.0704320235631,739.216064453125
2013-07-15,1.9519200325012207,80.56569302598301,762.2760009765625
2013-07-16,1.9319000244140625,80.17414907790852,756.7769775390625
2013-07-17,1.9197200536727905,78.87248391520647,770.7169189453125
2013-07-18,1.9101999998092651,78.89282148694647,770.2239379882812
2013-07-19,1.920300006866455,79.84709414197872,758.7359619140625
2013-07-22,1.9151999950408936,82.28891668559687,758.1559448242188
2013-07-23,1.910979986190796,82.02772462612074,753.677001953125
2013-07-24,1.8998099565505981,80.60761994295389,740.1480712890625
2013-07-25,1.9219199419021606,82.12039168543642,738.4931030273438
2013-07-26,1.9213600158691406,81.6455202519921,725.546142578125
2013-07-29,1.9245200157165527,82.19436513135886,729.3851318359375
2013-07-30,1.9266999959945679,82.01491133463462,744.2040405273438
2013-07-31,1.9224499464035034,81.11702401963673,733.7711181640625
2013-08-01,1.93326997756958,81.48655105032293,734.0140991210938
2013-08-02,1.9451700448989868,81.96311712042403,740.3240966796875
2013-08-05,1.9261800050735474,80.6675141891724,742.8970336914062
2013-08-06,1.9284700155258179,79.56058417088606,740.3120727539062
2013-08-07,1.9255499839782715,79.61965011603058,735.444091796875
2013-08-08,1.9298700094223022,81.32462671782524,735.444091796875
2013-08-09,1.921470046043396,81.10656583218173,735.444091796875
2013-08-12,1.9201799631118774,82.39793280520313,753.740966796875
2013-08-13,1.9242500066757202,81.73739337574362,755.1380004882812
2013-08-14,1.9315500259399414,82.84237254983786,755.85498046875
2013-08-15,1.932770013809204,84.60975786055731,739.778076171875
2013-08-16,1.9319700002670288,85.2020883512084,742.7500610351562
2013-08-19,1.9427200555801392,85.33264890041984,723.8231811523438
2013-08-20,1.9530999660491943,86.22185656595059,722.0391845703125
2013-08-21,1.9479999542236328,85.84013663093602,697.0912475585938
2013-08-22,1.9800000190734863,87.28843794022782,682.9973754882812
2013-08-23,1.9882999658584595,89.22051104421344,679.3193969726562
2013-08-26,1.9896199703216553,89.10703357043631,687.746337890625
2013-08-27,1.9957200288772583,91.15115097334382,655.1954956054688
2013-08-28,2.0470399856567383,93.38980306547211,654.5205078125
2013-08-29,2.0284500122070312,92.14387679103702,663.9404296875
2013-08-30,2.028980016708374,91.07203214400039,663.9404296875
2013-09-02,2.0299899578094482,91.11736397953507,685.4503173828125
2013-09-03,2.0184500217437744,91.63121290858615,669.7274780273438
2013-09-04,2.0563199520111084,91.88930993307387,669.6544799804688
2013-09-05,2.047379970550537,90.38395639005513,667.1474609375
2013-09-06,2.0680201053619385,92.19937881999954,672.3204345703125
2013-09-09,2.0515999794006348,91.4739161704818,696.8883056640625
2013-09-10,2.024139881134033,88.77229772975572,717.876220703125
2013-09-11,2.0150399208068848,88.36024875605062,717.7122192382812
2013-09-12,2.0111899375915527,86.0252750357072,727.2191772460938
2013-09-13,2.02620005607605,85.23414415862132,716.34619140625
2013-09-16,2.0019900798797607,84.82719871237153,742.58203125
2013-09-17,2.0002501010894775,84.21327205544941,747.8300170898438
2013-09-18,2.0011401176452637,84.14137134304485,746.6010131835938
2013-09-19,1.9381400346755981,85.33087950882171,794.65576171875
2013-09-20,1.9601600170135498,83.97489744467842,778.6248779296875
2013-09-23,1.9808100461959839,84.50293049518773,768.0748901367188
2013-09-24,1.9842599630355835,83.954735362735,765.2929077148438
2013-09-25,1.9950900077819824,85.68941727150329,762.3389892578125
2013-09-26,2.0136899948120117,85.6919648261715,756.177978515625
2013-09-27,2.0195000171661377,86.90015182469362,747.7190551757812
2013-09-30,2.0381200313568115,86.92160758740368,744.862060546875
2013-10-01,2.01921010017395,83.48591601664442,764.6959838867188
2013-10-02,2.0085999965667725,85.28162767624202,751.6240234375
2013-10-03,1.9926799535751343,84.40068222191377,762.6949462890625
2013-10-04,2.00219988822937,84.30823205910394,762.0659790039062
2013-10-07,1.986109972000122,84.5949358716475,759.0079956054688
2013-10-08,1.986109972000122,84.55661671337745,750.635009765625
2013-10-09,1.9870400428771973,83.49101164010253,744.8350219726562
2013-10-10,1.982100009918213,82.62706204989281,756.3939819335938
2013-10-11,1.9749900102615356,80.5146473230224,761.7599487304688
2013-10-14,1.9869400262832642,81.53842165856692,762.345947265625
2013-10-15,1.9811999797821045,81.08629492702168,762.345947265625
2013-10-16,1.9844199419021606,81.79228593304836,762.345947265625
2013-10-17,1.9736900329589844,83.93266707037037,762.345947265625
2013-10-18,1.9660700559616089,83.08397863763551,762.345947265625
2013-10-21,1.9690899848937988,83.29389287307856,788.7658081054688
2013-10-22,1.9789899587631226,85.41784749753218,792.7197875976562
2013-10-23,1.9668200016021729,84.34874686627565,785.15185546875
2013-10-24,1.9737800359725952,85.68160201244939,788.4537963867188
2013-10-25,1.9795700311660767,86.07296794503347,792.7108154296875
2013-10-28,1.9815399646759033,86.13313717883264,795.6477661132812
2013-10-29,1.9823100566864014,85.73322588975722,795.6477661132812
2013-10-30,1.9901000261306763,86.31327455914229,789.1897583007812
2013-10-31,1.9928900003433228,84.80682739241182,776.1998901367188
2013-11-01,1.9959900379180908,84.2649370668902,765.0079956054688
2013-11-04,2.0152900218963623,85.17691621790286,762.3379516601562
2013-11-05,2.0146899223327637,84.72404772489446,747.4390258789062
2013-11-06,2.028899908065796,85.95435593392772,757.6819458007812
2013-11-07,2.0342600345611572,85.57319526369604,758.1109619140625
2013-11-08,2.0346899032592773,84.0278161858486,739.1790771484375
2013-11-11,2.038789987564087,83.96771984084091,721.3961791992188
2013-11-12,2.0419399738311768,83.44751718889381,719.042236328125
2013-11-13,2.0530099868774414,83.71510172814273,723.2661743164062
2013-11-14,2.0415899753570557,84.42435502812334,739.7440795898438
2013-11-15,2.03439998626709,84.1989873055303,742.72802734375
2013-11-18,2.0301599502563477,83.03790215208005,755.9729614257812
2013-11-19,2.0203299522399902,82.71378496011269,746.1730346679688
2013-11-20,2.0093400478363037,81.26252335683894,753.81298828125
2013-11-21,2.0146400928497314,80.54414954775639,746.7890625
2013-11-22,2.0151400566101074,80.59653191515339,756.376953125
2013-11-25,2.007309913635254,80.09620411870445,765.3099365234375
2013-11-26,2.006309986114502,80.07565919413314,755.6279907226562
2013-11-27,2.0109899044036865,80.02968803715818,748.9560546875
2013-11-28,2.0243899822235107,80.5629597583368,745.800048828125
2013-11-29,2.013000011444092,80.93808623359021,757.4789428710938
2013-12-02,2.018929958343506,79.33956585798484,749.508056640625
2013-12-03,2.038059949874878,80.05201155006647,730.87109375
2013-12-04,2.042109966278076,81.95095600803427,730.8831176757812
2013-12-05,2.047339916229248,81.17348480801644,719.9151611328125
2013-12-06,2.035099983215332,80.49845222305976,733.7800903320312
2013-12-09,2.024049997329712,80.38674298815116,742.3250122070312
2013-12-10,2.0312600135803223,82.44289841127551,741.1760864257812
2013-12-11,2.0257999897003174,81.9672797928802,739.6541137695312
2013-12-12,2.042409896850586,80.50523360839836,730.714111328125
2013-12-13,2.042069911956787,81.1286733163328,740.6461181640625
2013-12-16,2.0416200160980225,81.75407044384352,748.4300537109375
2013-12-17,2.026400089263916,80.21295645044502,709.4572143554688
2013-12-18,2.0348598957061768,80.86839961429447,714.169189453125
2013-12-19,2.055299997329712,78.9648591576191,690.996337890625
2013-12-20,2.0718700885772705,80.27426473424865,695.724365234375
2013-12-23,2.090100049972534,80.53035674168238,680.857421875
2013-12-24,2.097209930419922,81.25605272550142,689.974365234375
2013-12-25,2.0762500762939453,80.44396663565625,660.9625244140625
2013-12-26,2.095289945602417,81.78794900256739,645.548583984375
2013-12-27,2.122030019760132,82.96817577516751,638.8485717773438
2013-12-30,2.1549999713897705,83.35654871531271,679.8533935546875
2013-12-31,2.1205599308013916,81.94257985762616,678.013427734375
2014-01-01,2.1476500034332275,82.98939320524242,678.013427734375
2014-01-02,2.146399974822998,84.53517993660432,669.8544311523438
2014-01-03,2.1686699390411377,86.34658174978983,659.6675415039062
2014-01-06,2.1749000549316406,86.55268359479405,680.2163696289062
2014-01-07,2.1695799827575684,85.75503347759627,685.9823608398438
2014-01-08,2.1659700870513916,85.3268363182384,673.3134155273438
2014-01-09,2.1834700107574463,86.29703380130452,664.1324462890625
2014-01-10,2.1769700050354004,87.25797415018471,679.1173706054688
2014-01-13,2.163749933242798,87.02026602534576,680.619384765625
2014-01-14,2.1784300804138184,87.2114401839867,680.7213745117188
2014-01-15,2.1819698810577393,86.855076003242,681.3424072265625
2014-01-16,2.189069986343384,87.27142550085347,668.4324340820312
2014-01-17,2.2062699794769287,88.78705051146159,656.3464965820312
2014-01-20,2.2332699298858643,89.87361107887385,657.6325073242188
2014-01-21,2.2386701107025146,89.41437419698099,663.1834716796875
2014-01-22,2.251270055770874,89.67876924140732,673.6693725585938
2014-01-23,2.258270025253296,91.67108777955104,654.28955078125
2014-01-24,2.2902700901031494,93.10998855226687,644.2716064453125
2014-01-27,2.329770088195801,94.64842948751945,645.68359375
2014-01-28,2.2797698974609375,91.69360817025841,635.4336547851562
2014-01-29,2.185770034790039,88.69994795392591,620.8837280273438
2014-01-30,2.2593600749969482,90.23347773854688,627.0106811523438
2014-01-31,2.2637500762939453,90.25596522400328,618.5786743164062
2014-02-03,2.2598700523376465,91.57619782786433,616.7487182617188
2014-02-04,2.276520013809204,91.61412671007369,627.3236694335938
2014-02-05,2.2358999252319336,90.38201762402659,624.4216918945312
2014-02-06,2.2365500926971436,90.42986615566268,645.49560546875
2014-02-07,2.207469940185547,89.65861987310173,646.1395874023438
2014-02-10,2.2182300090789795,90.91580445563667,640.4985961914062
2014-02-11,2.2115700244903564,91.73071952036265,642.8035888671875
2014-02-12,2.1919898986816406,91.28505225434712,645.1336059570312
2014-02-13,2.187570095062256,91.45968154794254,637.6466674804688
2014-02-14,2.182990074157715,92.57363022856032,648.8255615234375
2014-02-17,2.1786699295043945,92.39042670491412,655.988525390625
2014-02-18,2.1760900020599365,92.67980514972281,641.2536010742188
2014-02-19,2.1771700382232666,92.43881554564858,633.817626953125
2014-02-20,2.2117600440979004,93.65856254387116,636.806640625
2014-02-21,2.1991000175476074,93.60324615944323,638.8526000976562
2014-02-24,2.1768600940704346,93.66444194982749,641.8565673828125
2014-02-25,2.2000699043273926,94.99554331543679,621.2346801757812
2014-02-26,2.211250066757202,94.42610094348615,615.0267944335938
2014-02-27,2.2329299449920654,95.59597666618043,617.7886962890625
2014-02-28,2.2108700275421143,93.92652622278743,625.5297241210938
2014-03-03,2.227760076522827,96.6996905468772,611.8887939453125
2014-03-04,2.227570056915283,95.81054643076615,630.3036499023438
2014-03-05,2.2051799297332764,95.01766792012911,634.4436645507812
2014-03-06,2.201669931411743,95.68045843026793,640.03857421875
2014-03-07,2.178410053253174,93.71711990850652,630.9566650390625
2014-03-10,2.2028698921203613,95.00312592059595,627.3116455078125
2014-03-11,2.2177700996398926,96.00936997974875,630.6526489257812
2014-03-12,2.243459939956665,98.83817786636746,632.5826416015625
2014-03-13,2.23157000541687,98.45066479559053,633.4506225585938
2014-03-14,2.233259916305542,99.01346872812842,632.78564453125
2014-03-17,2.2207601070404053,98.02374669003645,641.974609375
2014-03-18,2.2185699939727783,96.9356060189048,655.7315063476562
2014-03-19,2.216670036315918,95.59828446419513,654.8674926757812
2014-03-20,2.2376298904418945,95.71805646415807,652.6105346679688
2014-03-21,2.2303600311279297,95.80146933904268,645.7905883789062
2014-03-24,2.234999895095825,94.2187134347836,637.1016235351562
2014-03-25,2.2361600399017334,94.28200462716042,646.9616088867188
2014-03-26,2.215480089187622,92.84025277978414,677.3043823242188
2014-03-27,2.1905100345611572,91.18116079501768,670.48046875
2014-03-28,2.1836700439453125,90.83326344240871,691.1693115234375
2014-03-31,2.1757800579071045,89.77755491946591,697.3592529296875
2014-04-01,2.1373701095581055,87.93154275270193,708.5701904296875
2014-04-02,2.1365699768066406,88.64737264516758,706.4762573242188
2014-04-03,2.1266698837280273,87.81953319018534,715.4442138671875
2014-04-04,2.1325700283050537,89.352167979737,725.8251342773438
2014-04-07,2.112260103225708,88.14807381764011,724.8871459960938
2014-04-08,2.1107099056243896,88.80948929955251,739.4611206054688
2014-04-09,2.0933001041412354,87.86160033296518,724.2821655273438
2014-04-10,2.101409912109375,89.18839274266989,731.4981079101562
2014-04-11,2.110179901123047,89.46562710225004,727.359130859375
2014-04-14,2.11641001701355,90.30814124584212,737.7451171875
2014-04-15,2.1211700439453125,88.65629453691405,724.3761596679688
2014-04-16,2.1419599056243896,89.73870788577489,723.9901733398438
2014-04-17,2.1348299980163574,88.7742270662218,735.6140747070312
2014-04-18,2.1268699169158936,88.44321708053923,734.756103515625
2014-04-21,2.12992000579834,88.20026580507859,734.4630737304688
2014-04-22,2.1325600147247314,87.80221848962456,731.6961059570312
2014-04-23,2.141350030899048,88.41196666363754,731.6961059570312
2014-04-24,2.1509900093078613,89.24566711179754,723.9091796875
2014-04-25,2.1339499950408936,89.2384668719891,713.8832397460938
2014-04-28,2.1352200508117676,89.16801569369366,723.9811401367188
2014-04-29,2.1275599002838135,88.64975423241185,723.1461791992188
2014-04-30,2.121000051498413,88.34914446731449,738.7111206054688
2014-05-01,2.1110799312591553,87.08751774747488,738.7111206054688
2014-05-02,2.1058599948883057,88.19242779522914,751.5870361328125
2014-05-05,2.1039700508117676,88.54620208377204,747.60400390625
2014-05-06,2.0991899967193604,88.297792055796,751.8990478515625
2014-05-07,2.0891900062561035,86.55393094204831,749.6680297851562
2014-05-08,2.080579996109009,86.11695589840848,757.81298828125
2014-05-09,2.075860023498535,85.91491985178571,755.6259765625
2014-05-12,2.075269937515259,86.44428055939039,759.3519897460938
2014-05-13,2.0806798934936523,86.60273407555528,757.760986328125
2014-05-14,2.067389965057373,86.78737043833127,760.4739990234375
2014-05-15,2.0706799030303955,86.1132816104238,752.280029296875
2014-05-16,2.0981900691986084,87.24385740978498,750.0890502929688
2014-05-19,2.0964300632476807,87.19762954197358,750.0890502929688
2014-05-20,2.0950100421905518,87.1924542130522,752.5490112304688
2014-05-21,2.111569881439209,87.44038475713991,764.5419921875
2014-05-22,2.0929598808288574,87.13404603285613,780.4278564453125
2014-05-23,2.081279993057251,86.42696764737877,780.6018676757812
2014-05-26,2.0793299674987793,86.34599113464824,786.02783203125
2014-05-27,2.082429885864258,84.72058862871398,775.327880859375
2014-05-28,2.100830078125,85.05716141149408,779.9498291015625
2014-05-29,2.0972700119018555,84.71073732403309,792.9957885742188
2014-05-30,2.0871899127960205,83.58556768279898,792.893798828125
2014-06-02,2.0954198837280273,83.78714958371641,786.4838256835938
2014-06-03,2.1070098876953125,84.29123751798413,788.1787719726562
2014-06-04,2.116990089416504,84.67007479010822,783.8428344726562
2014-06-05,2.1143898963928223,85.17789123989925,798.0258178710938
2014-06-06,2.0973598957061768,84.43115000590379,803.9717407226562
2014-06-09,2.077199935913086,83.71309079901147,807.5337524414062
2014-06-10,2.0858700275421143,84.48499887622543,816.7156372070312
2014-06-11,2.0786800384521484,84.26061034862693,790.2017822265625
2014-06-12,2.1131300926208496,86.52667495207369,798.3388061523438
2014-06-13,2.1111700534820557,86.45320282397861,790.11181640625
2014-06-16,2.123159885406494,87.02610927193716,776.452880859375
2014-06-17,2.142469882965088,87.5971786311481,780.15283203125
2014-06-18,2.149009943008423,87.91294561544457,780.9248657226562
2014-06-19,2.1233201026916504,89.68140290411952,790.5687866210938
2014-06-20,2.140170097351074,90.56510610166029,784.0028686523438
2014-06-23,2.1428799629211426,90.80379350009053,793.2608032226562
2014-06-24,2.1356101036071777,90.69485549837283,789.8568115234375
2014-06-25,2.141390085220337,91.02981549080543,789.9747924804688
2014-06-26,2.1294798851013184,90.10588598686932,781.036865234375
2014-06-27,2.1251699924468994,90.12166540863441,784.7198486328125
2014-06-30,2.12349009513855,90.24159054254906,784.8858642578125
2014-07-01,2.117300033569336,90.29166544659805,771.06591796875
2014-07-02,2.128070116043091,91.04514924393933,768.3139038085938
2014-07-03,2.1293299198150635,90.39391959456022,775.2808837890625
2014-07-04,2.127700090408325,90.32473037828397,775.3439331054688
2014-07-07,2.1321001052856445,90.24417794166415,789.5067749023438
2014-07-08,2.128469944000244,90.05631026425712,792.90380859375
2014-07-09,2.1238999366760254,90.3955773426712,794.5838012695312
2014-07-10,2.114880084991455,91.02479999075447,785.5118408203125
2014-07-11,2.1226799488067627,91.24449311346446,793.6397705078125
2014-07-14,2.1190199851989746,88.99564068780661,806.2117309570312
2014-07-15,2.1159799098968506,88.22847579227069,812.4466552734375
2014-07-16,2.123379945755005,88.72135051241415,822.7006225585938
2014-07-17,2.1204800605773926,89.76597464025551,817.82763671875
2014-07-18,2.139820098876953,90.06871795670274,823.140625
2014-07-21,2.1247799396514893,89.74306116582189,822.6986083984375
2014-07-22,2.1176700592041016,88.92532392256652,825.3005981445312
2014-07-23,2.105870008468628,88.32148877288168,828.5416259765625
2014-07-24,2.0875799655914307,86.62146229929084,838.2425537109375
2014-07-25,2.090240001678467,87.57187117706881,842.175537109375
2014-07-28,2.093100070953369,87.70515937678003,842.175537109375
2014-07-29,2.098180055618286,87.58073106433099,842.175537109375
2014-07-30,2.1122100353240967,87.93546791546935,842.175537109375
2014-07-31,2.1313700675964355,87.80119831151211,821.5646362304688
2014-08-01,2.1400699615478516,89.00588197503492,820.9346923828125
2014-08-04,2.130389928817749,88.19917396163356,818.9286499023438
2014-08-05,2.129699945449829,87.91726750872347,806.4147338867188
2014-08-06,2.151510000228882,90.38783456025466,794.3187866210938
2014-08-07,2.158519983291626,90.96687187921445,788.4287719726562
2014-08-08,2.167870044708252,91.22848407559103,791.9898071289062
2014-08-11,2.1372499465942383,89.91243927913453,772.7089233398438
2014-08-12,2.149169921875,90.43463593132405,778.267822265625
2014-08-13,2.1634700298309326,91.31459677529003,776.181884765625
2014-08-14,2.155179977416992,91.04091259648865,775.6948852539062
2014-08-15,2.1520800590515137,90.2595668343659,766.9169311523438
2014-08-18,2.165800094604492,90.36149234061413,773.4169311523438
2014-08-19,2.16336989402771,90.07926107796999,792.7547607421875
2014-08-20,2.162600040435791,89.92900943937192,788.664794921875
2014-08-21,2.1824700832366943,89.37296569365684,789.57080078125
2014-08-22,2.176680088043213,89.47877593937815,789.2918090820312
2014-08-25,2.1792500019073486,89.49334106595553,792.6198120117188
2014-08-26,2.178679943084717,89.92523083617651,807.5387573242188
2014-08-27,2.1648199558258057,89.22091578842091,804.6697387695312
2014-08-28,2.1533799171447754,89.22020332370853,808.3727416992188
2014-08-29,2.157180070877075,89.17653127348373,803.124755859375
2014-09-01,2.1602799892425537,89.30468004084739,808.2427368164062
2014-09-02,2.158560037612915,87.69984773845391,807.095703125
2014-09-03,2.1727399826049805,88.63921478202998,812.919677734375
2014-09-04,2.15775990486145,87.7644639015074,822.2556762695312
2014-09-05,2.1628201007843018,88.01896214828619,821.9266967773438
2014-09-08,2.157560110092163,86.89618353442017,821.9906616210938
2014-09-09,2.172450065612793,87.08379596774297,800.7977294921875
2014-09-10,2.1960299015045166,87.79600953336012,795.5017700195312
2014-09-11,2.1923699378967285,87.21972172514567,789.6597900390625
2014-09-12,2.1986000537872314,86.93742697219525,778.203857421875
2014-09-15,2.2203500270843506,88.0615923996814,779.1768798828125
2014-09-16,2.2127699851989746,87.87478507796114,786.3418579101562
2014-09-17,2.2031800746917725,87.43728319925732,789.6768188476562
2014-09-18,2.225059986114502,87.68324839117906,774.9598999023438
2014-09-19,2.224220037460327,86.90644847460992,769.2149047851562
2014-09-22,2.2344300746917725,87.41314077155239,768.6948852539062
2014-09-23,2.2400801181793213,87.93665742752266,766.6849365234375
2014-09-24,2.237070083618164,87.6458774504839,751.926025390625
2014-09-25,2.236949920654297,87.82815869201077,745.9030151367188
2014-09-26,2.259730100631714,88.2067375056753,746.3200073242188
2014-09-29,2.2639598846435547,88.61932449896403,746.4530029296875
2014-09-30,2.2794299125671387,88.71187837904164,749.3740234375
2014-10-01,2.277780055999756,88.94791905757998,741.5410766601562
2014-10-02,2.283220052719116,89.13098771926622,738.5761108398438
2014-10-03,2.267270088195801,86.90466630573685,743.8400268554688
2014-10-06,2.2933199405670166,88.97227194057602,743.8400268554688
2014-10-07,2.266580104827881,88.2992268505823,743.8400268554688
2014-10-08,2.2740700244903564,88.12309584313026,729.43115234375
2014-10-09,2.2619500160217285,89.05698504659668,752.0760498046875
2014-10-10,2.2699899673461914,89.11079943188707,734.9370727539062
2014-10-13,2.2843799591064453,90.28528606978453,751.1530151367188
2014-10-14,2.270359992980957,90.04504418835815,746.862060546875
2014-10-15,2.273289918899536,90.92867145506682,748.5560302734375
2014-10-16,2.2695701122283936,90.51719980771689,745.7550048828125
2014-10-17,2.260859966278076,90.00990263589932,755.3289794921875
2014-10-20,2.244839906692505,89.78349201618713,763.3099975585938
2014-10-21,2.243259906768799,90.22515611965751,776.451904296875
2014-10-22,2.243839979171753,89.80121580000633,780.8038330078125
2014-10-23,2.2452399730682373,88.68060851397205,794.9428100585938
2014-10-24,2.2350499629974365,88.47214639217917,794.1668090820312
2014-10-27,2.230910062789917,88.15765118747116,792.3497924804688
2014-10-28,2.229569911956787,88.11185965925263,795.8867797851562
2014-10-29,2.2060298919677734,86.8340381131528,795.8867797851562
2014-10-30,2.2144999504089355,85.30205078270951,798.9818115234375
2014-10-31,2.198539972305298,82.7787904220246,805.792724609375
2014-11-03,2.227260112762451,83.73842269329425,800.2747192382812
2014-11-04,2.2329599857330322,83.8091385812004,802.677734375
2014-11-05,2.220720052719116,81.77898958642191,789.5567626953125
2014-11-06,2.2437899112701416,82.4049166558084,775.0989379882812
2014-11-07,2.266160011291504,85.21551252689797,779.5738525390625
2014-11-10,2.2559800148010254,84.1073953119627,777.4298706054688
2014-11-11,2.25819993019104,84.4224922947517,784.0298461914062
2014-11-12,2.2554900646209717,84.03837159660229,803.9447021484375
2014-11-13,2.2506299018859863,84.01647159106852,808.7567138671875
2014-11-14,2.242460012435913,85.43460108143961,812.1116943359375
2014-11-17,2.229480028152466,84.79672298308445,804.9937133789062
2014-11-18,2.229979991912842,85.79796316930107,813.294677734375
2014-11-19,2.220439910888672,85.2096073890964,814.6116943359375
2014-11-20,2.2309999465942383,85.40683612693797,825.1146240234375
2014-11-21,2.22025990486145,85.48109492731,832.8135986328125
2014-11-24,2.220979928970337,85.36600398939147,832.515625
2014-11-25,2.228800058364868,85.78123026201295,835.300537109375
2014-11-26,2.218369960784912,85.34413943497687,842.4285278320312
2014-11-27,2.209559917449951,85.00520337827825,846.8804931640625
2014-11-28,2.205780029296875,83.34215064946339,861.6824340820312
2014-12-01,2.219399929046631,86.9107693210988,861.4684448242188
2014-12-02,2.213469982147217,85.34065601978405,849.1474609375
2014-12-03,2.2295100688934326,86.62571473492414,849.146484375
2014-12-04,2.2383599281311035,86.89760358860924,862.33642578125
2014-12-05,2.2332799434661865,85.45103947130299,852.3944702148438
2014-12-08,2.258929967880249,86.76655432112845,848.1824951171875
2014-12-09,2.2675700187683105,89.78129400592134,835.2685546875
2014-12-10,2.2649600505828857,89.48862544273746,841.258544921875
2014-12-11,2.2647500038146973,89.20363220800351,847.177490234375
2014-12-12,2.279939889907837,89.5746956280604,832.2595825195312
2014-12-15,2.302309989929199,89.35806283617758,828.0396118164062
2014-12-16,2.354749917984009,90.38648334014242,791.9077758789062
2014-12-17,2.3595499992370605,90.60107959879832,808.2026977539062
2014-12-18,2.3357300758361816,89.71648231074207,832.2576293945312
2014-12-19,2.3216700553894043,89.26600787440599,835.7315673828125
2014-12-22,2.312649965286255,87.7146639807685,851.4334716796875
2014-12-23,2.3127100467681885,87.58310867107872,844.8755493164062
2014-12-24,2.318660020828247,87.48042935495837,848.2124633789062
2014-12-25,2.3133599758148193,87.28046462998346,848.240478515625
2014-12-26,2.317739963531494,89.07019118684687,849.468505859375
2014-12-29,2.319770097732544,88.13388239974674,841.0135498046875
2014-12-30,2.3167600631713867,89.39750557639006,845.3665161132812
2014-12-31,2.32273006439209,88.41063481412291,857.2064208984375
2015-01-01,2.331160068511963,88.73150809472891,857.2064208984375
2015-01-02,2.330980062484741,88.88203430825801,854.58447265625
2015-01-05,2.34224009513855,90.65934405198438,864.6213989257812
2015-01-06,2.330749988555908,91.36861044102338,869.0913696289062
2015-01-07,2.3236100673675537,90.43877026143035,867.7614135742188
2015-01-08,2.3175699710845947,90.03975789348216,876.891357421875
2015-01-09,2.2981998920440674,89.8487652105257,876.4793701171875
2015-01-12,2.2927699089050293,90.8675022025037,878.642333984375
2015-01-13,2.2842700481414795,90.64814673453635,883.1303100585938
2015-01-14,2.282370090484619,90.58008569505489,875.63037109375
2015-01-15,2.281219959259033,92.75672419783001,877.42333984375
2015-01-16,2.3053200244903564,94.64089879126026,874.1593627929688
2015-01-19,2.330970048904419,95.69391587295645,880.0603637695312
2015-01-20,2.331860065460205,97.02744652075306,892.000244140625
2015-01-21,2.3454599380493164,97.5556258083492,903.1232299804688
2015-01-22,2.3489699363708496,98.23026609679832,909.023193359375
2015-01-23,2.3262600898742676,96.67477085787834,907.356201171875
2015-01-26,2.36296010017395,97.19713890243887,914.1242065429688
2015-01-27,2.3560099601745605,97.84294212927584,911.4961547851562
2015-01-28,2.363140106201172,97.69839150764182,903.4111938476562
2015-01-29,2.3869199752807617,96.27951011020721,885.5733032226562
2015-01-30,2.415489912033081,99.28798535644844,889.4533081054688
2015-02-02,2.440200090408325,100.12324131460156,897.1232299804688
2015-02-03,2.430759906768799,98.44641715135619,875.0803833007812
2015-02-04,2.40159010887146,97.58161290069906,859.096435546875
2015-02-05,2.459939956665039,99.81012507631871,857.888427734375
2015-02-06,2.435810089111328,96.63047979881645,849.8695068359375
2015-02-09,2.4717600345611572,98.60497923304104,845.7384643554688
2015-02-10,2.4747300148010254,97.99146159791437,831.1596069335938
2015-02-11,2.494309902191162,97.75632230363227,834.29052734375
2015-02-12,2.498110055923462,97.99360259273718,860.8214111328125
2015-02-13,2.4674999713897705,97.30058401496788,858.0884399414062
2015-02-16,2.455970048904419,96.84592618133875,860.4004516601562
2015-02-17,2.454859972000122,95.34992114200146,844.2445678710938
2015-02-18,2.4514999389648438,94.55734425624054,854.4124755859375
2015-02-19,2.443310022354126,94.8227520482435,864.138427734375
2015-02-20,2.453200101852417,94.99362652317687,854.8844604492188
2015-02-23,2.452500104904175,94.64323936751371,862.87841796875
2015-02-24,2.471820116043091,95.11860585590516,866.9074096679688
2015-02-25,2.4628500938415527,95.0980745801503,867.3304443359375
2015-02-26,2.4872000217437744,96.72599821816235,859.1494140625
2015-02-27,2.504470109939575,97.63918511320074,841.4705200195312
2015-03-02,2.506089925765991,97.30752748018439,839.4645385742188
2015-03-03,2.520709991455078,97.57534778117942,843.0345458984375
2015-03-04,2.53262996673584,97.75991371489584,820.6676635742188
2015-03-05,2.5620200634002686,98.50723733244487,807.791748046875
2015-03-06,2.6057300567626953,97.52376084559606,803.0977172851562
2015-03-09,2.6226999759674072,98.35283218927596,806.44970703125
2015-03-10,2.6031200885772705,97.09130969845049,779.7708740234375
2015-03-11,2.6362900733947754,97.53175233431179,782.765869140625
2015-03-12,2.6112399101257324,96.72253722908617,782.9278564453125
2015-03-13,2.5859899520874023,95.82882812678379,766.4169311523438
2015-03-16,2.629879951477051,97.51444938513639,781.9528198242188
2015-03-17,2.622889995574951,96.83362676192445,800.302734375
2015-03-18,2.6107499599456787,96.64563690968757,799.4187622070312
2015-03-19,2.5696499347686768,96.58648306468615,819.2156372070312
2015-03-20,2.602289915084839,99.12688985025655,825.0596313476562
2015-03-23,2.5772199630737305,98.43706708671345,837.41552734375
2015-03-24,2.540570020675659,97.33943670609136,820.3216552734375
2015-03-25,2.5554299354553223,98.36887766642049,826.4876098632812
2015-03-26,2.5859899520874023,100.19375401887274,814.8196411132812
2015-03-27,2.6029999256134033,100.40926062502828,808.937744140625
2015-03-30,2.6113998889923096,99.473908595105,821.835693359375
2015-03-31,2.60260009765625,98.99645094594074,808.4557495117188
2015-04-01,2.5959599018096924,100.83042403582755,812.0806884765625
2015-04-02,2.596859931945801,100.26425179396573,816.7596435546875
2015-04-03,2.58870005607605,99.94920058972184,829.9385986328125
2015-04-06,2.566270112991333,100.5435625263446,831.297607421875
2015-04-07,2.570580005645752,100.05125121212875,824.6546020507812
2015-04-08,2.600939989089966,100.60574653574763,827.9896240234375
2015-04-09,2.59768009185791,99.68623769741917,835.1315307617188
2015-04-10,2.618769884109497,101.42170940452002,826.45361328125
2015-04-13,2.626620054244995,101.27816995865273,819.3716430664062
2015-04-14,2.6681900024414062,102.32344158036312,823.192626953125
2015-04-15,2.6868999004364014,103.79250664312171,813.5706787109375
2015-04-16,2.6975600719451904,103.90074963236735,824.3626098632812
2015-04-17,2.680619955062866,103.67057756811757,824.172607421875
2015-04-20,2.6809298992156982,102.87234024189998,823.0216064453125
2015-04-21,2.6955299377441406,104.247207803664,842.7725219726562
2015-04-22,2.6844699382781982,102.4385498506988,837.799560546875
2015-04-23,2.7123000621795654,104.15455689827627,837.799560546875
2015-04-24,2.7034499645233154,102.14587639022642,855.5084838867188
2015-04-27,2.7196600437164307,105.21539580432689,864.014404296875
2015-04-28,2.6773200035095215,104.49841607087816,862.0903930664062
2015-04-29,2.657259941101074,103.35663852920412,859.7794189453125
2015-04-30,2.656749963760376,100.99639018156569,839.4655151367188
2015-05-01,2.6734800338745117,100.95334286448836,839.4655151367188
2015-05-04,2.711280107498169,103.45290285548414,840.1845703125
2015-05-05,2.7133500576019287,104.09018780017765,833.8026123046875
2015-05-06,2.705080032348633,103.52072578933443,824.4096069335938
2015-05-07,2.693589925765991,102.39686189615898,825.6976318359375
2015-05-08,2.6877501010894775,102.75382447591424,840.5945434570312
2015-05-11,2.690999984741211,102.36761298726243,847.5234985351562
2015-05-12,2.6924901008605957,103.23801593234603,853.6304931640625
2015-05-13,2.660099983215332,104.20261014012596,864.17041015625
2015-05-14,2.629689931869507,103.60319921276731,872.432373046875
2015-05-15,2.5910398960113525,102.0888129169358,876.0443725585938
2015-05-18,2.576119899749756,101.6914539746284,886.5142822265625
2015-05-19,2.582200050354004,100.19635423068917,886.5142822265625
2015-05-20,2.591020107269287,100.70520265999544,877.9063720703125
2015-05-21,2.5782198905944824,99.83468417306143,865.6454467773438
2015-05-22,2.59089994430542,100.3173575139712,858.034423828125
2015-05-25,2.599440097808838,100.64802471480603,845.6654663085938
2015-05-26,2.614449977874756,99.79182040844985,836.4895629882812
2015-05-27,2.637079954147339,100.54537855884914,842.9165649414062
2015-05-28,2.641079902648926,100.88469040004176,835.6915283203125
2015-05-29,2.6553099155426025,101.53923765406702,829.8076171875
2015-06-01,2.6595699787139893,101.60808705025636,804.2867431640625
2015-06-02,2.6808199882507324,102.91983482632156,814.1976928710938
2015-06-03,2.6721599102020264,101.77979054253645,833.9315795898438
2015-06-04,2.684530019760132,101.40512758231269,824.985595703125
2015-06-05,2.6688199043273926,100.20248571983863,819.4296875
2015-06-08,2.7522900104522705,103.81424938908621,778.0498657226562
2015-06-09,2.7501800060272217,104.0971934149527,781.4588623046875
2015-06-10,2.7506399154663086,104.89282352726522,797.4747924804688
2015-06-11,2.7324299812316895,103.6537431981927,808.44775390625
2015-06-12,2.7029099464416504,102.43832291682422,805.3207397460938
2015-06-15,2.716140031814575,103.50735165926153,789.509765625
2015-06-16,2.735729932785034,103.831696936124,801.833740234375
2015-06-17,2.73334002494812,103.3806893783948,807.1287231445312
2015-06-18,2.7107698917388916,104.71458276156311,819.3206787109375
2015-06-19,2.714560031890869,104.86099243869273,824.5396118164062
2015-06-22,2.6933701038360596,102.50107095338247,834.257568359375
2015-06-23,2.667180061340332,100.86122326796333,830.6806030273438
2015-06-24,2.6764800548553467,100.90312816820062,841.4025268554688
2015-06-25,2.6774799823760986,100.8461362661308,832.7666015625
2015-06-26,2.6539299488067627,100.07859249758592,835.45654296875
2015-06-29,2.6986498832702637,102.25083631854955,817.5576782226562
2015-06-30,2.7032999992370605,101.81863613761205,822.4906616210938
2015-07-01,2.681030035018921,100.76435484550352,816.8126831054688
2015-07-02,2.691610097885132,100.6427747308312,818.795654296875
2015-07-03,2.683619976043701,100.34401376497257,812.1656494140625
2015-07-06,2.7152199745178223,102.38981382807414,823.6546020507812
2015-07-07,2.6793100833892822,99.2697608150418,815.7186889648438
2015-07-08,2.686530113220215,100.4787439319467,803.8617553710938
2015-07-09,2.6844699382781982,100.03056435656539,822.8585815429688
2015-07-10,2.674269914627075,99.53870624155414,827.9146118164062
2015-07-13,2.668489933013916,99.10908548299439,833.8786010742188
2015-07-14,2.6459898948669434,98.11179690223837,830.4066162109375
2015-07-15,2.631319999694824,97.05178437048822,827.2745971679688
2015-07-16,2.6464500427246094,97.32054875141388,827.8936157226562
2015-07-17,2.6570301055908203,96.68451470881054,827.8936157226562
2015-07-20,2.656630039215088,94.52609303393747,813.1956787109375
2015-07-21,2.693700075149536,95.55930132249297,815.8316650390625
2015-07-22,2.6839399337768555,94.17757195331514,812.2196655273438
2015-07-23,2.7066900730133057,95.2021135845341,783.3618774414062
2015-07-24,2.7330501079559326,95.39116596113313,787.1168212890625
2015-07-27,2.744189977645874,96.74166285108431,773.5159301757812
2015-07-28,2.7681798934936523,97.56959031627068,780.23583984375
2015-07-29,2.7572999000549316,96.8669592218316,780.7938232421875
2015-07-30,2.7657599449157715,96.78181528026627,782.7108764648438
2015-07-31,2.7876598834991455,98.13072080316739,799.0927734375
2015-08-03,2.7670700550079346,96.91662306431961,781.6368408203125
2015-08-04,2.777329921722412,97.39204944815928,782.3448486328125
2015-08-05,2.779400110244751,97.01784570803383,781.3388671875
2015-08-06,2.7850399017333984,97.61764318747004,788.02685546875
2015-08-07,2.775279998779297,97.62354008097383,784.266845703125
2015-08-10,2.779670000076294,98.6805818752928,774.9489135742188
2015-08-11,2.766900062561035,98.5296973569319,797.19580078125
2015-08-12,2.7785799503326416,100.3392179189086,781.7438354492188
2015-08-13,2.7753500938415527,99.55336101030042,770.8508911132812
2015-08-14,2.8230600357055664,101.01061239600331,773.0859375
2015-08-17,2.8320000171661377,101.84947514142833,769.2199096679688
2015-08-18,2.8687500953674316,103.03279892928815,759.5969848632812
2015-08-19,2.891319990158081,104.86594789359603,752.9920043945312
2015-08-20,2.9261999130249023,108.47359620999927,746.8140258789062
2015-08-21,2.916640043258667,108.73810738198974,737.97412109375
2015-08-24,2.954200029373169,109.54954863610324,713.4161987304688
2015-08-25,2.946959972381592,107.84090847236477,735.0930786132812
2015-08-26,2.940500020980835,106.3187825101836,736.1550903320312
2015-08-27,2.927449941635132,105.63987608990043,748.1310424804688
2015-08-28,2.90939998626709,105.98939197868299,746.4120483398438
2015-08-31,2.9180500507354736,106.16378755351667,752.1000366210938
2015-09-01,2.915950059890747,106.7530082086331,735.693115234375
2015-09-02,2.9318900108337402,106.75214806273284,736.5570678710938
2015-09-03,2.941740036010742,106.27849389379396,740.037109375
2015-09-04,2.9702999591827393,107.01426083055247,729.4971313476562
2015-09-07,3.0353500843048096,109.35789317493989,718.6542358398438
2015-09-08,3.0300400257110596,109.14710301998996,720.51416015625
2015-09-09,3.0090999603271484,106.6320455686297,720.0291748046875
2015-09-10,3.0465500354766846,108.67417700134652,718.4612426757812
2015-09-11,3.017280101776123,107.04803614737736,713.5051879882812
2015-09-14,3.035799980163574,108.11501888195123,712.990234375
2015-09-15,3.055999994277954,108.35298094775435,731.7301025390625
2015-09-16,3.0297000408172607,109.01796060726625,741.4910888671875
2015-09-17,2.9977099895477295,107.68374998615063,749.8020629882812
2015-09-18,3.0071499347686768,110.03383115544824,750.9860229492188
2015-09-21,3.004349946975708,109.44841743115043,758.6029663085938
2015-09-22,3.003499984741211,108.63528165106378,749.9330444335938
2015-09-23,3.026819944381714,110.12102738165724,746.0980224609375
2015-09-24,3.0371100902557373,112.66313342335945,746.0980224609375
2015-09-25,3.047290086746216,112.276574643084,746.0980224609375
2015-09-28,3.0427401065826416,110.7393637581478,733.1461181640625
2015-09-29,3.0529000759124756,110.62818014137503,742.5730590820312
2015-09-30,3.038140058517456,108.96025319582112,742.0510864257812
2015-10-01,3.023319959640503,108.3023759836804,745.3060302734375
2015-10-02,3.0246100425720215,110.57546596253242,743.9630126953125
2015-10-05,2.996299982070923,109.63682339425024,769.0209350585938
2015-10-06,2.981920003890991,109.94473310282609,772.5819091796875
2015-10-07,2.9560000896453857,109.19813213955176,786.9778442382812
2015-10-08,2.937999963760376,108.12700869868256,786.6058349609375
2015-10-09,2.8928699493408203,107.54499216088884,792.144775390625
2015-10-12,2.933039903640747,109.84931777319356,792.9967651367188
2015-10-13,2.9286000728607178,109.76777880106982,783.5818481445312
2015-10-14,2.960930109024048,112.34084747282287,793.7977905273438
2015-10-15,2.9116899967193604,111.20281055794716,792.6287841796875
2015-10-16,2.8785998821258545,109.54107255472356,784.8318481445312
2015-10-19,2.894010066986084,109.169133792141,797.3407592773438
2015-10-20,2.905100107192993,110.0264576743243,804.9607543945312
2015-10-21,2.899970054626465,108.8625063089945,797.6488037109375
2015-10-22,2.895210027694702,108.59073569292205,802.5547485351562
2015-10-23,2.871880054473877,107.41100543662222,801.2437133789062
2015-10-26,2.9100100994110107,109.18326831426205,792.6187744140625
2015-10-27,2.888129949569702,108.34376086870927,786.620849609375
2015-10-28,2.9041500091552734,109.90643833891917,785.3588256835938
2015-10-29,2.9197499752044678,107.69003581554001,785.3588256835938
2015-10-30,2.9347000122070312,107.7036366947233,794.0858154296875
2015-11-02,2.8469998836517334,103.96330338596316,836.9315185546875
2015-11-03,2.8238298892974854,101.1561761465089,829.1345825195312
2015-11-04,2.8281400203704834,100.610443600879,836.8365478515625
2015-11-05,2.8633999824523926,101.67148425507253,829.5526123046875
2015-11-06,2.8589999675750732,99.97100953059449,819.2976684570312
2015-11-09,2.9200899600982666,102.13532042638812,820.4966430664062
2015-11-10,2.919830083847046,102.15438631255412,811.7366943359375
2015-11-11,2.914060115814209,101.62460383351008,817.1756591796875
2015-11-12,2.8732199668884277,99.84009132435116,821.4296875
2015-11-13,2.862920045852661,99.48218449205311,818.78369140625
2015-11-16,2.877929925918579,100.27207613914968,810.459716796875
2015-11-17,2.881230115890503,98.9975560360447,811.524658203125
2015-11-18,2.869040012359619,98.58794364942226,805.1377563476562
2015-11-19,2.8603599071502686,99.13572362943043,804.40771484375
2015-11-20,2.843519926071167,98.40580377915275,806.812744140625
2015-11-23,2.8299400806427,97.06239542849842,797.4437866210938
2015-11-24,2.8495500087738037,98.42209762772296,762.4259643554688
2015-11-25,2.874000072479248,98.91546216949973,768.3609008789062
2015-11-26,2.883699893951416,99.24930430578523,749.9720458984375
2015-11-27,2.9280900955200195,99.43088771087162,756.3799438476562
2015-11-30,2.925649881362915,100.25102597490935,752.3240356445312
2015-12-01,2.910449981689453,99.54303639889581,767.8508911132812
2015-12-02,2.8882598876953125,97.89263049432004,763.9459838867188
2015-12-03,2.8880999088287354,98.583617026475,754.5239868164062
2015-12-04,2.882390022277832,100.5016149037989,742.6490478515625
2015-12-07,2.8891899585723877,99.98630835578575,739.0850830078125
2015-12-08,2.91117000579834,100.73761536122063,731.0050659179688
2015-12-09,2.9098401069641113,100.81320842424512,745.8330078125
2015-12-10,2.912600040435791,100.48743814307869,723.5381469726562
2015-12-11,2.924329996109009,101.24941065168122,702.7992553710938
2015-12-14,2.967989921569824,101.59688538505341,693.0833129882812
2015-12-15,2.983989953994751,101.97190010617255,721.5641479492188
2015-12-16,2.962599992752075,102.67920948403675,728.3141479492188
2015-12-17,2.934999942779541,99.15598190503596,737.1151123046875
2015-12-18,2.9249000549316406,100.26293811792016,724.6001586914062
2015-12-21,2.910259962081909,101.23009706392162,733.278076171875
2015-12-22,2.911250114440918,100.5999892343943,731.01708984375
2015-12-23,2.9302499294281006,100.74780478305385,740.445068359375
2015-12-24,2.9168999195098877,101.0202855263651,740.5001220703125
2015-12-25,2.9151699542999268,100.96037206197367,741.89111328125
2015-12-28,2.915369987487793,100.3393049530015,742.4280395507812
2015-12-29,2.905400037765503,100.65004069292296,739.1220703125
2015-12-30,2.9047999382019043,99.00423886603988,732.0031127929688
2015-12-31,2.9200899600982666,99.5441518566949,717.2662353515625
2016-01-01,2.911900043487549,99.26496240913296,717.2662353515625
2016-01-04,2.9161500930786133,100.79743096030178,705.1802978515625
2016-01-05,2.964319944381714,102.77694472944629,706.8772583007812
2016-01-06,2.9850399494171143,104.79094615221756,711.9752197265625
2016-01-07,3.000999927520752,106.87567229352122,714.9552001953125
2016-01-08,3.0004000663757324,105.89931484788492,706.1282958984375
2016-01-11,3.0348000526428223,106.9866175100183,710.4862060546875
2016-01-12,3.034290075302124,105.90529141957137,717.4002075195312
2016-01-13,3.0319600105285645,106.00917939941851,725.0831298828125
2016-01-14,3.027100086212158,104.51566082553563,719.4021606445312
2016-01-15,3.0234999656677246,106.10221397998043,710.6162109375
2016-01-18,3.0500600337982178,107.03427353483546,710.3931884765625
2016-01-19,3.034830093383789,106.34370385556363,710.7282104492188
2016-01-20,3.0374200344085693,108.11412368183531,696.0363159179688
2016-01-21,3.040750026702881,107.45055315678542,685.6753540039062
2016-01-22,3.015929937362671,106.38925458588643,702.435302734375
2016-01-25,3.002350091934204,106.77896458914563,705.3862915039062
2016-01-26,3.0218100547790527,108.97693799399889,718.085205078125
2016-01-27,3.006769895553589,107.89318909511445,720.525146484375
2016-01-28,2.9990200996398926,107.56688957641423,724.2701416015625
2016-01-29,2.969510078430176,106.58482563239677,734.8070678710938
2016-02-01,2.9544999599456787,107.13844348559094,734.4730834960938
2016-02-02,2.945349931716919,106.74982306944226,725.0581665039062
2016-02-03,2.952660083770752,108.34379082033902,732.6701049804688
2016-02-04,2.9147000312805176,108.47836047553035,745.050048828125
2016-02-05,2.9116098880767822,108.38208145654829,742.0310668945312
2016-02-08,2.9143800735473633,112.24254380549597,720.0481567382812
2016-02-09,2.9459099769592285,113.53262962489002,714.148193359375
2016-02-10,2.9380500316619873,112.85187291999621,716.1382446289062
2016-02-11,2.919100046157837,117.11688455856915,709.4132080078125
2016-02-12,2.9306800365448,116.7523128179419,709.3702392578125
2016-02-15,2.93530011177063,116.93636718801379,710.0772094726562
2016-02-16,2.9457199573516846,114.3966180141171,709.4882202148438
2016-02-17,2.9763200283050537,115.89117345688386,728.0471801757812
2016-02-18,2.954900026321411,116.48215956826621,734.4611206054688
2016-02-19,2.9677999019622803,117.40097004615049,730.150146484375
2016-02-22,2.9509599208831787,114.75190973067997,748.93505859375
2016-02-23,2.9347000122070312,115.32734156016376,754.9939575195312
2016-02-24,2.9410300254821777,117.12681045412226,740.6680908203125
2016-02-25,2.9359099864959717,116.87570858341769,752.0150146484375
2016-02-26,2.9268200397491455,114.7824272958716,749.2860107421875
2016-02-29,2.987950086593628,118.53430272464121,758.1399536132812
2016-03-01,2.9629499912261963,117.19959229285713,759.5499877929688
2016-03-02,2.9344899654388428,117.09278455682886,767.8759155273438
2016-03-03,2.9251699447631836,118.25385438810773,768.2789306640625
2016-03-04,2.9099700450897217,118.80884888529035,771.9069213867188
2016-03-07,2.9048800468444824,117.97528681126254,774.8348999023438
2016-03-08,2.9154000282287598,118.2994294677692,776.8248291015625
2016-03-09,2.9117701053619385,117.6372512196272,787.3778686523438
2016-03-10,2.8930599689483643,118.31376792008356,790.2427978515625
2016-03-11,2.891050100326538,116.99534200705573,793.7977905273438
2016-03-14,2.871809959411621,114.89640662961946,801.104736328125
2016-03-15,2.8708200454711914,113.56461665202096,790.3067626953125
2016-03-16,2.8968698978424072,114.4926553881845,793.6878051757812
2016-03-17,2.8691399097442627,116.64370298749724,813.7666625976562
2016-03-18,2.8422698974609375,114.57354111978502,829.4296264648438
2016-03-21,2.8701400756835938,114.77423332675784,834.0225830078125
2016-03-22,2.8630800247192383,114.89691986611551,817.6566772460938
2016-03-23,2.8677499294281006,112.82541992426302,803.8327026367188
2016-03-24,2.875459909439087,112.91612852542507,813.5796508789062
2016-03-25,2.8754799365997314,112.91691496986058,813.5606689453125
2016-03-28,2.874269962310791,112.73078583424825,813.441650390625
2016-03-29,2.868340015411377,113.94604636180703,817.3316650390625
2016-03-30,2.8404200077056885,112.04241891749484,829.173583984375
2016-03-31,2.833009958267212,112.41502570973776,832.6755981445312
2016-04-01,2.8169000148773193,110.68899193464124,823.589599609375
2016-04-04,2.822999954223633,110.54749286235905,838.7245483398438
2016-04-05,2.8112399578094482,111.02696586580012,829.6365966796875
2016-04-06,2.829890012741089,111.22672820023409,815.108642578125
2016-04-07,2.839060068130493,112.83765227697641,811.6426391601562
2016-04-08,2.863800048828125,114.4010018380229,825.0166015625
2016-04-11,2.8496201038360596,115.13551353864257,839.8705444335938
2016-04-12,2.82778000831604,114.49856805538987,837.1935424804688
2016-04-13,2.832900047302246,113.55827856355837,856.9624633789062
2016-04-14,2.8441998958587646,112.01777524802633,857.8453979492188
2016-04-15,2.8498499393463135,112.98245826455302,855.7284545898438
2016-04-18,2.8524999618530273,113.13337352069003,863.4324340820312
2016-04-19,2.8381199836730957,114.33325315615248,862.5054321289062
2016-04-20,2.8299999237060547,114.02433058031532,855.4974975585938
2016-04-21,2.8104300498962402,112.8563387503144,856.7034912109375
2016-04-22,2.8310999870300293,111.83861674173302,858.2824096679688
2016-04-25,2.8454298973083496,113.33782915889908,851.0894775390625
2016-04-26,2.8432199954986572,113.55145689646923,857.5594482421875
2016-04-27,2.8194799423217773,113.2378737530646,853.7374877929688
2016-04-28,2.8171699047088623,114.62145785551675,854.7734985351562
2016-04-29,2.811110019683838,116.5168839556697,853.2734985351562
2016-05-02,2.792409896850586,116.23556696527125,838.2945556640625
2016-05-03,2.803499937057495,116.33665767101655,810.6937255859375
2016-05-04,2.844949960708618,116.46518635792935,793.82177734375
2016-05-05,2.954349994659424,120.76327922380686,786.9838256835938
2016-05-06,2.928070068359375,121.71305039201124,783.6768798828125
2016-05-09,2.9231998920440674,118.9448683268374,790.6167602539062
2016-05-10,2.941849946975708,119.54295239458922,788.0198364257812
2016-05-11,2.9491000175476074,120.85208450388761,790.2738037109375
2016-05-12,2.9519500732421875,120.56078326161808,783.037841796875
2016-05-13,2.9616100788116455,121.10765449372145,778.079833984375
2016-05-16,2.9714300632476807,121.65251869031704,769.992919921875
2016-05-17,2.973900079727173,122.02135246958873,772.7678833007812
2016-05-18,2.967400074005127,121.51614221446938,772.4349365234375
2016-05-19,2.986330032348633,120.41908405017953,772.4349365234375
2016-05-20,2.988110065460205,120.3179423194903,763.572998046875
2016-05-23,2.9744999408721924,119.6455962642652,767.6549072265625
2016-05-24,2.995270013809204,118.34318945124633,794.341796875
2016-05-25,2.948319911956787,115.97631817252493,786.0868530273438
2016-05-26,2.939120054244995,115.29314406508779,780.3518676757812
2016-05-27,2.937649965286255,114.64046397686421,780.2848510742188
2016-05-30,2.959249973297119,115.48339454025016,785.3478393554688
2016-05-31,2.9532699584960938,115.344976924902,778.0298461914062
2016-06-01,2.946700096130371,114.81363571435102,770.3449096679688
2016-06-02,2.942460060119629,114.44976688821305,762.7169799804688
2016-06-03,2.9481799602508545,117.54426018711833,781.390869140625
2016-06-06,2.906909942626953,116.31938668072804,785.923828125
2016-06-07,2.905319929122925,116.23708556050701,781.5718383789062
2016-06-08,2.8961598873138428,117.30455953355847,788.3228149414062
2016-06-09,2.891279935836792,118.07364551655328,777.1128540039062
2016-06-10,2.894629955291748,118.50826613526415,768.868896484375
2016-06-13,2.929409980773926,120.96819492419917,765.337890625
2016-06-14,2.9219799041748047,120.77410238300284,757.5909423828125
2016-06-15,2.9344799518585205,121.3096424963377,762.3699951171875
2016-06-16,2.9228100776672363,121.79510570536554,746.7130126953125
2016-06-17,2.9296200275421143,121.73980052399835,754.3009643554688
2016-06-20,2.91129994392395,120.74451195723618,775.2269287109375
2016-06-21,2.901319980621338,118.51164773673091,775.3099365234375
2016-06-22,2.9114999771118164,118.69345800240433,772.6708984375
2016-06-23,2.8893001079559326,117.15675583374589,779.8948364257812
2016-06-24,2.8641700744628906,121.55238150983058,753.6559448242188
2016-06-27,2.9411299228668213,125.05487559250152,751.6080322265625
2016-06-28,2.9364500045776367,124.17614848497158,769.2889404296875
2016-06-29,2.9061100482940674,123.69666320145541,767.1159057617188
2016-06-30,2.887860059738159,122.40920710734113,768.1679077148438
2016-07-01,2.881779909133911,123.84699676330283,779.516845703125
2016-07-04,2.901520013809204,124.69534492204997,783.8728637695312
2016-07-05,2.90487003326416,126.67917707136449,783.8728637695312
2016-07-06,2.924870014190674,128.3506728752973,783.8728637695312
2016-07-07,2.9371800422668457,128.43758753126303,783.8728637695312
2016-07-08,2.932919979095459,127.92126841147807,780.1908569335938
2016-07-11,2.891619920730591,125.97119271432317,792.3457641601562
2016-07-12,2.903409957885742,124.53386769756897,811.4116821289062
2016-07-13,2.8868799209594727,124.59522807325423,813.212646484375
2016-07-14,2.898900032043457,124.0794686838236,825.8936157226562
2016-07-15,2.8837599754333496,122.98640369772978,828.2496337890625
2016-07-18,2.9662599563598633,126.68605778921659,769.5718994140625
2016-07-19,2.9803099632263184,127.58315675200035,761.7739868164062
2016-07-20,3.0438899993896484,129.06207596645103,749.0240478515625
2016-07-21,3.0819098949432373,131.83343081074403,715.9462280273438
2016-07-22,3.0641698837280273,130.34555912844914,717.3801879882812
2016-07-25,3.0570499897003174,129.66920766735728,741.736083984375
2016-07-26,3.0352399349212646,128.88071226213896,736.8900756835938
2016-07-27,3.040060043334961,129.66205022804326,750.7530517578125
2016-07-28,3.013730049133301,129.09134636343447,752.43701171875
2016-07-29,3.0103600025177,130.56330134539127,754.0509643554688
2016-08-01,2.9863901138305664,129.75413290274543,767.1129150390625
2016-08-02,2.9887499809265137,131.10584168803075,758.0349731445312
2016-08-03,2.9913198947906494,130.42033328388538,745.5180053710938
2016-08-04,3.012120008468628,131.58868984465877,761.251953125
2016-08-05,3.009660005569458,129.31373333936858,760.6529541015625
2016-08-08,2.9954299926757812,128.41340766680605,777.786865234375
2016-08-09,2.980449914932251,128.30782503879897,785.244873046875
2016-08-10,2.9680299758911133,128.2789024229994,779.5528564453125
2016-08-11,2.9553699493408203,127.56069757390812,790.331787109375
2016-08-12,2.9595000743865967,127.10146266087274,782.2818603515625
2016-08-15,2.959700107574463,127.53825771050394,784.7218627929688
2016-08-16,2.941659927368164,127.72555281272865,777.0668334960938
2016-08-17,2.927500009536743,126.37658526727374,781.473876953125
2016-08-18,2.9177000522613525,126.75088553216573,779.704833984375
2016-08-19,2.9267001152038574,126.12564199758516,781.4518432617188
2016-08-22,2.9321000576019287,126.1038180232177,779.5288696289062
2016-08-23,2.9402201175689697,126.72718561673905,773.3319091796875
2016-08-24,2.9488000869750977,125.56113965251528,761.1589965820312
2016-08-25,2.950700044631958,125.23410731525624,767.8948974609375
2016-08-26,2.933340072631836,124.62934737193471,771.1929321289062
2016-08-29,2.9534599781036377,125.617125954933,761.1839599609375
2016-08-30,2.9507501125335693,124.43933250375963,761.1839599609375
2016-08-31,2.9632999897003174,124.5112874398552,759.6719970703125
2016-09-01,2.9570701122283936,124.75339614120304,758.5239868164062
2016-09-02,2.9610300064086914,125.86293179809859,768.8389282226562
2016-09-05,2.9502999782562256,125.40683618318671,777.911865234375
2016-09-06,2.945499897003174,127.78811493650879,779.94384765625
2016-09-07,2.9219000339508057,126.28515627858499,776.4279174804688
2016-09-08,2.933799982070923,126.0920462097308,778.4308471679688
2016-09-09,2.9530999660491943,126.28540816129588,770.5308837890625
2016-09-12,2.9683001041412354,126.06698402335981,770.5308837890625
2016-09-13,2.9695000648498535,125.92700453444007,770.5308837890625
2016-09-14,2.9815499782562256,126.67765030512972,770.5308837890625
2016-09-15,2.979300022125244,125.815762826097,770.5308837890625
2016-09-16,2.9661099910736084,124.52446095048812,760.198974609375
2016-09-19,2.977799892425537,125.75241238770373,776.703857421875
2016-09-20,2.975399971008301,125.67019134921803,773.1309204101562
2016-09-21,2.9763600826263428,126.97388609969731,779.1548461914062
2016-09-22,2.9540998935699463,127.3064307702585,797.9547729492188
2016-09-23,2.941819906234741,126.47455865010515,797.559814453125
2016-09-26,2.9883999824523926,128.71732475681202,767.2529296875
2016-09-27,2.980259895324707,127.04443769901395,771.6029052734375
2016-09-28,2.9732298851013184,126.12341321688233,776.7738647460938
2016-09-29,2.9779999256134033,126.5459628746952,770.763916015625
2016-09-30,2.997080087661743,126.54734758043206,764.8799438476562
2016-10-03,3.001569986343384,126.32196094084233,772.2499389648438
2016-10-04,3.0195999145507812,122.93534551536182,770.5739135742188
2016-10-05,3.058069944381714,124.3933944511686,778.5328369140625
2016-10-06,3.0516200065612793,122.6201177746932,778.94287109375
2016-10-07,3.0421900749206543,122.1531743643199,779.755859375
2016-10-10,3.0494000911712646,122.44267842242952,778.348876953125
2016-10-11,3.069380044937134,123.64953128446086,776.431884765625
2016-10-12,3.0812900066375732,123.9410951204032,774.60888671875
2016-10-13,3.085400104522705,124.49329275406288,768.0989379882812
2016-10-14,3.081929922103882,124.16500747973522,775.5379028320312
2016-10-17,3.092099905014038,124.70397853425915,774.3718872070312
2016-10-18,3.0952999591827393,125.4699419575061,783.3998413085938
2016-10-19,3.0945000648498535,126.14389723897462,792.0947875976562
2016-10-20,3.059499979019165,124.49091255813113,792.519775390625
2016-10-21,3.0597000122070312,124.52856817247539,788.4328002929688
2016-10-24,3.079969882965088,124.96735069371424,799.32177734375
2016-10-25,3.081779956817627,126.02170181217896,794.3287963867188
2016-10-26,3.070199966430664,124.84733446247566,793.9747924804688
2016-10-27,3.0803000926971436,125.56505096639758,787.3878784179688
2016-10-28,3.111299991607666,127.58895749017242,783.3248291015625
2016-10-31,3.1063098907470703,126.98484177294837,785.3578491210938
2016-11-01,3.0935800075531006,127.94641751710142,774.2819213867188
2016-11-02,3.113300085067749,130.80395142614626,771.7119140625
2016-11-03,3.1131200790405273,130.3259626381199,766.8099365234375
2016-11-04,3.1150999069213867,130.52903566464002,742.6680297851562
2016-11-07,3.1507599353790283,129.49078332794417,756.8159790039062
2016-11-08,3.16759991645813,129.68385586675984,763.6739501953125
2016-11-09,3.162400007247925,129.389624062137,762.0859985351562
2016-11-10,3.2091000080108643,130.56781584508974,763.5999755859375
2016-11-11,3.2476999759674072,132.13832268351644,751.738037109375
2016-11-14,3.2357699871063232,127.04429245125662,744.18701171875
2016-11-15,3.289599895477295,129.45392872391238,751.5020141601562
2016-11-16,3.2867000102996826,129.27641174923502,747.5870361328125
2016-11-17,3.31892991065979,129.8078427288773,751.3580322265625
2016-11-18,3.3750600814819336,131.13508474836968,756.385986328125
2016-11-21,3.3758699893951416,131.2859407061476,755.4319458007812
2016-11-22,3.3568599224090576,130.6977467499596,758.115966796875
2016-11-23,3.379470109939575,129.19857331884046,750.3650512695312
2016-11-24,3.396199941635132,129.838161868706,741.9271240234375
2016-11-25,3.4639999866485596,131.21624946159463,743.6310424804688
2016-11-28,3.4467999935150146,131.93884894396405,749.8980102539062
2016-11-29,3.410799980163574,130.26474125766532,742.0510864257812
2016-11-30,3.40939998626709,128.33686467426872,739.9481201171875
2016-12-01,3.435260057449341,128.87954876159563,725.1951293945312
2016-12-02,3.497339963912964,132.13059964987372,733.9050903320312
2016-12-05,3.5423500537872314,133.70581970344847,735.9931030273438
2016-12-06,3.5186100006103516,132.08574439561727,754.3289794921875
2016-12-07,3.446579933166504,130.2017914855448,760.303955078125
2016-12-08,3.3886001110076904,127.4449684220678,759.2890014648438
2016-12-09,3.4502999782562256,128.61182436144188,757.2689819335938
2016-12-12,3.5111000537872314,131.34100382855445,762.3919677734375
2016-12-13,3.468329906463623,128.98281651436096,769.9489135742188
2016-12-14,3.4857800006866455,130.14729805332206,768.804931640625
2016-12-15,3.5315001010894775,128.05073340444775,776.7818603515625
2016-12-16,3.507699966430664,128.0335635270354,775.8928833007812
2016-12-19,3.490730047225952,127.997737195531,771.5739135742188
2016-12-20,3.5327999591827393,128.51811383976946,778.0748291015625
2016-12-21,3.521699905395508,128.06901721715747,776.19091796875
2016-12-22,3.508229970932007,127.31976023561145,774.0429077148438
2016-12-23,3.506380081176758,127.60209299560996,769.7178955078125
2016-12-26,3.5090200901031494,127.6981666261736,770.2808837890625
2016-12-27,3.51104998588562,128.38160722702278,766.9899291992188
2016-12-28,3.5218000411987305,129.01246010652434,775.472900390625
2016-12-29,3.535330057144165,131.4403769477159,778.3548583984375
2016-12-30,3.5176000595092773,130.05739124007488,781.3828735351562
2017-01-02,3.534899950027466,130.69702581804574,777.5408325195312
2017-01-03,3.5418999195098877,132.14013706082721,766.1779174804688
2017-01-04,3.5922999382019043,134.41313175316753,761.4319458007812
2017-01-05,3.5693700313568115,135.37980136338305,763.8589477539062
2017-01-06,3.591909885406494,135.33394255955062,771.0618896484375
2017-01-09,3.6398301124572754,138.4969195779634,773.9398803710938
2017-01-10,3.7084898948669434,141.19290602095668,773.9329223632812
2017-01-11,3.7982499599456787,146.00246143939884,776.661865234375
2017-01-12,3.8740999698638916,149.32912850490584,808.9057006835938
2017-01-13,3.7634100914001465,144.62694764289722,815.2386474609375
2017-01-16,3.7377800941467285,143.64199299250495,817.1126708984375
2017-01-17,3.806030035018921,148.3083383684451,823.6235961914062
2017-01-18,3.7607998847961426,146.46123696967783,827.7886352539062
2017-01-19,3.806570053100586,146.97092191239997,822.9985961914062
2017-01-20,3.8269999027252197,148.1780561582205,830.6676025390625
2017-01-23,3.765429973602295,147.08947282224793,830.4736328125
2017-01-24,3.754499912261963,146.09517987158503,842.0745239257812
2017-01-25,3.781909942626953,145.5810747655673,831.2786254882812
2017-01-26,3.833400011062622,146.60180729368042,838.2605590820312
2017-01-27,3.859800100326538,147.43769688184798,838.26953125
2017-01-30,3.868000030517578,148.38514789481522,862.3704223632812
2017-01-31,3.7761900424957275,146.73278547971117,862.952392578125
2017-02-01,3.7725000381469727,146.22553583641513,868.4754028320312
2017-02-02,3.771559953689575,147.53506234011945,873.9373779296875
2017-02-03,3.7345099449157715,146.30187496197752,883.8903198242188
2017-02-06,3.7008299827575684,146.3507604864986,873.5743408203125
2017-02-07,3.687000036239624,146.30171089098158,874.7623901367188
2017-02-08,3.740689992904663,148.84105788394785,882.486328125
2017-02-09,3.7105000019073486,147.34156804756336,888.2973022460938
2017-02-10,3.6842000484466553,146.21430481292592,874.7283325195312
2017-02-13,3.6860198974609375,145.10144686102504,885.7783203125
2017-02-14,3.6707000732421875,144.4393688574538,880.8173217773438
2017-02-15,3.651900053024292,144.6154007425077,878.8153686523438
2017-02-16,3.6558799743652344,145.7485867575318,881.8643188476562
2017-02-17,3.6673998832702637,145.92486395419,888.29931640625
2017-02-20,3.6305999755859375,144.46060543499803,885.872314453125
2017-02-21,3.6234400272369385,144.16406622102693,889.6463012695312
2017-02-22,3.625230073928833,143.5942402327816,885.3082885742188
2017-02-23,3.5824999809265137,143.99798418916103,891.3792724609375
2017-02-24,3.5683000087738037,144.19587403811445,882.580322265625
2017-02-27,3.598989963531494,145.49391766233597,877.6493530273438
2017-02-28,3.6068999767303467,145.25705540512647,874.7783813476562
2017-03-01,3.642199993133545,146.24539554536892,893.1982421875
2017-03-02,3.6505000591278076,144.5834427624892,899.334228515625
2017-03-03,3.726759910583496,146.83698845532092,897.2162475585938
2017-03-06,3.709779977798462,146.04869493189565,910.4451904296875
2017-03-07,3.713330030441284,145.06622178634987,908.1311645507812
2017-03-08,3.6786000728607178,142.92887257228855,894.84423828125
2017-03-09,3.744070053100586,144.7383710275726,890.0213012695312
2017-03-10,3.7732601165771484,145.6605603142079,896.1092529296875
2017-03-13,3.7397799491882324,144.57252406343827,894.292236328125
2017-03-14,3.740999937057495,144.55954846504122,891.3602905273438
2017-03-15,3.740600109100342,144.32761906563812,894.4512329101562
2017-03-16,3.6739799976348877,144.875543495079,902.67822265625
2017-03-17,3.6280999183654785,143.45129830273706,904.9091796875
2017-03-20,3.628649950027466,143.91635956608727,909.0161743164062
2017-03-21,3.623300075531006,145.1603239397403,906.0601806640625
2017-03-22,3.6324000358581543,145.89861405182296,898.0862426757812
2017-03-23,3.6157000064849854,144.94884583278582,897.63623046875
2017-03-24,3.6328999996185303,145.79020374350648,903.8222045898438
2017-03-27,3.6015000343322754,145.36380892915543,896.9462280273438
2017-03-28,3.6150999069213867,145.90110726050017,901.812255859375
2017-03-29,3.6565499305725098,147.35061238287724,892.6922607421875
2017-03-30,3.643699884414673,145.84874229897818,892.8182373046875
2017-03-31,3.6542999744415283,146.54326801014466,889.4692993164062
2017-04-03,3.6284799575805664,145.91614796127914,886.6903076171875
2017-04-04,3.644200086593628,147.04040087691106,886.1212768554688
2017-04-05,3.6775999069213867,147.252978406451,890.3703002929688
2017-04-06,3.703900098800659,148.88956144436997,886.7852783203125
2017-04-07,3.70524001121521,149.41992788551642,884.9683227539062
2017-04-10,3.7279999256134033,149.95420502256357,912.4002075195312
2017-04-11,3.7281999588012695,152.37152106956324,909.0401611328125
2017-04-12,3.6949000358581543,151.4976191150496,909.5171508789062
2017-04-13,3.6470000743865967,150.77651983512507,898.7022094726562
2017-04-14,3.6677699089050293,151.63519910640736,900.6322631835938
2017-04-17,3.635699987411499,150.71846102627015,906.533203125
2017-04-18,3.7009201049804688,153.69583226628134,913.733154296875
2017-04-19,3.655410051345825,150.59535193910492,908.0361938476562
2017-04-20,3.6718499660491943,151.3316688193688,920.3890991210938
2017-04-21,3.6407999992370605,150.6957740416516,924.234130859375
2017-04-24,3.6126999855041504,148.1853430613134,938.0230102539062
2017-04-25,3.5751500129699707,145.47268857623285,946.343994140625
2017-04-26,3.5776898860931396,145.17344729346237,945.218017578125
2017-04-27,3.57069993019104,145.0734910036438,942.8200073242188
2017-04-28,3.5632998943328857,145.04778913049142,946.5479736328125
2017-05-01,3.5529000759124756,143.16233988530405,946.5479736328125
2017-05-02,3.5532000064849854,143.3800453772488,943.5540161132812
2017-05-03,3.522599935531616,141.15995452754774,938.6220092773438
2017-05-04,3.533799886703491,139.34784063021306,930.3800659179688
2017-05-05,3.5537099838256836,139.93872592186386,939.2789916992188
2017-05-08,3.5404300689697266,139.47270038359568,938.322021484375
2017-05-09,3.5845999717712402,139.9450197164664,953.2289428710938
2017-05-10,3.6225600242614746,141.77640762024552,961.9368896484375
2017-05-11,3.583899974822998,140.88556992688808,951.1359252929688
2017-05-12,3.5773000717163086,141.02866793980363,949.9589233398438
2017-05-15,3.5724000930786133,141.11115042164337,955.8729248046875
2017-05-16,3.5467000007629395,140.82577526459178,961.60986328125
2017-05-17,3.541749954223633,143.19129896751872,957.2449340820312
2017-05-18,3.5840001106262207,144.2311239400979,951.4679565429688
2017-05-19,3.622469902038574,145.89573100793507,951.4679565429688
2017-05-22,3.575659990310669,144.93013246714636,963.994873046875
2017-05-23,3.5659000873565674,143.8581382716169,977.1697998046875
2017-05-24,3.573780059814453,143.90027598701468,983.1328125
2017-05-25,3.558500051498413,143.67400898376687,977.1238403320312
2017-05-26,3.5673000812530518,145.38265776854956,975.3278198242188
2017-05-29,3.577199935913086,145.78611897148053,977.2548217773438
2017-05-30,3.5801000595092773,145.2712459273674,973.4708251953125
2017-05-31,3.552500009536743,145.28204260391072,975.4108276367188
2017-06-01,3.5281999111175537,143.72110172121918,973.65283203125
2017-06-02,3.5297999382019043,144.8984433729228,988.6737670898438
2017-06-05,3.505389928817749,144.17816345742966,981.914794921875
2017-06-06,3.524600028991699,146.67938860824862,983.309814453125
2017-06-07,3.5136001110076904,145.73586308388988,976.1597900390625
2017-06-08,3.550960063934326,145.7099845029049,979.7698364257812
2017-06-09,3.5309200286865234,144.00218806207837,989.4237670898438
2017-06-12,3.5387001037597656,144.04642933998403,994.415771484375
2017-06-13,3.515700101852417,143.07628918256253,992.9917602539062
2017-06-14,3.5173399448394775,143.93462001179293,996.357666015625
2017-06-15,3.48865008354187,140.450028590573,987.36474609375
2017-06-16,3.513000011444092,141.63364297750707,981.9208374023438
2017-06-19,3.500499963760376,140.02674567131706,993.3157348632812
2017-06-20,3.522200107574463,140.5324266883119,992.687744140625
2017-06-21,3.543800115585327,141.66769496157517,993.895751953125
2017-06-22,3.530600070953369,141.61674931519386,1000.7166748046875
2017-06-23,3.5129001140594482,141.87808290877723,996.3817138671875
2017-06-26,3.505160093307495,140.44982704324357,996.3817138671875
2017-06-27,3.5000500679016113,140.25632131699035,996.3817138671875
2017-06-28,3.5237998962402344,141.38930572147225,1006.1716918945312
2017-06-29,3.511699914932251,140.4747653058011,1001.897705078125
2017-06-30,3.5242300033569336,140.5794201000982,1004.398681640625
2017-07-03,3.5192999839782715,137.80299761787407,1005.2177124023438
2017-07-04,3.5546000003814697,139.18521797375917,1012.0726318359375
2017-07-05,3.5576999187469482,139.59255606914604,1007.4396362304688
2017-07-06,3.607300043106079,141.74745403400107,1006.2647094726562
2017-07-07,3.620990037918091,140.70212263651123,1000.8386840820312
2017-07-10,3.6201000213623047,141.07489985088176,1010.9666137695312
2017-07-11,3.6201000213623047,141.24948309817046,1031.820556640625
2017-07-12,3.615600109100342,141.59700370130818,1038.092529296875
2017-07-13,3.5692200660705566,139.57408460912572,1042.0965576171875
2017-07-14,3.5659899711608887,140.62864988074153,1051.7513427734375
2017-07-17,3.5334999561309814,140.05172789083065,1062.1644287109375
2017-07-18,3.5288000106811523,140.80709910794715,1057.1773681640625
2017-07-19,3.5243101119995117,140.63927014414259,1074.1693115234375
2017-07-20,3.521199941635132,140.92272121404352,1067.350341796875
2017-07-21,3.5267999172210693,142.22403614954632,1068.42236328125
2017-07-24,3.5315001010894775,142.36815994902054,1067.099365234375
2017-07-25,3.5559399127960205,143.10189577433087,1070.4012451171875
2017-07-26,3.5710999965667725,143.40199320693486,1072.0562744140625
2017-07-27,3.534250020980835,143.12669764309672,1083.9112548828125
2017-07-28,3.536520004272461,144.219205547929,1076.9912109375
2017-07-31,3.5322999954223633,143.84268934249113,1075.3082275390625
2017-08-01,3.517699956893921,143.92672462140456,1061.4683837890625
2017-08-02,3.5285000801086426,144.27786500465268,1065.2484130859375
2017-08-03,3.537760019302368,144.20153118503484,1071.5322265625
2017-08-04,3.539299964904785,143.1832854391651,1085.447265625
2017-08-07,3.5323500633239746,142.8907575416334,1097.80517578125
2017-08-08,3.5286600589752197,142.53728950907112,1096.3851318359375
2017-08-09,3.530289888381958,144.48724509814755,1087.1402587890625
2017-08-10,3.5386600494384766,146.04715651544157,1077.998291015625
2017-08-11,3.5422000885009766,146.6487977559991,1069.6253662109375
2017-08-14,3.5334999561309814,145.89099204685095,1095.3681640625
2017-08-15,3.5253000259399414,144.36235378352637,1069.12744140625
2017-08-16,3.53629994392395,145.1766355790165,1068.6143798828125
2017-08-17,3.516040086746216,145.41881310563616,1068.2474365234375
2017-08-18,3.528899908065796,145.87125048597835,1072.018310546875
2017-08-21,3.5164999961853027,145.9352923876763,1086.143310546875
2017-08-22,3.4962000846862793,144.45212414917583,1085.939208984375
2017-08-23,3.4958999156951904,144.8668312790731,1089.521240234375
2017-08-24,3.4819600582122803,144.0204997794492,1091.533203125
2017-08-25,3.485300064086914,144.83097827679637,1097.545166015625
2017-08-28,3.441699981689453,144.92241381088687,1103.3941650390625
2017-08-29,3.4558699131011963,145.8968507891831,1104.22509765625
2017-08-30,3.448590040206909,145.03514226375054,1104.22509765625
2017-08-31,3.4551000595092773,146.2087073679828,1100.09912109375
2017-09-01,3.4506499767303467,146.94120900153823,1100.09912109375
2017-09-04,3.4283199310302734,145.99031455140408,1100.09912109375
2017-09-05,3.4309000968933105,147.7216789825937,1088.7242431640625
2017-09-06,3.4367499351501465,147.38794098419174,1096.1121826171875
2017-09-07,3.428679943084717,148.27647395744034,1097.4241943359375
2017-09-08,3.402740001678467,147.25314007295694,1084.51123046875
2017-09-11,3.4091999530792236,145.8885700177937,1094.5740966796875
2017-09-12,3.411799907684326,145.6707533687458,1091.291259765625
2017-09-13,3.4326000213623047,146.05118240952257,1081.54931640625
2017-09-14,3.4584999084472656,147.29772083038972,1082.436279296875
2017-09-15,3.4321000576019287,145.69887632739378,1077.4112548828125
2017-09-18,3.4409499168395996,144.51470234483907,1065.34033203125
2017-09-19,3.4883999824523926,146.49630706342646,1049.17236328125
2017-09-20,3.488149881362915,147.13625940322294,1053.2314453125
2017-09-21,3.5048000812530518,145.4271994887643,1040.0064697265625
2017-09-22,3.50600004196167,145.7813437542539,1041.2235107421875
2017-09-25,3.4992001056671143,147.0173732520509,1022.6965942382812
2017-09-26,3.5434999465942383,147.76213065194358,1039.2874755859375
2017-09-27,3.541640043258667,146.13599491967125,1012.1776123046875
2017-09-28,3.577549934387207,147.85925830388075,1026.5054931640625
2017-09-29,3.558310031890869,146.60646891404983,1029.071533203125
2017-10-02,3.5622000694274902,145.75889705096907,1039.301513671875
2017-10-03,3.5671799182891846,145.8250443231372,1039.070556640625
2017-10-04,3.573699951171875,146.34434881317372,1045.4735107421875
2017-10-05,3.5732998847961426,145.89141450130654,1043.3375244140625
2017-10-06,3.586899995803833,146.6427233942596,1041.3695068359375
2017-10-09,3.706700086593628,152.75606770900148,1012.974609375
2017-10-10,3.7060999870300293,153.77988177471985,1033.9344482421875
2017-10-11,3.706820011138916,153.23771766262604,1038.154541015625
2017-10-12,3.64451003074646,151.5406626495085,1059.3173828125
2017-10-13,3.6568000316619873,153.01574553372052,1062.2513427734375
2017-10-16,3.6377999782562256,152.03357437422616,1064.7393798828125
2017-10-17,3.6454999446868896,150.3746018625968,1069.9034423828125
2017-10-18,3.665299892425537,150.82602992590242,1069.2584228515625
2017-10-19,3.673190116882324,151.97738039427577,1084.330322265625
2017-10-20,3.652400016784668,150.00163552689108,1084.8812255859375
2017-10-23,3.688390016555786,151.51528747749157,1073.0272216796875
2017-10-24,3.7130000591278076,152.20393445714967,1072.0572509765625
2017-10-25,3.737370014190674,153.25097842182296,1083.542236328125
2017-10-26,3.7586300373077393,153.02308099633956,1073.34228515625
2017-10-27,3.8183999061584473,155.72653498680182,1078.834228515625
2017-10-30,3.787100076675415,155.13186989353764,1084.6622314453125
2017-10-31,3.777250051498413,153.86615060197371,1101.420166015625
2017-11-01,3.7873001098632812,155.14006389999275,1130.237060546875
2017-11-02,3.8111801147460938,156.21629788725335,1129.9429931640625
2017-11-03,3.7992000579833984,154.69920984570786,1112.922119140625
2017-11-06,3.881200075149536,159.6478682753445,1141.65087890625
2017-11-07,3.8261499404907227,156.6822702390183,1122.7130126953125
2017-11-08,3.882930040359497,159.99366775207403,1118.93896484375
2017-11-09,3.865499973297119,159.77258737113888,1102.4591064453125
2017-11-10,3.8610498905181885,157.95006912274363,1089.48828125
2017-11-13,3.858109951019287,158.43760441176107,1088.5902099609375
2017-11-14,3.868499994277954,159.38665239176294,1101.4791259765625
2017-11-15,3.886359930038452,159.4977559018787,1077.1593017578125
2017-11-16,3.886359930038452,159.61021330438544,1069.7613525390625
2017-11-17,3.8631598949432373,160.94274858129475,1062.389404296875
2017-11-20,3.8683300018310547,158.5214951980392,1039.113525390625
2017-11-21,3.9265999794006348,161.72993835889517,1052.67236328125
2017-11-22,3.960400104522705,164.4590698253274,1059.63037109375
2017-11-23,3.9177000522613525,162.68591289899172,1050.25537109375
2017-11-24,3.921299934387207,162.2176421980258,1045.3885498046875
2017-11-27,3.950700044631958,164.33571497259481,1047.5914306640625
2017-11-28,3.905100107192993,162.55189667092296,1020.674560546875
2017-11-29,3.9644999504089355,163.41843489092054,1023.41259765625
2017-11-30,3.956049919128418,161.93812798777634,1039.8385009765625
2017-12-01,3.916440010070801,161.0218681534542,1035.58447265625
2017-12-04,3.9244000911712646,160.78136633499898,1052.1434326171875
2017-12-05,3.8749001026153564,157.17118249899465,1062.5943603515625
2017-12-06,3.8415000438690186,155.9646484469928,1053.0333251953125
2017-12-07,3.850100040435791,154.704622262119,1064.4693603515625
2017-12-08,3.8650500774383545,154.73371703194465,1079.207275390625
2017-12-11,3.837100028991699,153.4297142989881,1091.5592041015625
2017-12-12,3.8310699462890625,152.54810964936433,1090.4892578125
2017-12-13,3.8457999229431152,153.9877929469338,1081.5262451171875
2017-12-14,3.8129000663757324,153.7002038162475,1096.6580810546875
2017-12-15,3.884200096130371,156.63678911487557,1093.296142578125
2017-12-18,3.8559000492095947,156.474893624061,1102.47314453125
2017-12-19,3.8287599086761475,155.18888324197763,1101.76513671875
2017-12-20,3.8315999507904053,155.96921903164633,1104.5411376953125
2017-12-21,3.8216500282287598,155.71164876551876,1112.714111328125
2017-12-22,3.8176000118255615,156.54081207212843,1110.9891357421875
2017-12-25,3.8097000122070312,156.2168723320238,1110.9891357421875
2017-12-26,3.8064000606536865,157.14624479417782,1120.06103515625
2017-12-27,3.8070199489593506,157.52679519381047,1121.490966796875
2017-12-28,3.8148999214172363,158.72367724432428,1144.7989501953125
2017-12-29,3.776859998703003,158.62241872209637,1153.3238525390625
2018-01-01,3.7948999404907227,159.3800690456341,1153.3238525390625
2018-01-02,3.791100025177002,160.1224273140554,1175.2357177734375
2018-01-03,3.7655999660491943,159.34806344773943,1160.515869140625
2018-01-04,3.780600070953369,160.37178535906511,1154.9058837890625
2018-01-05,3.750269889831543,159.19370870362604,1166.372802734375
2018-01-08,3.7323501110076904,158.22903420042476,1163.038818359375
2018-01-09,3.7439000606536865,157.88813242084717,1150.221923828125
2018-01-10,3.7684199810028076,159.61279518303533,1135.8890380859375
2018-01-11,3.7987000942230225,161.28613344765773,1147.181884765625
2018-01-12,3.773550033569336,161.7712381850608,1146.43994140625
2018-01-15,3.7515599727630615,160.8285292418244,1121.5860595703125
2018-01-16,3.7999699115753174,163.1481959486997,1144.1778564453125
2018-01-17,3.7986700534820557,163.40992272763484,1165.9188232421875
2018-01-18,3.8151700496673584,162.647788379408,1168.5538330078125
2018-01-19,3.7654800415039062,161.24368509041483,1151.46484375
2018-01-22,3.823230028152466,163.59370931916644,1172.3487548828125
2018-01-23,3.7764999866485596,162.17695268272277,1183.9947509765625
2018-01-24,3.768199920654297,164.2677629338251,1196.4776611328125
2018-01-25,3.7493999004364014,164.23175899473168,1186.03466796875
2018-01-26,3.7596800327301025,163.37657949905775,1207.0126953125
2018-01-29,3.7499799728393555,162.95506421262647,1208.446533203125
2018-01-30,3.786400079727173,162.56558776051168,1193.024658203125
2018-01-31,3.7757198810577393,162.5440519792407,1195.2816162109375
2018-02-01,3.7562999725341797,162.34810347680428,1190.4376220703125
2018-02-02,3.7337000370025635,160.09888138121906,1181.187744140625
2018-02-05,3.771899938583374,161.65198830136922,1168.520751953125
2018-02-06,3.7867000102996826,161.44622924139335,1154.56689453125
2018-02-07,3.764709949493408,158.7536283004707,1155.6959228515625
2018-02-08,3.802500009536743,160.99514059168294,1142.62890625
2018-02-09,3.822619915008545,161.37997707885089,1135.89697265625
2018-02-12,3.8167500495910645,162.4942604306184,1148.2098388671875
2018-02-13,3.7976601123809814,162.15770902107062,1144.9388427734375
2018-02-14,3.804800033569336,165.81434390030816,1134.5440673828125
2018-02-15,3.7797300815582275,164.30861321061337,1162.249755859375
2018-02-16,3.7646000385284424,163.78403036051657,1165.103759765625
2018-02-19,3.74685001373291,163.01179145857262,1158.8138427734375
2018-02-20,3.7581899166107178,160.55694518937383,1134.322998046875
2018-02-21,3.797800064086914,162.39568168327023,1163.15380859375
2018-02-22,3.7918601036071777,162.2148298836144,1168.40283203125
2018-02-23,3.782399892807007,161.5182649199856,1175.208740234375
2018-02-26,3.787839889526367,162.05502133327815,1187.91259765625
2018-02-27,3.7850899696350098,160.08763820968235,1188.3096923828125
2018-02-28,3.815200090408325,161.36112395492955,1189.501708984375
2018-03-01,3.8029000759124756,159.3003553217678,1176.3148193359375
2018-03-02,3.8076999187469482,161.72946034032086,1168.5858154296875
2018-03-05,3.8101000785827637,161.46391308244793,1169.455810546875
2018-03-06,3.8106000423431396,163.3840604252442,1167.0927734375
2018-03-07,3.798799991607666,161.94990238628338,1168.417724609375
2018-03-08,3.8062899112701416,161.52272724331536,1165.664794921875
2018-03-09,3.823499917984009,162.56036731844387,1169.1387939453125
2018-03-12,3.812000036239624,161.70376134135924,1184.1077880859375
2018-03-13,3.8427000045776367,163.8090899701129,1182.6627197265625
2018-03-14,3.8698999881744385,164.7819582625173,1175.9207763671875
2018-03-15,3.8803000450134277,164.27666625111183,1172.0087890625
2018-03-16,3.8935399055480957,164.14869928655847,1172.15673828125
2018-03-19,3.918299913406372,165.88543145616245,1154.4969482421875
2018-03-20,3.9432899951934814,166.2207602496968,1164.311767578125
2018-03-21,3.932149887084961,166.9648163027827,1176.5067138671875
2018-03-22,3.9087700843811035,166.71353058372898,1171.0968017578125
2018-03-23,3.9738800525665283,172.39077753195392,1166.021728515625
2018-03-26,3.9814000129699707,173.3698225205741,1164.19677734375
2018-03-27,3.9655001163482666,171.0072982039277,1161.9588623046875
2018-03-28,3.979180097579956,169.40955490280754,1141.286865234375
2018-03-29,4.013299942016602,170.68154256792553,1148.43994140625
2018-03-30,3.9449000358581543,167.77256450416314,1149.2958984375
2018-04-02,3.9518399238586426,170.51985356407533,1144.4149169921875
2018-04-03,3.977099895477295,170.42065796088767,1145.9349365234375
2018-04-04,3.9893500804901123,171.33036578877542,1139.7498779296875
2018-04-05,3.999109983444214,170.27091955388346,1149.4698486328125
2018-04-06,4.03941011428833,172.97379490536557,1147.368896484375
2018-04-09,4.047100067138672,173.87560941147186,1131.5550537109375
2018-04-10,4.075500011444092,175.8426227067041,1107.12109375
2018-04-11,4.1095499992370605,179.22756519250478,1092.5262451171875
2018-04-12,4.1407999992370605,178.18080987903716,1102.34814453125
2018-04-13,4.114019870758057,177.87496979681742,1096.0341796875
2018-04-16,4.090789794921875,177.2256899917124,1106.87109375
2018-04-17,4.0929999351501465,177.2819558178586,1087.4422607421875
2018-04-18,4.093090057373047,177.81224253426618,1120.9840087890625
2018-04-19,4.017000198364258,173.93849770281705,1121.216064453125
2018-04-20,4.045820236206055,173.87264173442915,1109.319091796875
2018-04-23,4.078499794006348,173.41508118293422,1109.319091796875
2018-04-24,4.107699871063232,175.8320352571006,1100.5802001953125
2018-04-25,4.086480140686035,173.58359549051477,1074.00830078125
2018-04-26,4.081099987030029,172.7121421126268,1070.145263671875
2018-04-27,4.0658698081970215,172.5904835883848,1076.13720703125
2018-04-30,4.051660060882568,171.4532054044938,1042.822509765625
2018-05-01,4.056650161743164,170.04712263762465,1042.822509765625
2018-05-02,4.109000205993652,172.08299927692843,1047.2513427734375
2018-05-03,4.182720184326172,176.25962162978217,1029.08544921875
2018-05-04,4.223189830780029,178.2365677385022,1025.9864501953125
2018-05-07,4.241680145263672,178.94875108916045,1008.6566162109375
2018-05-08,4.26639986038208,179.9642039262877,993.6327514648438
2018-05-09,4.349599838256836,183.37584131332466,1007.8006591796875
2018-05-10,4.28439998626709,181.93565711449804,1023.8015747070312
2018-05-11,4.238140106201172,179.7259729637933,1018.5195922851562
2018-05-14,4.314199924468994,182.60466508796216,1033.698486328125
2018-05-15,4.350800037384033,180.2930948094261,1015.3986206054688
2018-05-16,4.453800201416016,184.7474657963326,1021.5735473632812
2018-05-17,4.428899765014648,183.42978960686094,1018.6885375976562
2018-05-18,4.461299896240234,185.05855959272242,1024.0975341796875
2018-05-21,4.493239879608154,186.3834575939673,1022.5715942382812
2018-05-22,4.577970027923584,190.11891464096325,1033.271484375
2018-05-23,4.734499931335449,196.2541512256675,1018.9115600585938
2018-05-24,4.572199821472168,191.64327757330594,1011.3756103515625
2018-05-25,4.756100177764893,199.2902918935952,1031.9954833984375
2018-05-28,4.703100204467773,197.06948498163916,1065.2474365234375
2018-05-29,4.582300186157227,191.33001199277456,1051.12841796875
2018-05-30,4.5601701736450195,190.81651521529707,1038.6844482421875
2018-05-31,4.468599796295166,186.78368949046475,1006.5177001953125
2018-06-01,4.527910232543945,188.49127558593943,991.7067260742188
2018-06-04,4.646500110626221,193.1740537113451,992.4927368164062
2018-06-05,4.585000038146973,191.26585591639838,978.226806640625
2018-06-06,4.594900131225586,191.61974851809373,966.5718994140625
2018-06-07,4.559999942779541,190.3988844673925,986.2317504882812
2018-06-08,4.480299949645996,186.98465623653752,958.751953125
2018-06-11,4.472499847412109,186.77416242530518,966.60888671875
2018-06-12,4.520999908447266,188.24720276027068,953.06494140625
2018-06-13,4.586900234222412,191.2566439708687,935.0430297851562
2018-06-14,4.662799835205078,195.48574871340594,945.4030151367188
2018-06-15,4.739590167999268,194.22513583420567,945.4030151367188
2018-06-18,4.740499973297119,194.50627210609926,930.4280395507812
2018-06-19,4.706999778747559,193.04093760680948,944.364013671875
2018-06-20,4.743599891662598,193.87091326250763,945.5139770507812
2018-06-21,4.743100166320801,193.24051309868764,950.5669555664062
2018-06-22,4.735099792480469,192.9450252412998,958.5159301757812
2018-06-25,4.606969833374023,187.45738931770748,940.0780029296875
2018-06-26,4.686999797821045,189.3575909950076,944.0769653320312
2018-06-27,4.613999843597412,185.8446550822833,959.5429077148438
2018-06-28,4.621300220489502,185.39581207183195,962.264892578125
2018-06-29,4.5904998779296875,184.67673160251803,965.1958618164062
2018-07-02,4.589890003204346,182.95516099758774,967.7298583984375
2018-07-03,4.616099834442139,185.75113540566272,965.8768920898438
2018-07-04,4.675099849700928,188.12528679240282,972.2958374023438
2018-07-05,4.669589996337891,188.7593270983315,990.9647216796875
2018-07-06,4.604269981384277,185.67479744942432,987.333740234375
2018-07-09,4.578800201416016,185.20708028403155,992.5227661132812
2018-07-10,4.712470054626465,189.9623895893304,962.7418823242188
2018-07-11,4.714700222015381,188.38489771667778,912.8901977539062
2018-07-12,4.889969825744629,195.73399884424785,895.708251953125
2018-07-13,4.867599964141846,193.99349901819224,898.9722290039062
2018-07-16,4.854949951171875,193.25520973578043,897.4352416992188
2018-07-17,4.852910041809082,191.2393010846655,916.2911376953125
2018-07-18,4.800300121307373,189.2587095712343,923.215087890625
2018-07-19,4.796090126037598,188.4913494352855,930.0240478515625
2018-07-20,4.801030158996582,189.78142590018157,940.8179931640625
2018-07-23,4.777910232543945,188.02263811576796,953.0469360351562
2018-07-24,4.7368998527526855,186.39355202568782,921.3331298828125
2018-07-25,4.881100177764893,193.2447113047462,953.680908203125
2018-07-26,4.796599864959717,188.95860751182724,948.16796875
2018-07-27,4.869939804077148,191.42502565851774,955.8429565429688
2018-07-30,4.851329803466797,190.49075910605998,961.5718994140625
2018-07-31,4.882780075073242,192.10242382529717,969.516845703125
2018-08-01,4.917900085449219,192.5670948328813,972.1008911132812
2018-08-02,4.981249809265137,193.87853127409554,945.427978515625
2018-08-03,5.091599941253662,198.76285305695237,956.0999145507812
2018-08-06,5.10099983215332,198.21139976544035,941.7349853515625
2018-08-07,5.261499881744385,204.6171694022673,961.6048583984375
2018-08-08,5.2591400146484375,205.03265077453412,969.73388671875
2018-08-09,5.308899879455566,206.85311600057918,971.8458862304688
2018-08-10,5.552000045776367,216.18233060243645,949.3909301757812
2018-08-13,6.817800045013428,261.1296325662671,926.841064453125
2018-08-14,6.9532999992370605,266.699467876278,934.1820678710938
2018-08-15,6.374899864196777,241.33761763440467,902.625244140625
2018-08-16,5.956989765167236,225.26760881962036,871.4273681640625
2018-08-17,5.85099983215332,221.31597095273463,887.3433227539062
2018-08-20,6.007999897003174,229.24412272325418,901.855224609375
2018-08-21,6.098499774932861,233.8344778785595,901.855224609375
2018-08-22,6.079699993133545,233.83688005034838,901.855224609375
2018-08-23,6.0279998779296875,230.04600302546461,901.855224609375
2018-08-24,6.093800067901611,236.3383966260564,901.855224609375
2018-08-27,5.980720043182373,232.4719254169945,912.835205078125
2018-08-28,6.1552300453186035,238.93854090349487,938.6640014648438
2018-08-29,6.26609992980957,242.65813704102843,932.8020629882812
2018-08-30,6.473400115966797,249.27069309915098,932.8020629882812
2018-08-31,6.734099864959717,259.8723743863108,927.2290649414062
2018-09-03,6.583799839019775,254.07221914736405,939.1510009765625
2018-09-04,6.633699893951416,254.37695242029758,931.8880615234375
2018-09-05,6.666200160980225,256.0947396628771,927.905029296875
2018-09-06,6.5808000564575195,253.44866488641236,927.6280517578125
2018-09-07,6.583700180053711,252.65016394223292,932.737060546875
2018-09-10,6.4217000007629395,246.3095182506852,916.9780883789062
2018-09-11,6.468299865722656,248.5960042246802,923.8861083984375
2018-09-12,6.434360027313232,249.2154648424298,922.2691040039062
2018-09-13,6.348199844360352,245.32725297542535,944.18701171875
2018-09-14,6.128699779510498,235.46534108749964,947.5910034179688
2018-09-17,6.161399841308594,237.65271074857552,943.4719848632812
2018-09-18,6.323299884796143,243.307846733612,948.864013671875
2018-09-19,6.39870023727417,247.31998369361878,966.0328979492188
2018-09-20,6.247379779815674,242.27463743198754,961.2058715820312
2018-09-21,6.221399784088135,239.2669030156394,979.8768310546875
2018-09-24,6.300930023193359,242.95354813697477,995.4686889648438
2018-09-25,6.153299808502197,237.39964216897252,992.9197387695312
2018-09-26,6.191999912261963,237.6982621004319,991.4837646484375
2018-09-27,6.107500076293945,232.1570768055077,1002.981689453125
2018-09-28,6.00570011138916,230.063873285006,999.5636596679688
2018-10-01,6.044000148773193,230.67604703811662,985.3667602539062
2018-10-02,5.937600135803223,229.5359219461069,981.601806640625
2018-10-03,5.987820148468018,230.68803113100634,971.8739013671875
2018-10-04,6.0517802238464355,232.93812556438573,944.9630126953125
2018-10-05,6.185500144958496,238.88059131923325,948.8300170898438
2018-10-08,6.163899898529053,234.71709583499114,960.8678588867188
2018-10-09,6.1178998947143555,233.5161784454901,967.3128662109375
2018-10-10,6.105199813842773,233.44364578612277,944.4019775390625
2018-10-11,6.0802998542785645,239.1771624321965,947.469970703125
2018-10-12,5.917479991912842,231.74505228283974,966.56884765625
2018-10-15,5.879899978637695,231.84238035441396,986.3077392578125
2018-10-16,5.780200004577637,228.0785039578974,984.6587524414062
2018-10-17,5.6915998458862305,223.92368876495672,989.9047241210938
2018-10-18,5.587490081787109,220.33072115073512,974.5347900390625
2018-10-19,5.6356000900268555,222.01041893953064,964.5408935546875
2018-10-22,5.650700092315674,221.86039117214494,946.81201171875
2018-10-23,5.665900230407715,224.67958533645788,934.68505859375
2018-10-24,5.747220039367676,226.86954988864954,926.9170532226562
2018-10-25,5.700769901275635,225.27420214699086,937.4720458984375
2018-10-26,5.6356000900268555,223.31496812121142,905.41015625
2018-10-29,5.589399814605713,220.04662089426256,905.41015625
2018-10-30,5.559619903564453,218.53460730673373,899.9942626953125
2018-10-31,5.480899810791016,213.6253189590885,902.0022583007812
2018-11-01,5.584000110626221,221.89863316777883,923.869140625
2018-11-02,5.524799823760986,218.64022498915577,941.2249755859375
2018-11-05,5.431000232696533,214.73610208998198,959.471923828125
2018-11-06,5.320099830627441,209.32494518277244,947.27197265625
2018-11-07,5.361199855804443,211.35573171540412,954.9279174804688
2018-11-08,5.36359977722168,210.881293054211,935.0570678710938
2018-11-09,5.457039833068848,211.66019862210908,928.3870849609375
2018-11-12,5.460820198059082,210.91142702814753,914.4481811523438
2018-11-13,5.471799850463867,210.96603641064647,927.0810546875
2018-11-14,5.478000164031982,212.73736177197003,932.8670654296875
2018-11-15,5.45697021484375,212.78035407642625,932.9630737304688
2018-11-16,5.393899917602539,211.70843418853823,936.1600341796875
2018-11-19,5.337699890136719,209.89729790252807,945.7039794921875
2018-11-20,5.311999797821045,208.18646626726425,916.859130859375
2018-11-21,5.382500171661377,212.12625502724475,927.0750732421875
2018-11-22,5.3130202293396,209.3880256739369,926.2830810546875
2018-11-23,5.298500061035156,207.9980894280041,930.028076171875
2018-11-26,5.291460037231445,207.58561830847773,939.6190185546875
2018-11-27,5.244840145111084,204.23907687761294,935.1650390625
2018-11-28,5.26200008392334,206.63292012058983,940.7050170898438
2018-11-29,5.218999862670898,205.3973862902393,951.2509155273438
2018-11-30,5.170199871063232,202.82854438311415,954.1549072265625
2018-12-03,5.190209865570068,205.89966016175077,949.7399291992188
2018-12-04,5.250800132751465,209.5187974525208,938.7999877929688
2018-12-05,5.382629871368408,214.77910209280208,939.697021484375
2018-12-06,5.326700210571289,212.0336103866742,928.26806640625
2018-12-07,5.3379998207092285,213.97651187502333,936.9900512695312
2018-12-10,5.322400093078613,212.82070300381162,922.2681274414062
2018-12-11,5.3282999992370605,212.7482726747136,918.0040893554688
2018-12-12,5.360199928283691,214.45280825696406,900.5062255859375
2018-12-13,5.34689998626709,213.62844541144923,913.8601684570312
2018-12-14,5.341670036315918,212.44058819498738,905.2811889648438
2018-12-17,5.367700099945068,215.27060413518876,899.6142578125
2018-12-18,5.373000144958496,215.79409129932742,910.7362060546875
2018-12-19,5.336080074310303,214.80880707214743,925.5220947265625
2018-12-20,5.297699928283691,215.22251515234282,918.5361328125
2018-12-21,5.264200210571289,212.202950827248,918.6030883789062
2018-12-24,5.310989856719971,216.42836476256892,915.2640991210938
2018-12-25,5.289400100708008,215.5485597327439,915.2640991210938
2018-12-26,5.284299850463867,215.62953083049453,910.0171508789062
2018-12-27,5.2741498947143555,216.58887000001596,909.7431640625
2018-12-28,5.293379783630371,217.82104632280667,904.3482055664062
2018-12-31,5.274280071258545,216.76378776095953,912.7001953125
2019-01-01,5.269999980926514,216.58788345178453,912.7001953125
2019-01-02,5.288700103759766,217.81551378193,888.6453247070312
2019-01-03,5.5152997970581055,229.0631133840696,873.9853515625
2019-01-04,5.4721999168396,225.6720486804666,888.3032836914062
2019-01-07,5.327000141143799,220.38626012285656,899.5062255859375
2019-01-08,5.383800029754639,222.11300770975265,906.9651489257812
2019-01-09,5.482500076293945,227.26019952950577,911.5641479492188
2019-01-10,5.475599765777588,226.16434651184585,911.9581909179688
2019-01-11,5.42441987991333,224.46897278455225,916.8651123046875
2019-01-14,5.480800151824951,227.1544791392913,920.5331420898438
2019-01-15,5.460700035095215,225.8122757407919,931.72802734375
2019-01-16,5.446599960327148,226.17481556046468,954.1099243164062
2019-01-17,5.335669994354248,221.46542873668025,968.1688842773438
2019-01-18,5.352700233459473,220.50300032131233,984.5437622070312
2019-01-21,5.327400207519531,219.46077277546703,979.5468139648438
2019-01-22,5.325799942016602,219.60031590130666,996.7656860351562
2019-01-23,5.3394999504089355,220.2682095587577,1001.4046630859375
2019-01-24,5.2881999015808105,217.4718718152482,1017.7376098632812
2019-01-25,5.268899917602539,219.77818836249253,1018.0086059570312
2019-01-28,5.268899917602539,220.62518306045297,1012.8926391601562
2019-01-29,5.32289981842041,223.87889731221125,1040.978515625
2019-01-30,5.3084001541137695,223.55919724382272,1041.8895263671875
2019-01-31,5.227409839630127,221.79537705130474,1040.7364501953125
2019-02-01,5.180200099945068,219.32598061592392,1029.365478515625
2019-02-04,5.211939811706543,220.23414564326066,1022.5445556640625
2019-02-05,5.210840225219727,220.17091226222794,1024.478515625
2019-02-06,5.196979999542236,218.79998422687345,1025.8375244140625
2019-02-07,5.218989849090576,219.70985374044545,1027.83447265625
2019-02-08,5.271190166473389,222.63611054427182,1024.511474609375
2019-02-11,5.250800132751465,220.6438430885966,1043.9415283203125
2019-02-12,5.272799968719482,221.94124331945312,1037.6195068359375
2019-02-13,5.251609802246094,221.31947803978457,1016.45263671875
2019-02-14,5.287499904632568,222.6620037380502,1021.2945556640625
2019-02-15,5.275899887084961,223.5813819139498,1027.14453125
2019-02-18,5.286600112915039,224.0348346573835,1017.2796020507812
2019-02-19,5.298999786376953,228.30837315265623,1017.4156494140625
2019-02-20,5.282529830932617,228.14225343861017,1019.7075805664062
2019-02-21,5.323050022125244,226.5036637125327,1024.9344482421875
2019-02-22,5.31879997253418,227.29752805264366,1031.8515625
2019-02-25,5.319399833679199,226.75880107844486,1043.2955322265625
2019-02-26,5.302800178527832,225.91478088010464,1050.8173828125
2019-02-27,5.303800106048584,224.69552110745107,1041.404541015625
2019-02-28,5.309370040893555,224.0950776900234,1045.29345703125
2019-03-01,5.341780185699463,222.64645339448418,1032.6605224609375
2019-03-04,5.371600151062012,221.8860300728097,1041.927490234375
2019-03-05,5.389009952545166,222.120043055055,1037.300537109375
2019-03-06,5.386600017547607,222.5229473871336,1034.5235595703125
2019-03-07,5.431300163269043,224.17745317424087,1022.8215942382812
2019-03-08,5.459799766540527,227.67085045744253,1015.3776245117188
2019-03-11,5.432240009307861,225.08949762059143,1008.4986572265625
2019-03-12,5.4355998039245605,226.53940203634815,1017.2056274414062
2019-03-13,5.456200122833252,229.36266531433688,1021.9605712890625
2019-03-14,5.46028995513916,227.0593071932371,1024.3175048828125
2019-03-15,5.470300197601318,228.95291733540913,1033.0355224609375
2019-03-18,5.447279930114746,227.72673040360954,1045.9415283203125
2019-03-19,5.468100070953369,229.42339584272338,1048.6103515625
2019-03-20,5.474999904632568,228.92077663203997,1033.0965576171875
2019-03-21,5.4278998374938965,227.92868472145233,1034.072509765625
2019-03-22,5.464280128479004,230.42261106009886,998.3477172851562
2019-03-25,5.676819801330566,241.2650741547771,993.2537231445312
2019-03-26,5.5596699714660645,234.92772565679454,973.7808227539062
2019-03-27,5.3653998374938965,225.95969515084997,918.546142578125
2019-03-28,5.394700050354004,223.70744091049826,921.1981201171875
2019-03-29,5.571700096130371,231.62050008187407,937.8369750976562
2019-04-01,5.591710090637207,231.6253610459703,941.0079956054688
2019-04-02,5.515399932861328,228.74808022862743,935.3260498046875
2019-04-03,5.615600109100342,232.88577548597883,944.406005859375
2019-04-04,5.622700214385986,233.01752459831005,983.3638305664062
2019-04-05,5.605400085449219,232.55287691463212,987.8287353515625
2019-04-08,5.6381001472473145,235.12400737362555,969.7778930664062
2019-04-09,5.691400051116943,238.51785061587717,981.3478393554688
2019-04-10,5.681950092315674,239.14481415695866,970.1448974609375
2019-04-11,5.682700157165527,235.43097348483937,960.724853515625
2019-04-12,5.732089996337891,237.8457475631385,959.762939453125
2019-04-15,5.78410005569458,239.29719273054627,951.9119262695312
2019-04-16,5.804200172424316,237.4789010150973,968.0848999023438
2019-04-17,5.787909984588623,236.73794909836045,982.0267944335938
2019-04-18,5.758800029754639,235.4917581121298,968.85986328125
2019-04-19,5.819900035858154,237.9902904076837,968.60888671875
2019-04-22,5.825399875640869,238.51485336469037,959.52294921875
2019-04-23,5.827199935913086,237.8016995896194,959.52294921875
2019-04-24,5.834000110626221,239.24211555303245,961.4168701171875
2019-04-25,5.885499954223633,241.41081000454733,944.97998046875
2019-04-26,5.958499908447266,246.1483973776289,947.8259887695312
2019-04-29,5.944699764251709,244.37420140620713,945.3460083007812
2019-04-30,5.94890022277832,245.35018554997583,954.1509399414062
2019-05-01,5.965000152587891,245.74569875274517,954.1509399414062
2019-05-02,5.962100028991699,243.38348146326283,941.7890014648438
2019-05-03,5.964799880981445,245.31553415215234,939.4559936523438
2019-05-06,5.981729984283447,246.49261429676514,929.8180541992188
2019-05-07,6.085549831390381,251.12296714484074,914.8201293945312
2019-05-08,6.1570000648498535,253.25979498404638,902.7172241210938
2019-05-09,6.160900115966797,254.23233072944794,886.8543090820312
2019-05-10,6.1596999168396,254.61847966672804,885.3292846679688
2019-05-13,5.992499828338623,250.4814210787139,862.8204345703125
2019-05-14,6.095099925994873,253.7118194599727,880.2243041992188
2019-05-15,6.035900115966797,251.558108092319,873.7993774414062
2019-05-16,6.0142998695373535,248.47285136256366,872.0343627929688
2019-05-17,6.054800033569336,248.10206705946658,867.9564208984375
2019-05-20,6.060800075531006,248.65969516023486,867.71044921875
2019-05-21,6.0254998207092285,246.41714829334765,853.0914916992188
2019-05-22,6.0254998207092285,246.72710224085213,836.74853515625
2019-05-23,6.121200084686279,252.84994189373074,845.9574584960938
2019-05-24,6.117300033569336,252.33481579466806,860.7184448242188
2019-05-27,6.078100204467773,250.71784726259597,855.449462890625
2019-05-28,6.065700054168701,248.93874062875068,867.7714233398438
2019-05-29,6.029620170593262,248.2528153826485,871.8583374023438
2019-05-30,6.016600131988525,248.9740988310891,900.1112670898438
2019-05-31,5.912499904632568,248.2210254204669,905.8921508789062
2019-06-03,5.864099979400635,249.3753036288589,903.451171875
2019-06-04,5.83489990234375,248.26487929703504,903.451171875
2019-06-05,5.774720191955566,246.614082432631,903.451171875
2019-06-06,5.717870235443115,245.89589876805726,903.451171875
2019-06-07,5.791399955749512,249.72833725683748,938.0859985351562
2019-06-10,5.841800212860107,248.80262532292613,941.0260009765625
2019-06-11,5.791299819946289,246.96835476926756,928.2510375976562
2019-06-12,5.804500102996826,248.55768093278573,926.0531005859375
2019-06-13,5.81279993057251,250.27734445302244,905.0101928710938
2019-06-14,5.875899791717529,253.16421519848492,907.8651733398438
2019-06-17,5.915999889373779,254.62564544303683,922.4931030273438
2019-06-18,5.869900226593018,254.13241280955668,942.1820068359375
2019-06-19,5.826159954071045,251.86408384920327,942.4359741210938
2019-06-20,5.791269779205322,259.34894197899,941.572021484375
2019-06-21,5.764200210571289,258.74824545612375,940.218017578125
2019-06-24,5.764400005340576,262.1116983303493,951.8199462890625
2019-06-25,5.799139976501465,263.80321489004416,954.2059326171875
2019-06-26,5.793499946594238,262.9319653148217,948.3070068359375
2019-06-27,5.770899772644043,261.3125654888671,955.7259521484375
2019-06-28,5.7718000411987305,261.59455483311126,964.847900390625
2019-07-01,5.733590126037598,255.42020475693948,997.3516845703125
2019-07-02,5.651800155639648,255.2291015682495,1002.0046997070312
2019-07-03,5.65310001373291,257.66873867696154,993.6277465820312
2019-07-04,5.622300148010254,256.2648783997866,993.8167724609375
2019-07-05,5.595369815826416,251.25959292534083,996.3427124023438
2019-07-08,5.742370128631592,257.91602455345327,986.94873046875
2019-07-09,5.730440139770508,257.4723132550769,968.1068725585938
2019-07-10,5.725820064544678,259.5842504291775,985.8477783203125
2019-07-11,5.6850199699401855,256.6744521155455,994.0587768554688
2019-07-12,5.687849998474121,257.8262848782995,970.9778442382812
2019-07-15,5.724730014801025,259.77411168048883,970.9778442382812
2019-07-16,5.70704984664917,258.5681471613634,980.27978515625
2019-07-17,5.714200019836426,261.1150760270447,998.0567016601562
2019-07-18,5.683000087738037,260.56637633636393,1015.6576538085938
2019-07-19,5.622600078582764,257.61625652154214,1018.486572265625
2019-07-22,5.653800010681152,259.08214288708024,1010.8816528320312
2019-07-23,5.66949987411499,258.8537184823307,1025.5565185546875
2019-07-24,5.717629909515381,261.5475465603431,1034.5675048828125
2019-07-25,5.709020137786865,259.5201090615919,1020.444580078125
2019-07-26,5.698209762573242,259.8714147350023,1028.366455078125
2019-07-29,5.656300067901611,258.16012469014305,1033.7254638671875
2019-07-30,5.617099761962891,258.1949701932546,1026.85546875
2019-07-31,5.557700157165527,254.82135638907903,1020.819580078125
2019-08-01,5.575409889221191,254.7012409443566,1018.99755859375
2019-08-02,5.604100227355957,260.4622358206285,996.7886962890625
2019-08-05,5.548130035400391,261.2500559228067,986.7277221679688
2019-08-06,5.590199947357178,264.63293645307436,995.8327026367188
2019-08-07,5.526760101318359,267.83113702890336,980.559814453125
2019-08-08,5.492400169372559,264.47079799654955,992.0797729492188
2019-08-09,5.484600067138672,263.90124347994174,994.0447387695312
2019-08-12,5.48744010925293,265.5728089893371,994.0447387695312
2019-08-13,5.563399791717529,268.69448439782315,994.0447387695312
2019-08-14,5.562449932098389,271.09868625299237,994.0447387695312
2019-08-15,5.6118998527526855,274.1763106799462,965.7818603515625
2019-08-16,5.5690999031066895,270.8140113957872,957.3369140625
2019-08-19,5.58620023727417,269.47240575459375,952.85693359375
2019-08-20,5.649099826812744,273.2694218176404,960.3129272460938
2019-08-21,5.731900215148926,277.2748058505989,955.2159423828125
2019-08-22,5.724999904632568,275.5973648222019,953.9369506835938
2019-08-23,5.768099784851074,283.1057916546659,971.48486328125
2019-08-26,5.828199863433838,285.99938065295345,971.0078735351562
2019-08-27,5.828499794006348,288.76872964662437,960.2999267578125
2019-08-28,5.830699920654297,288.277866564352,959.0789184570312
2019-08-29,5.822500228881836,285.75712056161274,967.1798706054688
2019-08-30,5.832699775695801,284.8700013458162,967.1798706054688
2019-09-02,5.834690093994141,284.9672088137351,983.423828125
2019-09-03,5.80709981918335,288.6233302441988,988.2557373046875
2019-09-04,5.7225799560546875,285.23207951820314,1000.7697143554688
2019-09-05,5.671720027923584,276.3330386864863,1002.7786865234375
2019-09-06,5.691199779510498,275.598721366023,989.8697509765625
2019-09-09,5.704949855804443,275.5309015007131,1006.044677734375
2019-09-10,5.74399995803833,275.21929744026465,1012.1236572265625
2019-09-11,5.766970157623291,277.0800824456224,1019.216552734375
2019-09-12,5.747099876403809,276.91990625319585,1024.467529296875
2019-09-13,5.660399913787842,271.32285336568714,1030.7125244140625
2019-09-16,5.727799892425537,276.80022757779545,1025.8914794921875
2019-09-17,5.728700160980225,277.2120974305301,1014.4686279296875
2019-09-18,5.7017998695373535,276.3503561762361,1019.2955932617188
2019-09-19,5.6803998947143555,273.6512399222476,1003.3826904296875
2019-09-20,5.717299938201904,277.0648472363807,1002.3616943359375
2019-09-23,5.740699768066406,281.22571274278386,1000.20166015625
2019-09-24,5.719200134277344,281.71705390381817,1018.4635620117188
2019-09-25,5.6956000328063965,275.51882168591214,1026.178466796875
2019-09-26,5.672399997711182,274.9254262880257,1019.3975830078125
2019-09-27,5.66519021987915,273.0460083370208,1051.516357421875
2019-09-30,5.667699813842773,267.0807896348063,1050.3243408203125
2019-10-01,5.6483001708984375,269.12665305420563,1038.760498046875
2019-10-02,5.717619895935059,275.9222423135185,1035.0865478515625
2019-10-03,5.702700138092041,276.32064683692954,1027.8375244140625
2019-10-04,5.694399833679199,275.7536853228975,1034.6295166015625
2019-10-07,5.71150016784668,275.0209308438641,1029.926513671875
2019-10-08,5.840000152587891,281.1145994276635,1018.5875854492188
2019-10-09,5.833809852600098,282.4859220529525,996.481689453125
2019-10-10,5.876399993896484,282.4133296191766,987.7987670898438
2019-10-11,5.842700004577637,278.52077777417895,990.2727661132812
2019-10-14,5.8942999839782715,282.6860963651284,939.8090209960938
2019-10-15,5.9274001121521,281.5865179482703,952.5709228515625
2019-10-16,5.921800136566162,283.3005482730384,941.3670043945312
2019-10-17,5.884099960327148,282.3104363851583,948.9569702148438
2019-10-18,5.817200183868408,278.33385405468795,984.1477661132812
2019-10-21,5.797999858856201,276.33401811118244,973.2348022460938
2019-10-22,5.858520030975342,279.086560799769,978.8588256835938
2019-10-23,5.799620151519775,277.80970647488556,997.8466796875
2019-10-24,5.735770225524902,276.41089044875105,1003.45068359375
2019-10-25,5.76609992980957,277.98372674295337,1002.1546630859375
2019-10-28,5.771999835968018,276.50520859685713,998.377685546875
2019-10-29,5.728799819946289,273.8831749565204,998.377685546875
2019-10-30,5.750899791717529,276.0860767497857,986.9147338867188
2019-10-31,5.701000213623047,277.02643953427906,984.6797485351562
2019-11-01,5.7108001708984375,276.8783788870977,984.6217651367188
2019-11-04,5.7027997970581055,276.4904944447931,1000.8726806640625
2019-11-05,5.73330020904541,272.9554947031923,1005.2476806640625
2019-11-06,5.752999782562256,275.6320026706345,1011.431640625
2019-11-07,5.75029993057251,270.6958663034033,1035.4384765625
2019-11-08,5.7657999992370605,270.8879650334631,1031.5264892578125
2019-11-11,5.7657599449157715,269.8109087345445,1031.1795654296875
2019-11-12,5.7687602043151855,269.3207051247354,1039.718505859375
2019-11-13,5.7716898918151855,271.2388905764773,1048.2763671875
2019-11-14,5.753429889678955,272.2490521182079,1037.800537109375
2019-11-15,5.7494001388549805,271.2265534256383,1053.7913818359375
2019-11-18,5.744420051574707,271.65648863008556,1068.4564208984375
2019-11-19,5.725830078125,271.21917898895975,1075.28125
2019-11-20,5.702300071716309,270.10461761834705,1067.8453369140625
2019-11-21,5.699100017547607,268.08407724325946,1068.04638671875
2019-11-22,5.6971001625061035,267.99000461920104,1065.87841796875
2019-11-25,5.71504020690918,267.63957194066785,1053.8193359375
2019-11-26,5.741700172424316,269.47881081104924,1059.825439453125
2019-11-27,5.759300231933594,269.11978065813173,1058.4364013671875
2019-11-28,5.778600215911865,270.0216276266469,1071.2562255859375
2019-11-29,5.757999897003174,271.31752080864476,1069.0313720703125
2019-12-02,5.747600078582764,270.2176885416789,1080.0372314453125
2019-12-03,5.740230083465576,272.80556301040536,1067.8934326171875
2019-12-04,5.742499828338623,272.1380149170071,1077.0072021484375
2019-12-05,5.74567985534668,272.82443193328396,1086.584228515625
2019-12-06,5.745329856872559,269.51984998138175,1088.685302734375
2019-12-09,5.778709888458252,271.12291614740127,1087.855224609375
2019-12-10,5.810400009155273,273.2261935645517,1080.1092529296875
2019-12-11,5.804900169372559,274.2366759559932,1079.2113037109375
2019-12-12,5.803899765014648,273.68558207126017,1101.14111328125
2019-12-13,5.771999835968018,273.8329389630248,1104.7601318359375
2019-12-16,5.8070502281188965,275.38376988041125,1111.2491455078125
2019-12-17,5.848030090332031,277.2519179008614,1110.731201171875
2019-12-18,5.8850998878479,278.6309563607189,1105.7410888671875
2019-12-19,5.926499843597412,281.65806997366275,1105.9881591796875
2019-12-20,5.940100193023682,281.63600445634955,1111.7620849609375
2019-12-23,5.935850143432617,282.9230741761813,1121.7459716796875
2019-12-24,5.947199821472168,286.6380666861806,1131.529052734375
2019-12-25,5.947700023651123,286.6621750043525,1131.529052734375
2019-12-26,5.934619903564453,287.9779481481567,1136.5240478515625
2019-12-27,5.932300090789795,288.72365383640687,1136.830078125
2019-12-30,5.948790073394775,289.66008861241943,1147.533935546875
2019-12-31,5.9472198486328125,290.5396678829572,1144.243896484375
2020-01-01,5.947800159454346,290.5680178208523,1144.243896484375
2020-01-02,5.946300029754639,291.4506211635651,1159.31494140625
2020-01-03,5.955699920654297,296.64089334872205,1136.833984375
2020-01-06,5.967959880828857,300.5133979761077,1114.12109375
2020-01-07,5.968999862670898,301.6404673300815,1125.9930419921875
2020-01-08,5.974370002746582,299.14588352231,1128.7550048828125
2020-01-09,5.908899784088135,294.7848154210639,1179.8988037109375
2020-01-10,5.877299785614014,294.30431996700776,1186.630615234375
2020-01-13,5.875329971313477,292.4867320726754,1202.483642578125
2020-01-14,5.865499973297119,290.86589297069975,1214.2265625
2020-01-15,5.8871002197265625,293.7729871978898,1209.3814697265625
2020-01-16,5.875349998474121,292.6010625053905,1210.0025634765625
2020-01-17,5.855100154876709,293.43740760092516,1214.7415771484375
2020-01-20,5.890769958496094,295.2250550239993,1226.1915283203125
2020-01-21,5.91077995300293,295.77179620171074,1235.554443359375
2020-01-22,5.93310022354126,296.6788646736181,1227.4644775390625
2020-01-23,5.9196600914001465,297.7767786416872,1225.3955078125
2020-01-24,5.929200172424316,299.49575598051604,1221.4114990234375
2020-01-27,5.944779872894287,301.37216692179874,1201.4906005859375
2020-01-28,5.942800045013428,299.81968397316336,1198.0096435546875
2020-01-29,5.940999984741211,299.84349240872064,1196.888671875
2020-01-30,5.95665979385376,303.2575364048235,1198.4906005859375
2020-01-31,5.97415018081665,304.0327444521662,1191.3946533203125
2020-02-03,5.975039958953857,302.98303186175275,1192.421630859375
2020-02-04,5.98360013961792,298.2614111771219,1221.3555908203125
2020-02-05,5.977719783782959,299.3904921008228,1223.2015380859375
2020-02-06,5.980899810791016,300.9534665825697,1222.83251953125
2020-02-07,5.98769998550415,301.9694263050052,1210.14453125
2020-02-10,5.986939907073975,303.1052447261028,1183.4088134765625
2020-02-11,6.00570011138916,302.2979390669002,1197.9716796875
2020-02-12,6.015999794006348,303.1645385246208,1200.480712890625
2020-02-13,6.0441999435424805,306.0819259411412,1205.398681640625
2020-02-14,6.039700031280518,307.3298164065281,1201.5076904296875
2020-02-17,6.054200172424316,308.0676553211286,1207.91259765625
2020-02-18,6.0467000007629395,311.0492388708892,1195.734619140625
2020-02-19,6.064000129699707,313.40139239932097,1191.9547119140625
2020-02-20,6.083000183105469,316.1630667769722,1156.4139404296875
2020-02-21,6.102399826049805,322.66486424155283,1168.2877197265625
2020-02-24,6.109189987182617,328.4842375846562,1147.8858642578125
2020-02-25,6.115200042724609,323.7938849216337,1143.638916015625
2020-02-26,6.147299766540527,324.12981230814745,1151.7069091796875
2020-02-27,6.160099983215332,324.80473170135656,1104.1781005859375
2020-02-28,6.206769943237305,312.1194951270757,1059.931396484375
2020-03-02,6.249269962310791,319.9226089066378,1073.09326171875
2020-03-03,6.171299934387207,325.8119334348459,1112.067138671875
2020-03-04,6.112199783325195,322.49524700407835,1107.84814453125
2020-03-05,6.079800128936768,325.73115833564873,1118.14501953125
2020-03-06,6.102530002593994,327.81222133551347,1095.9991455078125
2020-03-09,6.121079921722412,329.53681511483205,1035.2344970703125
2020-03-10,6.157400131225586,328.4435001652296,1010.61962890625
2020-03-11,6.170619964599609,325.6371713969071,1009.6576538085938
2020-03-12,6.211100101470947,317.3694823587104,936.3900756835938
2020-03-13,6.316199779510498,307.7937755363824,956.0469360351562
2020-03-16,6.282869815826416,300.1500285410596,878.8783569335938
2020-03-17,6.429299831390381,315.2069532320324,867.7723999023438
2020-03-18,6.399700164794922,303.96184885742434,855.761474609375
2020-03-19,6.47189998626709,307.66155454174447,851.949462890625
2020-03-20,6.541319847106934,312.09730908440173,857.9534301757812
2020-03-23,6.5572099685668945,330.3534335603493,842.45751953125
2020-03-24,6.5467000007629395,349.4407710258828,892.8572387695312
2020-03-25,6.436299800872803,337.774606691759,890.6253051757812
2020-03-26,6.418600082397461,340.5189717960984,915.2711181640625
2020-03-27,6.399799823760986,334.1307277332319,881.2453002929688
2020-03-30,6.459799766540527,336.8686874894702,880.5902709960938
2020-03-31,6.565040111541748,334.209483591702,896.4322509765625
2020-04-01,6.612989902496338,335.54488534151534,890.8463134765625
2020-04-02,6.707300186157227,350.57333049756176,895.104248046875
2020-04-03,6.632299900054932,348.3591243068135,895.521240234375
2020-04-06,6.739999771118164,363.39896205138206,920.7061157226562
2020-04-07,6.765699863433838,362.1308683267508,923.8131103515625
2020-04-08,6.757689952850342,361.8324951359051,932.2470703125
2020-04-09,6.772900104522705,378.063845894009,958.3389282226562
2020-04-10,6.686100006103516,373.21865719700986,964.7048950195312
2020-04-13,6.722799777984619,377.12609130449215,963.9808959960938
2020-04-14,6.767330169677734,382.2132100450699,985.4927368164062
2020-04-15,6.816530227661133,378.52687563708,958.5439453125
2020-04-16,6.897029876708984,381.4892333105488,962.4859008789062
2020-04-17,6.922100067138672,375.93232579669416,981.7927856445312
2020-04-20,6.904399871826172,377.72362124310655,989.4537353515625
2020-04-21,6.9405999183654785,374.48243587070476,976.184814453125
2020-04-22,6.974699974060059,387.6465190282798,981.704833984375
2020-04-23,6.980400085449219,388.9957017361062,981.704833984375
2020-04-24,6.955999851226807,385.4442665162892,987.5847778320312
2020-04-27,6.965799808502197,383.38942119820547,1012.6686401367188
2020-04-28,6.985300064086914,384.14827140420425,1007.0696411132812
2020-04-29,6.987100124359131,382.65232280665657,1015.9476318359375
2020-04-30,6.951000213623047,376.3844654260655,1011.0956420898438
2020-05-01,6.989299774169922,380.7728540945852,1011.0956420898438
2020-05-04,7.0167999267578125,385.0684317292749,988.416748046875
2020-05-05,7.0446600914001465,386.0311164907866,987.3697509765625
2020-05-06,7.083700180053711,383.5699357745161,985.7097778320312
2020-05-07,7.197080135345459,398.40959790562925,983.9827270507812
2020-05-08,7.0883002281188965,389.67591213576304,978.4468383789062
2020-05-11,7.093999862670898,386.6593249496901,977.9168090820312
2020-05-12,7.063399791717529,387.0580088237543,996.1536865234375
2020-05-13,6.9920501708984375,385.28380917283204,1001.585693359375
2020-05-14,6.969860076904297,389.48393684005845,991.9247436523438
2020-05-15,6.925300121307373,390.4004823179082,997.6766967773438
2020-05-18,6.883339881896973,383.25488589932826,1019.8245849609375
2020-05-19,6.876999855041504,385.6435067234357,1019.8245849609375
2020-05-20,6.779789924621582,381.5872836343282,1021.569580078125
2020-05-21,6.78410005569458,375.2646533612785,1026.4835205078125
2020-05-22,6.789999961853027,378.6690812306904,1030.237548828125
2020-05-25,6.809100151062012,379.7342728565714,1030.237548828125
2020-05-26,6.814000129699707,373.47911822871737,1030.237548828125
2020-05-27,6.72553014755249,369.8192981418185,1049.5294189453125
2020-05-28,6.7754998207092285,373.2205113140345,1053.5924072265625
2020-05-29,6.811049938201904,383.587565520841,1055.1993408203125
2020-06-01,6.804100036621094,382.88991998744024,1072.65625
2020-06-02,6.804599761962891,379.35203392684593,1080.96728515625
2020-06-03,6.696300029754639,367.02791061113646,1091.1072998046875
2020-06-04,6.724100112915039,373.4374169856138,1095.3631591796875
2020-06-05,6.748899936676025,365.18072221536966,1100.212158203125
2020-06-08,6.76140022277832,370.66128746880787,1096.3651123046875
2020-06-09,6.775400161743164,375.08838889258755,1092.3592529296875
2020-06-10,6.787499904632568,375.4963510370333,1097.7830810546875
2020-06-11,6.769899845123291,378.679958239652,1091.5482177734375
2020-06-12,6.835100173950195,381.7776091420194,1098.34912109375
2020-06-15,6.813399791717529,378.3530402549224,1095.55419921875
2020-06-16,6.822169780731201,380.87989532495476,1109.39111328125
2020-06-17,6.830959796905518,381.1729759267522,1109.3941650390625
2020-06-18,6.8317999839782715,380.23144615470267,1124.9400634765625
2020-06-19,6.853109836578369,386.24275543015676,1136.113037109375
2020-06-22,6.84689998626709,388.84255157467265,1151.8948974609375
2020-06-23,6.842299938201904,392.01306894323125,1153.3829345703125
2020-06-24,6.844600200653076,390.6264455471178,1144.48291015625
2020-06-25,6.850480079650879,389.97089915224325,1141.3839111328125
2020-06-26,6.8527398109436035,392.2366621129241,1146.6778564453125
2020-06-29,6.8505401611328125,392.3089620303417,1158.4239501953125
2020-06-30,6.8495001792907715,396.49959241927866,1165.2418212890625
2020-07-01,6.847300052642822,391.8372379593734,1153.1439208984375
2020-07-02,6.845600128173828,393.96287329178875,1169.07177734375
2020-07-03,6.848100185394287,394.1067510683934,1157.4788818359375
2020-07-06,6.858500003814697,395.47702852867553,1184.8458251953125
2020-07-07,6.856200218200684,398.9595043100975,1193.3826904296875
2020-07-08,6.853360176086426,401.15187581026515,1187.11865234375
2020-07-09,6.85791015625,397.7140410147618,1157.929931640625
2020-07-10,6.857729911804199,397.2846687834177,1148.0799560546875
2020-07-13,6.8597002029418945,400.0894423676995,1183.9808349609375
2020-07-14,6.855400085449219,399.68436614277425,1177.40478515625
2020-07-15,6.863490104675293,400.2443032774896,1177.40478515625
2020-07-16,6.85290002822876,396.6523463737038,1188.068603515625
2020-07-17,6.855629920959473,398.94835490978977,1187.8546142578125
2020-07-20,6.851900100708008,400.3614837657965,1192.8026123046875
2020-07-21,6.853650093078613,406.3030068626713,1180.413818359375
2020-07-22,6.826879978179932,409.36916040418333,1180.792724609375
2020-07-23,6.840199947357178,415.6438310963417,1190.3056640625
2020-07-24,6.83558988571167,417.0119699756585,1192.0096435546875
2020-07-27,6.840700149536133,424.69149737985344,1195.693603515625
2020-07-28,6.8790998458862305,430.08334728771973,1152.69384765625
2020-07-29,6.938799858093262,435.7789898951459,1135.593994140625
2020-07-30,6.970699787139893,435.29475901194445,1126.89404296875
2020-07-31,6.969399929046631,439.80704811469633,1126.89404296875
2020-08-03,6.9692301750183105,440.5133352865754,1126.89404296875
2020-08-04,6.960400104522705,452.2632054669213,1087.1942138671875
2020-08-05,6.92609977722168,456.33631622321775,1091.7943115234375
2020-08-06,7.0495500564575195,469.02561442926253,1034.39453125
2020-08-07,7.223239898681641,470.9672710314391,1060.5943603515625
2020-08-10,7.29964017868042,478.6945429301111,1075.4942626953125
2020-08-11,7.328100204467773,458.55552544803703,1110.0941162109375
2020-08-12,7.224120140075684,452.67607031387166,1114.194091796875
2020-08-13,7.319019794464111,463.6583272525308,1100.294189453125
2020-08-14,7.332099914550781,459.63087020444016,1083.7943115234375
2020-08-17,7.366000175476074,473.33657598199727,1086.1942138671875
2020-08-18,7.373429775238037,477.22768500382006,1092.4942626953125
2020-08-19,7.3649001121521,466.54116258901877,1124.6939697265625
2020-08-20,7.277900218963623,455.46105024234225,1126.7940673828125
2020-08-21,7.296199798583984,456.72355226399014,1109.8941650390625
2020-08-24,7.284570217132568,454.16876587430903,1108.3941650390625
2020-08-25,7.372900009155273,455.8594314981936,1092.1942138671875
2020-08-26,7.393199920654297,464.10284518068755,1098.994140625
2020-08-27,7.348750114440918,456.61080880787284,1108.8941650390625
2020-08-28,7.35260009765625,466.8493935527566,1100.5941162109375
2020-08-31,7.324900150299072,465.9619418570635,1078.59423828125
2020-09-01,7.35260009765625,467.79495917690264,1085.1942138671875
2020-09-02,7.359399795532227,460.1354967455697,1083.894287109375
2020-09-03,7.363239765167236,458.74214723340657,1076.2943115234375
2020-09-04,7.4220099449157715,461.5684472439888,1086.2943115234375
2020-09-07,7.431399822235107,462.1523956792865,1096.794189453125
2020-09-08,7.449699878692627,465.4221049245466,1089.59423828125
2020-09-09,7.479100227355957,470.0722818027997,1099.694091796875
2020-09-10,7.4688801765441895,471.6871636785946,1099.0941162109375
2020-09-11,7.442500114440918,466.09693939978223,1102.694091796875
2020-09-14,7.467289924621582,471.4426627346001,1107.294189453125
2020-09-15,7.483500003814697,473.067575742125,1111.194091796875
2020-09-16,7.485400199890137,474.2225503201734,1107.0941162109375
2020-09-17,7.492700099945068,469.72257488096636,1110.694091796875
2020-09-18,7.544600009918213,475.9354894229328,1111.994140625
2020-09-21,7.557600021362305,464.2419797226389,1086.9942626953125
2020-09-22,7.616640090942383,467.1340026533529,1096.194091796875
2020-09-23,7.667699813842773,460.60187822539393,1102.694091796875
2020-09-24,7.698599815368652,464.56193616215285,1119.593994140625
2020-09-25,7.615699768066406,456.9640345621128,1124.1939697265625
2020-09-28,7.658180236816406,463.4524421269022,1121.1939697265625
2020-09-29,7.780360221862793,476.07443517124653,1123.2940673828125
2020-09-30,7.8113298416137695,476.03567813200766,1145.19384765625
2020-10-01,7.705870151519775,474.76198330157496,1143.493896484375
2020-10-02,7.751399993896484,475.3989242083293,1144.993896484375
2020-10-05,7.736629962921143,477.6022956555474,1160.69384765625
2020-10-06,7.760000228881836,476.2257886024373,1153.69384765625
2020-10-07,7.788269996643066,473.45351133921685,1152.3939208984375
2020-10-08,7.872690200805664,479.6738311554154,1150.493896484375
2020-10-09,7.940299987792969,491.73261686874,1165.6937255859375
2020-10-12,7.845250129699707,486.52734151179743,1178.393798828125
2020-10-13,7.88539981842041,480.321452681038,1174.6937255859375
2020-10-14,7.9207000732421875,485.70584135057976,1189.293701171875
2020-10-15,7.906199932098389,485.22337497082555,1180.393798828125
2020-10-16,7.9309000968933105,486.1018257862587,1192.693603515625
2020-10-19,7.912300109863281,486.31002085562255,1205.3936767578125
2020-10-20,7.872640132904053,484.80894763507484,1210.3935546875
2020-10-21,7.857999801635742,487.46959722398327,1211.4935302734375
2020-10-22,7.808040142059326,478.1196027437495,1198.293701171875
2020-10-23,7.941199779510498,486.42671828474306,1190.5936279296875
2020-10-26,7.97353982925415,488.53583883732165,1144.493896484375
2020-10-27,8.09022045135498,497.2974963737436,1152.5938720703125
2020-10-28,8.192700386047363,494.98359237468475,1126.9940185546875
2020-10-29,8.264920234680176,496.3708585330451,1126.9940185546875
2020-10-30,8.297940254211426,501.52870533793595,1112.3941650390625
2020-11-02,8.363490104675293,508.8785835387655,1133.593994140625
2020-11-03,8.433609962463379,517.998575021741,1150.69384765625
2020-11-04,8.432000160217285,514.050132367266,1167.6937255859375
2020-11-05,8.440500259399414,528.2995906291119,1179.9937744140625
2020-11-06,8.42039966583252,528.3679848458534,1191.99365234375
2020-11-09,8.437789916992188,503.0635725262766,1231.493408203125
2020-11-10,8.107600212097168,489.112197531422,1242.993408203125
2020-11-11,8.149149894714355,487.7411624108666,1279.193115234375
2020-11-12,7.7829999923706055,468.7541358926536,1271.7933349609375
2020-11-13,7.68179988861084,465.84501984695873,1291.293212890625
2020-11-16,7.619949817657471,462.4862680354827,1292.9931640625
2020-11-17,7.688379764556885,465.97214160662304,1259.6932373046875
2020-11-18,7.674650192260742,462.37649083372594,1294.693115234375
2020-11-19,7.6910600662231445,460.2989474906163,1312.9930419921875
2020-11-20,7.539599895477295,453.87647783574033,1323.992919921875
2020-11-23,7.617249965667725,450.0773983262391,1314.2930908203125
2020-11-24,7.873899936676025,456.83732163556095,1320.9930419921875
2020-11-25,7.993899822235107,464.0309331440348,1325.492919921875
2020-11-26,7.939499855041504,460.87311679641954,1342.492919921875
2020-11-27,7.8709001541137695,450.91893763647096,1328.69287109375
2020-11-30,7.817319869995117,446.29107693491915,1283.5931396484375
2020-12-01,7.8225998878479,456.2502054612321,1325.29296875
2020-12-02,7.817500114440918,459.99930322104893,1325.492919921875
2020-12-03,7.850490093231201,464.691662320498,1330.8929443359375
2020-12-04,7.781199932098389,460.3150087630342,1330.8929443359375
2020-12-07,7.801380157470703,468.0301372463013,1329.8929443359375
2020-12-08,7.796760082244873,469.98394613312007,1339.8929443359375
2020-12-09,7.8096699714660645,461.6225904653933,1350.2928466796875
2020-12-10,7.817659854888916,461.8183936931127,1353.392822265625
2020-12-11,7.886300086975098,467.4452279586113,1370.692626953125
2020-12-14,7.854340076446533,462.64684882091547,1388.5926513671875
2020-12-15,7.847099781036377,468.07351606462163,1395.392578125
2020-12-16,7.83050012588501,468.0400145597281,1392.4925537109375
2020-12-17,7.794710159301758,473.7447642691203,1399.392578125
2020-12-18,7.697700023651123,467.47747882414313,1408.2926025390625
2020-12-21,7.658549785614014,463.59792017961615,1384.3927001953125
2020-12-22,7.643249988555908,459.6000715932831,1404.9925537109375
2020-12-23,7.65749979019165,462.3772298618567,1417.6923828125
2020-12-24,7.633299827575684,462.1675972984008,1425.992431640625
2020-12-25,7.574100017547607,458.58327143943774,1425.992431640625
2020-12-28,7.569499969482422,457.6233519512914,1439.2923583984375
2020-12-29,7.4394001960754395,450.3559667181001,1459.6922607421875
2020-12-30,7.388800144195557,449.7871420711655,1479.8922119140625
2020-12-31,7.373730182647705,449.272779240695,1476.692138671875
2021-01-01,7.433800220489502,452.9327765801402,1476.692138671875
2021-01-04,7.433420181274414,465.21759748545304,1495.39208984375
2021-01-05,7.421500205993652,466.332733736813,1489.592041015625
2021-01-06,7.383790016174316,453.0905346537203,1505.39208984375
2021-01-07,7.29971981048584,449.10520202324136,1522.19189453125
2021-01-08,7.326600074768066,432.33854569747393,1540.591796875
2021-01-11,7.357649803161621,437.81370633374934,1536.1917724609375
2021-01-12,7.471950054168701,443.02956017993495,1549.4918212890625
2021-01-13,7.446959972381592,444.10970580742236,1559.291748046875
2021-01-14,7.394269943237305,440.13540448610973,1546.591796875
2021-01-15,7.366099834442139,433.36686440053666,1524.491943359375
2021-01-18,7.449079990386963,438.24880339098195,1556.791748046875
2021-01-19,7.475180149078369,442.2597503604091,1564.99169921875
2021-01-20,7.466300010681152,448.04761425358464,1569.3917236328125
2021-01-21,7.410600185394287,444.56215753371987,1551.591796875
2021-01-22,7.365699768066406,439.5714806961131,1542.4918212890625
2021-01-25,7.41772985458374,442.43805565386253,1540.1917724609375
2021-01-26,7.40749979019165,440.8038176575912,1536.091796875
2021-01-27,7.347300052642822,435.80413929294724,1466.9921875
2021-01-28,7.392240047454834,436.8060881795248,1498.2921142578125
2021-01-29,7.345779895782471,436.280790269893,1473.4921875
2021-02-01,7.277699947357178,436.12150110300337,1492.4920654296875
2021-02-02,7.185070037841797,423.5249275096339,1511.3919677734375
2021-02-03,7.192599773406982,424.36187787800645,1533.591796875
2021-02-04,7.156599998474121,412.1369481834355,1534.891845703125
2021-02-05,7.132900238037109,415.7714768936383,1527.19189453125
2021-02-08,7.0569000244140625,416.1514196217492,1534.891845703125
2021-02-09,7.074900150299072,417.96354192211635,1544.091796875
2021-02-10,7.0639801025390625,418.49939042319437,1547.091796875
2021-02-11,7.055480003356934,414.3890949455304,1545.591796875
2021-02-12,7.023900032043457,411.72132382071993,1538.391845703125
2021-02-15,7.028900146484375,412.0144165081839,1562.49169921875
2021-02-16,6.956900119781494,402.38118911012936,1542.7918701171875
2021-02-17,6.982399940490723,397.9744708936117,1540.591796875
2021-02-18,6.963210105895996,397.37321966869945,1546.391845703125
2021-02-19,6.965590000152588,398.04651683346117,1560.291748046875
2021-02-22,6.981400012969971,405.9081439033945,1550.591796875
2021-02-23,7.010000228881836,407.0075581359105,1517.8919677734375
2021-02-24,7.100299835205078,410.42420457705316,1482.9921875
2021-02-25,7.16379976272583,408.9125106062306,1488.1920166015625
2021-02-26,7.3231000900268555,407.0337998364067,1471.3922119140625
2021-03-01,7.413090229034424,410.65328547032686,1527.491943359375
2021-03-02,7.269370079040527,405.1691864757922,1528.7919921875
2021-03-03,7.34499979019165,405.1811210524025,1531.091796875
2021-03-04,7.456699848175049,407.7228950984498,1537.9918212890625
2021-03-05,7.508900165557861,410.04603762277645,1541.9918212890625
2021-03-08,7.507740020751953,405.0344094658729,1530.2918701171875
2021-03-09,7.755760192871094,428.114677270725,1549.1917724609375
2021-03-10,7.606659889221191,421.0827517379069,1564.8917236328125
2021-03-11,7.489699840545654,414.8008025614463,1556.49169921875
2021-03-12,7.475100040435791,413.3193182290286,1557.3917236328125
2021-03-15,7.556000232696533,420.0760439639758,1555.49169921875
2021-03-16,7.530720233917236,419.0822202241812,1570.3917236328125
2021-03-17,7.4882001876831055,415.8011272470977,1562.0916748046875
2021-03-18,7.49429988861084,417.44094899346635,1550.891845703125
2021-03-19,7.320219993591309,409.9097145146162,1528.991943359375
2021-03-22,8.095390319824219,452.3798838473197,1379.292724609375
2021-03-23,7.825399875640869,434.0218025115586,1377.3927001953125
2021-03-24,7.939599990844727,442.42333873860815,1413.892578125
2021-03-25,7.911399841308594,438.7916367319448,1394.392578125
2021-03-26,7.947999954223633,442.6614596038238,1382.192626953125
2021-03-29,8.118200302124023,446.894470426166,1392.592529296875
2021-03-30,8.243490219116211,446.2910405975814,1395.7926025390625
2021-03-31,8.324700355529785,458.6902398696756,1391.692626953125
2021-04-01,8.241889953613281,457.9961353880821,1426.5924072265625
2021-04-02,8.106969833374023,450.498717441051,1426.5924072265625
2021-04-05,8.184000015258789,454.88448650437317,1442.09228515625
2021-04-06,8.11340045928955,454.6644911518539,1420.5924072265625
2021-04-07,8.14490032196045,456.06308620818277,1417.8924560546875
2021-04-08,8.14387035369873,460.3518079387589,1416.5924072265625
2021-04-09,8.12952995300293,456.0388463982901,1393.1925048828125
2021-04-12,8.170999526977539,455.1864092921824,1375.8927001953125
2021-04-13,8.154500007629395,458.17364651079964,1378.3927001953125
2021-04-14,8.107099533081055,452.56505908155367,1409.1925048828125
2021-04-15,8.080300331115723,458.99255773662685,1407.7926025390625
2021-04-16,8.028800010681152,459.5260786401317,1408.092529296875
2021-04-19,8.076199531555176,459.7462887906105,1377.192626953125
2021-04-20,8.090399742126465,462.5835387952234,1365.2928466796875
2021-04-21,8.10342025756836,467.1578010837499,1330.492919921875
2021-04-22,8.190099716186523,469.2320058592887,1345.19287109375
2021-04-23,8.301719665527344,474.50600822196594,1345.19287109375
2021-04-26,8.406160354614258,481.0971704798597,1373.99267578125
2021-04-27,8.290300369262695,474.11984830145497,1391.99267578125
2021-04-28,8.205940246582031,468.002559318154,1385.8927001953125
2021-04-29,8.184889793395996,465.32837209043873,1401.4925537109375
2021-04-30,8.184880256652832,465.1699143193806,1397.7926025390625
2021-05-03,8.274550437927246,476.67754042820974,1421.1923828125
2021-05-04,8.258999824523926,471.5862744821159,1416.29248046875
2021-05-05,8.319299697875977,477.24940463728876,1419.992431640625
2021-05-06,8.329000473022461,486.21427659837013,1427.6923828125
2021-05-07,8.276749610900879,487.31531713733,1441.2923583984375
2021-05-10,8.23799991607666,486.70241113249074,1460.892333984375
2021-05-11,8.271400451660156,488.27682310205364,1444.892333984375
2021-05-12,8.28950023651123,485.8006795336031,1441.2923583984375
2021-05-13,8.432900428771973,494.52988834311503,1441.2923583984375
2021-05-14,8.49940013885498,502.28261088702084,1441.2923583984375
2021-05-17,8.445099830627441,507.083390534847,1454.2923583984375
2021-05-18,8.302020072937012,498.5989839164833,1459.59228515625
2021-05-19,8.35513973236084,505.41564153349043,1459.59228515625
2021-05-20,8.410599708557129,508.87867271755806,1449.7923583984375
2021-05-21,8.36931037902832,504.98125225986513,1451.7923583984375
2021-05-24,8.416299819946289,509.9270825048236,1452.1922607421875
2021-05-25,8.377969741821289,511.2410683677659,1400.1925048828125
2021-05-26,8.452300071716309,516.6464379776257,1427.0924072265625
2021-05-27,8.451199531555176,515.0847505686794,1414.9925537109375
2021-05-28,8.48235034942627,518.8378008836137,1422.0924072265625
2021-05-31,8.573399543762207,524.4069841660134,1420.492431640625
2021-06-01,8.487799644470215,519.8533387791007,1431.992431640625
2021-06-02,8.601699829101562,528.1845037890755,1430.6923828125
2021-06-03,8.580490112304688,516.785331115457,1428.0924072265625
2021-06-04,8.70680046081543,529.6274204466633,1432.8924560546875
2021-06-07,8.67300033569336,529.4675345508028,1447.09228515625
2021-06-08,8.597149848937988,523.620842790023,1447.59228515625
2021-06-09,8.599699974060059,524.0802900262298,1449.1922607421875
2021-06-10,8.582300186157227,523.2682586383326,1456.6922607421875
2021-06-11,8.425200462341309,509.1390545540969,1460.892333984375
2021-06-14,8.378479957580566,502.62529803405766,1454.2923583984375
2021-06-15,8.45576000213623,504.6786719952787,1442.59228515625
2021-06-16,8.555899620056152,512.0308570307776,1431.29248046875
2021-06-17,8.619999885559082,491.86671010621603,1414.1925048828125
2021-06-18,8.71345043182373,495.5742541481241,1391.0926513671875
2021-06-21,8.754280090332031,501.8086770550105,1398.4925537109375
2021-06-22,8.779199600219727,501.6846844813757,1409.892578125
2021-06-23,8.63895034790039,495.33667469440513,1402.392578125
2021-06-24,8.634499549865723,493.22150010899117,1410.7926025390625
2021-06-25,8.69729995727539,497.11641097358944,1391.8927001953125
2021-06-28,8.747309684753418,500.7903910661398,1373.292724609375
2021-06-29,8.683099746704102,492.3405565707272,1371.692626953125
2021-06-30,8.72599983215332,497.0174124971697,1356.2928466796875
2021-07-01,8.704700469970703,497.259543783759,1372.792724609375
2021-07-02,8.664609909057617,496.78008178819437,1376.692626953125
2021-07-05,8.688400268554688,498.1440874226974,1392.592529296875
2021-07-06,8.65999984741211,499.550574802683,1382.5926513671875
2021-07-07,8.680299758911133,502.92629394159405,1390.5926513671875
2021-07-08,8.678500175476074,502.29188329728606,1372.99267578125
2021-07-09,8.681900024414062,505.3916109840903,1378.292724609375
2021-07-12,8.65429973602295,502.47721653738193,1356.9927978515625
2021-07-13,8.632100105285645,502.2983970068037,1346.7928466796875
2021-07-14,8.619199752807617,505.73213782609355,1367.2928466796875
2021-07-15,8.584050178527832,504.7736678035399,1367.2928466796875
2021-07-16,8.560689926147461,499.54674605615577,1363.2928466796875
2021-07-19,8.532099723815918,496.28737613841935,1351.5927734375
2021-07-20,8.580100059509277,499.68632010128135,1351.5927734375
2021-07-21,8.57040023803711,496.91706716332277,1351.5927734375
2021-07-22,8.554160118103027,496.5254998976001,1351.5927734375
2021-07-23,8.556500434875488,495.6709984843033,1351.5927734375
2021-07-26,8.54757022857666,494.4391447230472,1349.0927734375
2021-07-27,8.554499626159668,495.0050266002973,1359.5927734375
2021-07-28,8.556099891662598,495.0700904157687,1360.7928466796875
2021-07-29,8.551259994506836,503.4503153792636,1391.5926513671875
2021-07-30,8.45226001739502,492.5672770323664,1392.892578125
2021-08-02,8.43667984008789,494.26326917102244,1399.6925048828125
2021-08-03,8.349800109863281,486.9989607423742,1408.7926025390625
2021-08-04,8.401200294494629,490.10490569744576,1413.7926025390625
2021-08-05,8.475500106811523,492.9134132857316,1431.79248046875
2021-08-06,8.52560043334961,483.27313375967833,1434.79248046875
2021-08-09,8.627900123596191,478.91940017646965,1432.5924072265625
2021-08-10,8.6489896774292,481.5360008388186,1437.492431640625
2021-08-11,8.598799705505371,484.71316551275044,1410.892578125
2021-08-12,8.625439643859863,485.7988840251982,1444.4923095703125
2021-08-13,8.561189651489258,489.4467510168103,1447.59228515625
2021-08-16,8.512200355529785,489.82065079370466,1455.2923583984375
2021-08-17,8.454700469970703,485.96826444100486,1461.692138671875
2021-08-18,8.42667007446289,483.4359569373489,1449.59228515625
2021-08-19,8.453519821166992,484.62298412519823,1439.892333984375
2021-08-20,8.530799865722656,489.30014179912934,1444.59228515625
2021-08-23,8.490799903869629,493.09345510793156,1459.2923583984375
2021-08-24,8.42650032043457,489.9553371648181,1465.8922119140625
2021-08-25,8.411800384521484,484.367819977751,1453.2923583984375
2021-08-26,8.373379707336426,483.28615241866413,1448.4923095703125
2021-08-27,8.376409530639648,490.00521295027374,1458.1922607421875
2021-08-30,8.34862995147705,486.4207176175917,1458.1922607421875
2021-08-31,8.367300033569336,489.09569619986894,1472.0921630859375
2021-09-01,8.304499626159668,484.8641252947725,1474.0921630859375
2021-09-02,8.283780097961426,482.45591806250496,1479.0921630859375
2021-09-03,8.279580116271973,488.12081132128355,1468.692138671875
2021-09-06,8.312649726867676,490.0704228870113,1474.692138671875
2021-09-07,8.276780128479004,478.5888745983406,1454.6922607421875
2021-09-08,8.344799995422363,481.18053568858835,1433.8924560546875
2021-09-09,8.472200393676758,490.29725621290737,1452.6922607421875
2021-09-10,8.440400123596191,486.3131433900454,1438.6922607421875
2021-09-13,8.46660041809082,488.44882398849904,1438.2923583984375
2021-09-14,8.422100067138672,489.3203924223517,1434.3924560546875
2021-09-15,8.430669784545898,486.4843680279318,1423.992431640625
2021-09-16,8.425800323486328,475.8822324449789,1417.992431640625
2021-09-17,8.529009819030762,480.25810617063206,1419.3924560546875
2021-09-20,8.635199546813965,489.68011260183175,1391.8927001953125
2021-09-21,8.668299674987793,495.5702753325662,1385.5926513671875
2021-09-22,8.620400428771973,492.9981739552647,1407.4925537109375
2021-09-23,8.656299591064453,486.9803542082228,1401.4925537109375
2021-09-24,8.756429672241211,493.1482768596745,1384.692626953125
2021-09-27,8.858619689941406,498.9889143272411,1391.692626953125
2021-09-28,8.814200401306152,492.37780948348063,1383.792724609375
2021-09-29,8.866900444030762,491.15961198892927,1391.8927001953125
2021-09-30,8.916139602661133,503.66220142027777,1406.392578125
2021-10-01,8.885000228881836,502.30310477550023,1401.4925537109375
2021-10-04,8.85260009765625,503.089868229918,1394.392578125
2021-10-05,8.847100257873535,500.8715758703415,1391.692626953125
2021-10-06,8.861960411071777,501.9693052209291,1371.692626953125
2021-10-07,8.866040229797363,501.4592421864871,1396.892578125
2021-10-08,8.87090015411377,501.2207676761216,1397.9925537109375
2021-10-11,8.955010414123535,505.4836705457689,1416.29248046875
2021-10-12,8.99487018585205,508.77475387567824,1416.79248046875
2021-10-13,9.037989616394043,521.5001373875706,1413.4925537109375
2021-10-14,9.146920204162598,528.7266082073534,1411.7926025390625
2021-10-15,9.190099716186523,522.4766915899486,1409.592529296875
2021-10-18,9.236949920654297,524.3680622398234,1417.6923828125
2021-10-19,9.339099884033203,531.6082223762852,1429.8924560546875
2021-10-20,9.305399894714355,533.9980548574363,1432.79248046875
2021-10-21,9.214960098266602,527.919289600073,1455.392333984375
2021-10-22,9.531149864196777,550.4462509506919,1479.8922119140625
2021-10-25,9.674400329589844,561.9852102781281,1492.89208984375
2021-10-26,9.586700439453125,552.7605832837313,1509.19189453125
2021-10-27,9.529069900512695,551.09204437857,1519.2919921875
2021-10-28,9.50570011138916,550.901820975689,1521.991943359375
2021-10-29,9.52511978149414,546.3006224622395,1521.991943359375
2021-11-01,9.582900047302246,553.2808967756174,1536.2918701171875
2021-11-02,9.539910316467285,548.8358465508553,1533.091796875
2021-11-03,9.600799560546875,544.4676830338435,1546.9918212890625
2021-11-04,9.639599800109863,555.8416976062836,1575.691650390625
2021-11-05,9.694029808044434,566.2421858825028,1583.591552734375
2021-11-08,9.687740325927734,569.3632329414985,1608.491455078125
2021-11-09,9.683159828186035,569.9657429631242,1615.5914306640625
2021-11-10,9.72719955444336,578.0308779217315,1624.09130859375
2021-11-11,9.843099594116211,589.8549543872315,1625.09130859375
2021-11-12,9.920900344848633,595.9844485138223,1638.4913330078125
2021-11-15,10.029609680175781,601.9023320254182,1702.490966796875
2021-11-16,10.057499885559082,599.5341454264203,1685.591064453125
2021-11-17,10.34220027923584,621.8587122747157,1706.990966796875
2021-11-18,10.730779647827148,642.1873261352381,1736.890869140625
2021-11-19,11.03711986541748,657.04280461511,1737.2908935546875
2021-11-22,11.105500221252441,644.9391737878065,1755.49072265625
2021-11-23,11.406100273132324,654.1451034176838,1784.5904541015625
2021-11-24,12.818900108337402,735.3758930419176,1812.2904052734375
2021-11-25,11.913999557495117,683.4648831217322,1819.1903076171875
2021-11-26,11.984299659729004,687.9601023179429,1776.390625
2021-11-29,12.329099655151367,706.4849588433167,1808.7904052734375
2021-11-30,12.699000358581543,724.1290120387106,1809.6903076171875
2021-12-01,13.50160026550293,774.5400361050912,1857.39013671875
2021-12-02,13.44320011138916,761.8540736553576,1880.0899658203125
2021-12-03,13.717100143432617,786.7261009455394,1910.389892578125
2021-12-06,13.632049560546875,779.9196936998461,1927.3897705078125
2021-12-07,13.783149719238281,790.8687649595448,1980.989501953125
2021-12-08,13.520500183105469,776.1458703018893,2004.58935546875
2021-12-09,13.682700157165527,781.5857604814698,2031.3892822265625
2021-12-10,13.773300170898438,790.3479292537481,2035.4892578125
2021-12-13,13.854889869689941,796.5888157433992,2101.48876953125
2021-12-14,13.803290367126465,786.5215230326819,2157.6884765625
2021-12-15,14.377799987792969,815.6518744983906,2162.28857421875
2021-12-16,14.81410026550293,856.453915928517,2278.587890625
2021-12-17,15.660750389099121,908.7751783441588,2084.489013671875
2021-12-20,16.608980178833008,958.2997226498959,2056.388916015625
2021-12-21,13.475899696350098,774.971984788159,1891.989990234375
2021-12-22,12.270709991455078,710.9898547573289,1804.1904296875
2021-12-23,12.032299995422363,700.8509432762245,1805.29052734375
2021-12-24,11.413299560546875,664.7957386323968,1891.2900390625
2021-12-27,10.807069778442383,628.4768062415977,1897.0899658203125
2021-12-28,11.521050453186035,670.7756537672685,1850.490234375
2021-12-29,11.803119659423828,685.2628822258508,1895.489990234375
2021-12-30,12.640299797058105,737.2407463225052,1863.6900634765625
2021-12-31,13.290499687194824,781.359249072592,1857.6900634765625
2022-01-03,13.356599807739258,773.0067351848691,1926.689697265625
2022-01-04,13.061699867248535,762.0287189615328,1963.589599609375
2022-01-05,13.411499977111816,786.9637912388501,2005.2894287109375
2022-01-06,13.687999725341797,787.3894719315248,2007.58935546875
2022-01-07,13.782099723815918,796.4359760176113,2033.289306640625
2022-01-10,13.749349594116211,795.1623039610076,2045.1890869140625
2022-01-11,13.809000015258789,807.3582242431916,2045.9891357421875
2022-01-12,13.760499954223633,808.4158451059287,2064.18896484375
2022-01-13,13.243399620056152,775.5245676948081,2070.68896484375
2022-01-14,13.5826997756958,793.2539470654885,2072.888916015625
2022-01-17,13.43317985534668,784.5217164382543,2085.7890625
2022-01-18,13.450599670410156,783.7660446906344,1979.78955078125
2022-01-19,13.527700424194336,801.6543720591815,2042.089111328125
2022-01-20,13.423600196838379,795.2264341623863,2014.189208984375
2022-01-21,13.354999542236328,786.5252725117139,2011.1893310546875
2022-01-24,13.434650421142578,795.492308731477,1910.2899169921875
2022-01-25,13.434760093688965,800.1637459951069,1945.089599609375
2022-01-26,13.476900100708008,792.7944911734589,1951.1895751953125
2022-01-27,13.577099800109863,782.7124703041404,1997.6893310546875
2022-01-28,13.617600440979004,781.4572430615324,1983.189453125
2022-01-31,13.482049942016602,778.0564774356519,2003.1893310546875
2022-02-01,13.29580020904541,770.0864557556322,2015.3892822265625
2022-02-02,13.350179672241211,777.0132272098801,2002.1893310546875
2022-02-03,13.46560001373291,781.0467843176988,1957.8896484375
2022-02-04,13.566200256347656,788.4957476116004,1943.789794921875
2022-02-07,13.556659698486328,794.0432202372294,1997.58935546875
2022-02-08,13.570369720458984,797.5076484426136,2007.08935546875
2022-02-09,13.577210426330566,801.7073428239219,2042.88916015625
2022-02-10,13.539199829101562,799.8111497592902,2038.6890869140625
2022-02-11,13.496100425720215,799.3044597786284,2051.089111328125
2022-02-14,13.505419731140137,811.7103211894331,2001.889404296875
2022-02-15,13.590800285339355,811.0740857470579,2038.1890869140625
2022-02-16,13.60319995880127,818.5055933543356,2041.38916015625
2022-02-17,13.59570026397705,831.386239557746,2009.9893798828125
2022-02-18,13.522600173950195,825.9596659782272,2032.3892822265625
2022-02-21,13.60807991027832,831.1807635154815,2038.089111328125
2022-02-22,13.67549991607666,838.6403097336033,2017.4892578125
2022-02-23,13.762280464172363,845.2894669329194,2015.9892578125
2022-02-24,13.820500373840332,855.930379055661,1851.3902587890625
2022-02-25,14.053000450134277,852.8443199827232,1952.3896484375
2022-02-28,14.028840065002441,857.2866599112056,1946.1895751953125
2022-03-01,13.791000366210938,861.862722369814,1969.8895263671875
2022-03-02,13.835200309753418,855.0615278340342,1986.0894775390625
2022-03-03,13.982999801635742,870.3100827035049,2023.289306640625
2022-03-04,14.113499641418457,892.3628546705572,1990.7894287109375
2022-03-07,14.239629745483398,913.7517435869765,1997.2894287109375
2022-03-08,14.378999710083008,944.6078675940715,2011.389404296875
2022-03-09,14.491299629211426,926.313797971777,2042.6890869140625
2022-03-10,14.659099578857422,942.7898196484177,2041.9891357421875
2022-03-11,14.838000297546387,946.9490761692279,2053.888916015625
2022-03-14,14.75,929.8567916863003,2088.489013671875
2022-03-15,14.774860382080078,916.6507742817109,2079.388916015625
2022-03-16,14.700799942016602,902.3668246816467,2088.7890625
2022-03-17,14.557979583740234,909.5138880282019,2133.5888671875
2022-03-18,14.703310012817383,912.0226574393118,2144.28857421875
2022-03-21,14.806859970092773,918.5408816465673,2174.988525390625
2022-03-22,14.82174015045166,915.6517336985505,2188.788330078125
2022-03-23,14.818300247192383,922.9666691026932,2183.088623046875
2022-03-24,14.826700210571289,935.3593785015516,2176.1884765625
2022-03-25,14.836000442504883,932.1301892175786,2175.488525390625
2022-03-28,14.82759952545166,924.7376752929739,2172.488525390625
2022-03-29,14.821399688720703,911.1990535171467,2206.48828125
2022-03-30,14.569250106811523,905.6744444040086,2230.188232421875
2022-03-31,14.651009559631348,918.1522053226196,2233.2880859375
2022-04-01,14.666199684143066,907.0801554893496,2251.68798828125
2022-04-04,14.674039840698242,912.4244233578344,2311.3876953125
2022-04-05,14.691499710083008,910.439844107094,2326.28759765625
2022-04-06,14.717900276184082,909.9938483388001,2316.3876953125
2022-04-07,14.699589729309082,915.8090149085648,2345.1875
2022-04-08,14.753700256347656,922.8800250310171,2393.38720703125
2022-04-11,14.74020004272461,923.2677031041443,2449.087158203125
2022-04-12,14.664600372314453,931.6866731302947,2463.786865234375
2022-04-13,14.581500053405762,930.4387751863009,2460.386962890625
2022-04-14,14.59060001373291,926.4223101367031,2475.38671875
2022-04-15,14.622699737548828,928.4604648571603,2494.38671875
2022-04-18,14.621800422668457,933.8095300067894,2510.28662109375
2022-04-19,14.640899658203125,922.1316710473072,2519.1865234375
2022-04-20,14.652000427246094,921.2291760672466,2525.886474609375
2022-04-21,14.666799545288086,918.6701868914407,2556.786376953125
2022-04-22,14.70398998260498,914.4285543852324,2472.48681640625
2022-04-25,14.747099876403809,898.9503228145263,2482.5869140625
2022-04-26,14.771900177001953,904.308993083972,2418.287109375
2022-04-27,14.799699783325195,898.6831790031574,2451.386962890625
2022-04-28,14.809800148010254,900.5345296531441,2428.386962890625
2022-04-29,14.78888988494873,908.9626592165745,2430.587158203125
2022-05-02,14.854900360107422,890.0474849591758,2430.587158203125
2022-05-03,14.886699676513672,895.30310259108,2430.587158203125
2022-05-04,14.80679988861084,889.6409842887203,2430.587158203125
2022-05-05,14.739700317382812,888.8792311348566,2466.286865234375
2022-05-06,14.865079879760742,899.833559678091,2458.68701171875
2022-05-09,14.940130233764648,892.7524454715933,2465.686767578125
2022-05-10,15.098400115966797,893.6664559774582,2490.186767578125
2022-05-11,15.32544994354248,913.3629916900577,2453.886962890625
2022-05-12,15.285400390625,896.6753317007942,2390.9873046875
2022-05-13,15.406800270080566,895.6733324569425,2419.18701171875
2022-05-16,15.480199813842773,902.8270922021892,2390.787353515625
2022-05-17,15.600299835205078,912.289155597319,2394.787353515625
2022-05-18,15.911999702453613,928.982289715372,2393.58740234375
2022-05-19,15.956299781799316,944.5476675979456,2393.58740234375
2022-05-20,15.902649879455566,941.8319788672275,2372.38720703125
2022-05-23,15.929900169372559,946.3652100501156,2380.88720703125
2022-05-24,15.933099746704102,955.5710661659789,2374.9873046875
2022-05-25,16.09749984741211,955.5456702392886,2418.087158203125
2022-05-26,16.347999572753906,971.0985455495052,2450.787109375
2022-05-27,16.360700607299805,973.799277674746,2438.787109375
2022-05-30,16.334299087524414,972.2278424713343,2527.1865234375
2022-05-31,16.383499145507812,970.6262342003859,2547.086669921875
2022-06-01,16.377729415893555,973.4437465709195,2568.786376953125
2022-06-02,16.443700790405273,989.3658932474469,2601.586181640625
2022-06-03,16.48349952697754,980.5253434486623,2601.2861328125
2022-06-06,16.508699417114258,978.5743826014667,2648.0859375
2022-06-07,16.594329833984375,988.131814116979,2648.185791015625
2022-06-08,16.837099075317383,1004.9696797250059,2540.386474609375
2022-06-09,17.176990509033203,1023.2137493805185,2571.58642578125
2022-06-10,17.239599227905273,1039.5250808409453,2543.086669921875
2022-06-13,17.23390007019043,1014.9680579379766,2510.086669921875
2022-06-14,17.269100189208984,1006.8806788024015,2508.886474609375
2022-06-15,17.251279830932617,1009.2249540788389,2531.086669921875
2022-06-16,17.236400604248047,1025.1456555888894,2485.38671875
2022-06-17,17.296600341796875,1023.5543320472309,2533.28662109375
2022-06-20,17.33650016784668,1025.9154688599097,2539.1865234375
2022-06-21,17.31220054626465,1023.4756606103406,2575.88623046875
2022-06-22,17.34600067138672,1025.250793568688,2574.286376953125
2022-06-23,17.342599868774414,1020.2546365100409,2543.1865234375
2022-06-24,17.34589958190918,1020.7275982360868,2554.086669921875
2022-06-27,16.668899536132812,977.9416685403979,2529.28662109375
2022-06-28,16.563800811767578,969.8584799013544,2490.186767578125
2022-06-29,16.624500274658203,971.4350233636499,2401.9873046875
2022-06-30,16.62820053100586,966.1982616622163,2405.38720703125
2022-07-01,16.6919002532959,966.7869630849442,2443.787109375
2022-07-04,16.733539581298828,969.1986932567022,2405.9873046875
2022-07-05,16.778430938720703,951.5158982892315,2371.287353515625
2022-07-06,17.001399993896484,949.1835674249279,2408.187255859375
2022-07-07,17.212499618530273,962.7400371631178,2425.587158203125
2022-07-08,17.258899688720703,966.7780722548199,2433.987060546875
2022-07-11,17.2716007232666,961.6033606874112,2433.987060546875
2022-07-12,17.34469985961914,961.8254911755997,2433.987060546875
2022-07-13,17.280500411987305,964.2100877716002,2408.08740234375
2022-07-14,17.41119956970215,954.8772670649333,2382.38720703125
2022-07-15,17.464099884033203,956.5431586821206,2382.38720703125
2022-07-18,17.339599609375,953.4033920714063,2451.287109375
2022-07-19,17.461000442504883,960.3592073048111,2501.98681640625
2022-07-20,17.541200637817383,958.8486333664436,2525.1865234375
2022-07-21,17.594999313354492,969.2565869778964,2511.386474609375
2022-07-22,17.72047996520996,984.1451130751392,2516.586669921875
2022-07-25,17.757299423217773,981.4513802281369,2548.486572265625
2022-07-26,17.829200744628906,984.6228639375835,2537.086669921875
2022-07-27,17.871999740600586,987.7909019158085,2544.086669921875
2022-07-28,17.867399215698242,1005.4595051897129,2543.28662109375
2022-07-29,17.945199966430664,1017.1071891888646,2592.38623046875
2022-08-01,17.922500610351562,1030.1108706738273,2656.285888671875
2022-08-02,17.89349937438965,1029.5945779940885,2647.5859375
2022-08-03,17.943099975585938,1024.7760938381475,2684.48583984375
2022-08-04,17.930700302124023,1041.6507085591377,2723.685546875
2022-08-05,17.941699981689453,1033.2333059347848,2750.4853515625
2022-08-08,17.9237003326416,1040.2643742763335,2795.085205078125
2022-08-09,17.93779945373535,1045.1773860135897,2785.18505859375
2022-08-10,17.923999786376953,1045.1800452475309,2829.585205078125
2022-08-11,17.870100021362305,1038.3025667864542,2868.384765625
2022-08-12,17.949100494384766,1047.6824777775987,2864.284912109375
2022-08-15,17.940000534057617,1037.11526105746,2857.184814453125
2022-08-16,17.951860427856445,1032.952681568923,2913.28466796875
2022-08-17,17.90625,1022.844165469204,2979.984130859375
2022-08-18,17.944000244140625,1021.8275228270127,3019.98388671875
2022-08-19,18.07670021057129,1024.560427043317,3020.183837890625
2022-08-22,18.087799072265625,1016.7572247350258,3062.483642578125
2022-08-23,18.090999603271484,1024.3820669034722,3121.4833984375
2022-08-24,18.120899200439453,1026.2499056882375,3060.283935546875
2022-08-25,18.148000717163086,1033.5611398540073,3136.783447265625
2022-08-26,18.165800094604492,1021.9595187853746,3146.08349609375
2022-08-29,18.167509078979492,1021.9971947981743,3164.983154296875
2022-08-30,18.18000030517578,1014.8676328249887,3164.983154296875
2022-08-31,18.15026092529297,1007.3136310382276,3171.18310546875
2022-09-01,18.189199447631836,999.591669875789,3142.683349609375
2022-09-02,18.20709991455078,1008.3607911744948,3222.682861328125
2022-09-05,18.211029052734375,1008.5783979820609,3358.382080078125
2022-09-06,18.214149475097656,1003.070943159971,3391.3818359375
2022-09-07,18.22620964050293,1012.4663110843668,3402.781982421875
2022-09-08,18.221200942993164,1007.7357523246504,3437.381591796875
2022-09-09,18.23870086669922,1013.6292659313417,3521.381103515625
2022-09-12,18.221399307250977,1019.6976928430134,3649.1806640625
2022-09-13,18.22249984741211,1006.1672057109588,3426.8818359375
2022-09-14,18.246400833129883,1002.6178153080365,3446.981689453125
2022-09-15,18.22907066345215,983.0283123731937,3363.082275390625
2022-09-16,18.27322006225586,989.0515850244423,3377.2822265625
2022-09-19,18.25429916381836,984.9169374956764,3199.48291015625
2022-09-20,18.29290008544922,982.8239550594044,3277.482666015625
2022-09-21,18.310720443725586,986.4894096636333,3245.78271484375
2022-09-22,18.315000534057617,989.8997524606779,3295.282470703125
2022-09-23,18.33799934387207,976.1085172411316,3281.582763671875
2022-09-26,18.4325008392334,967.9826167735483,3260.1826171875
2022-09-27,18.449499130249023,970.536099669137,3265.582763671875
2022-09-28,18.442899703979492,990.2307619928868,3198.18310546875
2022-09-29,18.523300170898438,993.7138332641704,3146.88330078125
2022-09-30,18.497499465942383,994.351732347024,3179.983154296875
2022-10-03,18.516199111938477,1013.2162261005767,3392.08203125
2022-10-04,18.523700714111328,1030.5999030903163,3457.981689453125
2022-10-05,18.569700241088867,1027.3680158692548,3484.38134765625
2022-10-06,18.54833984375,1026.1862526341297,3553.881103515625
2022-10-07,18.575300216674805,1020.8099270937137,3567.5810546875
2022-10-10,18.577999114990234,1000.5903904802603,3581.98095703125
2022-10-11,18.583099365234375,1007.3176822475012,3571.5810546875
2022-10-12,18.5841007232666,1002.2932777108597,3517.781494140625
2022-10-13,18.509899139404297,997.993822456669,3553.381103515625
2022-10-14,18.552900314331055,983.5509759754415,3626.980712890625
2022-10-17,18.58690071105957,994.3769281014395,3847.57958984375
2022-10-18,18.54891014099121,987.4543481332246,3841.579833984375
2022-10-19,18.57990074157715,976.2011633630832,3880.279541015625
2022-10-20,18.59309959411621,978.4489309407496,3900.879150390625
2022-10-21,18.5856990814209,989.7115853862836,3934.579345703125
2022-10-24,18.554330825805664,986.7287657652212,3977.47900390625
2022-10-25,18.59079933166504,990.9992538428355,3974.97900390625
2022-10-26,18.606800079345703,998.5522460143935,3976.37890625
2022-10-27,18.59040069580078,995.5204702062011,3934.479248046875
2022-10-28,18.60890007019043,984.0667366723011,3878.9794921875
2022-10-31,18.572969436645508,979.7183612076136,3978.97900390625
2022-11-01,18.616670608520508,987.4104391421918,4054.678466796875
2022-11-02,18.604299545288086,986.9337614649587,4071.87841796875
2022-11-03,18.614999771118164,976.0703323157967,4105.47802734375
2022-11-04,18.60919952392578,1003.108443341997,4216.9775390625
2022-11-07,18.60007095336914,1004.9486146940646,4331.67724609375
2022-11-08,18.444000244140625,1017.5672968940895,4360.27685546875
2022-11-09,18.54050064086914,1021.5202482987305,4360.97705078125
2022-11-10,18.585039138793945,1047.8750696940965,4467.076171875
2022-11-11,18.482650756835938,1051.4315977424437,4455.4765625
2022-11-14,18.491619110107422,1056.4006767150136,4570.17578125
2022-11-15,18.591100692749023,1062.0241650825487,4656.97509765625
2022-11-16,18.60770034790039,1062.3741761017452,4668.47509765625
2022-11-17,18.603679656982422,1054.488634245664,4507.17626953125
2022-11-18,18.599199295043945,1049.0920860130568,4526.67626953125
2022-11-21,18.610429763793945,1040.8701002375858,4570.275390625
2022-11-22,18.60059928894043,1040.499723727029,4780.6748046875
2022-11-23,18.61210060119629,1044.5539040638917,4854.17431640625
2022-11-24,18.608999252319336,1044.3798492300662,4858.17431640625
2022-11-25,18.626800537109375,1050.4093797189976,4874.27392578125
2022-11-28,18.59602928161621,1040.4832467987826,4923.17431640625
2022-11-29,18.618499755859375,1046.5891435914848,4962.4736328125
2022-11-30,18.63990020751953,1046.3538110607842,4977.57373046875
2022-12-01,18.6299991607666,1087.2465660441947,5046.17333984375
2022-12-02,18.632600784301758,1084.04372255132,4962.9736328125
2022-12-05,18.630699157714844,1066.981700430484,4957.7734375
2022-12-06,18.62459945678711,1067.2910291921962,5000.07373046875
2022-12-07,18.62660026550293,1076.7478668758906,4826.974609375
2022-12-08,18.62697982788086,1078.8658562517842,4855.8740234375
2022-12-09,18.638530731201172,1085.047878370648,5005.2734375
2022-12-12,18.635610580444336,1073.8536098275856,5193.2724609375
2022-12-13,18.617900848388672,1092.7059012244126,5256.17236328125
2022-12-14,18.629499435424805,1089.3137336172317,5066.47314453125
2022-12-15,18.607770919799805,1069.5572446509445,5188.7724609375
2022-12-16,18.64459991455078,1079.1071054959557,5214.27197265625
2022-12-19,18.622900009155273,1076.3543150171893,5391.87109375
2022-12-20,18.645200729370117,1094.248231440105,5418.97119140625
2022-12-21,18.636680603027344,1093.748202863446,5429.0712890625
2022-12-22,18.654800415039062,1076.7586958380425,5447.17138671875
2022-12-23,18.66963005065918,1082.9567613225606,5454.77099609375
2022-12-26,18.623430252075195,1080.2768804619059,5504.07080078125
2022-12-27,18.65679931640625,1093.5492911811202,5434.47119140625
2022-12-28,18.656999588012695,1089.1822708987656,5345.57177734375
2022-12-29,18.69367027282715,1097.4534029347942,5476.87060546875
2022-12-30,18.70298957824707,1098.1207470079858,5509.1708984375
2023-01-02,18.644729614257812,1094.7000919886966,5661.06982421875
2023-01-03,18.74329948425293,1112.4794547327228,5626.5703125
2023-01-04,18.70686912536621,1118.0757697383183,5523.470703125
2023-01-05,18.735950469970703,1108.730206491469,5116.37255859375
2023-01-06,18.766599655151367,1128.1016753387444,5341.9716796875
2023-01-09,18.768489837646484,1133.1030634353926,5170.97265625
2023-01-10,18.758499145507812,1131.7158405499513,4987.9736328125
2023-01-11,18.754459381103516,1132.9192595376064,4728.875
2023-01-12,18.773399353027344,1146.0746092304148,4970.673828125
2023-01-13,18.77869987487793,1160.22398227287,4984.87353515625
2023-01-16,18.783069610595703,1160.4939622081017,5207.67236328125
2023-01-17,18.779090881347656,1153.1238006256463,5314.9716796875
2023-01-18,18.75263023376465,1149.7505379069617,5384.171875
2023-01-19,18.763029098510742,1160.5829614257746,5422.37109375
2023-01-20,18.792699813842773,1165.0162477997442,5490.2705078125
2023-01-23,18.793350219726562,1165.298271093048,5404.37109375
2023-01-24,18.719240188598633,1164.7955348441974,5366.4716796875
2023-01-25,18.795230865478516,1173.8748057424607,5297.771484375
2023-01-26,18.804000854492188,1166.8050749648728,5230.97216796875
2023-01-27,18.81049919128418,1166.8454546563698,5191.7724609375
2023-01-30,18.798599243164062,1162.1787562052616,5096.27294921875
2023-01-31,18.808000564575195,1166.750915149351,4976.57373046875
2023-02-01,18.804000854492188,1174.5435008366107,4713.375
2023-02-02,18.807449340820312,1167.5028246206487,4752.1748046875
2023-02-03,18.80525016784668,1134.596814052069,4997.57373046875
2023-02-06,18.825319290161133,1137.562898254468,4930.173828125
2023-02-07,18.829099655151367,1140.9998215448077,4505.27587890625
2023-02-08,18.831600189208984,1144.7234413563008,4505.27587890625
2023-02-09,18.832359313964844,1137.3828338059368,4505.27587890625
2023-02-10,18.829700469970703,1134.8006986660691,4505.27587890625
2023-02-13,18.82975959777832,1128.1449679444404,4505.27587890625
2023-02-14,18.837459564208984,1129.757021909893,4505.27587890625
2023-02-15,18.84394073486328,1117.9682273106725,4950.4736328125
2023-02-16,18.85038948059082,1122.2901654343484,5008.57373046875
2023-02-17,18.854820251464844,1121.5839860020492,5026.77294921875
2023-02-20,18.85346031188965,1121.503089635543,5148.87255859375
2023-02-21,18.863500595092773,1117.4305093143355,5149.37255859375
2023-02-22,18.862699508666992,1116.7766053727157,5071.373046875
2023-02-23,18.875200271606445,1108.596035102522,5086.17333984375
2023-02-24,18.86302947998047,1101.9985020190438,5058.77294921875
2023-02-27,18.882020950317383,1107.8431846326307,5197.37255859375
2023-02-28,18.884199142456055,1115.135198381822,5237.27197265625
2023-03-01,18.882400512695312,1120.3106520849433,5322.671875
2023-03-02,18.883399963378906,1117.3950723423047,5261.3720703125
2023-03-03,18.885700225830078,1126.092535494327,5212.3720703125
2023-03-06,18.88681983947754,1126.1592943942335,5392.27099609375
2023-03-07,18.869890213012695,1104.1587020008392,5381.87158203125
2023-03-08,18.918100357055664,1106.1281478764045,5438.37109375
2023-03-09,18.940799713134766,1117.1987297665912,5446.17138671875
2023-03-10,18.951900482177734,1137.717223300802,5384.57177734375
2023-03-13,18.961389541625977,1168.3412817376238,5323.171875
2023-03-14,18.97100067138672,1165.517888537048,5207.27197265625
2023-03-15,18.974899291992188,1178.2025794246072,5121.57275390625
2023-03-16,18.98699951171875,1173.8871850767648,5229.572265625
2023-03-17,19.00200080871582,1205.6665197164523,5136.37255859375
2023-03-20,19.00787925720215,1211.7229224781624,4975.4736328125
2023-03-21,19.00881004333496,1186.2973848935076,4906.57421875
2023-03-22,19.033199310302734,1193.020879022891,5001.07373046875
2023-03-23,19.043899536132812,1222.0399488516223,5061.97314453125
2023-03-24,19.057199478149414,1215.4797130638071,5031.97314453125
2023-03-27,19.0802001953125,1198.543446019,4997.7734375
2023-03-28,19.092580795288086,1211.4137701384423,4811.474609375
2023-03-29,19.12070083618164,1209.1406736058532,4943.173828125
2023-03-30,19.14689064025879,1219.0457173569293,4896.07421875
2023-03-31,19.17569923400879,1213.9132828062213,4812.87451171875
2023-04-03,19.193479537963867,1234.4153209874685,4839.47412109375
2023-04-04,19.20479965209961,1258.4828624809127,4984.07373046875
2023-04-05,19.216999053955078,1257.6759144490472,4919.8740234375
2023-04-06,19.250099182128906,1254.148293685249,4912.77392578125
2023-04-07,19.250699996948242,1254.1874369059337,4924.57373046875
2023-04-10,19.245399475097656,1239.8582927296752,5092.27294921875
2023-04-11,19.265300750732422,1250.5551534627537,5124.2724609375
2023-04-12,19.291040420532227,1255.88529324701,5146.07275390625
2023-04-13,19.308759689331055,1275.9109017407252,5135.57275390625
2023-04-14,19.335100173950195,1253.0967857233268,5092.873046875
2023-04-17,19.378299713134766,1250.4138609565314,5059.373046875
2023-04-18,19.385299682617188,1258.7808067398878,5018.67333984375
2023-04-19,19.399599075317383,1251.9753780484714,5061.17333984375
2023-04-20,19.3981990814209,1259.2442423427617,5012.2734375
2023-04-21,19.404260635375977,1241.7953218999753,5012.2734375
2023-04-24,19.405170440673828,1247.6557556152077,5022.77294921875
2023-04-25,19.402700424194336,1250.4288263474382,4890.97412109375
2023-04-26,19.41783905029297,1246.097922882787,4783.474609375
2023-04-27,19.423099517822266,1248.3089020890482,4789.57470703125
2023-04-28,19.43549919128418,1249.1682916326688,4617.87548828125
2023-05-01,19.449499130249023,1245.753410953736,4617.87548828125
2023-05-02,19.452049255371094,1265.366669609511,4506.17626953125
2023-05-03,19.473539352416992,1275.3419924083596,4485.97607421875
2023-05-04,19.474889755249023,1287.1390653445133,4484.3759765625
2023-05-05,19.487199783325195,1268.593022418708,4400.7763671875
2023-05-08,19.499000549316406,1274.6271951635822,4561.87548828125
2023-05-09,19.50189971923828,1280.8986581109034,4536.17626953125
2023-05-10,19.520000457763672,1278.4475205667486,4494.47607421875
2023-05-11,19.53969955444336,1269.309336561892,4847.97412109375
2023-05-12,19.565799713134766,1270.5645093301691,4795.57470703125
2023-05-15,19.628000259399414,1276.433686443286,4501.17626953125
2023-05-16,19.67970085144043,1261.0041891401538,4589.67578125
2023-05-17,19.731300354003906,1259.1720724157587,4661.67529296875
2023-05-18,19.764400482177734,1245.3348668166136,4501.67626953125
2023-05-19,19.806859970092773,1261.892495480249,4501.67626953125
2023-05-22,19.815900802612305,1259.66524987065,4466.17626953125
2023-05-23,19.84454917907715,1259.7637678746066,4470.97607421875
2023-05-24,19.863929748535156,1254.671528895878,4424.87646484375
2023-05-25,19.907100677490234,1244.0217536550988,4427.9765625
2023-05-26,19.97439956665039,1248.6127301670497,4580.67578125
2023-05-29,19.989200592041016,1249.5379519070373,4768.57470703125
2023-05-30,20.1270809173584,1267.0221819469753,4951.37353515625
2023-05-31,20.611600875854492,1301.4330690534362,4886.8740234375
2023-06-01,20.786399841308594,1333.5882097941164,4959.7734375
2023-06-02,20.890199661254883,1322.8523073864028,5114.97265625
2023-06-05,21.080299377441406,1338.0756535500525,5372.671875
2023-06-06,21.269500732421875,1355.008783619012,5388.77099609375
2023-06-07,21.93440055847168,1381.0770681504898,5561.1708984375
2023-06-08,23.295530319213867,1481.908329315287,5553.970703125
2023-06-09,23.498699188232422,1493.7748770259207,5626.47021484375
2023-06-12,23.645999908447266,1497.4367793038964,5588.97021484375
2023-06-13,23.66010093688965,1489.8861259135751,5429.0712890625
2023-06-14,23.638500213623047,1496.3539038280012,5360.771484375
2023-06-15,23.568500518798828,1493.2866983327008,5495.470703125
2023-06-16,23.650800704956055,1498.881386171496,5475.47119140625
2023-06-19,23.548500061035156,1492.3980314267974,5269.27197265625
2023-06-20,23.601499557495117,1477.924977437146,5251.572265625
2023-06-21,23.572099685668945,1473.9620060169514,5186.7724609375
2023-06-22,23.554800033569336,1456.8253628832965,5428.27099609375
2023-06-23,24.885099411010742,1543.8226314061103,5582.77001953125
2023-06-26,25.317800521850586,1574.0853564832057,5732.86962890625
2023-06-27,25.960159301757812,1605.6763943706524,5759.0693359375
2023-06-28,25.989990234375,1606.1844473925164,5759.0693359375
2023-06-29,26.055500030517578,1606.630898279945,5759.0693359375
2023-06-30,26.03860092163086,1615.216205697192,5759.0693359375
2023-07-03,25.422399520874023,1577.0739587353971,6015.26806640625
2023-07-04,25.864200592041016,1604.481008321994,6003.8681640625
2023-07-05,25.978099822998047,1609.5421909003355,6106.767578125
2023-07-06,26.085599899291992,1606.3902353098317,6141.0673828125
2023-07-07,26.12980079650879,1623.4777449243086,6187.0673828125
2023-07-10,26.137800216674805,1622.7142353239683,6270.36669921875
2023-07-11,26.037189483642578,1621.574392370327,6362.8662109375
2023-07-12,26.110000610351562,1646.7595904777368,6342.06640625
2023-07-13,26.199600219726562,1654.1796322206947,6368.3662109375
2023-07-14,26.057199478149414,1645.6914267217132,6437.666015625
2023-07-17,26.25,1651.1164544462565,6600.46484375
2023-07-18,26.382200241088867,1680.1280732310574,6364.96630859375
2023-07-19,26.947799682617188,1716.14779452919,6571.26513671875
2023-07-20,26.820499420166016,1699.5040095809973,6682.064453125
2023-07-21,26.850500106811523,1697.6929559221874,6687.76416015625
2023-07-24,26.95199966430664,1700.2977936658858,6695.064453125
2023-07-25,26.96940040588379,1702.6961679608,6604.96484375
2023-07-26,26.923500061035156,1705.338203511931,6743.8642578125
2023-07-27,26.895700454711914,1682.478276125399,6856.06396484375
2023-07-28,26.9552001953125,1698.9398338121616,7067.26220703125
2023-07-31,26.84040069580078,1700.419874646758,7216.9619140625
2023-08-01,26.925979614257812,1713.0268225581833,7168.4619140625
2023-08-02,26.973499298095703,1712.7545489651973,7258.46142578125
2023-08-03,26.962299346923828,1706.6689044879886,7221.4619140625
2023-08-04,26.963289260864258,1713.0597923098826,7400.56103515625
2023-08-07,26.994300842285156,1709.7359673124167,7470.060546875
2023-08-08,27.005399703979492,1701.6697008099063,7412.16064453125
2023-08-09,26.925180435180664,1688.5641905094399,7600.65966796875
2023-08-10,26.94700050354004,1688.4598176808056,7441.46044921875
2023-08-11,27.05120086669922,1692.9884722519005,7714.35888671875
2023-08-14,27.112199783325195,1694.5397263582613,7737.35888671875
2023-08-15,27.055400848388672,1683.335007337993,7690.7587890625
2023-08-16,27.047889709472656,1676.867460172452,7662.25927734375
2023-08-17,27.073659896850586,1667.0622956417185,7764.458984375
2023-08-18,27.125,1671.3573231308374,7513.259765625
2023-08-21,27.138399124145508,1677.854309506384,7796.65869140625
2023-08-22,27.20549964904785,1684.6268852079722,7771.2587890625
2023-08-23,27.20490074157715,1703.9197026213865,7602.15966796875
2023-08-24,27.19339942932129,1702.325055538127,7491.8603515625
2023-08-25,25.905399322509766,1615.6987084473687,7716.6591796875
2023-08-28,26.353700637817383,1649.505222515301,7941.658203125
2023-08-29,26.309499740600586,1662.2179914778865,7907.05810546875
2023-08-30,26.54829978942871,1684.0482738130065,7907.05810546875
2023-08-31,26.681299209594727,1686.3943532895391,7917.85791015625
2023-09-01,26.68790054321289,1687.8411917306414,8056.05712890625
2023-09-04,26.577299118041992,1680.8463499683496,8141.2568359375
2023-09-05,26.77120018005371,1680.6290230353216,8236.0556640625
2023-09-06,26.78059959411621,1673.9865424545235,8181.65673828125
2023-09-07,26.816499710083008,1674.7649199233604,8337.65625
2023-09-08,26.85810089111328,1677.5356885795832,8325.255859375
2023-09-11,26.665090560913086,1669.3382750559772,8146.45654296875
2023-09-12,26.866870880126953,1671.5186774544409,8159.8564453125
2023-09-13,26.919200897216797,1672.5241768248416,8013.857421875
2023-09-14,26.885499954223633,1670.6896530709403,8118.7568359375
2023-09-15,26.944400787353516,1685.9578985227656,7961.95751953125
2023-09-18,26.786020278930664,1682.2483857706925,7680.359375
2023-09-19,26.987499237060547,1695.1621502948608,7783.95849609375
2023-09-20,27.018299102783203,1708.73681436039,7719.7587890625
2023-09-21,27.02280044555664,1685.129425449397,8000.45751953125
2023-09-22,27.104780197143555,1695.4702747222887,8039.15771484375
2023-09-25,27.178089141845703,1692.191771619619,8304.755859375
2023-09-26,27.207380294799805,1679.3200128101992,8242.255859375
2023-09-27,27.34280014038086,1662.2727812945488,8213.755859375
2023-09-28,27.332799911499023,1650.855924459864,8218.65625
2023-09-29,27.458900451660156,1647.4368949622938,8334.8564453125
2023-10-02,27.48110008239746,1632.069919152314,8486.955078125
2023-10-03,27.461999893188477,1625.9029627953953,8513.455078125
2023-10-04,27.527599334716797,1623.8571415904782,8333.0556640625
2023-10-05,27.55459976196289,1622.7921998940012,8487.955078125
2023-10-06,27.582599639892578,1636.3242563931121,8464.85546875
2023-10-09,27.71269989013672,1661.0602587599806,8193.3564453125
2023-10-10,27.71969985961914,1671.283119270974,8442.7548828125
2023-10-11,27.727500915527344,1682.450972776589,8330.5556640625
2023-10-12,27.718799591064453,1678.0908781961632,8259.255859375
2023-10-13,27.842300415039062,1737.9338741877389,8113.2568359375
2023-10-16,27.706300735473633,1723.0311336496975,7934.55810546875
2023-10-17,27.87019920349121,1734.4782174786878,8114.95703125
2023-10-18,27.96139907836914,1769.4607735867883,7842.65869140625
2023-10-19,28.019559860229492,1784.1316348058742,7768.958984375
2023-10-20,28.02429962158203,1796.9573793775685,7510.66015625
2023-10-23,28.04990005493164,1792.6468950059364,7750.35888671875
2023-10-24,28.081710815429688,1793.1449889863281,7990.357421875
2023-10-25,28.122499465942383,1803.7061704050323,7424.96044921875
2023-10-26,28.1481990814209,1807.6169412587649,7662.0595703125
2023-10-27,28.16670036315918,1809.8011695074065,7706.35888671875
2023-10-30,28.202829360961914,1818.5604153165905,7712.85888671875
2023-10-31,28.257369995117188,1811.8113511668012,7514.06005859375
2023-11-01,28.302400588989258,1808.5109769195155,7528.56005859375
2023-11-02,28.32309913635254,1815.2972536312243,7663.5595703125
2023-11-03,28.35890007019043,1822.788806263372,7705.958984375
2023-11-06,28.383150100708008,1814.6746056655986,7867.95849609375
2023-11-07,28.447599411010742,1804.9845656479079,7844.75830078125
2023-11-08,28.49519920349121,1793.6213735419565,7860.8583984375
2023-11-09,28.517309188842773,1806.015304793005,7841.45849609375
2023-11-10,28.525800704956055,1777.1132712759652,7771.2587890625
2023-11-13,28.513660430908203,1787.8161358075008,7568.259765625
2023-11-14,28.60610008239746,1808.6033987182989,7671.0595703125
2023-11-15,28.641199111938477,1808.7967210788754,7665.859375
2023-11-16,28.679689407348633,1832.4351973121802,7780.65869140625
2023-11-17,28.701900482177734,1831.4549965604567,7853.3583984375
2023-11-20,28.647829055786133,1823.95220081319,7946.35791015625
2023-11-21,28.777830123901367,1851.936408231139,8046.5576171875
2023-11-22,28.79397964477539,1844.8291684879334,7986.95751953125
2023-11-23,28.83180046081543,1847.7158283262704,7898.55810546875
2023-11-24,28.840700149536133,1857.2804475226542,7959.9580078125
2023-11-27,28.842559814453125,1866.116934581945,8107.1572265625
2023-11-28,28.909400939941406,1896.0945847727899,8093.45703125
2023-11-29,28.91860008239746,1903.299163202062,8009.25732421875
2023-11-30,28.940919876098633,1896.393913640304,7948.55810546875
2023-12-01,28.88640022277832,1940.7432968981334,8026.25732421875
2023-12-04,28.89620018005371,1897.2726090876722,8087.1572265625
2023-12-05,28.917800903320312,1893.2055682297216,8057.35693359375
2023-12-06,28.91469955444336,1903.7861952342932,7855.05859375
2023-12-07,28.914899826049805,1902.4049290259454,7978.75732421875
2023-12-08,28.91069984436035,1872.477529424789,7913.7578125
2023-12-11,28.876100540161133,1850.9261091823557,7728.35888671875
2023-12-12,28.96109962463379,1855.908896352625,7748.85888671875
2023-12-13,29.027099609375,1863.9647456763237,7529.259765625
2023-12-14,28.99180030822754,1906.0662998730727,7813.3583984375
2023-12-15,28.976600646972656,1896.4960381361955,7993.857421875
2023-12-18,28.84041976928711,1892.0339041982525,7790.3583984375
2023-12-19,29.0386905670166,1915.871196115691,7725.85888671875
2023-12-20,29.088720321655273,1915.0568644141601,7662.859375
2023-12-21,29.125499725341797,1920.8493902209452,7764.958984375
2023-12-22,29.10354995727539,1936.0572944762505,7557.56005859375
2023-12-25,28.833330154418945,1918.0814454406461,7557.56005859375
2023-12-26,29.311399459838867,1950.5437019369256,7299.26123046875
2023-12-27,29.30590057373047,1972.1312184409985,7260.361328125
2023-12-28,29.38789939880371,1968.578725783514,7396.2607421875
2023-12-29,29.519800186157227,1966.3100122840528,7470.16064453125
2024-01-01,29.018070220947266,1932.8898452153778,7470.16064453125
2024-01-02,29.428199768066406,1961.7222024936502,7624.25927734375
2024-01-03,29.74485969543457,1953.5679533885082,7411.96044921875
2024-01-04,29.77907943725586,1962.7087898909933,7547.759765625
2024-01-05,29.840900421142578,1966.5915135059806,7628.65966796875
2024-01-08,29.78428077697754,1947.2514334394466,7818.8583984375
2024-01-09,29.91390037536621,1955.2448908682145,7736.2587890625
2024-01-10,29.96179962158203,1953.3666222651,7874.158203125
2024-01-11,29.85420036315918,1938.0969960154448,7895.9580078125
2024-01-12,30.06089973449707,1982.829740412781,7986.45751953125
2024-01-15,30.06355094909668,1983.0046156561286,8043.95751953125
2024-01-16,30.07284927368164,1962.926909416227,8032.15771484375
2024-01-17,30.118099212646484,1942.9313765388194,8024.357421875
2024-01-18,30.137819290161133,1958.8346887393104,8016.0576171875
2024-01-19,30.153600692749023,1967.3253286009412,7996.65771484375
2024-01-22,30.191360473632812,1962.897026880986,8010.0576171875
2024-01-23,30.2587890625,1970.783235336616,7950.05810546875
2024-01-24,30.279499053955078,1962.5916727305107,8090.85693359375
2024-01-25,30.24799919128418,1962.300520685013,8169.8564453125
2024-01-26,30.297300338745117,1965.0118299455332,8346.255859375
2024-01-29,30.324670791625977,1974.6841661455353,8471.6552734375
2024-01-30,30.34501075744629,1981.9598872715976,8474.2548828125
2024-01-31,30.358400344848633,1999.3294742296014,8496.6552734375
2024-02-01,30.359800338745117,2021.5790970919434,8646.0537109375
2024-02-02,30.44300079345703,2010.0885509041766,8665.654296875
2024-02-05,30.300920486450195,1990.186030560473,8776.6533203125
2024-02-06,30.536800384521484,2014.0238020382901,8869.052734375
2024-02-07,30.541120529174805,2014.6033564853567,8842.953125
2024-02-08,30.59149932861328,2014.1891498361892,8949.751953125
2024-02-09,30.668399810791016,2010.1810148947604,9045.9521484375
2024-02-12,30.64838981628418,2003.25289747153,9174.55078125
2024-02-13,30.712900161743164,1981.9933996173277,8993.9521484375
2024-02-14,30.722900390625,1979.7743261392225,9072.0517578125
2024-02-15,30.750099182128906,1992.0065456558386,9242.1513671875
2024-02-16,30.815000534057617,2005.3255044823468,9250.3515625
2024-02-19,30.80282974243164,2004.533474677566,9196.3515625
2024-02-20,30.867900848388672,2024.3492101456407,9344.9501953125
2024-02-21,30.904909133911133,2021.3113688216497,9312.0498046875
2024-02-22,31.01650047302246,2025.0198850961838,9347.150390625
2024-02-23,31.07349967956543,2047.4231905984836,9374.150390625
2024-02-26,31.093120574951172,2038.2196312111928,9334.0498046875
2024-02-27,31.115520477294922,2044.8899528343204,9179.451171875
2024-02-28,31.14579963684082,2045.4779493427989,9062.3525390625
2024-02-29,31.208839416503906,2061.658682309755,9193.6513671875
2024-03-01,31.279409408569336,2107.55242240339,9097.15234375
2024-03-04,31.390369415283203,2145.911039608068,8907.6533203125
2024-03-05,31.571300506591797,2174.1143431425453,8860.453125
2024-03-06,31.688119888305664,2198.7653735325543,8744.552734375
2024-03-07,31.79730987548828,2213.4979597088495,9054.15234375
2024-03-08,31.93320083618164,2243.799264631793,9155.2509765625
2024-03-11,31.996360778808594,2251.4263129597985,9131.7509765625
2024-03-12,32.03739929199219,2231.138416417334,9068.9521484375
2024-03-13,32.093780517578125,2250.2328715357917,8910.1533203125
2024-03-14,32.1185302734375,2238.2341012322017,8883.453125
2024-03-15,32.19306945800781,2237.2183076979723,8828.6533203125
2024-03-18,32.28765106201172,2246.697791890219,8718.0537109375
2024-03-19,32.33330154418945,2245.0923454341623,8929.8525390625
2024-03-20,32.373348236083984,2249.2261494101144,8955.0517578125
2024-03-21,32.41749954223633,2276.994861254778,9140.6513671875
2024-03-22,32.15650177001953,2233.1262984307937,9111.4521484375
2024-03-25,32.08531188964844,2245.100058298893,9029.3525390625
2024-03-26,32.16780090332031,2251.699472921555,8807.353515625
2024-03-27,32.208499908447266,2268.4245517323097,8806.6533203125
2024-03-28,32.29970169067383,2302.678327989853,9079.9521484375
2024-03-29,32.449100494384766,2313.3291194685908,9142.3515625
2024-04-01,32.42340087890625,2352.881871497646,9157.451171875
2024-04-02,32.26240158081055,2366.818830755577,9040.8525390625
2024-04-03,32.052101135253906,2385.603360654357,8945.751953125
2024-04-04,31.94529914855957,2370.978284902013,9128.951171875
2024-04-05,31.944990158081055,2408.8535630117303,9618.7490234375
2024-04-08,32.007598876953125,2419.3375330659505,9756.6484375
2024-04-09,32.15650177001953,2442.3784024695215,9814.1484375
2024-04-10,32.22426986694336,2433.0211136569333,9814.1484375
2024-04-11,32.2859992980957,2462.905748810483,9814.1484375
2024-04-12,32.4182014465332,2474.4499885882447,9814.1484375
2024-04-15,32.39690017700195,2482.094076930109,9679.748046875
2024-04-16,32.40700912475586,2508.707963829172,9548.048828125
2024-04-17,32.51139831542969,2496.510700134423,9530.44921875
2024-04-18,32.47119903564453,2503.446084443088,9524.548828125
2024-04-19,32.56330108642578,2527.0885190547524,9693.4482421875
2024-04-22,32.60334014892578,2459.545521935458,9644.94921875
2024-04-23,32.56460189819336,2452.121378169517,9644.94921875
2024-04-24,32.510520935058594,2444.181490175879,9722.0478515625
2024-04-25,32.56671905517578,2452.6995157056044,9716.748046875
2024-04-26,32.535301208496094,2455.2496474012337,9915.546875
2024-04-29,32.53120040893555,2465.9221507454085,10082.74609375
2024-04-30,32.36991882324219,2396.6654201912825,10045.646484375
2024-05-01,32.40330123901367,2407.575647864729,10045.646484375
2024-05-02,32.27299880981445,2396.441596695147,10208.646484375
2024-05-03,32.40330123901367,2405.075454684259,10276.845703125
2024-05-06,32.302398681640625,2421.0571231332506,10267.044921875
2024-05-07,32.28260040283203,2412.307884320522,10336.4453125
2024-05-08,32.25619888305664,2408.3647255496053,10247.7451171875
2024-05-09,32.3484992980957,2433.9767063787012,10268.544921875
2024-05-10,32.28310012817383,2465.0718666520756,10218.544921875
2024-05-13,32.18122863769531,2424.184374688383,10055.9462890625
2024-05-14,32.25170135498047,2447.016794831392,10173.3466796875
2024-05-15,32.28120040893555,2485.5801985917587,10158.5458984375
2024-05-16,32.160499572753906,2466.5671622423342,10319.9453125
2024-05-17,32.262901306152344,2507.5099093934355,10643.54296875
2024-05-20,32.232601165771484,2527.02100865606,10739.54296875
2024-05-21,32.212100982666016,2512.3646093891844,10895.2421875
2024-05-22,32.19089889526367,2476.557262778593,10899.2421875
2024-05-23,32.15095138549805,2415.9082421050803,10792.4423828125
2024-05-24,32.22200012207031,2418.449990675427,10676.6435546875
2024-05-27,32.220001220703125,2418.299961410499,10656.943359375
2024-05-28,32.108001708984375,2432.6042415555057,10677.443359375
2024-05-29,32.24089813232422,2426.8133532604,10479.14453125
2024-05-30,32.260101318359375,2430.021966286227,10481.244140625
2024-05-31,32.24380111694336,2408.060908442427,10400.4453125
2024-06-03,32.235801696777344,2455.5528006233485,10556.744140625
2024-06-04,32.1786003112793,2428.5383711883096,10364.544921875
2024-06-05,32.6338005065918,2492.3752344079867,10350.9453125
2024-06-06,32.27439880371094,2480.9059092383727,10279.6455078125
2024-06-07,32.28879928588867,2413.6016313177347,10138.9462890625
2024-06-10,32.40610122680664,2424.4537609844247,9997.84765625
2024-06-11,32.3828010559082,2422.2942144472145,10051.3466796875
2024-06-12,32.364898681640625,2450.2986800792405,10165.4462890625
2024-06-13,32.32870101928711,2409.3085653610533,10391.845703125
2024-06-14,32.4901008605957,2453.82349589232,10471.244140625
2024-06-17,32.65732955932617,2445.349254703511,10471.244140625
2024-06-18,32.819400787353516,2476.3723858350463,10471.244140625
2024-06-19,32.55110168457031,2456.1280037519746,10471.244140625
2024-06-20,32.513301849365234,2476.377644996423,10739.84375
2024-06-21,32.829498291015625,2460.5631138943454,10771.3427734375
2024-06-24,32.82630157470703,2474.2546081968153,10767.84375
2024-06-25,32.92097091674805,2466.995695668514,10679.943359375
2024-06-26,32.94459915161133,2450.124428083152,10486.64453125
2024-06-27,32.8385009765625,2466.9392379867472,10680.84375
2024-06-28,32.88779830932617,2473.8147197646103,10647.84375
2024-07-01,32.77050018310547,2464.2538517537005,10343.2451171875
2024-07-02,32.64820098876953,2449.2841319753065,10446.14453125
2024-07-03,32.54359817504883,2479.1035844157386,10682.1435546875
2024-07-04,32.53403854370117,2478.3753515936583,10872.5419921875
2024-07-05,32.63800048828125,2515.9911963958907,10851.7421875
2024-07-08,32.674598693847656,2482.8850133556975,10864.0419921875
2024-07-09,32.71730041503906,2490.7580323025422,10796.5419921875
2024-07-10,32.90380096435547,2517.439309024573,10743.2431640625
2024-07-11,32.879798889160156,2560.2128930422336,11024.2412109375
2024-07-12,32.94902038574219,2564.3317324071963,11064.841796875
2024-07-15,33.084800720214844,2583.621432906016,11064.841796875
2024-07-16,33.01750183105469,2619.6599299390573,11139.240234375
2024-07-17,33.04050064086914,2613.0925554957676,11134.041015625
2024-07-18,33.07957077026367,2612.4601543121785,11139.4404296875
2024-07-19,33.088138580322266,2552.18083171716,11156.140625
2024-07-22,32.997840881347656,2540.5477823184056,11172.740234375
2024-07-23,32.92620086669922,2548.370599904502,11089.44140625
2024-07-24,32.84090042114258,2550.6377592166327,10991.541015625
2024-07-25,32.856300354003906,2486.128663434925,10871.4423828125
2024-07-26,33.11650085449219,2535.0969676899995,10891.3427734375
2024-07-29,33.02399826049805,2524.6182801392824,10733.7431640625
2024-07-30,33.05550003051758,2555.9334985900227,10691.6435546875
2024-07-31,33.0984992980957,2582.137333317126,10638.54296875
2024-08-01,33.17599868774414,2646.101537270001,10798.0419921875
2024-08-02,33.1593017578125,2633.0427476184946,10473.4443359375
2024-08-05,33.24509811401367,2612.7064344303185,9893.34765625
2024-08-06,33.39419937133789,2610.681706319144,9881.1474609375
2024-08-07,33.61920166015625,2629.1363619862364,10024.2470703125
2024-08-08,33.5123291015625,2654.071789741447,10098.4462890625
2024-08-09,33.532649993896484,2666.569782186272,9907.34765625
2024-08-12,33.523101806640625,2698.7910339295618,9828.5478515625
2024-08-13,33.453819274902344,2697.300612827732,9920.546875
2024-08-14,33.509498596191406,2671.5161326786324,9830.8486328125
2024-08-15,33.5921516418457,2691.821675105781,9982.947265625
2024-08-16,33.638179779052734,2744.6099083951735,9821.9482421875
2024-08-19,33.6880989074707,2752.473753708811,10054.146484375
2024-08-20,33.7588005065918,2768.344394324462,9982.2470703125
2024-08-21,33.8985595703125,2776.4264634324463,9904.7470703125
2024-08-22,33.92499923706055,2744.9979559668905,9921.34765625
2024-08-23,33.95750045776367,2779.9438993581016,9668.0478515625
2024-08-26,34.02239990234375,2794.9920288462313,9565.7490234375
2024-08-27,34.025299072265625,2792.714089372701,9748.748046875
2024-08-28,34.01723098754883,2775.537494532738,9757.1484375
2024-08-29,34.139400482177734,2810.201704678977,9833.1484375
2024-08-30,34.07733917236328,2769.26666837914,9833.1484375
2024-09-02,34.07080078125,2768.735331455114,10110.146484375
2024-09-03,33.91339874267578,2750.928513761184,10021.7470703125
2024-09-04,33.99760055541992,2761.0377932705555,9984.84765625
2024-09-05,34.03670120239258,2782.9259778385444,9936.7470703125
2024-09-06,33.98500061035156,2758.4849248393675,9771.1484375
2024-09-09,33.99654006958008,2768.2748042579824,9699.5478515625
2024-09-10,34.095699310302734,2787.7498109759035,9623.94921875
2024-09-11,34.04439926147461,2782.788990233404,9419.650390625
2024-09-12,33.99919891357422,2820.850902200842,9520.94921875
2024-09-13,33.97460174560547,2851.6884311519957,9685.4482421875
2024-09-16,33.95515823364258,2848.091340196978,9577.44921875
2024-09-17,33.979469299316406,2832.1048400739564,9758.0478515625
2024-09-18,34.06909942626953,2846.3666499321457,9774.4482421875
2024-09-19,34.07080078125,2864.035206645004,9975.546875
2024-09-20,34.08000183105469,2899.4325134237088,9900.2470703125
2024-09-23,34.05575180053711,2904.267418487459,9887.7470703125
2024-09-24,34.14970016479492,2939.17878506136,10029.6474609375
2024-09-25,34.112300872802734,2944.4047289717814,9890.947265625
2024-09-26,34.160709381103516,2959.7856310424577,9829.1484375
2024-09-27,34.17539978027344,2931.6117958168356,9777.4482421875
2024-09-30,34.1490592956543,2919.800181844293,9665.748046875
2024-10-01,34.20399856567383,2958.4779530068777,9351.150390625
2024-10-02,34.18619918823242,2934.29660017606,9012.8525390625
2024-10-03,34.23059844970703,2948.562627840569,8898.1533203125
2024-10-04,34.22679901123047,2935.690712408284,9109.251953125
2024-10-07,34.22624969482422,2933.662825289802,9031.5517578125
2024-10-08,34.24570846557617,2901.6392607221687,9044.8525390625
2024-10-09,34.26350021362305,2892.7918581823305,9132.2509765625
2024-10-10,34.25619888305664,2906.823585278742,8964.0517578125
2024-10-11,34.25233840942383,2947.2417881466217,8876.1533203125
2024-10-14,34.27619934082031,2937.5035063634546,8699.154296875
2024-10-15,34.25215148925781,2950.0887449848437,8860.2529296875
2024-10-16,34.19478988647461,2958.7808346693005,8955.9521484375
2024-10-17,34.16460037231445,2973.9629144000314,9002.251953125
2024-10-18,34.19219970703125,3001.099721902529,8793.552734375
2024-10-21,34.276100158691406,3018.2714928340697,8654.3544921875
2024-10-22,34.24570083618164,3038.6061645746445,8838.552734375
2024-10-23,34.25310134887695,3005.784283974322,8714.654296875
2024-10-24,34.26839828491211,3028.610821896945,8872.853515625
2024-10-25,34.28770065307617,3036.600497287183,8908.453125
2024-10-28,34.28334045410156,3037.6470368118066,8945.751953125
2024-10-29,34.28770065307617,3065.813417611472,8945.751953125
2024-10-30,34.27479934692383,3086.368404984598,9006.5517578125
2024-10-31,34.283199310302734,3030.359976780737,8863.853515625
2024-11-01,34.29376983642578,3031.1839619271555,8884.953125
2024-11-04,34.32815170288086,3030.911907993381,8663.8544921875
2024-11-05,34.34980010986328,3036.6885940442307,8618.5537109375
2024-11-06,34.307498931884766,2951.9880742223236,8862.2529296875
2024-11-07,34.20090103149414,2975.253578567773,8946.0517578125
2024-11-08,34.340030670166016,2975.212317800977,9184.7509765625
2024-11-11,34.35115051269531,2891.0252871792645,9276.7509765625
2024-11-12,34.32659912109375,2876.3778020290356,9226.8515625
2024-11-13,34.37080001831055,2858.201625134156,9300.25
2024-11-14,34.34519958496094,2841.0552078744386,9420.3505859375
2024-11-15,34.29668045043945,2833.9544351908835,9389.5498046875
2024-11-18,34.34925842285156,2887.4427130968365,9395.3505859375
2024-11-19,34.571998596191406,2924.3952708402458,9232.8515625
2024-11-20,34.499298095703125,2941.205558083172,9031.751953125
2024-11-21,34.4692497253418,2964.3542599443504,9367.75
2024-11-22,34.527099609375,3010.735057940532,9549.849609375
2024-11-25,34.420040130615234,2897.70845988445,9659.94921875
2024-11-26,34.597530364990234,2915.76536515445,9636.048828125
2024-11-27,34.65359878540039,2941.213434161364,9639.7490234375
2024-11-28,34.63650131225586,2939.7622914383724,9640.048828125
2024-11-29,34.64836883544922,2959.818541186316,9651.94921875
2024-12-02,34.693389892578125,2965.3375674576478,9681.0478515625
2024-12-03,34.74789810180664,2980.497820260116,9827.1484375
2024-12-04,34.74760055541992,2989.744784662646,9886.046875
2024-12-05,34.73649978637695,2957.7424612022573,9935.947265625
2024-12-06,34.76679992675781,2972.841785664005,10080.9462890625
2024-12-09,34.77888107299805,3003.1707198239974,10257.345703125
2024-12-10,34.81956100463867,3043.178138623049,10098.9462890625
2024-12-11,34.84510040283203,3088.3176034551143,10058.4462890625
2024-12-12,34.86470031738281,3037.034920030257,10058.5458984375
2024-12-13,34.94660186767578,3006.4178945746908,10125.4462890625
2024-12-16,34.95014953613281,3000.205740880435,9997.6474609375
2024-12-17,34.956600189208984,2991.76844096884,10011.2470703125
2024-12-18,35.009300231933594,2986.4863444573084,9915.7470703125
2024-12-19,35.04899978637695,2938.9393401258258,9765.0478515625
2024-12-20,35.1396484375,2988.3417465442008,9724.4482421875
2024-12-23,35.13113021850586,2968.5287740894073,9626.548828125
2024-12-24,35.23160171508789,2985.287389525749,9672.748046875
2024-12-25,34.883888244628906,2955.824504275065,9672.748046875
2024-12-26,35.11949157714844,2996.5635785990767,9948.947265625
2024-12-27,35.23429870605469,2981.437694266428,10025.447265625
2024-12-30,35.1602897644043,2959.5755482762047,9889.6474609375
2024-12-31,35.30524826049805,2997.7706899858645,9830.5478515625
2025-01-02,35.374000549316406,3035.452841838555,9961.2470703125
2025-01-03,35.3922004699707,3020.7427736266477,10075.146484375
2025-01-06,35.28929901123047,3003.6776168634055,10085.4462890625
2025-01-07,35.34479904174805,3028.8560423821987,9971.947265625
2025-01-08,35.32183074951172,3034.837141980728,9890.7470703125
2025-01-09,35.34980010986328,3058.1524221288464,10000.6474609375
2025-01-10,35.38059997558594,3088.3446857657764,9910.546875
2025-01-13,35.39105987548828,3047.840160709923,9733.1484375
2025-01-14,35.48419952392578,3060.082309568153,9715.8486328125
2025-01-15,35.469398498535156,3099.2889215433333,9739.6484375
2025-01-16,35.472900390625,3137.3446146067126,9866.6474609375
2025-01-17,35.54610061645508,3141.3045164949485,9977.84765625
2025-01-20,35.547271728515625,3141.4080108175694,10029.2470703125
2025-01-21,35.580101013183594,3156.320445553283,9999.546875
2025-01-22,35.6348991394043,3174.586093057204,10105.3466796875
2025-01-23,35.64469909667969,3168.6978315083297,10112.74609375
2025-01-24,35.67430114746094,3187.271913928038,10104.8466796875
2025-01-27,35.59360122680664,3133.7153093236993,9997.84765625
2025-01-28,35.75226974487305,3181.1341655741685,10121.74609375
2025-01-29,35.702980041503906,3179.3886817325088,10076.9462890625
2025-01-30,35.79267120361328,3248.5961646695805,10082.0458984375
2025-01-31,35.853031158447266,3241.971165082159,10004.34765625
2025-02-03,35.87181854248047,3295.1075043267874,9774.3486328125
2025-02-04,35.9734001159668,3326.066385133859,9807.0478515625
2025-02-05,35.96950149536133,3345.596727894942,9719.748046875
2025-02-06,35.910301208496094,3321.271295289856,9842.1484375
2025-02-07,35.95558166503906,3338.0597401338778,9951.6474609375
2025-02-10,35.89970016479492,3386.8881848584283,9845.8486328125
2025-02-11,35.99263000488281,3393.572757638999,9882.7470703125
2025-02-12,35.99468994140625,3389.253514036789,9779.5478515625
2025-02-13,36.11600112915039,3420.0673943075963,9914.6474609375
2025-02-14,36.1963005065918,3375.6524864427906,9877.546875
2025-02-17,36.20355987548828,3376.3294922782616,9836.4482421875
2025-02-18,36.233280181884766,3435.367185570054,9916.84765625
2025-02-19,36.29280090332031,3425.958373702561,9763.6484375
2025-02-20,36.30720138549805,3450.6638018646104,9807.4482421875
2025-02-21,36.3856315612793,3454.725202955547,9602.1494140625
2025-02-24,36.446998596191406,3472.269823672441,9574.7490234375
2025-02-25,36.454341888427734,3420.931241948335,9451.5498046875
2025-02-26,36.461299896240234,3435.4168835210007,9573.1494140625
2025-02-27,36.45940017700195,3394.56245798999,9741.0478515625
2025-02-28,36.517799377441406,3344.348755819822,9658.6494140625
2025-03-03,36.50695037841797,3405.0932309212867,9911.046875
2025-03-04,36.43709945678711,3421.421905309786,9897.947265625
2025-03-05,36.432498931884766,3427.314992675899,10188.8466796875
2025-03-06,36.4114990234375,3426.0419759127635,10459.0439453125
2025-03-07,36.487701416015625,3418.5482103191994,10507.0439453125
2025-03-10,36.48583984375,3401.1297918208065,10422.14453125
2025-03-11,36.571380615234375,3434.3833352392558,10438.244140625
2025-03-12,36.59619903564453,3467.1879725806125,10580.244140625
2025-03-13,36.59230041503906,3519.171476465342,10727.54296875
2025-03-14,36.67959976196289,3539.1242280649763,10840.5419921875
2025-03-17,36.6391716003418,3541.1132935467576,10862.0419921875
2025-03-18,36.63199996948242,3581.2878710072505,10802.142578125
2025-03-19,36.69559860229492,3587.9773233726764,9860.2470703125
2025-03-20,37.99319839477539,3718.028489692606,9810.8486328125
2025-03-21,37.94593811035156,3686.075641035838,9044.5517578125
2025-03-24,37.976688385009766,3681.9812947898604,9299.3505859375
2025-03-25,37.848541259765625,3682.090353232858,9715.5478515625
2025-03-26,37.98720169067383,3691.4275599228913,9649.44921875
2025-03-27,38.022098541259766,3741.88254166882,9612.7490234375
2025-03-28,38.003299713134766,3771.18924122978,9659.44921875
2025-03-31,37.975101470947266,3812.710747270472,9659.44921875
2025-04-01,37.898590087890625,3833.297359348752,9659.44921875
2025-04-02,37.96049880981445,3864.212370893775,9523.2490234375
2025-04-03,37.944618225097656,3808.308160191708,9484.2490234375
2025-04-04,38.005699157714844,3708.987590201539,9379.75
2025-04-07,38.00090026855469,3633.0149581108117,9407.150390625
2025-04-08,38.004798889160156,3653.6707374624602,9477.0498046875
2025-04-09,38.007999420166016,3762.979397905076,9275.451171875
2025-04-10,37.96289825439453,3878.2487245274206,9338.5498046875
2025-04-11,38.03559875488281,3967.730558763699,9380.9501953125
2025-04-14,37.98509979248047,3940.113791541818,9423.5498046875
2025-04-15,38.03839874267578,3962.8859636722304,9393.75
2025-04-16,38.17060089111328,4106.743456344904,9266.05078125
2025-04-17,38.14339828491211,4081.7426696854122,9395.9501953125
2025-04-18,38.14339828491211,4081.7426696854122,9317.150390625
2025-04-21,38.14339828491211,4200.574983772889,9321.5498046875
2025-04-22,38.235801696777344,4203.497888919107,9312.0498046875
2025-04-23,38.280399322509766,4054.1889866606543,9312.0498046875
2025-04-24,38.285621643066406,4121.826687440397,9490.849609375
2025-04-25,38.415000915527344,4073.754891517368,9432.5498046875
2025-04-28,38.42399978637695,4135.612461899216,9306.9501953125
2025-04-29,38.44160079956055,4120.080511179694,9224.7509765625
2025-04-30,38.4994010925293,4108.327549180032,9078.3525390625
2025-05-01,38.5017204284668,3988.6264145398072,9078.3525390625
2025-05-02,38.55839920043945,4020.655489238176,9167.55078125
2025-05-05,38.57176971435547,4120.018403246913,9112.15234375
2025-05-06,38.61050033569336,4248.911615550969,9134.6513671875
2025-05-07,38.63290023803711,4212.996304102558,9074.5517578125
2025-05-08,38.644100189208984,4107.492572396191,9279.1513671875
2025-05-09,38.7244987487793,4163.3489419492325,9390.4501953125
2025-05-12,38.74020004272461,4020.556070471652,9747.0478515625
2025-05-13,38.78990173339844,4050.4073414171917,9700.1484375
2025-05-14,38.758480072021484,3972.982587365731,9701.5478515625
2025-05-15,38.7677001953125,4021.6652542673182,9541.2490234375
2025-05-16,38.83620071411133,3979.5758361508115,9668.3486328125
2025-05-19,38.856300354003906,4039.4761745357155,9668.3486328125
2025-05-20,38.846099853515625,4102.23619118176,9513.94921875
2025-05-21,38.83530044555664,4137.179675160413,9398.8505859375
2025-05-22,38.830101013183594,4113.530079844389,9475.150390625
2025-05-23,39.033329010009766,4223.909871487618,9355.9501953125
2025-05-26,39.00040054321289,4220.346586482627,9345.150390625
2025-05-27,38.993900299072266,4137.65218509364,9213.55078125
2025-05-28,39.05950164794922,4137.706308467646,9177.6513671875
2025-05-29,39.09429168701172,4169.295377458759,9170.55078125
2025-05-30,39.20848846435547,4145.925502964771,9019.5517578125
2025-06-02,39.254398345947266,4287.460901317645,9008.8525390625
2025-06-03,39.145301818847656,4250.248447769987,9276.951171875
2025-06-04,39.14459991455078,4277.985503823801,9474.9501953125
2025-06-05,39.264400482177734,4260.654971363743,9486.548828125
2025-06-06,39.282501220703125,4226.624734238489,9486.548828125
2025-06-09,39.24409866333008,4232.964868042972,9486.548828125
2025-06-10,39.29912185668945,4224.369610424893,9659.2490234375
2025-06-11,39.19559860229492,4213.619725517898,9686.0478515625
2025-06-12,39.129539489746094,4280.365275247738,9520.1494140625
2025-06-13,39.395599365234375,4373.306136347823,9311.8505859375
2025-06-16,39.36800003051758,4325.309641247877,9349.9501953125
2025-06-17,39.38759994506836,4314.292938299808,9339.5498046875
2025-06-18,39.52090072631836,4330.4189440040045,9196.05078125
2025-06-19,39.53409957885742,4331.865180299834,9101.9521484375
2025-06-20,39.663700103759766,4317.500844104211,9203.3515625
2025-06-23,39.72050094604492,4335.5603296035015,9141.2509765625
2025-06-24,39.67070007324219,4252.194868747579,9448.8505859375
2025-06-25,39.6245002746582,4258.963484424259,9418.4501953125
2025-06-26,39.75859832763672,4279.64014342205,9301.0498046875
2025-06-27,39.85430145263672,4212.548598958641,9404.8505859375
2025-06-30,39.89059829711914,4242.163423396012,9948.447265625
2025-07-01,39.82659912109375,4289.264670551482,10080.3466796875
2025-07-02,39.83879852294922,4303.258779632474,10188.9462890625
2025-07-03,39.904701232910156,4288.823503932093,10228.345703125
2025-07-04,39.82059860229492,4284.393499849854,10275.7451171875
2025-07-07,39.95100021362305,4293.671305956936,10107.646484375
2025-07-08,40.00320053100586,4265.970451387489,9998.1474609375
2025-07-09,40.02954864501953,4274.056972691494,10167.24609375
2025-07-10,40.04629898071289,4281.896717886128,10331.2451171875
2025-07-11,40.15909957885742,4343.408651221771,10358.4453125
2025-07-14,40.19459915161133,4340.916036312036,10225.4453125
2025-07-15,40.226898193359375,4315.433608358488,10225.4453125
2025-07-16,40.25429916381836,4347.363488104752,10121.4462890625
2025-07-17,40.240699768066406,4328.040731717989,10370.6455078125
2025-07-18,40.33599853515625,4355.149287062434,10366.1455078125
2025-07-21,40.394500732421875,4423.933748618208,10616.1435546875
2025-07-22,40.40439987182617,4473.471791461948,10616.04296875
2025-07-23,40.433998107910156,4416.819840856115,10591.943359375
2025-07-24,40.45109939575195,4387.344955119816,10689.04296875
2025-07-25,40.5359992980957,4347.159747852226,10642.54296875
2025-07-28,40.54029846191406,4314.253634122705,10542.0439453125
2025-07-29,40.56169891357422,4334.788277483907,10487.244140625
2025-07-30,40.571998596191406,4299.104440155682,10618.943359375
2025-07-31,40.58700180053711,4297.301343827596,10743.1435546875
2025-08-01,40.66279983520508,4444.68914640534,10746.943359375
2025-08-04,40.677799224853516,4481.116507518342,10853.4423828125
2025-08-05,40.67490005493164,4491.6513328916235,10849.9423828125
2025-08-06,40.66899871826172,4489.299796733419,10900.9423828125
2025-08-07,40.659400939941406,4514.7771485830635,10956.041015625
2025-08-08,40.656009674072266,4563.548428962825,10972.541015625
2025-08-11,40.74729919433594,4460.344577855912,11038.2412109375
2025-08-12,40.708499908447266,4448.637329844302,10954.44140625
2025-08-13,40.755001068115234,4465.904870205843,10949.9423828125
2025-08-14,40.781898498535156,4435.941839630283,10824.5419921875
2025-08-15,40.846900939941406,4442.224544131721,10870.5419921875
2025-08-18,40.89889907836914,4441.830697083317,10929.7421875
2025-08-19,40.88309860229492,4414.746291551848,10961.94140625
2025-08-20,40.86960983276367,4452.446603061382,11134.6416015625
2025-08-21,40.911800384521484,4447.967211908333,11313.8408203125
2025-08-22,41.007598876953125,4507.032223411007,11372.2998046875
2025-08-25,40.96030044555664,4500.516879858853,11477.7998046875
2025-08-26,41.003501892089844,4525.697172200698,11529.7998046875
2025-08-27,41.037498474121094,4550.0320300101985,11359.0
2025-08-28,41.05189895629883,4585.548717937089,11368.7998046875
2025-08-29,41.140499114990234,4650.734256782806,11288.099609375
2025-09-01,41.142398834228516,4650.949010845829,11280.0
2025-09-02,41.14289855957031,4751.668403773141,10877.5
2025-09-03,41.16619873046875,4811.667995068695,10737.7001953125
2025-09-04,41.158599853515625,4772.669316378464,10828.900390625
2025-09-05,41.247501373291016,4844.77627215851,10729.5
2025-09-08,41.25559997558594,4877.693485342567,10449.400390625
2025-09-09,41.261390686035156,4884.745792897979,10486.099609375
2025-09-10,41.257301330566406,4883.9964473176815,10586.2998046875
2025-09-11,41.27539825439453,4874.991787359762,10382.900390625
2025-09-12,41.34280014038086,4899.966061701004,10372.0
2025-09-15,41.27825927734375,4935.581084200859,11000.2998046875
2025-09-16,41.307701110839844,4947.2027727408395,11183.0
2025-09-17,41.30730056762695,4937.4599021744025,11165.900390625
2025-09-18,41.30110168457031,4884.268469561635,11048.099609375
2025-09-19,41.39720153808594,4932.234362087437,11294.5
2025-09-22,41.407901763916016,5025.767968000378,11468.099609375
2025-09-23,41.39189910888672,5077.855141983707,11331.7998046875
2025-09-24,41.418701171875,5017.757227660463,11366.900390625
2025-09-25,41.469600677490234,5027.923390121662,11377.599609375
2025-09-26,41.56399917602539,5090.01472057745,11151.2001953125
2025-09-29,41.56108856201172,5151.391534551338,11048.099609375
2025-09-30,41.57659912109375,5177.37494769762,11012.099609375
2025-10-01,41.582698822021484,5210.621591101603,11220.2001953125
2025-10-02,41.59410095214844,5172.7344496577325,11082.599609375
2025-10-03,41.64179992675781,5233.2897476850385,10858.5
2025-10-06,41.68830108642578,5329.470755558584,10734.900390625
2025-10-07,41.703800201416016,5369.128665710083,10814.099609375
2025-10-08,41.71736145019531,5459.530913981385,10756.2998046875
2025-10-09,41.73080062866211,5329.9398026812605,10727.0
2025-10-10,41.822471618652344,5379.0284495002525,10720.400390625
2025-10-13,41.8129997253418,5556.06693345886,10556.2001953125
2025-10-14,41.81230163574219,5596.8406303797465,10316.400390625
2025-10-15,41.81919860839844,5649.12466304284,10464.5
2025-10-16,41.851200103759766,5792.0388397985935,10370.7998046875
2025-10-17,41.89630126953125,5675.299498643069,10208.7998046875
2025-10-20,41.93040084838867,5876.875122211322,10484.400390625
2025-10-21,41.92890167236328,5539.249729340018,10467.2001953125
2025-10-22,41.96820068359375,5485.4765206688935,10551.2998046875
2025-10-23,41.97639846801758,5594.783917831476,10608.2998046875
2025-10-24,42.03110122680664,5591.534150403686,10941.7998046875
2025-10-27,41.99216079711914,5426.909727386993,10853.400390625
2025-10-28,41.95940017700195,5373.301748761848,10871.099609375
2025-10-29,41.94852066040039,5395.6450096547405,10871.099609375
2025-10-30,41.89762878417969,5409.573949646242,10837.2998046875
2025-10-31,42.026798248291016,5400.038555123862,10971.5
2025-11-03,42.03961944580078,5425.339027937188,11060.400390625
2025-11-04,42.06949996948242,5356.832981147946,10914.099609375
2025-11-05,42.071998596191406,5400.9767095709185,10970.400390625
2025-11-06,42.11119842529297,5403.436684467801,11073.2998046875
2025-11-07,42.16474151611328,5435.792839716954,10924.5
2025-11-10,42.23031997680664,5596.584916308357,10789.0
2025-11-11,42.234100341796875,5589.345861015344,10576.5
2025-11-12,42.23789978027344,5721.980440752811,10640.900390625
2025-11-13,42.2484016418457,5697.459150472513,10628.599609375
2025-11-14,42.28519821166992,5566.063512257851,10565.7001953125
2025-11-17,42.31201171875,5542.793953993823,10698.099609375
2025-11-18,42.318599700927734,5532.772378794111,10728.599609375
2025-11-19,42.326900482177734,5556.0393960608435,10903.900390625
2025-11-20,42.342899322509766,5527.100527252227,10979.7001953125
2025-11-21,42.43870162963867,5566.212268655006,10922.900390625
2025-11-24,42.395748138427734,5580.615363487901,10888.0
2025-11-25,42.442501068115234,5649.266301927341,10857.2001953125
2025-11-26,42.46220016479492,5686.291395495757,10914.7001953125
2025-11-27,42.44240188598633,5683.640124906903,10945.5
2025-11-28,42.48509979248047,5811.88120173259,10898.7001953125
2025-12-01,42.46950149536133,5836.9192115853875,11116.5
2025-12-02,42.41801071166992,5756.198862734055,11123.5
2025-12-03,42.45227813720703,5776.81827497641,11036.7998046875
2025-12-04,42.446998596191406,5790.429213549605,10918.5
2025-12-05,42.500099182128906,5797.672957376917,11007.400390625
2025-12-08,42.51499938964844,5765.123578678638,11189.5
2025-12-09,42.55390167236328,5795.709375979367,11238.400390625
2025-12-10,42.549400329589844,5779.364376447923,11193.900390625
2025-12-11,42.61159896850586,5908.782817083794,11233.7001953125
2025-12-12,42.63240051269531,5932.638153663041,11311.2998046875
2025-12-15,42.68220138549805,5949.037496834073,11456.2998046875
2025-12-16,42.69390106201172,5946.687004108889,11348.7998046875
2025-12-17,42.70759963989258,6005.715301951938,11286.7998046875
2025-12-18,42.72959899902344,5995.895472575041,11335.099609375
2025-12-19,42.785301208496094,6035.074626184538,11341.900390625
2025-12-22,42.806880950927734,6151.110631977654,11311.099609375
2025-12-23,42.815799713134766,6202.361699806524,11290.400390625
2025-12-24,42.847999572753906,6203.030659168466,11340.099609375
2025-12-26,42.85449981689453,6272.724602903057,11294.400390625
2025-12-29,42.90407943725586,5991.549620895271,11150.900390625
2025-12-30,42.935699462890625,6054.908616978743,11220.2001953125
2025-12-31,42.95198059082031,5994.786668295832,11261.5
2026-01-02,42.99399948120117,5984.754910297598,11498.400390625
2026-01-05,43.01118850708008,6155.715776014499,11702.0
2026-01-06,43.03919982910156,6221.439727190522,12023.7998046875
2026-01-07,43.04059982299805,6175.146742653681,12028.7998046875
2026-01-08,43.036598205566406,6172.082306529994,12088.0
2026-01-09,43.12889862060547,6241.061475064756,12201.0
2026-01-12,43.10540008544922,6395.373452934427,12254.7998046875
2026-01-13,43.14179992675781,6379.135989718786,12385.599609375
2026-01-14,43.152400970458984,6431.4817820168155,12369.900390625
2026-01-15,43.16960144042969,6417.390152609112,12456.7001953125
2026-01-16,43.27220153808594,6393.269912463845,12668.5
2026-01-19,43.26826858520508,6392.688836659365,12747.900390625
2026-01-20,43.276100158691406,6630.933164561165,12805.7998046875
2026-01-21,43.289398193359375,6732.762028722683,12728.2001953125
2026-01-22,43.295799255371094,6839.409578768786,12851.5
2026-01-23,43.339900970458984,6938.7597321015,12992.7001953125
2026-01-26,43.38639831542969,7089.599866194203,13177.2998046875
2026-01-27,43.38180160522461,7088.988347781396,13107.0
2026-01-28,43.41460037231445,7402.822151022039,13407.400390625
2026-01-29,43.40729904174805,7422.23142040731,13831.099609375
2026-01-30,43.455101013183594,6629.440547247727,13838.2998046875
2026-02-02,43.48197937011719,6504.228188586309,13621.0
2026-02-03,43.47489929199219,6897.89342054693,13875.2998046875
2026-02-04,43.49100112915039,6922.540546750738,13891.2001953125
2026-02-05,43.519500732421875,6841.307210801895,13589.099609375
2026-02-06,43.60929870605469,6982.030227433246,13522.0
2026-02-09,43.46875,7098.724082659664,13838.400390625
2026-02-10,43.58409881591797,7049.74041965963,13797.0
2026-02-11,43.627498626708984,7151.4396048121835,13787.7998046875
2026-02-12,43.63610076904297,6942.269416116973,14180.5
2026-02-13,43.72809982299805,7094.5424661581665,14180.7001953125
2026-02-16,43.69063186645508,7088.463583016886,14339.2998046875
2026-02-17,43.722801208496094,6896.319905443316,14227.2998046875
2026-02-18,43.734500885009766,7043.836937433292,14259.900390625
2026-02-19,43.763999938964844,7031.562654400784,13804.2001953125
2026-02-20,43.83829879760742,7161.187907459922,13934.099609375
2026-02-23,43.80820083618164,7360.07647267013,14061.7001953125
2026-02-24,43.84659957885742,7297.029107214645,14050.7998046875
2026-02-25,43.854801177978516,7368.751763683899,13809.900390625
2026-02-26,43.8650016784668,7325.336386119741,13878.5
2026-02-27,43.95539855957031,7416.320729443621,13717.7998046875
2026-03-02,43.9486083984375,7505.1821390196255,13346.400390625
2026-03-03,43.96500015258789,7242.383650352168,12933.400390625
2026-03-04,43.948001861572266,7255.126070770467,12943.2001953125
2026-03-05,43.93980026245117,7174.661120931824,13078.900390625
2026-03-06,44.03340148925781,7303.2011465882615,12792.7998046875
2026-03-09,44.083091735839844,7233.490890162993,12702.0
2026-03-10,44.07979965209961,7429.090683072301,13175.7001953125
2026-03-11,44.088401794433594,7341.239604515858,13200.400390625
2026-03-12,44.0984001159668,7267.33553141781,13286.099609375
2026-03-13,44.18539810180664,7190.613217222346,13092.900390625
2026-03-16,44.17097091674805,7103.767722182386,12956.7001953125
2026-03-17,44.18349838256836,7114.305632136846,13217.599609375
2026-03-18,44.21540069580078,6960.228061877288,13115.099609375
2026-03-19,44.319000244140625,6562.606397366638,13047.7001953125
2026-03-20,44.3036994934082,6516.468901758967,13047.7001953125
2026-03-23,44.29280090332031,6276.195694062274,13168.2001953125
2026-03-24,44.338600158691406,6275.13038399407,12930.2001953125
2026-03-25,44.339298248291016,6489.4876382296525,12963.900390625
2026-03-26,44.35459899902344,6240.745348157559,12727.099609375
2026-03-27,44.45555114746094,6421.031830178863,12698.2001953125
2026-03-30,44.4452018737793,6467.406680300452,12626.400390625
2026-03-31,44.473899841308594,6645.45473164178,12791.0
2026-04-01,44.454898834228516,6879.157584205121,12937.900390625
2026-04-02,44.48640060424805,6693.234446170036,13051.7001953125
2026-04-03,44.55580139160156,6703.6761931802785,12936.400390625
2026-04-06,44.58409881591797,6715.10075813856,13112.2998046875
2026-04-07,44.605098724365234,6718.263690773294,12921.599609375
2026-04-08,44.567901611328125,6845.20353922565,13536.7998046875
2026-04-09,44.48469924926758,6890.77695381456,13689.0
2026-04-10,44.638099670410156,6870.62337045452,14073.7998046875
2026-04-13,44.69960021972656,6851.346945595482,14058.5
2026-04-14,44.702999114990234,6970.727422095308,14202.2001953125
2026-04-15,44.7317008972168,6937.091864778726,14252.400390625
2026-04-16,44.72779846191406,6914.484370200243,14201.099609375
2026-04-17,44.8484992980957,7035.952274011736,14587.900390625
2026-04-20,44.85419845581055,6963.5875301117985,14484.900390625
2026-04-21,44.885501861572266,6810.861123964385,14375.400390625
2026-04-22,44.9192008972168,6864.2101970669355,14335.5
2026-04-23,44.920101165771484,6822.465571627132,14335.5
2026-04-24,44.975799560546875,6855.362378652844,14409.099609375
2026-04-27,45.01279830932617,6792.694719759719,14594.0
2026-04-28,45.02980041503906,6671.767737882379,14329.2998046875
2026-04-29,45.060691833496094,6608.399241194477,14311.2001953125
2026-04-30,45.16600036621094,6722.732801972524,14442.599609375
2026-05-01,45.14099884033203,6740.635912804736,14442.599609375
2026-05-04,45.185298919677734,6585.706006311874,14369.599609375
2026-05-05,45.21440124511719,6641.117304750844,14495.7998046875
2026-05-06,45.22959899902344,6826.283143286436,14917.400390625
2026-05-07,45.227901458740234,6850.165305036157,15040.2998046875
2026-05-08,45.223751068115234,6878.325847917328,15062.7001953125
2026-05-11,45.352500915527344,6894.99187992234,15133.5
2026-05-12,45.38529968261719,6838.693165940756,14779.900390625
2026-05-13,45.40019989013672,6870.131325739323,14598.5
2026-05-14,45.43050003051758,6843.458547103685,14644.7001953125
2026-05-15,45.54199981689453,6679.571254592899,14367.599609375
2026-05-18,45.49235916137695,6666.586495331912,14029.5
2026-05-19,45.57270050048828,6609.789104078988,14029.5
2026-05-20,45.58430099487305,6646.791242106642,14012.0
2026-05-21,45.59130096435547,6658.365927647523,13163.900390625
2026-05-22,45.71379852294922,6647.890507739649,13808.2001953125
2026-05-25,45.72740173339844,6649.868743120259,13890.900390625
2026-05-26,45.897499084472656,6643.763600998793,13662.7998046875
2026-05-27,45.893699645996094,6563.683476889817,13662.7998046875
2026-05-28,45.892799377441406,6638.656848119495,13662.7998046875
2026-05-29,45.89179992675781,6776.76264933524,13662.7998046875
2026-06-01,45.897701263427734,6649.695443888618,13704.0
2026-06-02,45.92539978027344,6673.7894443376335,14200.2001953125
2026-06-03,45.945098876953125,6598.362167815064,13965.7001953125
2026-06-04,45.97380065917969,6658.799555342791,13872.2998046875
2026-06-05,46.06439971923828,6465.0253218267335,13694.2001953125
2026-06-08,46.09109878540039,6465.957076828402,13860.599609375
2026-06-09,46.10660171508789,6353.990164738852,13741.900390625
2026-06-10,46.119998931884766,6128.820955112673,13744.599609375
2026-06-11,46.150901794433594,6104.290834867452,13743.5
2026-06-12,46.24079895019531,6301.718120426378,13938.5
2026-06-15,46.26443862915039,6472.72286580682,14446.400390625
2026-06-16,46.284400939941406,6479.682059347656,14493.099609375
2026-06-17,46.30540084838867,6522.818292318174,14421.2001953125
2026-06-18,46.44004821777344,6339.4729272488075,14827.400390625
2026-06-19,46.419891357421875,6336.721339440417,14734.5
2026-06-22,46.45209884643555,6276.600539958211,14729.7001953125
2026-06-23,46.46657180786133,6198.929011905047,14539.599609375
2026-06-24,46.47090148925781,5989.440164586741,14331.2001953125
2026-06-25,46.50558853149414,6051.924210511263,14259.7998046875
2026-06-26,46.57929992675781,6134.447158437427,14274.0
2026-06-29,46.6161994934082,6053.279006592928,14183.2001953125
2026-06-30,46.64070129394531,6055.860985921139,14121.7998046875
2026-07-01,46.654701232910156,6123.527826678967,14350.599609375
2026-07-02,46.67720031738281,6191.46187618972,14455.0
2026-07-03,46.7234992980957,6197.603169412989,14417.900390625
2026-07-06,46.80759811401367,6271.662839878212,14424.5
2026-07-07,46.81850051879883,6257.920474696901,14497.400390625
2026-07-08,46.851898193359375,6149.41034318291,14190.0
2026-07-09,46.868099212646484,6239.536260092946,14105.400390625
2026-07-10,46.94770050048828,6209.229338123729,14321.2001953125
2026-07-13,46.986541748046875,6051.215714819446,14092.0
2026-07-14,47.02259826660156,6152.615167732348,14080.0
2026-07-15,47.02579879760742,6125.970834932639,14080.0
2026-07-16,47.036598205566406,6037.0957702464175,14251.2998046875
2026-07-17,47.10210037231445,6085.936414749613,13981.099609375
2026-07-20,47.14113998413086,6086.585093595389,14071.0
2026-07-21,47.180599212646484,6183.451702314907,13974.099609375
2026-07-22,47.19770050048828,6300.259716714417,14138.900390625
2026-07-23,47.212398529052734,6147.850056009018,14077.7001953125
2026-07-24,47.31679916381836,6192.783074138356,13943.900390625
2026-07-27,47.35100173950195,6206.698091595784,13774.7998046875
2026-07-28,47.354400634765625,6148.832624347785,13687.900390625
2026-07-29,47.383399963378906,6148.942067157357,13501.599609375
2026-07-30,47.36988830566406,6244.354611796707,13292.900390625
2026-07-31,47.501399993896484,6272.228198592855,13458.099609375
2026-08-03,47.53409957885742,6251.329732258951,13410.5
2026-08-04,47.540000915527344,6347.022439416692,13687.900390625
2026-08-05,47.568199157714844,6584.166421928652,13703.099609375
2026-08-06,47.55060958862305,6573.170403036888,13798.7998046875
2026-08-07,47.6598014831543,6741.647656822832,13779.400390625
2026-08-10,47.69150161743164,6776.798077814684,13811.599609375
2026-08-11,47.72330093383789,6814.151347525071,13704.5
2026-08-12,47.75019836425781,6858.521105094982,14110.099609375
2026-08-13,47.757999420166016,6787.321554585005,14132.2001953125
2026-08-14,47.87969970703125,6830.632634864433,14172.2998046875
2026-08-17,47.857398986816406,6883.458620234662,14132.099609375
2026-08-18,47.90330123901367,6808.28003714182,14128.0
2026-08-19,47.910099029541016,7001.326659749918,14459.0
2026-08-20,47.94490051269531,7046.644703059661,14396.5
2026-08-21,48.042598724365234,7229.67486877438,14514.7998046875
2026-08-24,48.0454216003418,7256.667970171019,14501.5
2026-08-25,48.07659912109375,7256.276450366506,14473.400390625
2026-08-26,48.11069869995117,7197.694949567153,14610.900390625
2026-08-27,48.13240051269531,7217.5001524333575,14575.5
2026-08-28,47.99409866333008,6989.8391772017685,14641.599609375
2026-08-31,48.24689865112305,6951.580249972123,14334.099609375
2026-09-01,48.26750183105469,6822.4875122229205,14229.0
2026-09-02,48.281898498535156,6852.774569635651,14050.599609375
2026-09-03,48.31589889526367,7052.2399304341325,13932.5
2026-09-04,48.429901123046875,6970.318456023089,14012.400390625
2026-09-07,48.42316818237305,6969.349411289282,14151.599609375
2026-09-08,48.44889831542969,6914.484209886102,14405.2998046875
2026-09-09,48.46310043334961,6950.3226829293135,14505.5
2026-09-10,48.487300872802734,6870.5474196321165,14393.900390625
2026-09-11,48.592098236083984,6887.89676942301,14467.2998046875
2026-09-14,48.608699798583984,6801.170154693661,14235.7998046875
2026-09-15,48.624298095703125,6773.4933140041885,13892.2998046875
2026-09-16,48.65510177612305,6863.35168205314,13122.599609375
2026-09-17,48.667301177978516,6884.162055655612,13509.7998046875
2026-09-18,48.776180267333984,6939.081302799598,13284.400390625
2026-09-21,48.77320098876953,6874.365619678134,13337.7001953125
2026-09-22,48.80730056762695,6867.402878705761,13198.7998046875
2026-09-23,48.83620071411133,6780.402346831004,13251.900390625
2026-09-24,48.85089874267578,6750.403099201714,12888.2998046875
2026-09-25,48.94940185546875,6800.526142018795,12899.400390625
2026-09-28,48.97140121459961,6563.003650411484,12592.7998046875
2026-09-29,48.9911003112793,6588.168046700924,12290.580078125
