Date,idx,fx
2011-01-03,676.0753784179688,1.541599988937378
2011-01-04,682.2153930664062,1.5543999671936035
2011-01-05,688.2863159179688,1.5384999513626099
2011-01-06,693.1083374023438,1.5430999994277954
2011-01-07,687.6993408203125,1.5513999462127686
2011-01-10,678.743408203125,1.5707000494003296
2011-01-11,676.6864013671875,1.5752999782562256
2011-01-12,679.2354125976562,1.575700044631958
2011-01-13,685.7513427734375,1.559399962425232
2011-01-14,678.7924194335938,1.5455000400543213
2011-01-17,668.3104858398438,1.5496000051498413
2011-01-18,664.2794799804688,1.5398000478744507
2011-01-19,664.62548828125,1.5370999574661255
2011-01-20,652.8765258789062,1.5471999645233154
2011-01-21,659.26953125,1.5805000066757202
2011-01-24,652.0135498046875,1.5693999528884888
2011-01-25,651.5255126953125,1.5607000589370728
2011-01-26,659.6065063476562,1.5663000345230103
2011-01-27,650.3825073242188,1.573799967765808
2011-01-28,632.109619140625,1.577299952507019
2011-01-31,632.7776489257812,1.6100000143051147
2011-02-01,648.2225952148438,1.6043000221252441
2011-02-02,653.0675048828125,1.5771000385284424
2011-02-03,637.2766723632812,1.5757999420166016
2011-02-04,653.0865478515625,1.5936000347137451
2011-02-07,649.0526123046875,1.5835000276565552
2011-02-08,652.5375366210938,1.5757999420166016
2011-02-09,655.6925048828125,1.5738999843597412
2011-02-10,644.2116088867188,1.5882999897003174
2011-02-11,647.3005981445312,1.5918999910354614
2011-02-14,645.6856079101562,1.5859999656677246
2011-02-15,648.017578125,1.593500018119812
2011-02-16,653.614501953125,1.5942000150680542
2011-02-17,659.728515625,1.5814000368118286
2011-02-18,659.8544921875,1.5738999843597412
2011-02-21,651.2864990234375,1.5743000507354736
2011-02-22,646.5845947265625,1.5891000032424927
2011-02-23,631.3136596679688,1.5985000133514404
2011-02-24,607.604736328125,1.6068999767303467
2011-02-25,613.6697387695312,1.6009999513626099
2011-02-28,612.8357543945312,1.5906000137329102
2011-03-01,587.0899047851562,1.5959999561309814
2011-03-02,586.638916015625,1.614400029182434
2011-03-03,603.8668212890625,1.6159000396728516
2011-03-04,611.124755859375,1.597100019454956
2011-03-07,602.1728515625,1.5979000329971313
2011-03-08,613.0137939453125,1.597100019454956
2011-03-09,624.834716796875,1.5882999897003174
2011-03-10,631.6886596679688,1.579300045967102
2011-03-11,637.8136596679688,1.5815000534057617
2011-03-14,645.297607421875,1.5824999809265137
2011-03-15,642.1355590820312,1.5673999786376953
2011-03-16,632.8006591796875,1.5771000385284424
2011-03-17,634.8186645507812,1.5947999954223633
2011-03-18,638.3896484375,1.5855000019073486
2011-03-21,642.153564453125,1.5765000581741333
2011-03-22,648.7425537109375,1.5743999481201172
2011-03-23,637.192626953125,1.562399983406067
2011-03-24,643.5556030273438,1.5550999641418457
2011-03-25,642.466552734375,1.5480999946594238
2011-03-28,642.6095581054688,1.556399941444397
2011-03-29,637.6346435546875,1.5591000318527222
2011-03-30,645.652587890625,1.5546000003814697
2011-03-31,644.341552734375,1.5511000156402588
2011-04-01,657.1405029296875,1.544100046157837
2011-04-04,675.81640625,1.5255999565124512
2011-04-05,676.8914184570312,1.5298999547958374
2011-04-06,686.4883422851562,1.5273000001907349
2011-04-07,694.9013671875,1.5134999752044678
2011-04-08,680.9293823242188,1.5099999904632568
2011-04-11,681.9434204101562,1.5069999694824219
2011-04-12,680.0653686523438,1.5153000354766846
2011-04-13,682.0303955078125,1.5214999914169312
2011-04-14,679.5913696289062,1.5199999809265137
2011-04-15,684.5014038085938,1.5199999809265137
2011-04-18,666.0724487304688,1.5125000476837158
2011-04-19,677.4174194335938,1.5397000312805176
2011-04-20,680.536376953125,1.527500033378601
2011-04-21,685.65234375,1.5174000263214111
2011-04-22,686.9143676757812,1.5175000429153442
2011-04-25,688.7033081054688,1.5146000385284424
2011-04-26,685.2403564453125,1.5247000455856323
2011-04-27,677.9234008789062,1.5226999521255493
2011-04-28,684.3983764648438,1.5162999629974365
2011-04-29,692.497314453125,1.5233999490737915
2011-05-02,695.2203369140625,1.5204999446868896
2011-05-03,700.7162475585938,1.5204999446868896
2011-05-04,694.372314453125,1.5325000286102295
2011-05-05,693.745361328125,1.5460000038146973
2011-05-06,682.4053955078125,1.5484999418258667
2011-05-09,679.5614013671875,1.5429999828338623
2011-05-10,672.596435546875,1.5448999404907227
2011-05-11,656.4295043945312,1.5583000183105469
2011-05-12,665.3474731445312,1.5848000049591064
2011-05-13,645.8485717773438,1.5770000219345093
2011-05-16,654.175537109375,1.595900058746338
2011-05-17,653.8505249023438,1.590000033378601
2011-05-18,637.32861328125,1.583899974822998
2011-05-20,632.982666015625,1.5723999738693237
2011-05-23,632.0956420898438,1.589400053024292
2011-05-24,645.610595703125,1.604099988937378
2011-05-25,636.0896606445312,1.5964000225067139
2011-05-26,637.5506591796875,1.6049000024795532
2011-05-27,624.0706787109375,1.6019999980926514
2011-05-30,614.9137573242188,1.603600025177002
2011-05-31,630.4566650390625,1.6002999544143677
2011-06-01,632.24365234375,1.5920000076293945
2011-06-02,631.1226196289062,1.5973000526428223
2011-06-03,628.0656127929688,1.5822999477386475
2011-06-06,635.1646728515625,1.5706000328063965
2011-06-07,644.6286010742188,1.5851000547409058
2011-06-08,640.6676025390625,1.576300024986267
2011-06-09,636.6976318359375,1.5809999704360962
2011-06-10,636.9996337890625,1.5713000297546387
2011-06-13,635.2286376953125,1.57260000705719
2011-06-14,621.8516845703125,1.5729999542236328
2011-06-15,609.3857421875,1.583299994468689
2011-06-16,611.1637573242188,1.6066999435424805
2011-06-17,617.1636962890625,1.607800006866455
2011-06-20,610.0737915039062,1.5882999897003174
2011-06-21,620.3286743164062,1.600000023841858
2011-06-22,612.1767578125,1.611799955368042
2011-06-23,615.8956909179688,1.6211999654769897
2011-06-24,620.7227172851562,1.627500057220459
2011-06-27,619.5297241210938,1.6354999542236328
2011-06-28,628.1876220703125,1.635599970817566
2011-06-29,630.025634765625,1.6411999464035034
2011-06-30,632.6906127929688,1.620300054550171
2011-07-01,632.6416625976562,1.621399998664856
2011-07-04,641.8635864257812,1.604599952697754
2011-07-05,638.6596069335938,1.6140999794006348
2011-07-06,632.3976440429688,1.6256999969482422
2011-07-07,641.0045776367188,1.6308000087738037
2011-07-08,635.9586181640625,1.6171000003814697
2011-07-11,629.0916137695312,1.628999948501587
2011-07-12,626.8947143554688,1.6450999975204468
2011-07-13,632.607666015625,1.6503000259399414
2011-07-14,627.4346313476562,1.642799973487854
2011-07-15,626.3477172851562,1.6431000232696533
2011-07-18,620.2467041015625,1.6509000062942505
2011-07-19,618.397705078125,1.6579999923706055
2011-07-20,616.3646850585938,1.656000018119812
2011-07-21,608.8197631835938,1.6620999574661255
2011-07-22,598.0198364257812,1.6650999784469604
2011-07-25,610.4737548828125,1.7003999948501587
2011-07-26,613.8827514648438,1.7141000032424927
2011-07-27,611.812744140625,1.6970000267028809
2011-07-28,625.3057250976562,1.6893999576568604
2011-07-29,622.9536743164062,1.6725000143051147
2011-08-01,619.2626953125,1.6865999698638916
2011-08-02,617.5827026367188,1.6913000345230103
2011-08-03,613.1477661132812,1.7115000486373901
2011-08-04,593.2568359375,1.6930999755859375
2011-08-05,562.6520385742188,1.7409000396728516
2011-08-08,522.832275390625,1.742900013923645
2011-08-09,529.6091918945312,1.7740999460220337
2011-08-10,503.0733337402344,1.7532999515533447
2011-08-11,520.167236328125,1.7747999429702759
2011-08-12,521.88427734375,1.777999997138977
2011-08-15,534.8502197265625,1.7756999731063843
2011-08-16,540.9711303710938,1.763700008392334
2011-08-17,542.1751098632812,1.7746000289916992
2011-08-18,519.4562377929688,1.7683000564575195
2011-08-19,530.6141967773438,1.7826999425888062
2011-08-22,532.8671875,1.782099962234497
2011-08-23,524.1121826171875,1.784600019454956
2011-08-24,530.5482177734375,1.7684999704360962
2011-08-25,529.6741943359375,1.7806999683380127
2011-08-26,537.0731201171875,1.7527999877929688
2011-08-29,539.4581298828125,1.746999979019165
2011-09-02,553.7500610351562,1.718000054359436
2011-09-05,540.5451049804688,1.7455999851226807
2011-09-06,550.195068359375,1.7675000429153442
2011-09-07,552.3790893554688,1.7587000131607056
2011-09-08,566.9169921875,1.7563999891281128
2011-09-09,559.0270385742188,1.7654999494552612
2011-09-12,556.0450439453125,1.794600009918213
2011-09-13,566.5029907226562,1.7853000164031982
2011-09-14,561.2160034179688,1.7640000581741333
2011-09-15,571.1529541015625,1.774899959564209
2011-09-16,578.9619750976562,1.7796000242233276
2011-09-19,579.3289184570312,1.7812000513076782
2011-09-20,608.8877563476562,1.8109999895095825
2011-09-21,608.2757568359375,1.7835999727249146
2011-09-22,579.7959594726562,1.8236000537872314
2011-09-23,563.2310180664062,1.8389999866485596
2011-09-26,568.009033203125,1.8308000564575195
2011-09-27,582.60986328125,1.8497999906539917
2011-09-28,589.8818969726562,1.8422000408172607
2011-09-29,597.5787963867188,1.8598999977111816
2011-09-30,596.9308471679688,1.8499000072479248
2011-10-03,594.5938110351562,1.8545000553131104
2011-10-04,572.0889282226562,1.8875000476837158
2011-10-05,573.1089477539062,1.8842999935150146
2011-10-06,572.2819213867188,1.868299961090088
2011-10-07,573.3849487304688,1.841599941253662
2011-10-10,583.2728881835938,1.8482999801635742
2011-10-11,586.6378784179688,1.8257999420166016
2011-10-12,594.1998291015625,1.8375999927520752
2011-10-13,585.430908203125,1.8167999982833862
2011-10-14,592.9998168945312,1.8341000080108643
2011-10-17,584.4208984375,1.8336999416351318
2011-10-18,587.5028686523438,1.8653000593185425
2011-10-19,577.9839477539062,1.8549000024795532
2011-10-20,559.0419921875,1.8659000396728516
2011-10-21,567.9199829101562,1.857100009918213
2011-10-24,562.5910034179688,1.8371000289916992
2011-10-25,562.781005859375,1.7972999811172485
2011-10-26,554.696044921875,1.7757999897003174
2011-10-27,566.1650390625,1.7563999891281128
2011-10-28,570.4209594726562,1.745300054550171
2011-10-31,560.6119995117188,1.7417000532150269
2011-11-01,548.5120849609375,1.767799973487854
2011-11-02,557.2110595703125,1.792799949645996
2011-11-03,565.2250366210938,1.7798000574111938
2011-11-04,561.7990112304688,1.7518999576568604
2011-11-10,555.404052734375,1.799399971961975
2011-11-11,562.0120239257812,1.7906999588012695
2011-11-14,558.7540283203125,1.769700050354004
2011-11-15,559.2219848632812,1.7796000242233276
2011-11-16,559.2720336914062,1.7978999614715576
2011-11-17,550.8950805664062,1.8071999549865723
2011-11-18,544.7361450195312,1.8240000009536743
2011-11-21,527.5191650390625,1.825600028038025
2011-11-22,519.8612670898438,1.8575999736785889
2011-11-23,510.91229248046875,1.8497999906539917
2011-11-24,496.2143859863281,1.8700000047683716
2011-11-25,510.70928955078125,1.868399977684021
2011-11-28,522.833251953125,1.8753000497817993
2011-11-29,520.9252319335938,1.8573999404907227
2011-11-30,545.1751098632812,1.850000023841858
2011-12-01,538.0631103515625,1.8249000310897827
2011-12-02,547.6900634765625,1.8260999917984009
2011-12-05,551.955078125,1.8241000175476074
2011-12-06,546.7880859375,1.8323999643325806
2011-12-07,551.3860473632812,1.8335000276565552
2011-12-08,534.9901733398438,1.829200029373169
2011-12-09,538.3461303710938,1.8398000001907349
2011-12-12,524.4381713867188,1.8320000171661377
2011-12-13,525.51220703125,1.8664000034332275
2011-12-14,513.3872680664062,1.8802000284194946
2011-12-15,518.8622436523438,1.8839000463485718
2011-12-16,516.6552734375,1.8765000104904175
2011-12-19,507.4183044433594,1.8839999437332153
2011-12-20,521.2662353515625,1.9003000259399414
2011-12-21,517.4712524414062,1.8828999996185303
2011-12-22,515.9132690429688,1.8834999799728394
2011-12-23,519.4832763671875,1.8875000476837158
2011-12-26,525.170166015625,1.8890000581741333
2011-12-27,525.6091918945312,1.889799952507019
2011-12-28,515.5292358398438,1.8967000246047974
2011-12-29,520.5332641601562,1.9179999828338623
2011-12-30,512.6632690429688,1.9154000282287598
2012-01-02,513.4072265625,1.8798999786376953
2012-01-03,528.5881958007812,1.8875999450683594
2012-01-04,515.3232421875,1.8720999956130981
2012-01-05,512.0432739257812,1.8782999515533447
2012-01-06,501.8223571777344,1.8792999982833862
2012-01-09,498.3673400878906,1.8795000314712524
2012-01-10,507.8153076171875,1.867900013923645
2012-01-11,514.1012573242188,1.8676999807357788
2012-01-12,521.540283203125,1.8530000448226929
2012-01-13,515.6142578125,1.8517999649047852
2012-01-16,527.9691772460938,1.861299991607666
2012-01-17,535.2901611328125,1.850000023841858
2012-01-18,543.8451538085938,1.8398000001907349
2012-01-19,546.0761108398438,1.8301000595092773
2012-01-20,548.883056640625,1.825600028038025
2012-01-23,551.8590698242188,1.8316999673843384
2012-01-24,547.9050903320312,1.8162000179290771
2012-01-25,549.18408203125,1.819100022315979
2012-01-26,569.5849609375,1.8043999671936035
2012-01-27,573.56396484375,1.7925000190734863
2012-01-30,578.1149291992188,1.7726999521255493
2012-01-31,571.7099609375,1.7861000299453735
2012-02-01,592.1538696289062,1.774399995803833
2012-02-02,600.5158081054688,1.7546000480651855
2012-02-03,601.476806640625,1.756600022315979
2012-02-06,606.7457885742188,1.7522000074386597
2012-02-07,605.4557495117188,1.7568000555038452
2012-02-08,611.77978515625,1.7467000484466553
2012-02-09,601.621826171875,1.750599980354309
2012-02-10,593.3178100585938,1.7512999773025513
2012-02-13,605.57177734375,1.7587000131607056
2012-02-14,596.6177978515625,1.7669999599456787
2012-02-15,598.4728393554688,1.7674000263214111
2012-02-16,600.2978515625,1.7630000114440918
2012-02-17,611.1097412109375,1.760699987411499
2012-02-20,614.48779296875,1.7401000261306763
2012-02-21,612.5247802734375,1.743399977684021
2012-02-22,608.560791015625,1.7509000301361084
2012-02-23,596.662841796875,1.756500005722046
2012-02-24,597.371826171875,1.7625000476837158
2012-02-27,588.2149047851562,1.7616000175476074
2012-02-28,599.7817993164062,1.7640999555587769
2012-02-29,607.208740234375,1.750499963760376
2012-03-01,607.2557373046875,1.7484999895095825
2012-03-02,609.020751953125,1.7517999410629272
2012-03-05,596.851806640625,1.766800045967102
2012-03-06,591.430908203125,1.770400047302246
2012-03-07,594.7938232421875,1.7913000583648682
2012-03-08,596.7348022460938,1.7798999547958374
2012-03-09,592.8008422851562,1.7740999460220337
2012-03-12,590.0918579101562,1.7847000360488892
2012-03-13,593.8868408203125,1.7933000326156616
2012-03-14,608.353759765625,1.7856999635696411
2012-03-15,612.789794921875,1.805299997329712
2012-03-16,623.3596801757812,1.7955000400543213
2012-03-19,625.3696899414062,1.7935999631881714
2012-03-20,621.6376953125,1.8033000230789185
2012-03-21,620.646728515625,1.8203999996185303
2012-03-22,617.8637084960938,1.812399983406067
2012-03-23,614.1707763671875,1.8070000410079956
2012-03-26,625.6116943359375,1.798799991607666
2012-03-27,624.9066772460938,1.7847000360488892
2012-03-28,618.147705078125,1.787500023841858
2012-03-29,615.4457397460938,1.7798999547958374
2012-03-30,624.2266845703125,1.7838000059127808
2012-04-02,629.6896362304688,1.7796000242233276
2012-04-03,632.8416137695312,1.7752000093460083
2012-04-04,624.63671875,1.7812999486923218
2012-04-05,620.6237182617188,1.792199969291687
2012-04-06,609.3927612304688,1.791200041770935
2012-04-09,608.1297607421875,1.7929999828338623
2012-04-10,599.8738403320312,1.7973999977111816
2012-04-11,607.0947875976562,1.8125
2012-04-12,608.8977661132812,1.80649995803833
2012-04-13,605.82275390625,1.7926000356674194
2012-04-16,604.78173828125,1.7962000370025635
2012-04-17,606.5227661132812,1.7961000204086304
2012-04-18,601.3157958984375,1.7872999906539917
2012-04-19,598.4818115234375,1.7856999635696411
2012-04-20,601.225830078125,1.7918000221252441
2012-04-24,597.0568237304688,1.794600009918213
2012-04-25,599.40185546875,1.7800999879837036
2012-04-26,606.7747802734375,1.7692999839782715
2012-04-27,605.9637451171875,1.7646000385284424
2012-04-30,600.100830078125,1.7590999603271484
2012-05-02,589.4338989257812,1.7537000179290771
2012-05-03,592.8538208007812,1.7595000267028809
2012-05-04,590.1538696289062,1.7608000040054321
2012-05-07,588.0938720703125,1.7676000595092773
2012-05-08,587.4898681640625,1.7598999738693237
2012-05-09,580.9269409179688,1.7773000001907349
2012-05-10,588.2048950195312,1.7939000129699707
2012-05-11,588.722900390625,1.7861000299453735
2012-05-14,578.5359497070312,1.7855000495910645
2012-05-15,574.5279541015625,1.8101999759674072
2012-05-16,581.0059204101562,1.82260000705719
2012-05-17,573.3089599609375,1.8222999572753906
2012-05-18,569.35498046875,1.8281999826431274
2012-05-21,565.3930053710938,1.8335000276565552
2012-05-22,570.7919311523438,1.8242000341415405
2012-05-23,557.340087890625,1.843999981880188
2012-05-24,549.1630859375,1.8496999740600586
2012-05-25,548.0960693359375,1.8461999893188477
2012-05-28,548.4360961914062,1.844099998474121
2012-05-29,554.4920654296875,1.835800051689148
2012-05-30,551.2500610351562,1.8299000263214111
2012-05-31,550.9900512695312,1.8550000190734863
2012-06-01,555.6810913085938,1.864300012588501
2012-06-04,557.4400634765625,1.8590999841690063
2012-06-05,557.9950561523438,1.8517999649047852
2012-06-06,562.4819946289062,1.8453999757766724
2012-06-07,566.9539794921875,1.8279999494552612
2012-06-08,572.9969482421875,1.8253999948501587
2012-06-11,575.044921875,1.8075000047683716
2012-06-12,582.0098876953125,1.8286000490188599
2012-06-13,582.5018920898438,1.8236000537872314
2012-06-14,583.6438598632812,1.8183000087738037
2012-06-15,584.6748657226562,1.813099980354309
2012-06-18,583.2459106445312,1.8030999898910522
2012-06-19,592.9938354492188,1.8102999925613403
2012-06-20,594.0098266601562,1.7994999885559082
2012-06-21,604.394775390625,1.7939000129699707
2012-06-22,604.5107421875,1.8035000562667847
2012-06-25,594.7908325195312,1.8128000497817993
2012-06-26,601.2628173828125,1.819000005722046
2012-06-27,611.8397827148438,1.8079999685287476
2012-06-28,608.2227783203125,1.8128999471664429
2012-06-29,625.4317016601562,1.82669997215271
2012-07-02,619.5087280273438,1.8042999505996704
2012-07-03,627.2096557617188,1.8039000034332275
2012-07-04,629.857666015625,1.7963000535964966
2012-07-05,619.7177124023438,1.804800033569336
2012-07-06,627.8026733398438,1.8097000122070312
2012-07-09,626.0776977539062,1.818600058555603
2012-07-10,631.2366333007812,1.822700023651123
2012-07-11,630.484619140625,1.8144999742507935
2012-07-12,623.24267578125,1.8056000471115112
2012-07-13,626.6187133789062,1.81850004196167
2012-07-16,626.7496948242188,1.8092000484466553
2012-07-17,624.7247314453125,1.8070000410079956
2012-07-18,624.4456787109375,1.8034000396728516
2012-07-19,623.4047241210938,1.8009999990463257
2012-07-20,617.918701171875,1.8020000457763672
2012-07-23,607.36474609375,1.8140000104904175
2012-07-24,613.02978515625,1.8184000253677368
2012-07-25,617.0717163085938,1.8264000415802002
2012-07-26,638.4066162109375,1.8209999799728394
2012-07-27,643.724609375,1.8098000288009644
2012-07-30,650.3175048828125,1.8128000497817993
2012-07-31,642.591552734375,1.8007999658584595
2012-08-01,640.80859375,1.7932000160217285
2012-08-02,637.775634765625,1.8046000003814697
2012-08-03,653.0325317382812,1.799399971961975
2012-08-06,655.7645263671875,1.7781000137329102
2012-08-07,649.3805541992188,1.7755000591278076
2012-08-08,646.9826049804688,1.784999966621399
2012-08-09,645.007568359375,1.7786999940872192
2012-08-10,651.2565307617188,1.7821999788284302
2012-08-13,651.4855346679688,1.7839000225067139
2012-08-14,641.6045532226562,1.7933000326156616
2012-08-15,646.1145629882812,1.8003000020980835
2012-08-16,649.1585693359375,1.7967000007629395
2012-08-17,657.58154296875,1.7933000326156616
2012-08-22,661.0845336914062,1.7939000129699707
2012-08-23,660.79150390625,1.7929999828338623
2012-08-24,656.53955078125,1.7926000356674194
2012-08-27,659.4125366210938,1.7976000308990479
2012-08-28,661.3895263671875,1.8020000457763672
2012-08-29,661.5225219726562,1.808500051498413
2012-08-31,673.6763916015625,1.8265000581741333
2012-09-03,672.0784301757812,1.8191200494766235
2012-09-04,668.9774780273438,1.8184499740600586
2012-09-05,675.5913696289062,1.8190799951553345
2012-09-06,677.1444091796875,1.8178600072860718
2012-09-07,679.3673706054688,1.8091700077056885
2012-09-10,681.21240234375,1.8005499839782715
2012-09-11,681.0474243164062,1.802090048789978
2012-09-12,681.83642578125,1.8041000366210938
2012-09-13,672.9034423828125,1.8066799640655518
2012-09-14,681.8013916015625,1.7985899448394775
2012-09-17,680.9193725585938,1.7965099811553955
2012-09-18,676.0004272460938,1.7964500188827515
2012-09-19,671.1444702148438,1.796180009841919
2012-09-20,670.0134887695312,1.792099952697754
2012-09-21,678.911376953125,1.7967100143432617
2012-09-24,672.0674438476562,1.7948399782180786
2012-09-25,678.0924072265625,1.7970399856567383
2012-09-26,666.7534790039062,1.7906800508499146
2012-09-27,667.7024536132812,1.7913700342178345
2012-09-28,663.9634399414062,1.787559986114502
2012-10-01,667.5454711914062,1.7965799570083618
2012-10-02,674.9783935546875,1.7910399436950684
2012-10-03,668.220458984375,1.790179967880249
2012-10-04,669.0904541015625,1.803760051727295
2012-10-05,673.8333740234375,1.7960799932479858
2012-10-08,674.3504028320312,1.8049900531768799
2012-10-09,680.6254272460938,1.8119800090789795
2012-10-10,684.5723876953125,1.8257299661636353
2012-10-11,695.7723388671875,1.8186800479888916
2012-10-12,696.02734375,1.80649995803833
2012-10-15,697.6932983398438,1.810789942741394
2012-10-16,702.8132934570312,1.809689998626709
2012-10-17,706.8612670898438,1.8003599643707275
2012-10-18,703.5542602539062,1.798259973526001
2012-10-19,707.7362060546875,1.797260046005249
2012-10-22,712.1912231445312,1.7942800521850586
2012-10-23,707.6192016601562,1.7927000522613525
2012-10-24,707.0802612304688,1.8011000156402588
2012-10-30,717.1652221679688,1.8033000230789185
2012-10-31,725.2861328125,1.79653000831604
2012-11-01,725.5211791992188,1.7919299602508545
2012-11-02,714.2222290039062,1.786929965019226
2012-11-05,727.3671264648438,1.7913800477981567
2012-11-06,720.3931274414062,1.780400037765503
2012-11-07,716.0452270507812,1.7726500034332275
2012-11-08,726.494140625,1.7843600511550903
2012-11-09,718.19921875,1.785249948501587
2012-11-12,713.5662231445312,1.790179967880249
2012-11-13,720.1481323242188,1.80062997341156
2012-11-14,713.252197265625,1.8072799444198608
2012-11-15,715.9682006835938,1.8055700063705444
2012-11-16,707.9012451171875,1.8006700277328491
2012-11-19,706.0702514648438,1.7964999675750732
2012-11-20,706.36328125,1.7991700172424316
2012-11-21,704.604248046875,1.7923699617385864
2012-11-22,699.2572631835938,1.801010012626648
2012-11-23,710.0392456054688,1.7968800067901611
2012-11-26,718.6652221679688,1.7942700386047363
2012-11-27,719.9931640625,1.7939800024032593
2012-11-28,719.7411499023438,1.7906800508499146
2012-11-29,724.4851684570312,1.790079951286316
2012-11-30,730.5811767578125,1.7850799560546875
2012-12-03,742.9850463867188,1.785580039024353
2012-12-04,755.2229614257812,1.7851799726486206
2012-12-05,760.3799438476562,1.7840499877929688
2012-12-06,757.8519897460938,1.7860000133514404
2012-12-07,762.41796875,1.789080023765564
2012-12-10,767.3399047851562,1.7890599966049194
2012-12-11,768.1439208984375,1.7879799604415894
2012-12-12,774.0399169921875,1.7810800075531006
2012-12-13,769.62890625,1.7762199640274048
2012-12-14,762.927978515625,1.7805800437927246
2012-12-17,774.6649169921875,1.7784700393676758
2012-12-18,772.9808959960938,1.7836699485778809
2012-12-19,768.0989379882812,1.7786099910736084
2012-12-20,768.139892578125,1.7834700345993042
2012-12-21,766.8428955078125,1.7860900163650513
2012-12-24,773.1409301757812,1.7932900190353394
2012-12-25,775.9578857421875,1.7949999570846558
2012-12-26,779.9068603515625,1.7920000553131104
2012-12-27,784.537841796875,1.7934199571609497
2012-12-28,785.786865234375,1.7880799770355225
2012-12-31,782.079833984375,1.7886799573898315
2013-01-02,796.4168090820312,1.7813999652862549
2013-01-03,800.3287353515625,1.7777800559997559
2013-01-04,795.6358032226562,1.7841999530792236
2013-01-07,802.23974609375,1.7804800271987915
2013-01-08,801.6127319335938,1.7791800498962402
2013-01-09,811.4866943359375,1.7772799730300903
2013-01-10,808.3707275390625,1.77538001537323
2013-01-11,810.3307495117188,1.766379952430725
2013-01-14,819.8956909179688,1.76937997341156
2013-01-15,824.0565795898438,1.7680799961090088
2013-01-16,840.8175659179688,1.768470048904419
2013-01-17,848.5985107421875,1.7636699676513672
2013-01-18,850.0444946289062,1.7532700300216675
2013-01-21,852.8104858398438,1.758739948272705
2013-01-22,856.4644775390625,1.7642300128936768
2013-01-23,863.4053955078125,1.7678699493408203
2013-01-24,864.3744506835938,1.7707699537277222
2013-01-25,847.5465087890625,1.7682700157165527
2013-01-28,811.6536865234375,1.7667700052261353
2013-01-29,821.7786865234375,1.773069977760315
2013-01-30,789.8247680664062,1.7672699689865112
2013-01-31,787.8308715820312,1.7683199644088745
2013-02-01,802.2127075195312,1.7557499408721924
2013-02-04,807.2227172851562,1.7483700513839722
2013-02-05,803.0947265625,1.7616699934005737
2013-02-06,800.5397338867188,1.7604700326919556
2013-02-07,781.4888305664062,1.7688699960708618
2013-02-08,786.8358764648438,1.7729699611663818
2013-02-11,772.5538940429688,1.7703700065612793
2013-02-12,780.7838745117188,1.7748700380325317
2013-02-13,779.4298706054688,1.7718700170516968
2013-02-14,775.8009033203125,1.7633700370788574
2013-02-15,780.8098754882812,1.7676500082015991
2013-02-18,779.0708618164062,1.7676700353622437
2013-02-19,782.744873046875,1.7657999992370605
2013-02-20,788.9088134765625,1.7754600048065186
2013-02-21,772.6879272460938,1.7845699787139893
2013-02-22,758.9829711914062,1.7925699949264526
2013-02-25,766.6989135742188,1.7990700006484985
2013-02-26,775.138916015625,1.8102699518203735
2013-02-27,781.6588745117188,1.804669976234436
2013-02-28,793.332763671875,1.7959699630737305
2013-03-01,798.6707763671875,1.7984700202941895
2013-03-04,806.1177368164062,1.7981499433517456
2013-03-05,810.5077514648438,1.7972700595855713
2013-03-06,821.7356567382812,1.7905700206756592
2013-03-07,818.3426513671875,1.7974900007247925
2013-03-08,835.4115600585938,1.7967499494552612
2013-03-11,831.192626953125,1.8040900230407715
2013-03-12,833.4705810546875,1.798359990119934
2013-03-13,826.1865844726562,1.802109956741333
2013-03-14,819.8116455078125,1.8114900588989258
2013-03-15,831.150634765625,1.8092700242996216
2013-03-18,833.7836303710938,1.8157700300216675
2013-03-19,822.8585815429688,1.8122700452804565
2013-03-20,821.6036376953125,1.8251700401306152
2013-03-21,823.734619140625,1.8162699937820435
2013-03-22,824.515625,1.8171700239181519
2013-03-25,827.651611328125,1.8111200332641602
2013-03-26,839.7045288085938,1.8206199407577515
2013-03-27,841.9475708007812,1.8127199411392212
2013-03-28,852.5354614257812,1.811750054359436
2013-03-29,858.9854125976562,1.8087199926376343
2013-04-01,861.118408203125,1.8090699911117554
2013-04-02,860.262451171875,1.803920030593872
2013-04-03,848.5964965820312,1.8026200532913208
2013-04-04,832.43359375,1.8067200183868408
2013-04-05,820.7086791992188,1.8014700412750244
2013-04-08,833.4606323242188,1.8016899824142456
2013-04-09,827.6995849609375,1.784980058670044
2013-04-10,824.0386352539062,1.7829699516296387
2013-04-11,841.0215454101562,1.789520025253296
2013-04-12,845.8064575195312,1.784060001373291
2013-04-15,851.0684814453125,1.7892999649047852
2013-04-16,847.051513671875,1.793470025062561
2013-04-17,843.9745483398438,1.7869700193405151
2013-04-18,830.3786010742188,1.7983700037002563
2013-04-19,832.8505859375,1.7952699661254883
2013-04-22,840.2295532226562,1.8010300397872925
2013-04-24,847.7994995117188,1.8022099733352661
2013-04-25,849.4304809570312,1.8021199703216553
2013-04-26,851.1184692382812,1.7982699871063232
2013-04-29,851.5374755859375,1.7953699827194214
2013-04-30,860.4554443359375,1.7936099767684937
2013-05-02,886.6923217773438,1.7919000387191772
2013-05-03,890.9323120117188,1.7930500507354736
2013-05-06,897.1432495117188,1.7932100296020508
2013-05-07,894.5902099609375,1.7961699962615967
2013-05-08,908.5171508789062,1.7961000204086304
2013-05-09,899.3072509765625,1.7892199754714966
2013-05-10,895.6842651367188,1.7953799962997437
2013-05-13,897.647216796875,1.8026200532913208
2013-05-14,912.8661499023438,1.8103200197219849
2013-05-15,921.1160888671875,1.8147499561309814
2013-05-16,919.4620971679688,1.8220900297164917
2013-05-17,919.2431030273438,1.8228199481964111
2013-05-20,901.646240234375,1.8420699834823608
2013-05-21,911.9031982421875,1.8404099941253662
2013-05-22,931.7840576171875,1.8420699834823608
2013-05-23,913.5091552734375,1.8477799892425537
2013-05-24,910.158203125,1.8457200527191162
2013-05-27,905.4631958007812,1.8449900150299072
2013-05-28,899.1592407226562,1.8428699970245361
2013-05-29,871.7403564453125,1.8597899675369263
2013-05-30,871.6973876953125,1.8607699871063232
2013-05-31,859.8954467773438,1.8714100122451782
2013-06-03,769.8328857421875,1.8857699632644653
2013-06-04,807.3287353515625,1.8836100101470947
2013-06-05,796.36376953125,1.8713300228118896
2013-06-06,758.948974609375,1.8917900323867798
2013-06-07,783.3218383789062,1.8922100067138672
2013-06-10,763.8579711914062,1.8780299425125122
2013-06-11,750.406005859375,1.8991700410842896
2013-06-12,768.8029174804688,1.8901699781417847
2013-06-13,764.8819580078125,1.8736000061035156
2013-06-14,800.1067504882812,1.859969973564148
2013-06-17,789.4608154296875,1.8770899772644043
2013-06-18,777.391845703125,1.8693000078201294
2013-06-19,788.341796875,1.8852699995040894
2013-06-20,734.6151123046875,1.9023699760437012
2013-06-21,731.0140991210938,1.9386999607086182
2013-06-24,706.4013061523438,1.9364999532699585
2013-06-25,712.1422119140625,1.9441699981689453
2013-06-26,738.5111083984375,1.930709958076477
2013-06-27,757.6109619140625,1.933769941329956
2013-06-28,762.9409790039062,1.9176700115203857
2013-07-01,767.3619384765625,1.9285500049591064
2013-07-02,764.3839721679688,1.9232699871063232
2013-07-03,737.18310546875,1.9325599670410156
2013-07-04,754.0919799804688,1.9436700344085693
2013-07-05,731.1140747070312,1.940999984741211
2013-07-08,716.8192138671875,1.9616700410842896
2013-07-09,719.8121337890625,1.9463000297546387
2013-07-10,710.7372436523438,1.9399199485778809
2013-07-11,717.8952026367188,1.919469952583313
2013-07-12,739.216064453125,1.9490300416946411
2013-07-15,762.2760009765625,1.9519200325012207
2013-07-16,756.7769775390625,1.9319000244140625
2013-07-17,770.7169189453125,1.9197200536727905
2013-07-18,770.2239379882812,1.9101999998092651
2013-07-19,758.7359619140625,1.920300006866455
2013-07-22,758.1559448242188,1.9151999950408936
2013-07-23,753.677001953125,1.910979986190796
2013-07-24,740.1480712890625,1.8998099565505981
2013-07-25,738.4931030273438,1.9219199419021606
2013-07-26,725.546142578125,1.9213600158691406
2013-07-29,729.3851318359375,1.9245200157165527
2013-07-30,744.2040405273438,1.9266999959945679
2013-07-31,733.7711181640625,1.9224499464035034
2013-08-01,734.0140991210938,1.93326997756958
2013-08-02,740.3240966796875,1.9451700448989868
2013-08-05,742.8970336914062,1.9261800050735474
2013-08-06,740.3120727539062,1.9284700155258179
2013-08-07,735.444091796875,1.9255499839782715
2013-08-12,753.740966796875,1.9201799631118774
2013-08-13,755.1380004882812,1.9242500066757202
2013-08-14,755.85498046875,1.9315500259399414
2013-08-15,739.778076171875,1.932770013809204
2013-08-16,742.7500610351562,1.9319700002670288
2013-08-19,723.8231811523438,1.9427200555801392
2013-08-20,722.0391845703125,1.9530999660491943
2013-08-21,697.0912475585938,1.9479999542236328
2013-08-22,682.9973754882812,1.9800000190734863
2013-08-23,679.3193969726562,1.9882999658584595
2013-08-26,687.746337890625,1.9896199703216553
2013-08-27,655.1954956054688,1.9957200288772583
2013-08-28,654.5205078125,2.0470399856567383
2013-08-29,663.9404296875,2.0284500122070312
2013-09-02,685.4503173828125,2.0299899578094482
2013-09-03,669.7274780273438,2.0184500217437744
2013-09-04,669.6544799804688,2.0563199520111084
2013-09-05,667.1474609375,2.047379970550537
2013-09-06,672.3204345703125,2.0680201053619385
2013-09-09,696.8883056640625,2.0515999794006348
2013-09-10,717.876220703125,2.024139881134033
2013-09-11,717.7122192382812,2.0150399208068848
2013-09-12,727.2191772460938,2.0111899375915527
2013-09-13,716.34619140625,2.02620005607605
2013-09-16,742.58203125,2.0019900798797607
2013-09-17,747.8300170898438,2.0002501010894775
2013-09-18,746.6010131835938,2.0011401176452637
2013-09-19,794.65576171875,1.9381400346755981
2013-09-20,778.6248779296875,1.9601600170135498
2013-09-23,768.0748901367188,1.9808100461959839
2013-09-24,765.2929077148438,1.9842599630355835
2013-09-25,762.3389892578125,1.9950900077819824
2013-09-26,756.177978515625,2.0136899948120117
2013-09-27,747.7190551757812,2.0195000171661377
2013-09-30,744.862060546875,2.0381200313568115
2013-10-01,764.6959838867188,2.01921010017395
2013-10-02,751.6240234375,2.0085999965667725
2013-10-03,762.6949462890625,1.9926799535751343
2013-10-04,762.0659790039062,2.00219988822937
2013-10-07,759.0079956054688,1.986109972000122
2013-10-08,750.635009765625,1.986109972000122
2013-10-09,744.8350219726562,1.9870400428771973
2013-10-10,756.3939819335938,1.982100009918213
2013-10-11,761.7599487304688,1.9749900102615356
2013-10-14,762.345947265625,1.9869400262832642
2013-10-21,788.7658081054688,1.9690899848937988
2013-10-22,792.7197875976562,1.9789899587631226
2013-10-23,785.15185546875,1.9668200016021729
2013-10-24,788.4537963867188,1.9737800359725952
2013-10-25,792.7108154296875,1.9795700311660767
2013-10-28,795.6477661132812,1.9815399646759033
2013-10-30,789.1897583007812,1.9901000261306763
2013-10-31,776.1998901367188,1.9928900003433228
2013-11-01,765.0079956054688,1.9959900379180908
2013-11-04,762.3379516601562,2.0152900218963623
2013-11-05,747.4390258789062,2.0146899223327637
2013-11-06,757.6819458007812,2.028899908065796
2013-11-07,758.1109619140625,2.0342600345611572
2013-11-08,739.1790771484375,2.0346899032592773
2013-11-11,721.3961791992188,2.038789987564087
2013-11-12,719.042236328125,2.0419399738311768
2013-11-13,723.2661743164062,2.0530099868774414
2013-11-14,739.7440795898438,2.0415899753570557
2013-11-15,742.72802734375,2.03439998626709
2013-11-18,755.9729614257812,2.0301599502563477
2013-11-19,746.1730346679688,2.0203299522399902
2013-11-20,753.81298828125,2.0093400478363037
2013-11-21,746.7890625,2.0146400928497314
2013-11-22,756.376953125,2.0151400566101074
2013-11-25,765.3099365234375,2.007309913635254
2013-11-26,755.6279907226562,2.006309986114502
2013-11-27,748.9560546875,2.0109899044036865
2013-11-28,745.800048828125,2.0243899822235107
2013-11-29,757.4789428710938,2.013000011444092
2013-12-02,749.508056640625,2.018929958343506
2013-12-03,730.87109375,2.038059949874878
2013-12-04,730.8831176757812,2.042109966278076
2013-12-05,719.9151611328125,2.047339916229248
2013-12-06,733.7800903320312,2.035099983215332
2013-12-09,742.3250122070312,2.024049997329712
2013-12-10,741.1760864257812,2.0312600135803223
2013-12-11,739.6541137695312,2.0257999897003174
2013-12-12,730.714111328125,2.042409896850586
2013-12-13,740.6461181640625,2.042069911956787
2013-12-16,748.4300537109375,2.0416200160980225
2013-12-17,709.4572143554688,2.026400089263916
2013-12-18,714.169189453125,2.0348598957061768
2013-12-19,690.996337890625,2.055299997329712
2013-12-20,695.724365234375,2.0718700885772705
2013-12-23,680.857421875,2.090100049972534
2013-12-24,689.974365234375,2.097209930419922
2013-12-25,660.9625244140625,2.0762500762939453
2013-12-26,645.548583984375,2.095289945602417
2013-12-27,638.8485717773438,2.122030019760132
2013-12-30,679.8533935546875,2.1549999713897705
2013-12-31,678.013427734375,2.1205599308013916
2014-01-02,669.8544311523438,2.146399974822998
2014-01-03,659.6675415039062,2.1686699390411377
2014-01-06,680.2163696289062,2.1749000549316406
2014-01-07,685.9823608398438,2.1695799827575684
2014-01-08,673.3134155273438,2.1659700870513916
2014-01-09,664.1324462890625,2.1834700107574463
2014-01-10,679.1173706054688,2.1769700050354004
2014-01-13,680.619384765625,2.163749933242798
2014-01-14,680.7213745117188,2.1784300804138184
2014-01-15,681.3424072265625,2.1819698810577393
2014-01-16,668.4324340820312,2.189069986343384
2014-01-17,656.3464965820312,2.2062699794769287
2014-01-20,657.6325073242188,2.2332699298858643
2014-01-21,663.1834716796875,2.2386701107025146
2014-01-22,673.6693725585938,2.251270055770874
2014-01-23,654.28955078125,2.258270025253296
2014-01-24,644.2716064453125,2.2902700901031494
2014-01-27,645.68359375,2.329770088195801
2014-01-28,635.4336547851562,2.2797698974609375
2014-01-29,620.8837280273438,2.185770034790039
2014-01-30,627.0106811523438,2.2593600749969482
2014-01-31,618.5786743164062,2.2637500762939453
2014-02-03,616.7487182617188,2.2598700523376465
2014-02-04,627.3236694335938,2.276520013809204
2014-02-05,624.4216918945312,2.2358999252319336
2014-02-06,645.49560546875,2.2365500926971436
2014-02-07,646.1395874023438,2.207469940185547
2014-02-10,640.4985961914062,2.2182300090789795
2014-02-11,642.8035888671875,2.2115700244903564
2014-02-12,645.1336059570312,2.1919898986816406
2014-02-13,637.6466674804688,2.187570095062256
2014-02-14,648.8255615234375,2.182990074157715
2014-02-17,655.988525390625,2.1786699295043945
2014-02-18,641.2536010742188,2.1760900020599365
2014-02-19,633.817626953125,2.1771700382232666
2014-02-20,636.806640625,2.2117600440979004
2014-02-21,638.8526000976562,2.1991000175476074
2014-02-24,641.8565673828125,2.1768600940704346
2014-02-25,621.2346801757812,2.2000699043273926
2014-02-26,615.0267944335938,2.211250066757202
2014-02-27,617.7886962890625,2.2329299449920654
2014-02-28,625.5297241210938,2.2108700275421143
2014-03-03,611.8887939453125,2.227760076522827
2014-03-04,630.3036499023438,2.227570056915283
2014-03-05,634.4436645507812,2.2051799297332764
2014-03-06,640.03857421875,2.201669931411743
2014-03-07,630.9566650390625,2.178410053253174
2014-03-10,627.3116455078125,2.2028698921203613
2014-03-11,630.6526489257812,2.2177700996398926
2014-03-12,632.5826416015625,2.243459939956665
2014-03-13,633.4506225585938,2.23157000541687
2014-03-14,632.78564453125,2.233259916305542
2014-03-17,641.974609375,2.2207601070404053
2014-03-18,655.7315063476562,2.2185699939727783
2014-03-19,654.8674926757812,2.216670036315918
2014-03-20,652.6105346679688,2.2376298904418945
2014-03-21,645.7905883789062,2.2303600311279297
2014-03-24,637.1016235351562,2.234999895095825
2014-03-25,646.9616088867188,2.2361600399017334
2014-03-26,677.3043823242188,2.215480089187622
2014-03-27,670.48046875,2.1905100345611572
2014-03-28,691.1693115234375,2.1836700439453125
2014-03-31,697.3592529296875,2.1757800579071045
2014-04-01,708.5701904296875,2.1373701095581055
2014-04-02,706.4762573242188,2.1365699768066406
2014-04-03,715.4442138671875,2.1266698837280273
2014-04-04,725.8251342773438,2.1325700283050537
2014-04-07,724.8871459960938,2.112260103225708
2014-04-08,739.4611206054688,2.1107099056243896
2014-04-09,724.2821655273438,2.0933001041412354
2014-04-10,731.4981079101562,2.101409912109375
2014-04-11,727.359130859375,2.110179901123047
2014-04-14,737.7451171875,2.11641001701355
2014-04-15,724.3761596679688,2.1211700439453125
2014-04-16,723.9901733398438,2.1419599056243896
2014-04-17,735.6140747070312,2.1348299980163574
2014-04-18,734.756103515625,2.1268699169158936
2014-04-21,734.4630737304688,2.12992000579834
2014-04-22,731.6961059570312,2.1325600147247314
2014-04-24,723.9091796875,2.1509900093078613
2014-04-25,713.8832397460938,2.1339499950408936
2014-04-28,723.9811401367188,2.1352200508117676
2014-04-29,723.1461791992188,2.1275599002838135
2014-04-30,738.7111206054688,2.121000051498413
2014-05-02,751.5870361328125,2.1058599948883057
2014-05-05,747.60400390625,2.1039700508117676
2014-05-06,751.8990478515625,2.0991899967193604
2014-05-07,749.6680297851562,2.0891900062561035
2014-05-08,757.81298828125,2.080579996109009
2014-05-09,755.6259765625,2.075860023498535
2014-05-12,759.3519897460938,2.075269937515259
2014-05-13,757.760986328125,2.0806798934936523
2014-05-14,760.4739990234375,2.067389965057373
2014-05-15,752.280029296875,2.0706799030303955
2014-05-16,750.0890502929688,2.0981900691986084
2014-05-20,752.5490112304688,2.0950100421905518
2014-05-21,764.5419921875,2.111569881439209
2014-05-22,780.4278564453125,2.0929598808288574
2014-05-23,780.6018676757812,2.081279993057251
2014-05-26,786.02783203125,2.0793299674987793
2014-05-27,775.327880859375,2.082429885864258
2014-05-28,779.9498291015625,2.100830078125
2014-05-29,792.9957885742188,2.0972700119018555
2014-05-30,792.893798828125,2.0871899127960205
2014-06-02,786.4838256835938,2.0954198837280273
2014-06-03,788.1787719726562,2.1070098876953125
2014-06-04,783.8428344726562,2.116990089416504
2014-06-05,798.0258178710938,2.1143898963928223
2014-06-06,803.9717407226562,2.0973598957061768
2014-06-09,807.5337524414062,2.077199935913086
2014-06-10,816.7156372070312,2.0858700275421143
2014-06-11,790.2017822265625,2.0786800384521484
2014-06-12,798.3388061523438,2.1131300926208496
2014-06-13,790.11181640625,2.1111700534820557
2014-06-16,776.452880859375,2.123159885406494
2014-06-17,780.15283203125,2.142469882965088
2014-06-18,780.9248657226562,2.149009943008423
2014-06-19,790.5687866210938,2.1233201026916504
2014-06-20,784.0028686523438,2.140170097351074
2014-06-23,793.2608032226562,2.1428799629211426
2014-06-24,789.8568115234375,2.1356101036071777
2014-06-25,789.9747924804688,2.141390085220337
2014-06-26,781.036865234375,2.1294798851013184
2014-06-27,784.7198486328125,2.1251699924468994
2014-06-30,784.8858642578125,2.12349009513855
2014-07-01,771.06591796875,2.117300033569336
2014-07-02,768.3139038085938,2.128070116043091
2014-07-03,775.2808837890625,2.1293299198150635
2014-07-04,775.3439331054688,2.127700090408325
2014-07-07,789.5067749023438,2.1321001052856445
2014-07-08,792.90380859375,2.128469944000244
2014-07-09,794.5838012695312,2.1238999366760254
2014-07-10,785.5118408203125,2.114880084991455
2014-07-11,793.6397705078125,2.1226799488067627
2014-07-14,806.2117309570312,2.1190199851989746
2014-07-15,812.4466552734375,2.1159799098968506
2014-07-16,822.7006225585938,2.123379945755005
2014-07-17,817.82763671875,2.1204800605773926
2014-07-18,823.140625,2.139820098876953
2014-07-21,822.6986083984375,2.1247799396514893
2014-07-22,825.3005981445312,2.1176700592041016
2014-07-23,828.5416259765625,2.105870008468628
2014-07-24,838.2425537109375,2.0875799655914307
2014-07-25,842.175537109375,2.090240001678467
2014-07-31,821.5646362304688,2.1313700675964355
2014-08-01,820.9346923828125,2.1400699615478516
2014-08-04,818.9286499023438,2.130389928817749
2014-08-05,806.4147338867188,2.129699945449829
2014-08-06,794.3187866210938,2.151510000228882
2014-08-07,788.4287719726562,2.158519983291626
2014-08-08,791.9898071289062,2.167870044708252
2014-08-11,772.7089233398438,2.1372499465942383
2014-08-12,778.267822265625,2.149169921875
2014-08-13,776.181884765625,2.1634700298309326
2014-08-14,775.6948852539062,2.155179977416992
2014-08-15,766.9169311523438,2.1520800590515137
2014-08-18,773.4169311523438,2.165800094604492
2014-08-19,792.7547607421875,2.16336989402771
2014-08-20,788.664794921875,2.162600040435791
2014-08-21,789.57080078125,2.1824700832366943
2014-08-22,789.2918090820312,2.176680088043213
2014-08-25,792.6198120117188,2.1792500019073486
2014-08-26,807.5387573242188,2.178679943084717
2014-08-27,804.6697387695312,2.1648199558258057
2014-08-28,808.3727416992188,2.1533799171447754
2014-08-29,803.124755859375,2.157180070877075
2014-09-01,808.2427368164062,2.1602799892425537
2014-09-02,807.095703125,2.158560037612915
2014-09-03,812.919677734375,2.1727399826049805
2014-09-04,822.2556762695312,2.15775990486145
2014-09-05,821.9266967773438,2.1628201007843018
2014-09-08,821.9906616210938,2.157560110092163
2014-09-09,800.7977294921875,2.172450065612793
2014-09-10,795.5017700195312,2.1960299015045166
2014-09-11,789.6597900390625,2.1923699378967285
2014-09-12,778.203857421875,2.1986000537872314
2014-09-15,779.1768798828125,2.2203500270843506
2014-09-16,786.3418579101562,2.2127699851989746
2014-09-17,789.6768188476562,2.2031800746917725
2014-09-18,774.9598999023438,2.225059986114502
2014-09-19,769.2149047851562,2.224220037460327
2014-09-22,768.6948852539062,2.2344300746917725
2014-09-23,766.6849365234375,2.2400801181793213
2014-09-24,751.926025390625,2.237070083618164
2014-09-25,745.9030151367188,2.236949920654297
2014-09-26,746.3200073242188,2.259730100631714
2014-09-29,746.4530029296875,2.2639598846435547
2014-09-30,749.3740234375,2.2794299125671387
2014-10-01,741.5410766601562,2.277780055999756
2014-10-02,738.5761108398438,2.283220052719116
2014-10-03,743.8400268554688,2.267270088195801
2014-10-08,729.43115234375,2.2740700244903564
2014-10-09,752.0760498046875,2.2619500160217285
2014-10-10,734.9370727539062,2.2699899673461914
2014-10-13,751.1530151367188,2.2843799591064453
2014-10-14,746.862060546875,2.270359992980957
2014-10-15,748.5560302734375,2.273289918899536
2014-10-16,745.7550048828125,2.2695701122283936
2014-10-17,755.3289794921875,2.260859966278076
2014-10-20,763.3099975585938,2.244839906692505
2014-10-21,776.451904296875,2.243259906768799
2014-10-22,780.8038330078125,2.243839979171753
2014-10-23,794.9428100585938,2.2452399730682373
2014-10-24,794.1668090820312,2.2350499629974365
2014-10-27,792.3497924804688,2.230910062789917
2014-10-28,795.8867797851562,2.229569911956787
2014-10-30,798.9818115234375,2.2144999504089355
2014-10-31,805.792724609375,2.198539972305298
2014-11-03,800.2747192382812,2.227260112762451
2014-11-04,802.677734375,2.2329599857330322
2014-11-05,789.5567626953125,2.220720052719116
2014-11-06,775.0989379882812,2.2437899112701416
2014-11-07,779.5738525390625,2.266160011291504
2014-11-10,777.4298706054688,2.2559800148010254
2014-11-11,784.0298461914062,2.25819993019104
2014-11-12,803.9447021484375,2.2554900646209717
2014-11-13,808.7567138671875,2.2506299018859863
2014-11-14,812.1116943359375,2.242460012435913
2014-11-17,804.9937133789062,2.229480028152466
2014-11-18,813.294677734375,2.229979991912842
2014-11-19,814.6116943359375,2.220439910888672
2014-11-20,825.1146240234375,2.2309999465942383
2014-11-21,832.8135986328125,2.22025990486145
2014-11-24,832.515625,2.220979928970337
2014-11-25,835.300537109375,2.228800058364868
2014-11-26,842.4285278320312,2.218369960784912
2014-11-27,846.8804931640625,2.209559917449951
2014-11-28,861.6824340820312,2.205780029296875
2014-12-01,861.4684448242188,2.219399929046631
2014-12-02,849.1474609375,2.213469982147217
2014-12-03,849.146484375,2.2295100688934326
2014-12-04,862.33642578125,2.2383599281311035
2014-12-05,852.3944702148438,2.2332799434661865
2014-12-08,848.1824951171875,2.258929967880249
2014-12-09,835.2685546875,2.2675700187683105
2014-12-10,841.258544921875,2.2649600505828857
2014-12-11,847.177490234375,2.2647500038146973
2014-12-12,832.2595825195312,2.279939889907837
2014-12-15,828.0396118164062,2.302309989929199
2014-12-16,791.9077758789062,2.354749917984009
2014-12-17,808.2026977539062,2.3595499992370605
2014-12-18,832.2576293945312,2.3357300758361816
2014-12-19,835.7315673828125,2.3216700553894043
2014-12-22,851.4334716796875,2.312649965286255
2014-12-23,844.8755493164062,2.3127100467681885
2014-12-24,848.2124633789062,2.318660020828247
2014-12-25,848.240478515625,2.3133599758148193
2014-12-26,849.468505859375,2.317739963531494
2014-12-29,841.0135498046875,2.319770097732544
2014-12-30,845.3665161132812,2.3167600631713867
2014-12-31,857.2064208984375,2.32273006439209
2015-01-02,854.58447265625,2.330980062484741
2015-01-05,864.6213989257812,2.34224009513855
2015-01-06,869.0913696289062,2.330749988555908
2015-01-07,867.7614135742188,2.3236100673675537
2015-01-08,876.891357421875,2.3175699710845947
2015-01-09,876.4793701171875,2.2981998920440674
2015-01-12,878.642333984375,2.2927699089050293
2015-01-13,883.1303100585938,2.2842700481414795
2015-01-14,875.63037109375,2.282370090484619
2015-01-15,877.42333984375,2.281219959259033
2015-01-16,874.1593627929688,2.3053200244903564
2015-01-19,880.0603637695312,2.330970048904419
2015-01-20,892.000244140625,2.331860065460205
2015-01-21,903.1232299804688,2.3454599380493164
2015-01-22,909.023193359375,2.3489699363708496
2015-01-23,907.356201171875,2.3262600898742676
2015-01-26,914.1242065429688,2.36296010017395
2015-01-27,911.4961547851562,2.3560099601745605
2015-01-28,903.4111938476562,2.363140106201172
2015-01-29,885.5733032226562,2.3869199752807617
2015-01-30,889.4533081054688,2.415489912033081
2015-02-02,897.1232299804688,2.440200090408325
2015-02-03,875.0803833007812,2.430759906768799
2015-02-04,859.096435546875,2.40159010887146
2015-02-05,857.888427734375,2.459939956665039
2015-02-06,849.8695068359375,2.435810089111328
2015-02-09,845.7384643554688,2.4717600345611572
2015-02-10,831.1596069335938,2.4747300148010254
2015-02-11,834.29052734375,2.494309902191162
2015-02-12,860.8214111328125,2.498110055923462
2015-02-13,858.0884399414062,2.4674999713897705
2015-02-16,860.4004516601562,2.455970048904419
2015-02-17,844.2445678710938,2.454859972000122
2015-02-18,854.4124755859375,2.4514999389648438
2015-02-19,864.138427734375,2.443310022354126
2015-02-20,854.8844604492188,2.453200101852417
2015-02-23,862.87841796875,2.452500104904175
2015-02-24,866.9074096679688,2.471820116043091
2015-02-25,867.3304443359375,2.4628500938415527
2015-02-26,859.1494140625,2.4872000217437744
2015-02-27,841.4705200195312,2.504470109939575
2015-03-02,839.4645385742188,2.506089925765991
2015-03-03,843.0345458984375,2.520709991455078
2015-03-04,820.6676635742188,2.53262996673584
2015-03-05,807.791748046875,2.5620200634002686
2015-03-06,803.0977172851562,2.6057300567626953
2015-03-09,806.44970703125,2.6226999759674072
2015-03-10,779.7708740234375,2.6031200885772705
2015-03-11,782.765869140625,2.6362900733947754
2015-03-12,782.9278564453125,2.6112399101257324
2015-03-13,766.4169311523438,2.5859899520874023
2015-03-16,781.9528198242188,2.629879951477051
2015-03-17,800.302734375,2.622889995574951
2015-03-18,799.4187622070312,2.6107499599456787
2015-03-19,819.2156372070312,2.5696499347686768
2015-03-20,825.0596313476562,2.602289915084839
2015-03-23,837.41552734375,2.5772199630737305
2015-03-24,820.3216552734375,2.540570020675659
2015-03-25,826.4876098632812,2.5554299354553223
2015-03-26,814.8196411132812,2.5859899520874023
2015-03-27,808.937744140625,2.6029999256134033
2015-03-30,821.835693359375,2.6113998889923096
2015-03-31,808.4557495117188,2.60260009765625
2015-04-01,812.0806884765625,2.5959599018096924
2015-04-02,816.7596435546875,2.596859931945801
2015-04-03,829.9385986328125,2.58870005607605
2015-04-06,831.297607421875,2.566270112991333
2015-04-07,824.6546020507812,2.570580005645752
2015-04-08,827.9896240234375,2.600939989089966
2015-04-09,835.1315307617188,2.59768009185791
2015-04-10,826.45361328125,2.618769884109497
2015-04-13,819.3716430664062,2.626620054244995
2015-04-14,823.192626953125,2.6681900024414062
2015-04-15,813.5706787109375,2.6868999004364014
2015-04-16,824.3626098632812,2.6975600719451904
2015-04-17,824.172607421875,2.680619955062866
2015-04-20,823.0216064453125,2.6809298992156982
2015-04-21,842.7725219726562,2.6955299377441406
2015-04-22,837.799560546875,2.6844699382781982
2015-04-24,855.5084838867188,2.7034499645233154
2015-04-27,864.014404296875,2.7196600437164307
2015-04-28,862.0903930664062,2.6773200035095215
2015-04-29,859.7794189453125,2.657259941101074
2015-04-30,839.4655151367188,2.656749963760376
2015-05-04,840.1845703125,2.711280107498169
2015-05-05,833.8026123046875,2.7133500576019287
2015-05-06,824.4096069335938,2.705080032348633
2015-05-07,825.6976318359375,2.693589925765991
2015-05-08,840.5945434570312,2.6877501010894775
2015-05-11,847.5234985351562,2.690999984741211
2015-05-12,853.6304931640625,2.6924901008605957
2015-05-13,864.17041015625,2.660099983215332
2015-05-14,872.432373046875,2.629689931869507
2015-05-15,876.0443725585938,2.5910398960113525
2015-05-18,886.5142822265625,2.576119899749756
2015-05-20,877.9063720703125,2.591020107269287
2015-05-21,865.6454467773438,2.5782198905944824
2015-05-22,858.034423828125,2.59089994430542
2015-05-25,845.6654663085938,2.599440097808838
2015-05-26,836.4895629882812,2.614449977874756
2015-05-27,842.9165649414062,2.637079954147339
2015-05-28,835.6915283203125,2.641079902648926
2015-05-29,829.8076171875,2.6553099155426025
2015-06-01,804.2867431640625,2.6595699787139893
2015-06-02,814.1976928710938,2.6808199882507324
2015-06-03,833.9315795898438,2.6721599102020264
2015-06-04,824.985595703125,2.684530019760132
2015-06-05,819.4296875,2.6688199043273926
2015-06-08,778.0498657226562,2.7522900104522705
2015-06-09,781.4588623046875,2.7501800060272217
2015-06-10,797.4747924804688,2.7506399154663086
2015-06-11,808.44775390625,2.7324299812316895
2015-06-12,805.3207397460938,2.7029099464416504
2015-06-15,789.509765625,2.716140031814575
2015-06-16,801.833740234375,2.735729932785034
2015-06-17,807.1287231445312,2.73334002494812
2015-06-18,819.3206787109375,2.7107698917388916
2015-06-19,824.5396118164062,2.714560031890869
2015-06-22,834.257568359375,2.6933701038360596
2015-06-23,830.6806030273438,2.667180061340332
2015-06-24,841.4025268554688,2.6764800548553467
2015-06-25,832.7666015625,2.6774799823760986
2015-06-26,835.45654296875,2.6539299488067627
2015-06-29,817.5576782226562,2.6986498832702637
2015-06-30,822.4906616210938,2.7032999992370605
2015-07-01,816.8126831054688,2.681030035018921
2015-07-02,818.795654296875,2.691610097885132
2015-07-03,812.1656494140625,2.683619976043701
2015-07-06,823.6546020507812,2.7152199745178223
2015-07-07,815.7186889648438,2.6793100833892822
2015-07-08,803.8617553710938,2.686530113220215
2015-07-09,822.8585815429688,2.6844699382781982
2015-07-10,827.9146118164062,2.674269914627075
2015-07-13,833.8786010742188,2.668489933013916
2015-07-14,830.4066162109375,2.6459898948669434
2015-07-15,827.2745971679688,2.631319999694824
2015-07-16,827.8936157226562,2.6464500427246094
2015-07-20,813.1956787109375,2.656630039215088
2015-07-21,815.8316650390625,2.693700075149536
2015-07-22,812.2196655273438,2.6839399337768555
2015-07-23,783.3618774414062,2.7066900730133057
2015-07-24,787.1168212890625,2.7330501079559326
2015-07-27,773.5159301757812,2.744189977645874
2015-07-28,780.23583984375,2.7681798934936523
2015-07-29,780.7938232421875,2.7572999000549316
2015-07-30,782.7108764648438,2.7657599449157715
2015-07-31,799.0927734375,2.7876598834991455
2015-08-03,781.6368408203125,2.7670700550079346
2015-08-04,782.3448486328125,2.777329921722412
2015-08-05,781.3388671875,2.779400110244751
2015-08-06,788.02685546875,2.7850399017333984
2015-08-07,784.266845703125,2.775279998779297
2015-08-10,774.9489135742188,2.779670000076294
2015-08-11,797.19580078125,2.766900062561035
2015-08-12,781.7438354492188,2.7785799503326416
2015-08-13,770.8508911132812,2.7753500938415527
2015-08-14,773.0859375,2.8230600357055664
2015-08-17,769.2199096679688,2.8320000171661377
2015-08-18,759.5969848632812,2.8687500953674316
2015-08-19,752.9920043945312,2.891319990158081
2015-08-20,746.8140258789062,2.9261999130249023
2015-08-21,737.97412109375,2.916640043258667
2015-08-24,713.4161987304688,2.954200029373169
2015-08-25,735.0930786132812,2.946959972381592
2015-08-26,736.1550903320312,2.940500020980835
2015-08-27,748.1310424804688,2.927449941635132
2015-08-28,746.4120483398438,2.90939998626709
2015-08-31,752.1000366210938,2.9180500507354736
2015-09-01,735.693115234375,2.915950059890747
2015-09-02,736.5570678710938,2.9318900108337402
2015-09-03,740.037109375,2.941740036010742
2015-09-04,729.4971313476562,2.9702999591827393
2015-09-07,718.6542358398438,3.0353500843048096
2015-09-08,720.51416015625,3.0300400257110596
2015-09-09,720.0291748046875,3.0090999603271484
2015-09-10,718.4612426757812,3.0465500354766846
2015-09-11,713.5051879882812,3.017280101776123
2015-09-14,712.990234375,3.035799980163574
2015-09-15,731.7301025390625,3.055999994277954
2015-09-16,741.4910888671875,3.0297000408172607
2015-09-17,749.8020629882812,2.9977099895477295
2015-09-18,750.9860229492188,3.0071499347686768
2015-09-21,758.6029663085938,3.004349946975708
2015-09-22,749.9330444335938,3.003499984741211
2015-09-23,746.0980224609375,3.026819944381714
2015-09-28,733.1461181640625,3.0427401065826416
2015-09-29,742.5730590820312,3.0529000759124756
2015-09-30,742.0510864257812,3.038140058517456
2015-10-01,745.3060302734375,3.023319959640503
2015-10-02,743.9630126953125,3.0246100425720215
2015-10-05,769.0209350585938,2.996299982070923
2015-10-06,772.5819091796875,2.981920003890991
2015-10-07,786.9778442382812,2.9560000896453857
2015-10-08,786.6058349609375,2.937999963760376
2015-10-09,792.144775390625,2.8928699493408203
2015-10-12,792.9967651367188,2.933039903640747
2015-10-13,783.5818481445312,2.9286000728607178
2015-10-14,793.7977905273438,2.960930109024048
2015-10-15,792.6287841796875,2.9116899967193604
2015-10-16,784.8318481445312,2.8785998821258545
2015-10-19,797.3407592773438,2.894010066986084
2015-10-20,804.9607543945312,2.905100107192993
2015-10-21,797.6488037109375,2.899970054626465
2015-10-22,802.5547485351562,2.895210027694702
2015-10-23,801.2437133789062,2.871880054473877
2015-10-26,792.6187744140625,2.9100100994110107
2015-10-27,786.620849609375,2.888129949569702
2015-10-28,785.3588256835938,2.9041500091552734
2015-10-30,794.0858154296875,2.9347000122070312
2015-11-02,836.9315185546875,2.8469998836517334
2015-11-03,829.1345825195312,2.8238298892974854
2015-11-04,836.8365478515625,2.8281400203704834
2015-11-05,829.5526123046875,2.8633999824523926
2015-11-06,819.2976684570312,2.8589999675750732
2015-11-09,820.4966430664062,2.9200899600982666
2015-11-10,811.7366943359375,2.919830083847046
2015-11-11,817.1756591796875,2.914060115814209
2015-11-12,821.4296875,2.8732199668884277
2015-11-13,818.78369140625,2.862920045852661
2015-11-16,810.459716796875,2.877929925918579
2015-11-17,811.524658203125,2.881230115890503
2015-11-18,805.1377563476562,2.869040012359619
2015-11-19,804.40771484375,2.8603599071502686
2015-11-20,806.812744140625,2.843519926071167
2015-11-23,797.4437866210938,2.8299400806427
2015-11-24,762.4259643554688,2.8495500087738037
2015-11-25,768.3609008789062,2.874000072479248
2015-11-26,749.9720458984375,2.883699893951416
2015-11-27,756.3799438476562,2.9280900955200195
2015-11-30,752.3240356445312,2.925649881362915
2015-12-01,767.8508911132812,2.910449981689453
2015-12-02,763.9459838867188,2.8882598876953125
2015-12-03,754.5239868164062,2.8880999088287354
2015-12-04,742.6490478515625,2.882390022277832
2015-12-07,739.0850830078125,2.8891899585723877
2015-12-08,731.0050659179688,2.91117000579834
2015-12-09,745.8330078125,2.9098401069641113
2015-12-10,723.5381469726562,2.912600040435791
2015-12-11,702.7992553710938,2.924329996109009
2015-12-14,693.0833129882812,2.967989921569824
2015-12-15,721.5641479492188,2.983989953994751
2015-12-16,728.3141479492188,2.962599992752075
2015-12-17,737.1151123046875,2.934999942779541
2015-12-18,724.6001586914062,2.9249000549316406
2015-12-21,733.278076171875,2.910259962081909
2015-12-22,731.01708984375,2.911250114440918
2015-12-23,740.445068359375,2.9302499294281006
2015-12-24,740.5001220703125,2.9168999195098877
2015-12-25,741.89111328125,2.9151699542999268
2015-12-28,742.4280395507812,2.915369987487793
2015-12-29,739.1220703125,2.905400037765503
2015-12-30,732.0031127929688,2.9047999382019043
2015-12-31,717.2662353515625,2.9200899600982666
2016-01-04,705.1802978515625,2.9161500930786133
2016-01-05,706.8772583007812,2.964319944381714
2016-01-06,711.9752197265625,2.9850399494171143
2016-01-07,714.9552001953125,3.000999927520752
2016-01-08,706.1282958984375,3.0004000663757324
2016-01-11,710.4862060546875,3.0348000526428223
2016-01-12,717.4002075195312,3.034290075302124
2016-01-13,725.0831298828125,3.0319600105285645
2016-01-14,719.4021606445312,3.027100086212158
2016-01-15,710.6162109375,3.0234999656677246
2016-01-18,710.3931884765625,3.0500600337982178
2016-01-19,710.7282104492188,3.034830093383789
2016-01-20,696.0363159179688,3.0374200344085693
2016-01-21,685.6753540039062,3.040750026702881
2016-01-22,702.435302734375,3.015929937362671
2016-01-25,705.3862915039062,3.002350091934204
2016-01-26,718.085205078125,3.0218100547790527
2016-01-27,720.525146484375,3.006769895553589
2016-01-28,724.2701416015625,2.9990200996398926
2016-01-29,734.8070678710938,2.969510078430176
2016-02-01,734.4730834960938,2.9544999599456787
2016-02-02,725.0581665039062,2.945349931716919
2016-02-03,732.6701049804688,2.952660083770752
2016-02-04,745.050048828125,2.9147000312805176
2016-02-05,742.0310668945312,2.9116098880767822
2016-02-08,720.0481567382812,2.9143800735473633
2016-02-09,714.148193359375,2.9459099769592285
2016-02-10,716.1382446289062,2.9380500316619873
2016-02-11,709.4132080078125,2.919100046157837
2016-02-12,709.3702392578125,2.9306800365448
2016-02-15,710.0772094726562,2.93530011177063
2016-02-16,709.4882202148438,2.9457199573516846
2016-02-17,728.0471801757812,2.9763200283050537
2016-02-18,734.4611206054688,2.954900026321411
2016-02-19,730.150146484375,2.9677999019622803
2016-02-22,748.93505859375,2.9509599208831787
2016-02-23,754.9939575195312,2.9347000122070312
2016-02-24,740.6680908203125,2.9410300254821777
2016-02-25,752.0150146484375,2.9359099864959717
2016-02-26,749.2860107421875,2.9268200397491455
2016-02-29,758.1399536132812,2.987950086593628
2016-03-01,759.5499877929688,2.9629499912261963
2016-03-02,767.8759155273438,2.9344899654388428
2016-03-03,768.2789306640625,2.9251699447631836
2016-03-04,771.9069213867188,2.9099700450897217
2016-03-07,774.8348999023438,2.9048800468444824
2016-03-08,776.8248291015625,2.9154000282287598
2016-03-09,787.3778686523438,2.9117701053619385
2016-03-10,790.2427978515625,2.8930599689483643
2016-03-11,793.7977905273438,2.891050100326538
2016-03-14,801.104736328125,2.871809959411621
2016-03-15,790.3067626953125,2.8708200454711914
2016-03-16,793.6878051757812,2.8968698978424072
2016-03-17,813.7666625976562,2.8691399097442627
2016-03-18,829.4296264648438,2.8422698974609375
2016-03-21,834.0225830078125,2.8701400756835938
2016-03-22,817.6566772460938,2.8630800247192383
2016-03-23,803.8327026367188,2.8677499294281006
2016-03-24,813.5796508789062,2.875459909439087
2016-03-25,813.5606689453125,2.8754799365997314
2016-03-28,813.441650390625,2.874269962310791
2016-03-29,817.3316650390625,2.868340015411377
2016-03-30,829.173583984375,2.8404200077056885
2016-03-31,832.6755981445312,2.833009958267212
2016-04-01,823.589599609375,2.8169000148773193
2016-04-04,838.7245483398438,2.822999954223633
2016-04-05,829.6365966796875,2.8112399578094482
2016-04-06,815.108642578125,2.829890012741089
2016-04-07,811.6426391601562,2.839060068130493
2016-04-08,825.0166015625,2.863800048828125
2016-04-11,839.8705444335938,2.8496201038360596
2016-04-12,837.1935424804688,2.82778000831604
2016-04-13,856.9624633789062,2.832900047302246
2016-04-14,857.8453979492188,2.8441998958587646
2016-04-15,855.7284545898438,2.8498499393463135
2016-04-18,863.4324340820312,2.8524999618530273
2016-04-19,862.5054321289062,2.8381199836730957
2016-04-20,855.4974975585938,2.8299999237060547
2016-04-21,856.7034912109375,2.8104300498962402
2016-04-22,858.2824096679688,2.8310999870300293
2016-04-25,851.0894775390625,2.8454298973083496
2016-04-26,857.5594482421875,2.8432199954986572
2016-04-27,853.7374877929688,2.8194799423217773
2016-04-28,854.7734985351562,2.8171699047088623
2016-04-29,853.2734985351562,2.811110019683838
2016-05-02,838.2945556640625,2.792409896850586
2016-05-03,810.6937255859375,2.803499937057495
2016-05-04,793.82177734375,2.844949960708618
2016-05-05,786.9838256835938,2.954349994659424
2016-05-06,783.6768798828125,2.928070068359375
2016-05-09,790.6167602539062,2.9231998920440674
2016-05-10,788.0198364257812,2.941849946975708
2016-05-11,790.2738037109375,2.9491000175476074
2016-05-12,783.037841796875,2.9519500732421875
2016-05-13,778.079833984375,2.9616100788116455
2016-05-16,769.992919921875,2.9714300632476807
2016-05-17,772.7678833007812,2.973900079727173
2016-05-18,772.4349365234375,2.967400074005127
2016-05-20,763.572998046875,2.988110065460205
2016-05-23,767.6549072265625,2.9744999408721924
2016-05-24,794.341796875,2.995270013809204
2016-05-25,786.0868530273438,2.948319911956787
2016-05-26,780.3518676757812,2.939120054244995
2016-05-27,780.2848510742188,2.937649965286255
2016-05-30,785.3478393554688,2.959249973297119
2016-05-31,778.0298461914062,2.9532699584960938
2016-06-01,770.3449096679688,2.946700096130371
2016-06-02,762.7169799804688,2.942460060119629
2016-06-03,781.390869140625,2.9481799602508545
2016-06-06,785.923828125,2.906909942626953
2016-06-07,781.5718383789062,2.905319929122925
2016-06-08,788.3228149414062,2.8961598873138428
2016-06-09,777.1128540039062,2.891279935836792
2016-06-10,768.868896484375,2.894629955291748
2016-06-13,765.337890625,2.929409980773926
2016-06-14,757.5909423828125,2.9219799041748047
2016-06-15,762.3699951171875,2.9344799518585205
2016-06-16,746.7130126953125,2.9228100776672363
2016-06-17,754.3009643554688,2.9296200275421143
2016-06-20,775.2269287109375,2.91129994392395
2016-06-21,775.3099365234375,2.901319980621338
2016-06-22,772.6708984375,2.9114999771118164
2016-06-23,779.8948364257812,2.8893001079559326
2016-06-24,753.6559448242188,2.8641700744628906
2016-06-27,751.6080322265625,2.9411299228668213
2016-06-28,769.2889404296875,2.9364500045776367
2016-06-29,767.1159057617188,2.9061100482940674
2016-06-30,768.1679077148438,2.887860059738159
2016-07-01,779.516845703125,2.881779909133911
2016-07-04,783.8728637695312,2.901520013809204
2016-07-08,780.1908569335938,2.932919979095459
2016-07-11,792.3457641601562,2.891619920730591
2016-07-12,811.4116821289062,2.903409957885742
2016-07-13,813.212646484375,2.8868799209594727
2016-07-14,825.8936157226562,2.898900032043457
2016-07-15,828.2496337890625,2.8837599754333496
2016-07-18,769.5718994140625,2.9662599563598633
2016-07-19,761.7739868164062,2.9803099632263184
2016-07-20,749.0240478515625,3.0438899993896484
2016-07-21,715.9462280273438,3.0819098949432373
2016-07-22,717.3801879882812,3.0641698837280273
2016-07-25,741.736083984375,3.0570499897003174
2016-07-26,736.8900756835938,3.0352399349212646
2016-07-27,750.7530517578125,3.040060043334961
2016-07-28,752.43701171875,3.013730049133301
2016-07-29,754.0509643554688,3.0103600025177
2016-08-01,767.1129150390625,2.9863901138305664
2016-08-02,758.0349731445312,2.9887499809265137
2016-08-03,745.5180053710938,2.9913198947906494
2016-08-04,761.251953125,3.012120008468628
2016-08-05,760.6529541015625,3.009660005569458
2016-08-08,777.786865234375,2.9954299926757812
2016-08-09,785.244873046875,2.980449914932251
2016-08-10,779.5528564453125,2.9680299758911133
2016-08-11,790.331787109375,2.9553699493408203
2016-08-12,782.2818603515625,2.9595000743865967
2016-08-15,784.7218627929688,2.959700107574463
2016-08-16,777.0668334960938,2.941659927368164
2016-08-17,781.473876953125,2.927500009536743
2016-08-18,779.704833984375,2.9177000522613525
2016-08-19,781.4518432617188,2.9267001152038574
2016-08-22,779.5288696289062,2.9321000576019287
2016-08-23,773.3319091796875,2.9402201175689697
2016-08-24,761.1589965820312,2.9488000869750977
2016-08-25,767.8948974609375,2.950700044631958
2016-08-26,771.1929321289062,2.933340072631836
2016-08-29,761.1839599609375,2.9534599781036377
2016-08-31,759.6719970703125,2.9632999897003174
2016-09-01,758.5239868164062,2.9570701122283936
2016-09-02,768.8389282226562,2.9610300064086914
2016-09-05,777.911865234375,2.9502999782562256
2016-09-06,779.94384765625,2.945499897003174
2016-09-07,776.4279174804688,2.9219000339508057
2016-09-08,778.4308471679688,2.933799982070923
2016-09-09,770.5308837890625,2.9530999660491943
2016-09-16,760.198974609375,2.9661099910736084
2016-09-19,776.703857421875,2.977799892425537
2016-09-20,773.1309204101562,2.975399971008301
2016-09-21,779.1548461914062,2.9763600826263428
2016-09-22,797.9547729492188,2.9540998935699463
2016-09-23,797.559814453125,2.941819906234741
2016-09-26,767.2529296875,2.9883999824523926
2016-09-27,771.6029052734375,2.980259895324707
2016-09-28,776.7738647460938,2.9732298851013184
2016-09-29,770.763916015625,2.9779999256134033
2016-09-30,764.8799438476562,2.997080087661743
2016-10-03,772.2499389648438,3.001569986343384
2016-10-04,770.5739135742188,3.0195999145507812
2016-10-05,778.5328369140625,3.058069944381714
2016-10-06,778.94287109375,3.0516200065612793
2016-10-07,779.755859375,3.0421900749206543
2016-10-10,778.348876953125,3.0494000911712646
2016-10-11,776.431884765625,3.069380044937134
2016-10-12,774.60888671875,3.0812900066375732
2016-10-13,768.0989379882812,3.085400104522705
2016-10-14,775.5379028320312,3.081929922103882
2016-10-17,774.3718872070312,3.092099905014038
2016-10-18,783.3998413085938,3.0952999591827393
2016-10-19,792.0947875976562,3.0945000648498535
2016-10-20,792.519775390625,3.059499979019165
2016-10-21,788.4328002929688,3.0597000122070312
2016-10-24,799.32177734375,3.079969882965088
2016-10-25,794.3287963867188,3.081779956817627
2016-10-26,793.9747924804688,3.070199966430664
2016-10-27,787.3878784179688,3.0803000926971436
2016-10-28,783.3248291015625,3.111299991607666
2016-10-31,785.3578491210938,3.1063098907470703
2016-11-01,774.2819213867188,3.0935800075531006
2016-11-02,771.7119140625,3.113300085067749
2016-11-03,766.8099365234375,3.1131200790405273
2016-11-04,742.6680297851562,3.1150999069213867
2016-11-07,756.8159790039062,3.1507599353790283
2016-11-08,763.6739501953125,3.16759991645813
2016-11-09,762.0859985351562,3.162400007247925
2016-11-10,763.5999755859375,3.2091000080108643
2016-11-11,751.738037109375,3.2476999759674072
2016-11-14,744.18701171875,3.2357699871063232
2016-11-15,751.5020141601562,3.289599895477295
2016-11-16,747.5870361328125,3.2867000102996826
2016-11-17,751.3580322265625,3.31892991065979
2016-11-18,756.385986328125,3.3750600814819336
2016-11-21,755.4319458007812,3.3758699893951416
2016-11-22,758.115966796875,3.3568599224090576
2016-11-23,750.3650512695312,3.379470109939575
2016-11-24,741.9271240234375,3.396199941635132
2016-11-25,743.6310424804688,3.4639999866485596
2016-11-28,749.8980102539062,3.4467999935150146
2016-11-29,742.0510864257812,3.410799980163574
2016-11-30,739.9481201171875,3.40939998626709
2016-12-01,725.1951293945312,3.435260057449341
2016-12-02,733.9050903320312,3.497339963912964
2016-12-05,735.9931030273438,3.5423500537872314
2016-12-06,754.3289794921875,3.5186100006103516
2016-12-07,760.303955078125,3.446579933166504
2016-12-08,759.2890014648438,3.3886001110076904
2016-12-09,757.2689819335938,3.4502999782562256
2016-12-12,762.3919677734375,3.5111000537872314
2016-12-13,769.9489135742188,3.468329906463623
2016-12-14,768.804931640625,3.4857800006866455
2016-12-15,776.7818603515625,3.5315001010894775
2016-12-16,775.8928833007812,3.507699966430664
2016-12-19,771.5739135742188,3.490730047225952
2016-12-20,778.0748291015625,3.5327999591827393
2016-12-21,776.19091796875,3.521699905395508
2016-12-22,774.0429077148438,3.508229970932007
2016-12-23,769.7178955078125,3.506380081176758
2016-12-26,770.2808837890625,3.5090200901031494
2016-12-27,766.9899291992188,3.51104998588562
2016-12-28,775.472900390625,3.5218000411987305
2016-12-29,778.3548583984375,3.535330057144165
2016-12-30,781.3828735351562,3.5176000595092773
2017-01-02,777.5408325195312,3.534899950027466
2017-01-03,766.1779174804688,3.5418999195098877
2017-01-04,761.4319458007812,3.5922999382019043
2017-01-05,763.8589477539062,3.5693700313568115
2017-01-06,771.0618896484375,3.591909885406494
2017-01-09,773.9398803710938,3.6398301124572754
2017-01-10,773.9329223632812,3.7084898948669434
2017-01-11,776.661865234375,3.7982499599456787
2017-01-12,808.9057006835938,3.8740999698638916
2017-01-13,815.2386474609375,3.7634100914001465
2017-01-16,817.1126708984375,3.7377800941467285
2017-01-17,823.6235961914062,3.806030035018921
2017-01-18,827.7886352539062,3.7607998847961426
2017-01-19,822.9985961914062,3.806570053100586
2017-01-20,830.6676025390625,3.8269999027252197
2017-01-23,830.4736328125,3.765429973602295
2017-01-24,842.0745239257812,3.754499912261963
2017-01-25,831.2786254882812,3.781909942626953
2017-01-26,838.2605590820312,3.833400011062622
2017-01-27,838.26953125,3.859800100326538
2017-01-30,862.3704223632812,3.868000030517578
2017-01-31,862.952392578125,3.7761900424957275
2017-02-01,868.4754028320312,3.7725000381469727
2017-02-02,873.9373779296875,3.771559953689575
2017-02-03,883.8903198242188,3.7345099449157715
2017-02-06,873.5743408203125,3.7008299827575684
2017-02-07,874.7623901367188,3.687000036239624
2017-02-08,882.486328125,3.740689992904663
2017-02-09,888.2973022460938,3.7105000019073486
2017-02-10,874.7283325195312,3.6842000484466553
2017-02-13,885.7783203125,3.6860198974609375
2017-02-14,880.8173217773438,3.6707000732421875
2017-02-15,878.8153686523438,3.651900053024292
2017-02-16,881.8643188476562,3.6558799743652344
2017-02-17,888.29931640625,3.6673998832702637
2017-02-20,885.872314453125,3.6305999755859375
2017-02-21,889.6463012695312,3.6234400272369385
2017-02-22,885.3082885742188,3.625230073928833
2017-02-23,891.3792724609375,3.5824999809265137
2017-02-24,882.580322265625,3.5683000087738037
2017-02-27,877.6493530273438,3.598989963531494
2017-02-28,874.7783813476562,3.6068999767303467
2017-03-01,893.1982421875,3.642199993133545
2017-03-02,899.334228515625,3.6505000591278076
2017-03-03,897.2162475585938,3.726759910583496
2017-03-06,910.4451904296875,3.709779977798462
2017-03-07,908.1311645507812,3.713330030441284
2017-03-08,894.84423828125,3.6786000728607178
2017-03-09,890.0213012695312,3.744070053100586
2017-03-10,896.1092529296875,3.7732601165771484
2017-03-13,894.292236328125,3.7397799491882324
2017-03-14,891.3602905273438,3.740999937057495
2017-03-15,894.4512329101562,3.740600109100342
2017-03-16,902.67822265625,3.6739799976348877
2017-03-17,904.9091796875,3.6280999183654785
2017-03-20,909.0161743164062,3.628649950027466
2017-03-21,906.0601806640625,3.623300075531006
2017-03-22,898.0862426757812,3.6324000358581543
2017-03-23,897.63623046875,3.6157000064849854
2017-03-24,903.8222045898438,3.6328999996185303
2017-03-27,896.9462280273438,3.6015000343322754
2017-03-28,901.812255859375,3.6150999069213867
2017-03-29,892.6922607421875,3.6565499305725098
2017-03-30,892.8182373046875,3.643699884414673
2017-03-31,889.4692993164062,3.6542999744415283
2017-04-03,886.6903076171875,3.6284799575805664
2017-04-04,886.1212768554688,3.644200086593628
2017-04-05,890.3703002929688,3.6775999069213867
2017-04-06,886.7852783203125,3.703900098800659
2017-04-07,884.9683227539062,3.70524001121521
2017-04-10,912.4002075195312,3.7279999256134033
2017-04-11,909.0401611328125,3.7281999588012695
2017-04-12,909.5171508789062,3.6949000358581543
2017-04-13,898.7022094726562,3.6470000743865967
2017-04-14,900.6322631835938,3.6677699089050293
2017-04-17,906.533203125,3.635699987411499
2017-04-18,913.733154296875,3.7009201049804688
2017-04-19,908.0361938476562,3.655410051345825
2017-04-20,920.3890991210938,3.6718499660491943
2017-04-21,924.234130859375,3.6407999992370605
2017-04-24,938.0230102539062,3.6126999855041504
2017-04-25,946.343994140625,3.5751500129699707
2017-04-26,945.218017578125,3.5776898860931396
2017-04-27,942.8200073242188,3.57069993019104
2017-04-28,946.5479736328125,3.5632998943328857
2017-05-02,943.5540161132812,3.5532000064849854
2017-05-03,938.6220092773438,3.522599935531616
2017-05-04,930.3800659179688,3.533799886703491
2017-05-05,939.2789916992188,3.5537099838256836
2017-05-08,938.322021484375,3.5404300689697266
2017-05-09,953.2289428710938,3.5845999717712402
2017-05-10,961.9368896484375,3.6225600242614746
2017-05-11,951.1359252929688,3.583899974822998
2017-05-12,949.9589233398438,3.5773000717163086
2017-05-15,955.8729248046875,3.5724000930786133
2017-05-16,961.60986328125,3.5467000007629395
2017-05-17,957.2449340820312,3.541749954223633
2017-05-18,951.4679565429688,3.5840001106262207
2017-05-22,963.994873046875,3.575659990310669
2017-05-23,977.1697998046875,3.5659000873565674
2017-05-24,983.1328125,3.573780059814453
2017-05-25,977.1238403320312,3.558500051498413
2017-05-26,975.3278198242188,3.5673000812530518
2017-05-29,977.2548217773438,3.577199935913086
2017-05-30,973.4708251953125,3.5801000595092773
2017-05-31,975.4108276367188,3.552500009536743
2017-06-01,973.65283203125,3.5281999111175537
2017-06-02,988.6737670898438,3.5297999382019043
2017-06-05,981.914794921875,3.505389928817749
2017-06-06,983.309814453125,3.524600028991699
2017-06-07,976.1597900390625,3.5136001110076904
2017-06-08,979.7698364257812,3.550960063934326
2017-06-09,989.4237670898438,3.5309200286865234
2017-06-12,994.415771484375,3.5387001037597656
2017-06-13,992.9917602539062,3.515700101852417
2017-06-14,996.357666015625,3.5173399448394775
2017-06-15,987.36474609375,3.48865008354187
2017-06-16,981.9208374023438,3.513000011444092
2017-06-19,993.3157348632812,3.500499963760376
2017-06-20,992.687744140625,3.522200107574463
2017-06-21,993.895751953125,3.543800115585327
2017-06-22,1000.7166748046875,3.530600070953369
2017-06-23,996.3817138671875,3.5129001140594482
2017-06-28,1006.1716918945312,3.5237998962402344
2017-06-29,1001.897705078125,3.511699914932251
2017-06-30,1004.398681640625,3.5242300033569336
2017-07-03,1005.2177124023438,3.5192999839782715
2017-07-04,1012.0726318359375,3.5546000003814697
2017-07-05,1007.4396362304688,3.5576999187469482
2017-07-06,1006.2647094726562,3.607300043106079
2017-07-07,1000.8386840820312,3.620990037918091
2017-07-10,1010.9666137695312,3.6201000213623047
2017-07-11,1031.820556640625,3.6201000213623047
2017-07-12,1038.092529296875,3.615600109100342
2017-07-13,1042.0965576171875,3.5692200660705566
2017-07-14,1051.7513427734375,3.5659899711608887
2017-07-17,1062.1644287109375,3.5334999561309814
2017-07-18,1057.1773681640625,3.5288000106811523
2017-07-19,1074.1693115234375,3.5243101119995117
2017-07-20,1067.350341796875,3.521199941635132
2017-07-21,1068.42236328125,3.5267999172210693
2017-07-24,1067.099365234375,3.5315001010894775
2017-07-25,1070.4012451171875,3.5559399127960205
2017-07-26,1072.0562744140625,3.5710999965667725
2017-07-27,1083.9112548828125,3.534250020980835
2017-07-28,1076.9912109375,3.536520004272461
2017-07-31,1075.3082275390625,3.5322999954223633
2017-08-01,1061.4683837890625,3.517699956893921
2017-08-02,1065.2484130859375,3.5285000801086426
2017-08-03,1071.5322265625,3.537760019302368
2017-08-04,1085.447265625,3.539299964904785
2017-08-07,1097.80517578125,3.5323500633239746
2017-08-08,1096.3851318359375,3.5286600589752197
2017-08-09,1087.1402587890625,3.530289888381958
2017-08-10,1077.998291015625,3.5386600494384766
2017-08-11,1069.6253662109375,3.5422000885009766
2017-08-14,1095.3681640625,3.5334999561309814
2017-08-15,1069.12744140625,3.5253000259399414
2017-08-16,1068.6143798828125,3.53629994392395
2017-08-17,1068.2474365234375,3.516040086746216
2017-08-18,1072.018310546875,3.528899908065796
2017-08-21,1086.143310546875,3.5164999961853027
2017-08-22,1085.939208984375,3.4962000846862793
2017-08-23,1089.521240234375,3.4958999156951904
2017-08-24,1091.533203125,3.4819600582122803
2017-08-25,1097.545166015625,3.485300064086914
2017-08-28,1103.3941650390625,3.441699981689453
2017-08-29,1104.22509765625,3.4558699131011963
2017-08-31,1100.09912109375,3.4551000595092773
2017-09-05,1088.7242431640625,3.4309000968933105
2017-09-06,1096.1121826171875,3.4367499351501465
2017-09-07,1097.4241943359375,3.428679943084717
2017-09-08,1084.51123046875,3.402740001678467
2017-09-11,1094.5740966796875,3.4091999530792236
2017-09-12,1091.291259765625,3.411799907684326
2017-09-13,1081.54931640625,3.4326000213623047
2017-09-14,1082.436279296875,3.4584999084472656
2017-09-15,1077.4112548828125,3.4321000576019287
2017-09-18,1065.34033203125,3.4409499168395996
2017-09-19,1049.17236328125,3.4883999824523926
2017-09-20,1053.2314453125,3.488149881362915
2017-09-21,1040.0064697265625,3.5048000812530518
2017-09-22,1041.2235107421875,3.50600004196167
2017-09-25,1022.6965942382812,3.4992001056671143
2017-09-26,1039.2874755859375,3.5434999465942383
2017-09-27,1012.1776123046875,3.541640043258667
2017-09-28,1026.5054931640625,3.577549934387207
2017-09-29,1029.071533203125,3.558310031890869
2017-10-02,1039.301513671875,3.5622000694274902
2017-10-03,1039.070556640625,3.5671799182891846
2017-10-04,1045.4735107421875,3.573699951171875
2017-10-05,1043.3375244140625,3.5732998847961426
2017-10-06,1041.3695068359375,3.586899995803833
2017-10-09,1012.974609375,3.706700086593628
2017-10-10,1033.9344482421875,3.7060999870300293
2017-10-11,1038.154541015625,3.706820011138916
2017-10-12,1059.3173828125,3.64451003074646
2017-10-13,1062.2513427734375,3.6568000316619873
2017-10-16,1064.7393798828125,3.6377999782562256
2017-10-17,1069.9034423828125,3.6454999446868896
2017-10-18,1069.2584228515625,3.665299892425537
2017-10-19,1084.330322265625,3.673190116882324
2017-10-20,1084.8812255859375,3.652400016784668
2017-10-23,1073.0272216796875,3.688390016555786
2017-10-24,1072.0572509765625,3.7130000591278076
2017-10-25,1083.542236328125,3.737370014190674
2017-10-26,1073.34228515625,3.7586300373077393
2017-10-27,1078.834228515625,3.8183999061584473
2017-10-30,1084.6622314453125,3.787100076675415
2017-10-31,1101.420166015625,3.777250051498413
2017-11-01,1130.237060546875,3.7873001098632812
2017-11-02,1129.9429931640625,3.8111801147460938
2017-11-03,1112.922119140625,3.7992000579833984
2017-11-06,1141.65087890625,3.881200075149536
2017-11-07,1122.7130126953125,3.8261499404907227
2017-11-08,1118.93896484375,3.882930040359497
2017-11-09,1102.4591064453125,3.865499973297119
2017-11-10,1089.48828125,3.8610498905181885
2017-11-13,1088.5902099609375,3.858109951019287
2017-11-14,1101.4791259765625,3.868499994277954
2017-11-15,1077.1593017578125,3.886359930038452
2017-11-16,1069.7613525390625,3.886359930038452
2017-11-17,1062.389404296875,3.8631598949432373
2017-11-20,1039.113525390625,3.8683300018310547
2017-11-21,1052.67236328125,3.9265999794006348
2017-11-22,1059.63037109375,3.960400104522705
2017-11-23,1050.25537109375,3.9177000522613525
2017-11-24,1045.3885498046875,3.921299934387207
2017-11-27,1047.5914306640625,3.950700044631958
2017-11-28,1020.674560546875,3.905100107192993
2017-11-29,1023.41259765625,3.9644999504089355
2017-11-30,1039.8385009765625,3.956049919128418
2017-12-01,1035.58447265625,3.916440010070801
2017-12-04,1052.1434326171875,3.9244000911712646
2017-12-05,1062.5943603515625,3.8749001026153564
2017-12-06,1053.0333251953125,3.8415000438690186
2017-12-07,1064.4693603515625,3.850100040435791
2017-12-08,1079.207275390625,3.8650500774383545
2017-12-11,1091.5592041015625,3.837100028991699
2017-12-12,1090.4892578125,3.8310699462890625
2017-12-13,1081.5262451171875,3.8457999229431152
2017-12-14,1096.6580810546875,3.8129000663757324
2017-12-15,1093.296142578125,3.884200096130371
2017-12-18,1102.47314453125,3.8559000492095947
2017-12-19,1101.76513671875,3.8287599086761475
2017-12-20,1104.5411376953125,3.8315999507904053
2017-12-21,1112.714111328125,3.8216500282287598
2017-12-22,1110.9891357421875,3.8176000118255615
2017-12-26,1120.06103515625,3.8064000606536865
2017-12-27,1121.490966796875,3.8070199489593506
2017-12-28,1144.7989501953125,3.8148999214172363
2017-12-29,1153.3238525390625,3.776859998703003
2018-01-02,1175.2357177734375,3.791100025177002
2018-01-03,1160.515869140625,3.7655999660491943
2018-01-04,1154.9058837890625,3.780600070953369
2018-01-05,1166.372802734375,3.750269889831543
2018-01-08,1163.038818359375,3.7323501110076904
2018-01-09,1150.221923828125,3.7439000606536865
2018-01-10,1135.8890380859375,3.7684199810028076
2018-01-11,1147.181884765625,3.7987000942230225
2018-01-12,1146.43994140625,3.773550033569336
2018-01-15,1121.5860595703125,3.7515599727630615
2018-01-16,1144.1778564453125,3.7999699115753174
2018-01-17,1165.9188232421875,3.7986700534820557
2018-01-18,1168.5538330078125,3.8151700496673584
2018-01-19,1151.46484375,3.7654800415039062
2018-01-22,1172.3487548828125,3.823230028152466
2018-01-23,1183.9947509765625,3.7764999866485596
2018-01-24,1196.4776611328125,3.768199920654297
2018-01-25,1186.03466796875,3.7493999004364014
2018-01-26,1207.0126953125,3.7596800327301025
2018-01-29,1208.446533203125,3.7499799728393555
2018-01-30,1193.024658203125,3.786400079727173
2018-01-31,1195.2816162109375,3.7757198810577393
2018-02-01,1190.4376220703125,3.7562999725341797
2018-02-02,1181.187744140625,3.7337000370025635
2018-02-05,1168.520751953125,3.771899938583374
2018-02-06,1154.56689453125,3.7867000102996826
2018-02-07,1155.6959228515625,3.764709949493408
2018-02-08,1142.62890625,3.802500009536743
2018-02-09,1135.89697265625,3.822619915008545
2018-02-12,1148.2098388671875,3.8167500495910645
2018-02-13,1144.9388427734375,3.7976601123809814
2018-02-14,1134.5440673828125,3.804800033569336
2018-02-15,1162.249755859375,3.7797300815582275
2018-02-16,1165.103759765625,3.7646000385284424
2018-02-19,1158.8138427734375,3.74685001373291
2018-02-20,1134.322998046875,3.7581899166107178
2018-02-21,1163.15380859375,3.797800064086914
2018-02-22,1168.40283203125,3.7918601036071777
2018-02-23,1175.208740234375,3.782399892807007
2018-02-26,1187.91259765625,3.787839889526367
2018-02-27,1188.3096923828125,3.7850899696350098
2018-02-28,1189.501708984375,3.815200090408325
2018-03-01,1176.3148193359375,3.8029000759124756
2018-03-02,1168.5858154296875,3.8076999187469482
2018-03-05,1169.455810546875,3.8101000785827637
2018-03-06,1167.0927734375,3.8106000423431396
2018-03-07,1168.417724609375,3.798799991607666
2018-03-08,1165.664794921875,3.8062899112701416
2018-03-09,1169.1387939453125,3.823499917984009
2018-03-12,1184.1077880859375,3.812000036239624
2018-03-13,1182.6627197265625,3.8427000045776367
2018-03-14,1175.9207763671875,3.8698999881744385
2018-03-15,1172.0087890625,3.8803000450134277
2018-03-16,1172.15673828125,3.8935399055480957
2018-03-19,1154.4969482421875,3.918299913406372
2018-03-20,1164.311767578125,3.9432899951934814
2018-03-21,1176.5067138671875,3.932149887084961
2018-03-22,1171.0968017578125,3.9087700843811035
2018-03-23,1166.021728515625,3.9738800525665283
2018-03-26,1164.19677734375,3.9814000129699707
2018-03-27,1161.9588623046875,3.9655001163482666
2018-03-28,1141.286865234375,3.979180097579956
2018-03-29,1148.43994140625,4.013299942016602
2018-03-30,1149.2958984375,3.9449000358581543
2018-04-02,1144.4149169921875,3.9518399238586426
2018-04-03,1145.9349365234375,3.977099895477295
2018-04-04,1139.7498779296875,3.9893500804901123
2018-04-05,1149.4698486328125,3.999109983444214
2018-04-06,1147.368896484375,4.03941011428833
2018-04-09,1131.5550537109375,4.047100067138672
2018-04-10,1107.12109375,4.075500011444092
2018-04-11,1092.5262451171875,4.1095499992370605
2018-04-12,1102.34814453125,4.1407999992370605
2018-04-13,1096.0341796875,4.114019870758057
2018-04-16,1106.87109375,4.090789794921875
2018-04-17,1087.4422607421875,4.0929999351501465
2018-04-18,1120.9840087890625,4.093090057373047
2018-04-19,1121.216064453125,4.017000198364258
2018-04-20,1109.319091796875,4.045820236206055
2018-04-24,1100.5802001953125,4.107699871063232
2018-04-25,1074.00830078125,4.086480140686035
2018-04-26,1070.145263671875,4.081099987030029
2018-04-27,1076.13720703125,4.0658698081970215
2018-04-30,1042.822509765625,4.051660060882568
2018-05-02,1047.2513427734375,4.109000205993652
2018-05-03,1029.08544921875,4.182720184326172
2018-05-04,1025.9864501953125,4.223189830780029
2018-05-07,1008.6566162109375,4.241680145263672
2018-05-08,993.6327514648438,4.26639986038208
2018-05-09,1007.8006591796875,4.349599838256836
2018-05-10,1023.8015747070312,4.28439998626709
2018-05-11,1018.5195922851562,4.238140106201172
2018-05-14,1033.698486328125,4.314199924468994
2018-05-15,1015.3986206054688,4.350800037384033
2018-05-16,1021.5735473632812,4.453800201416016
2018-05-17,1018.6885375976562,4.428899765014648
2018-05-18,1024.0975341796875,4.461299896240234
2018-05-21,1022.5715942382812,4.493239879608154
2018-05-22,1033.271484375,4.577970027923584
2018-05-23,1018.9115600585938,4.734499931335449
2018-05-24,1011.3756103515625,4.572199821472168
2018-05-25,1031.9954833984375,4.756100177764893
2018-05-28,1065.2474365234375,4.703100204467773
2018-05-29,1051.12841796875,4.582300186157227
2018-05-30,1038.6844482421875,4.5601701736450195
2018-05-31,1006.5177001953125,4.468599796295166
2018-06-01,991.7067260742188,4.527910232543945
2018-06-04,992.4927368164062,4.646500110626221
2018-06-05,978.226806640625,4.585000038146973
2018-06-06,966.5718994140625,4.594900131225586
2018-06-07,986.2317504882812,4.559999942779541
2018-06-08,958.751953125,4.480299949645996
2018-06-11,966.60888671875,4.472499847412109
2018-06-12,953.06494140625,4.520999908447266
2018-06-13,935.0430297851562,4.586900234222412
2018-06-14,945.4030151367188,4.662799835205078
2018-06-18,930.4280395507812,4.740499973297119
2018-06-19,944.364013671875,4.706999778747559
2018-06-20,945.5139770507812,4.743599891662598
2018-06-21,950.5669555664062,4.743100166320801
2018-06-22,958.5159301757812,4.735099792480469
2018-06-25,940.0780029296875,4.606969833374023
2018-06-26,944.0769653320312,4.686999797821045
2018-06-27,959.5429077148438,4.613999843597412
2018-06-28,962.264892578125,4.621300220489502
2018-06-29,965.1958618164062,4.5904998779296875
2018-07-02,967.7298583984375,4.589890003204346
2018-07-03,965.8768920898438,4.616099834442139
2018-07-04,972.2958374023438,4.675099849700928
2018-07-05,990.9647216796875,4.669589996337891
2018-07-06,987.333740234375,4.604269981384277
2018-07-09,992.5227661132812,4.578800201416016
2018-07-10,962.7418823242188,4.712470054626465
2018-07-11,912.8901977539062,4.714700222015381
2018-07-12,895.708251953125,4.889969825744629
2018-07-13,898.9722290039062,4.867599964141846
2018-07-16,897.4352416992188,4.854949951171875
2018-07-17,916.2911376953125,4.852910041809082
2018-07-18,923.215087890625,4.800300121307373
2018-07-19,930.0240478515625,4.796090126037598
2018-07-20,940.8179931640625,4.801030158996582
2018-07-23,953.0469360351562,4.777910232543945
2018-07-24,921.3331298828125,4.7368998527526855
2018-07-25,953.680908203125,4.881100177764893
2018-07-26,948.16796875,4.796599864959717
2018-07-27,955.8429565429688,4.869939804077148
2018-07-30,961.5718994140625,4.851329803466797
2018-07-31,969.516845703125,4.882780075073242
2018-08-01,972.1008911132812,4.917900085449219
2018-08-02,945.427978515625,4.981249809265137
2018-08-03,956.0999145507812,5.091599941253662
2018-08-06,941.7349853515625,5.10099983215332
2018-08-07,961.6048583984375,5.261499881744385
2018-08-08,969.73388671875,5.2591400146484375
2018-08-09,971.8458862304688,5.308899879455566
2018-08-10,949.3909301757812,5.552000045776367
2018-08-13,926.841064453125,6.817800045013428
2018-08-14,934.1820678710938,6.9532999992370605
2018-08-15,902.625244140625,6.374899864196777
2018-08-16,871.4273681640625,5.956989765167236
2018-08-17,887.3433227539062,5.85099983215332
2018-08-20,901.855224609375,6.007999897003174
2018-08-27,912.835205078125,5.980720043182373
2018-08-28,938.6640014648438,6.1552300453186035
2018-08-29,932.8020629882812,6.26609992980957
2018-08-31,927.2290649414062,6.734099864959717
2018-09-03,939.1510009765625,6.583799839019775
2018-09-04,931.8880615234375,6.633699893951416
2018-09-05,927.905029296875,6.666200160980225
2018-09-06,927.6280517578125,6.5808000564575195
2018-09-07,932.737060546875,6.583700180053711
2018-09-10,916.9780883789062,6.4217000007629395
2018-09-11,923.8861083984375,6.468299865722656
2018-09-12,922.2691040039062,6.434360027313232
2018-09-13,944.18701171875,6.348199844360352
2018-09-14,947.5910034179688,6.128699779510498
2018-09-17,943.4719848632812,6.161399841308594
2018-09-18,948.864013671875,6.323299884796143
2018-09-19,966.0328979492188,6.39870023727417
2018-09-20,961.2058715820312,6.247379779815674
2018-09-21,979.8768310546875,6.221399784088135
2018-09-24,995.4686889648438,6.300930023193359
2018-09-25,992.9197387695312,6.153299808502197
2018-09-26,991.4837646484375,6.191999912261963
2018-09-27,1002.981689453125,6.107500076293945
2018-09-28,999.5636596679688,6.00570011138916
2018-10-01,985.3667602539062,6.044000148773193
2018-10-02,981.601806640625,5.937600135803223
2018-10-03,971.8739013671875,5.987820148468018
2018-10-04,944.9630126953125,6.0517802238464355
2018-10-05,948.8300170898438,6.185500144958496
2018-10-08,960.8678588867188,6.163899898529053
2018-10-09,967.3128662109375,6.1178998947143555
2018-10-10,944.4019775390625,6.105199813842773
2018-10-11,947.469970703125,6.0802998542785645
2018-10-12,966.56884765625,5.917479991912842
2018-10-15,986.3077392578125,5.879899978637695
2018-10-16,984.6587524414062,5.780200004577637
2018-10-17,989.9047241210938,5.6915998458862305
2018-10-18,974.5347900390625,5.587490081787109
2018-10-19,964.5408935546875,5.6356000900268555
2018-10-22,946.81201171875,5.650700092315674
2018-10-23,934.68505859375,5.665900230407715
2018-10-24,926.9170532226562,5.747220039367676
2018-10-25,937.4720458984375,5.700769901275635
2018-10-26,905.41015625,5.6356000900268555
2018-10-30,899.9942626953125,5.559619903564453
2018-10-31,902.0022583007812,5.480899810791016
2018-11-01,923.869140625,5.584000110626221
2018-11-02,941.2249755859375,5.524799823760986
2018-11-05,959.471923828125,5.431000232696533
2018-11-06,947.27197265625,5.320099830627441
2018-11-07,954.9279174804688,5.361199855804443
2018-11-08,935.0570678710938,5.36359977722168
2018-11-09,928.3870849609375,5.457039833068848
2018-11-12,914.4481811523438,5.460820198059082
2018-11-13,927.0810546875,5.471799850463867
2018-11-14,932.8670654296875,5.478000164031982
2018-11-15,932.9630737304688,5.45697021484375
2018-11-16,936.1600341796875,5.393899917602539
2018-11-19,945.7039794921875,5.337699890136719
2018-11-20,916.859130859375,5.311999797821045
2018-11-21,927.0750732421875,5.382500171661377
2018-11-22,926.2830810546875,5.3130202293396
2018-11-23,930.028076171875,5.298500061035156
2018-11-26,939.6190185546875,5.291460037231445
2018-11-27,935.1650390625,5.244840145111084
2018-11-28,940.7050170898438,5.26200008392334
2018-11-29,951.2509155273438,5.218999862670898
2018-11-30,954.1549072265625,5.170199871063232
2018-12-03,949.7399291992188,5.190209865570068
2018-12-04,938.7999877929688,5.250800132751465
2018-12-05,939.697021484375,5.382629871368408
2018-12-06,928.26806640625,5.326700210571289
2018-12-07,936.9900512695312,5.3379998207092285
2018-12-10,922.2681274414062,5.322400093078613
2018-12-11,918.0040893554688,5.3282999992370605
2018-12-12,900.5062255859375,5.360199928283691
2018-12-13,913.8601684570312,5.34689998626709
2018-12-14,905.2811889648438,5.341670036315918
2018-12-17,899.6142578125,5.367700099945068
2018-12-18,910.7362060546875,5.373000144958496
2018-12-19,925.5220947265625,5.336080074310303
2018-12-20,918.5361328125,5.297699928283691
2018-12-21,918.6030883789062,5.264200210571289
2018-12-24,915.2640991210938,5.310989856719971
2018-12-26,910.0171508789062,5.284299850463867
2018-12-27,909.7431640625,5.2741498947143555
2018-12-28,904.3482055664062,5.293379783630371
2018-12-31,912.7001953125,5.274280071258545
2019-01-02,888.6453247070312,5.288700103759766
2019-01-03,873.9853515625,5.5152997970581055
2019-01-04,888.3032836914062,5.4721999168396
2019-01-07,899.5062255859375,5.327000141143799
2019-01-08,906.9651489257812,5.383800029754639
2019-01-09,911.5641479492188,5.482500076293945
2019-01-10,911.9581909179688,5.475599765777588
2019-01-11,916.8651123046875,5.42441987991333
2019-01-14,920.5331420898438,5.480800151824951
2019-01-15,931.72802734375,5.460700035095215
2019-01-16,954.1099243164062,5.446599960327148
2019-01-17,968.1688842773438,5.335669994354248
2019-01-18,984.5437622070312,5.352700233459473
2019-01-21,979.5468139648438,5.327400207519531
2019-01-22,996.7656860351562,5.325799942016602
2019-01-23,1001.4046630859375,5.3394999504089355
2019-01-24,1017.7376098632812,5.2881999015808105
2019-01-25,1018.0086059570312,5.268899917602539
2019-01-28,1012.8926391601562,5.268899917602539
2019-01-29,1040.978515625,5.32289981842041
2019-01-30,1041.8895263671875,5.3084001541137695
2019-01-31,1040.7364501953125,5.227409839630127
2019-02-01,1029.365478515625,5.180200099945068
2019-02-04,1022.5445556640625,5.211939811706543
2019-02-05,1024.478515625,5.210840225219727
2019-02-06,1025.8375244140625,5.196979999542236
2019-02-07,1027.83447265625,5.218989849090576
2019-02-08,1024.511474609375,5.271190166473389
2019-02-11,1043.9415283203125,5.250800132751465
2019-02-12,1037.6195068359375,5.272799968719482
2019-02-13,1016.45263671875,5.251609802246094
2019-02-14,1021.2945556640625,5.287499904632568
2019-02-15,1027.14453125,5.275899887084961
2019-02-18,1017.2796020507812,5.286600112915039
2019-02-19,1017.4156494140625,5.298999786376953
2019-02-20,1019.7075805664062,5.282529830932617
2019-02-21,1024.9344482421875,5.323050022125244
2019-02-22,1031.8515625,5.31879997253418
2019-02-25,1043.2955322265625,5.319399833679199
2019-02-26,1050.8173828125,5.302800178527832
2019-02-27,1041.404541015625,5.303800106048584
2019-02-28,1045.29345703125,5.309370040893555
2019-03-01,1032.6605224609375,5.341780185699463
2019-03-04,1041.927490234375,5.371600151062012
2019-03-05,1037.300537109375,5.389009952545166
2019-03-06,1034.5235595703125,5.386600017547607
2019-03-07,1022.8215942382812,5.431300163269043
2019-03-08,1015.3776245117188,5.459799766540527
2019-03-11,1008.4986572265625,5.432240009307861
2019-03-12,1017.2056274414062,5.4355998039245605
2019-03-13,1021.9605712890625,5.456200122833252
2019-03-14,1024.3175048828125,5.46028995513916
2019-03-15,1033.0355224609375,5.470300197601318
2019-03-18,1045.9415283203125,5.447279930114746
2019-03-19,1048.6103515625,5.468100070953369
2019-03-20,1033.0965576171875,5.474999904632568
2019-03-21,1034.072509765625,5.4278998374938965
2019-03-22,998.3477172851562,5.464280128479004
2019-03-25,993.2537231445312,5.676819801330566
2019-03-26,973.7808227539062,5.5596699714660645
2019-03-27,918.546142578125,5.3653998374938965
2019-03-28,921.1981201171875,5.394700050354004
2019-03-29,937.8369750976562,5.571700096130371
2019-04-01,941.0079956054688,5.591710090637207
2019-04-02,935.3260498046875,5.515399932861328
2019-04-03,944.406005859375,5.615600109100342
2019-04-04,983.3638305664062,5.622700214385986
2019-04-05,987.8287353515625,5.605400085449219
2019-04-08,969.7778930664062,5.6381001472473145
2019-04-09,981.3478393554688,5.691400051116943
2019-04-10,970.1448974609375,5.681950092315674
2019-04-11,960.724853515625,5.682700157165527
2019-04-12,959.762939453125,5.732089996337891
2019-04-15,951.9119262695312,5.78410005569458
2019-04-16,968.0848999023438,5.804200172424316
2019-04-17,982.0267944335938,5.787909984588623
2019-04-18,968.85986328125,5.758800029754639
2019-04-19,968.60888671875,5.819900035858154
2019-04-22,959.52294921875,5.825399875640869
2019-04-24,961.4168701171875,5.834000110626221
2019-04-25,944.97998046875,5.885499954223633
2019-04-26,947.8259887695312,5.958499908447266
2019-04-29,945.3460083007812,5.944699764251709
2019-04-30,954.1509399414062,5.94890022277832
2019-05-02,941.7890014648438,5.962100028991699
2019-05-03,939.4559936523438,5.964799880981445
2019-05-06,929.8180541992188,5.981729984283447
2019-05-07,914.8201293945312,6.085549831390381
2019-05-08,902.7172241210938,6.1570000648498535
2019-05-09,886.8543090820312,6.160900115966797
2019-05-10,885.3292846679688,6.1596999168396
2019-05-13,862.8204345703125,5.992499828338623
2019-05-14,880.2243041992188,6.095099925994873
2019-05-15,873.7993774414062,6.035900115966797
2019-05-16,872.0343627929688,6.0142998695373535
2019-05-17,867.9564208984375,6.054800033569336
2019-05-20,867.71044921875,6.060800075531006
2019-05-21,853.0914916992188,6.0254998207092285
2019-05-22,836.74853515625,6.0254998207092285
2019-05-23,845.9574584960938,6.121200084686279
2019-05-24,860.7184448242188,6.117300033569336
2019-05-27,855.449462890625,6.078100204467773
2019-05-28,867.7714233398438,6.065700054168701
2019-05-29,871.8583374023438,6.029620170593262
2019-05-30,900.1112670898438,6.016600131988525
2019-05-31,905.8921508789062,5.912499904632568
2019-06-03,903.451171875,5.864099979400635
2019-06-07,938.0859985351562,5.791399955749512
2019-06-10,941.0260009765625,5.841800212860107
2019-06-11,928.2510375976562,5.791299819946289
2019-06-12,926.0531005859375,5.804500102996826
2019-06-13,905.0101928710938,5.81279993057251
2019-06-14,907.8651733398438,5.875899791717529
2019-06-17,922.4931030273438,5.915999889373779
2019-06-18,942.1820068359375,5.869900226593018
2019-06-19,942.4359741210938,5.826159954071045
2019-06-20,941.572021484375,5.791269779205322
2019-06-21,940.218017578125,5.764200210571289
2019-06-24,951.8199462890625,5.764400005340576
2019-06-25,954.2059326171875,5.799139976501465
2019-06-26,948.3070068359375,5.793499946594238
2019-06-27,955.7259521484375,5.770899772644043
2019-06-28,964.847900390625,5.7718000411987305
2019-07-01,997.3516845703125,5.733590126037598
2019-07-02,1002.0046997070312,5.651800155639648
2019-07-03,993.6277465820312,5.65310001373291
2019-07-04,993.8167724609375,5.622300148010254
2019-07-05,996.3427124023438,5.595369815826416
2019-07-08,986.94873046875,5.742370128631592
2019-07-09,968.1068725585938,5.730440139770508
2019-07-10,985.8477783203125,5.725820064544678
2019-07-11,994.0587768554688,5.6850199699401855
2019-07-12,970.9778442382812,5.687849998474121
2019-07-16,980.27978515625,5.70704984664917
2019-07-17,998.0567016601562,5.714200019836426
2019-07-18,1015.6576538085938,5.683000087738037
2019-07-19,1018.486572265625,5.622600078582764
2019-07-22,1010.8816528320312,5.653800010681152
2019-07-23,1025.5565185546875,5.66949987411499
2019-07-24,1034.5675048828125,5.717629909515381
2019-07-25,1020.444580078125,5.709020137786865
2019-07-26,1028.366455078125,5.698209762573242
2019-07-29,1033.7254638671875,5.656300067901611
2019-07-30,1026.85546875,5.617099761962891
2019-07-31,1020.819580078125,5.557700157165527
2019-08-01,1018.99755859375,5.575409889221191
2019-08-02,996.7886962890625,5.604100227355957
2019-08-05,986.7277221679688,5.548130035400391
2019-08-06,995.8327026367188,5.590199947357178
2019-08-07,980.559814453125,5.526760101318359
2019-08-08,992.0797729492188,5.492400169372559
2019-08-09,994.0447387695312,5.484600067138672
2019-08-15,965.7818603515625,5.6118998527526855
2019-08-16,957.3369140625,5.5690999031066895
2019-08-19,952.85693359375,5.58620023727417
2019-08-20,960.3129272460938,5.649099826812744
2019-08-21,955.2159423828125,5.731900215148926
2019-08-22,953.9369506835938,5.724999904632568
2019-08-23,971.48486328125,5.768099784851074
2019-08-26,971.0078735351562,5.828199863433838
2019-08-27,960.2999267578125,5.828499794006348
2019-08-28,959.0789184570312,5.830699920654297
2019-08-29,967.1798706054688,5.822500228881836
2019-09-02,983.423828125,5.834690093994141
2019-09-03,988.2557373046875,5.80709981918335
2019-09-04,1000.7697143554688,5.7225799560546875
2019-09-05,1002.7786865234375,5.671720027923584
2019-09-06,989.8697509765625,5.691199779510498
2019-09-09,1006.044677734375,5.704949855804443
2019-09-10,1012.1236572265625,5.74399995803833
2019-09-11,1019.216552734375,5.766970157623291
2019-09-12,1024.467529296875,5.747099876403809
2019-09-13,1030.7125244140625,5.660399913787842
2019-09-16,1025.8914794921875,5.727799892425537
2019-09-17,1014.4686279296875,5.728700160980225
2019-09-18,1019.2955932617188,5.7017998695373535
2019-09-19,1003.3826904296875,5.6803998947143555
2019-09-20,1002.3616943359375,5.717299938201904
2019-09-23,1000.20166015625,5.740699768066406
2019-09-24,1018.4635620117188,5.719200134277344
2019-09-25,1026.178466796875,5.6956000328063965
2019-09-26,1019.3975830078125,5.672399997711182
2019-09-27,1051.516357421875,5.66519021987915
2019-09-30,1050.3243408203125,5.667699813842773
2019-10-01,1038.760498046875,5.6483001708984375
2019-10-02,1035.0865478515625,5.717619895935059
2019-10-03,1027.8375244140625,5.702700138092041
2019-10-04,1034.6295166015625,5.694399833679199
2019-10-07,1029.926513671875,5.71150016784668
2019-10-08,1018.5875854492188,5.840000152587891
2019-10-09,996.481689453125,5.833809852600098
2019-10-10,987.7987670898438,5.876399993896484
2019-10-11,990.2727661132812,5.842700004577637
2019-10-14,939.8090209960938,5.8942999839782715
2019-10-15,952.5709228515625,5.9274001121521
2019-10-16,941.3670043945312,5.921800136566162
2019-10-17,948.9569702148438,5.884099960327148
2019-10-18,984.1477661132812,5.817200183868408
2019-10-21,973.2348022460938,5.797999858856201
2019-10-22,978.8588256835938,5.858520030975342
2019-10-23,997.8466796875,5.799620151519775
2019-10-24,1003.45068359375,5.735770225524902
2019-10-25,1002.1546630859375,5.76609992980957
2019-10-28,998.377685546875,5.771999835968018
2019-10-30,986.9147338867188,5.750899791717529
2019-10-31,984.6797485351562,5.701000213623047
2019-11-01,984.6217651367188,5.7108001708984375
2019-11-04,1000.8726806640625,5.7027997970581055
2019-11-05,1005.2476806640625,5.73330020904541
2019-11-06,1011.431640625,5.752999782562256
2019-11-07,1035.4384765625,5.75029993057251
2019-11-08,1031.5264892578125,5.7657999992370605
2019-11-11,1031.1795654296875,5.7657599449157715
2019-11-12,1039.718505859375,5.7687602043151855
2019-11-13,1048.2763671875,5.7716898918151855
2019-11-14,1037.800537109375,5.753429889678955
2019-11-15,1053.7913818359375,5.7494001388549805
2019-11-18,1068.4564208984375,5.744420051574707
2019-11-19,1075.28125,5.725830078125
2019-11-20,1067.8453369140625,5.702300071716309
2019-11-21,1068.04638671875,5.699100017547607
2019-11-22,1065.87841796875,5.6971001625061035
2019-11-25,1053.8193359375,5.71504020690918
2019-11-26,1059.825439453125,5.741700172424316
2019-11-27,1058.4364013671875,5.759300231933594
2019-11-28,1071.2562255859375,5.778600215911865
2019-11-29,1069.0313720703125,5.757999897003174
2019-12-02,1080.0372314453125,5.747600078582764
2019-12-03,1067.8934326171875,5.740230083465576
2019-12-04,1077.0072021484375,5.742499828338623
2019-12-05,1086.584228515625,5.74567985534668
2019-12-06,1088.685302734375,5.745329856872559
2019-12-09,1087.855224609375,5.778709888458252
2019-12-10,1080.1092529296875,5.810400009155273
2019-12-11,1079.2113037109375,5.804900169372559
2019-12-12,1101.14111328125,5.803899765014648
2019-12-13,1104.7601318359375,5.771999835968018
2019-12-16,1111.2491455078125,5.8070502281188965
2019-12-17,1110.731201171875,5.848030090332031
2019-12-18,1105.7410888671875,5.8850998878479
2019-12-19,1105.9881591796875,5.926499843597412
2019-12-20,1111.7620849609375,5.940100193023682
2019-12-23,1121.7459716796875,5.935850143432617
2019-12-24,1131.529052734375,5.947199821472168
2019-12-26,1136.5240478515625,5.934619903564453
2019-12-27,1136.830078125,5.932300090789795
2019-12-30,1147.533935546875,5.948790073394775
2019-12-31,1144.243896484375,5.9472198486328125
2020-01-02,1159.31494140625,5.946300029754639
2020-01-03,1136.833984375,5.955699920654297
2020-01-06,1114.12109375,5.967959880828857
2020-01-07,1125.9930419921875,5.968999862670898
2020-01-08,1128.7550048828125,5.974370002746582
2020-01-09,1179.8988037109375,5.908899784088135
2020-01-10,1186.630615234375,5.877299785614014
2020-01-13,1202.483642578125,5.875329971313477
2020-01-14,1214.2265625,5.865499973297119
2020-01-15,1209.3814697265625,5.8871002197265625
2020-01-16,1210.0025634765625,5.875349998474121
2020-01-17,1214.7415771484375,5.855100154876709
2020-01-20,1226.1915283203125,5.890769958496094
2020-01-21,1235.554443359375,5.91077995300293
2020-01-22,1227.4644775390625,5.93310022354126
2020-01-23,1225.3955078125,5.9196600914001465
2020-01-24,1221.4114990234375,5.929200172424316
2020-01-27,1201.4906005859375,5.944779872894287
2020-01-28,1198.0096435546875,5.942800045013428
2020-01-29,1196.888671875,5.940999984741211
2020-01-30,1198.4906005859375,5.95665979385376
2020-01-31,1191.3946533203125,5.97415018081665
2020-02-03,1192.421630859375,5.975039958953857
2020-02-04,1221.3555908203125,5.98360013961792
2020-02-05,1223.2015380859375,5.977719783782959
2020-02-06,1222.83251953125,5.980899810791016
2020-02-07,1210.14453125,5.98769998550415
2020-02-10,1183.4088134765625,5.986939907073975
2020-02-11,1197.9716796875,6.00570011138916
2020-02-12,1200.480712890625,6.015999794006348
2020-02-13,1205.398681640625,6.0441999435424805
2020-02-14,1201.5076904296875,6.039700031280518
2020-02-17,1207.91259765625,6.054200172424316
2020-02-18,1195.734619140625,6.0467000007629395
2020-02-19,1191.9547119140625,6.064000129699707
2020-02-20,1156.4139404296875,6.083000183105469
2020-02-21,1168.2877197265625,6.102399826049805
2020-02-24,1147.8858642578125,6.109189987182617
2020-02-25,1143.638916015625,6.115200042724609
2020-02-26,1151.7069091796875,6.147299766540527
2020-02-27,1104.1781005859375,6.160099983215332
2020-02-28,1059.931396484375,6.206769943237305
2020-03-02,1073.09326171875,6.249269962310791
2020-03-03,1112.067138671875,6.171299934387207
2020-03-04,1107.84814453125,6.112199783325195
2020-03-05,1118.14501953125,6.079800128936768
2020-03-06,1095.9991455078125,6.102530002593994
2020-03-09,1035.2344970703125,6.121079921722412
2020-03-10,1010.61962890625,6.157400131225586
2020-03-11,1009.6576538085938,6.170619964599609
2020-03-12,936.3900756835938,6.211100101470947
2020-03-13,956.0469360351562,6.316199779510498
2020-03-16,878.8783569335938,6.282869815826416
2020-03-17,867.7723999023438,6.429299831390381
2020-03-18,855.761474609375,6.399700164794922
2020-03-19,851.949462890625,6.47189998626709
2020-03-20,857.9534301757812,6.541319847106934
2020-03-23,842.45751953125,6.5572099685668945
2020-03-24,892.8572387695312,6.5467000007629395
2020-03-25,890.6253051757812,6.436299800872803
2020-03-26,915.2711181640625,6.418600082397461
2020-03-27,881.2453002929688,6.399799823760986
2020-03-30,880.5902709960938,6.459799766540527
2020-03-31,896.4322509765625,6.565040111541748
2020-04-01,890.8463134765625,6.612989902496338
2020-04-02,895.104248046875,6.707300186157227
2020-04-03,895.521240234375,6.632299900054932
2020-04-06,920.7061157226562,6.739999771118164
2020-04-07,923.8131103515625,6.765699863433838
2020-04-08,932.2470703125,6.757689952850342
2020-04-09,958.3389282226562,6.772900104522705
2020-04-10,964.7048950195312,6.686100006103516
2020-04-13,963.9808959960938,6.722799777984619
2020-04-14,985.4927368164062,6.767330169677734
2020-04-15,958.5439453125,6.816530227661133
2020-04-16,962.4859008789062,6.897029876708984
2020-04-17,981.7927856445312,6.922100067138672
2020-04-20,989.4537353515625,6.904399871826172
2020-04-21,976.184814453125,6.9405999183654785
2020-04-22,981.704833984375,6.974699974060059
2020-04-24,987.5847778320312,6.955999851226807
2020-04-27,1012.6686401367188,6.965799808502197
2020-04-28,1007.0696411132812,6.985300064086914
2020-04-29,1015.9476318359375,6.987100124359131
2020-04-30,1011.0956420898438,6.951000213623047
2020-05-04,988.416748046875,7.0167999267578125
2020-05-05,987.3697509765625,7.0446600914001465
2020-05-06,985.7097778320312,7.083700180053711
2020-05-07,983.9827270507812,7.197080135345459
2020-05-08,978.4468383789062,7.0883002281188965
2020-05-11,977.9168090820312,7.093999862670898
2020-05-12,996.1536865234375,7.063399791717529
2020-05-13,1001.585693359375,6.9920501708984375
2020-05-14,991.9247436523438,6.969860076904297
2020-05-15,997.6766967773438,6.925300121307373
2020-05-18,1019.8245849609375,6.883339881896973
2020-05-20,1021.569580078125,6.779789924621582
2020-05-21,1026.4835205078125,6.78410005569458
2020-05-22,1030.237548828125,6.789999961853027
2020-05-27,1049.5294189453125,6.72553014755249
2020-05-28,1053.5924072265625,6.7754998207092285
2020-05-29,1055.1993408203125,6.811049938201904
2020-06-01,1072.65625,6.804100036621094
2020-06-02,1080.96728515625,6.804599761962891
2020-06-03,1091.1072998046875,6.696300029754639
2020-06-04,1095.3631591796875,6.724100112915039
2020-06-05,1100.212158203125,6.748899936676025
2020-06-08,1096.3651123046875,6.76140022277832
2020-06-09,1092.3592529296875,6.775400161743164
2020-06-10,1097.7830810546875,6.787499904632568
2020-06-11,1091.5482177734375,6.769899845123291
2020-06-12,1098.34912109375,6.835100173950195
2020-06-15,1095.55419921875,6.813399791717529
2020-06-16,1109.39111328125,6.822169780731201
2020-06-17,1109.3941650390625,6.830959796905518
2020-06-18,1124.9400634765625,6.8317999839782715
2020-06-19,1136.113037109375,6.853109836578369
2020-06-22,1151.8948974609375,6.84689998626709
2020-06-23,1153.3829345703125,6.842299938201904
2020-06-24,1144.48291015625,6.844600200653076
2020-06-25,1141.3839111328125,6.850480079650879
2020-06-26,1146.6778564453125,6.8527398109436035
2020-06-29,1158.4239501953125,6.8505401611328125
2020-06-30,1165.2418212890625,6.8495001792907715
2020-07-01,1153.1439208984375,6.847300052642822
2020-07-02,1169.07177734375,6.845600128173828
2020-07-03,1157.4788818359375,6.848100185394287
2020-07-06,1184.8458251953125,6.858500003814697
2020-07-07,1193.3826904296875,6.856200218200684
2020-07-08,1187.11865234375,6.853360176086426
2020-07-09,1157.929931640625,6.85791015625
2020-07-10,1148.0799560546875,6.857729911804199
2020-07-13,1183.9808349609375,6.8597002029418945
2020-07-14,1177.40478515625,6.855400085449219
2020-07-16,1188.068603515625,6.85290002822876
2020-07-17,1187.8546142578125,6.855629920959473
2020-07-20,1192.8026123046875,6.851900100708008
2020-07-21,1180.413818359375,6.853650093078613
2020-07-22,1180.792724609375,6.826879978179932
2020-07-23,1190.3056640625,6.840199947357178
2020-07-24,1192.0096435546875,6.83558988571167
2020-07-27,1195.693603515625,6.840700149536133
2020-07-28,1152.69384765625,6.8790998458862305
2020-07-29,1135.593994140625,6.938799858093262
2020-07-30,1126.89404296875,6.970699787139893
2020-08-04,1087.1942138671875,6.960400104522705
2020-08-05,1091.7943115234375,6.92609977722168
2020-08-06,1034.39453125,7.0495500564575195
2020-08-07,1060.5943603515625,7.223239898681641
2020-08-10,1075.4942626953125,7.29964017868042
2020-08-11,1110.0941162109375,7.328100204467773
2020-08-12,1114.194091796875,7.224120140075684
2020-08-13,1100.294189453125,7.319019794464111
2020-08-14,1083.7943115234375,7.332099914550781
2020-08-17,1086.1942138671875,7.366000175476074
2020-08-18,1092.4942626953125,7.373429775238037
2020-08-19,1124.6939697265625,7.3649001121521
2020-08-20,1126.7940673828125,7.277900218963623
2020-08-21,1109.8941650390625,7.296199798583984
2020-08-24,1108.3941650390625,7.284570217132568
2020-08-25,1092.1942138671875,7.372900009155273
2020-08-26,1098.994140625,7.393199920654297
2020-08-27,1108.8941650390625,7.348750114440918
2020-08-28,1100.5941162109375,7.35260009765625
2020-08-31,1078.59423828125,7.324900150299072
2020-09-01,1085.1942138671875,7.35260009765625
2020-09-02,1083.894287109375,7.359399795532227
2020-09-03,1076.2943115234375,7.363239765167236
2020-09-04,1086.2943115234375,7.4220099449157715
2020-09-07,1096.794189453125,7.431399822235107
2020-09-08,1089.59423828125,7.449699878692627
2020-09-09,1099.694091796875,7.479100227355957
2020-09-10,1099.0941162109375,7.4688801765441895
2020-09-11,1102.694091796875,7.442500114440918
2020-09-14,1107.294189453125,7.467289924621582
2020-09-15,1111.194091796875,7.483500003814697
2020-09-16,1107.0941162109375,7.485400199890137
2020-09-17,1110.694091796875,7.492700099945068
2020-09-18,1111.994140625,7.544600009918213
2020-09-21,1086.9942626953125,7.557600021362305
2020-09-22,1096.194091796875,7.616640090942383
2020-09-23,1102.694091796875,7.667699813842773
2020-09-24,1119.593994140625,7.698599815368652
2020-09-25,1124.1939697265625,7.615699768066406
2020-09-28,1121.1939697265625,7.658180236816406
2020-09-29,1123.2940673828125,7.780360221862793
2020-09-30,1145.19384765625,7.8113298416137695
2020-10-01,1143.493896484375,7.705870151519775
2020-10-02,1144.993896484375,7.751399993896484
2020-10-05,1160.69384765625,7.736629962921143
2020-10-06,1153.69384765625,7.760000228881836
2020-10-07,1152.3939208984375,7.788269996643066
2020-10-08,1150.493896484375,7.872690200805664
2020-10-09,1165.6937255859375,7.940299987792969
2020-10-12,1178.393798828125,7.845250129699707
2020-10-13,1174.6937255859375,7.88539981842041
2020-10-14,1189.293701171875,7.9207000732421875
2020-10-15,1180.393798828125,7.906199932098389
2020-10-16,1192.693603515625,7.9309000968933105
2020-10-19,1205.3936767578125,7.912300109863281
2020-10-20,1210.3935546875,7.872640132904053
2020-10-21,1211.4935302734375,7.857999801635742
2020-10-22,1198.293701171875,7.808040142059326
2020-10-23,1190.5936279296875,7.941199779510498
2020-10-26,1144.493896484375,7.97353982925415
2020-10-27,1152.5938720703125,8.09022045135498
2020-10-28,1126.9940185546875,8.192700386047363
2020-10-30,1112.3941650390625,8.297940254211426
2020-11-02,1133.593994140625,8.363490104675293
2020-11-03,1150.69384765625,8.433609962463379
2020-11-04,1167.6937255859375,8.432000160217285
2020-11-05,1179.9937744140625,8.440500259399414
2020-11-06,1191.99365234375,8.42039966583252
2020-11-09,1231.493408203125,8.437789916992188
2020-11-10,1242.993408203125,8.107600212097168
2020-11-11,1279.193115234375,8.149149894714355
2020-11-12,1271.7933349609375,7.7829999923706055
2020-11-13,1291.293212890625,7.68179988861084
2020-11-16,1292.9931640625,7.619949817657471
2020-11-17,1259.6932373046875,7.688379764556885
2020-11-18,1294.693115234375,7.674650192260742
2020-11-19,1312.9930419921875,7.6910600662231445
2020-11-20,1323.992919921875,7.539599895477295
2020-11-23,1314.2930908203125,7.617249965667725
2020-11-24,1320.9930419921875,7.873899936676025
2020-11-25,1325.492919921875,7.993899822235107
2020-11-26,1342.492919921875,7.939499855041504
2020-11-27,1328.69287109375,7.8709001541137695
2020-11-30,1283.5931396484375,7.817319869995117
2020-12-01,1325.29296875,7.8225998878479
2020-12-02,1325.492919921875,7.817500114440918
2020-12-03,1330.8929443359375,7.850490093231201
2020-12-04,1330.8929443359375,7.781199932098389
2020-12-07,1329.8929443359375,7.801380157470703
2020-12-08,1339.8929443359375,7.796760082244873
2020-12-09,1350.2928466796875,7.8096699714660645
2020-12-10,1353.392822265625,7.817659854888916
2020-12-11,1370.692626953125,7.886300086975098
2020-12-14,1388.5926513671875,7.854340076446533
2020-12-15,1395.392578125,7.847099781036377
2020-12-16,1392.4925537109375,7.83050012588501
2020-12-17,1399.392578125,7.794710159301758
2020-12-18,1408.2926025390625,7.697700023651123
2020-12-21,1384.3927001953125,7.658549785614014
2020-12-22,1404.9925537109375,7.643249988555908
2020-12-23,1417.6923828125,7.65749979019165
2020-12-24,1425.992431640625,7.633299827575684
2020-12-28,1439.2923583984375,7.569499969482422
2020-12-29,1459.6922607421875,7.4394001960754395
2020-12-30,1479.8922119140625,7.388800144195557
2020-12-31,1476.692138671875,7.373730182647705
2021-01-04,1495.39208984375,7.433420181274414
2021-01-05,1489.592041015625,7.421500205993652
2021-01-06,1505.39208984375,7.383790016174316
2021-01-07,1522.19189453125,7.29971981048584
2021-01-08,1540.591796875,7.326600074768066
2021-01-11,1536.1917724609375,7.357649803161621
2021-01-12,1549.4918212890625,7.471950054168701
2021-01-13,1559.291748046875,7.446959972381592
2021-01-14,1546.591796875,7.394269943237305
2021-01-15,1524.491943359375,7.366099834442139
2021-01-18,1556.791748046875,7.449079990386963
2021-01-19,1564.99169921875,7.475180149078369
2021-01-20,1569.3917236328125,7.466300010681152
2021-01-21,1551.591796875,7.410600185394287
2021-01-22,1542.4918212890625,7.365699768066406
2021-01-25,1540.1917724609375,7.41772985458374
2021-01-26,1536.091796875,7.40749979019165
2021-01-27,1466.9921875,7.347300052642822
2021-01-28,1498.2921142578125,7.392240047454834
2021-01-29,1473.4921875,7.345779895782471
2021-02-01,1492.4920654296875,7.277699947357178
2021-02-02,1511.3919677734375,7.185070037841797
2021-02-03,1533.591796875,7.192599773406982
2021-02-04,1534.891845703125,7.156599998474121
2021-02-05,1527.19189453125,7.132900238037109
2021-02-08,1534.891845703125,7.0569000244140625
2021-02-09,1544.091796875,7.074900150299072
2021-02-10,1547.091796875,7.0639801025390625
2021-02-11,1545.591796875,7.055480003356934
2021-02-12,1538.391845703125,7.023900032043457
2021-02-15,1562.49169921875,7.028900146484375
2021-02-16,1542.7918701171875,6.956900119781494
2021-02-17,1540.591796875,6.982399940490723
2021-02-18,1546.391845703125,6.963210105895996
2021-02-19,1560.291748046875,6.965590000152588
2021-02-22,1550.591796875,6.981400012969971
2021-02-23,1517.8919677734375,7.010000228881836
2021-02-24,1482.9921875,7.100299835205078
2021-02-25,1488.1920166015625,7.16379976272583
2021-02-26,1471.3922119140625,7.3231000900268555
2021-03-01,1527.491943359375,7.413090229034424
2021-03-02,1528.7919921875,7.269370079040527
2021-03-03,1531.091796875,7.34499979019165
2021-03-04,1537.9918212890625,7.456699848175049
2021-03-05,1541.9918212890625,7.508900165557861
2021-03-08,1530.2918701171875,7.507740020751953
2021-03-09,1549.1917724609375,7.755760192871094
2021-03-10,1564.8917236328125,7.606659889221191
2021-03-11,1556.49169921875,7.489699840545654
2021-03-12,1557.3917236328125,7.475100040435791
2021-03-15,1555.49169921875,7.556000232696533
2021-03-16,1570.3917236328125,7.530720233917236
2021-03-17,1562.0916748046875,7.4882001876831055
2021-03-18,1550.891845703125,7.49429988861084
2021-03-19,1528.991943359375,7.320219993591309
2021-03-22,1379.292724609375,8.095390319824219
2021-03-23,1377.3927001953125,7.825399875640869
2021-03-24,1413.892578125,7.939599990844727
2021-03-25,1394.392578125,7.911399841308594
2021-03-26,1382.192626953125,7.947999954223633
2021-03-29,1392.592529296875,8.118200302124023
2021-03-30,1395.7926025390625,8.243490219116211
2021-03-31,1391.692626953125,8.324700355529785
2021-04-01,1426.5924072265625,8.241889953613281
2021-04-05,1442.09228515625,8.184000015258789
2021-04-06,1420.5924072265625,8.11340045928955
2021-04-07,1417.8924560546875,8.14490032196045
2021-04-08,1416.5924072265625,8.14387035369873
2021-04-09,1393.1925048828125,8.12952995300293
2021-04-12,1375.8927001953125,8.170999526977539
2021-04-13,1378.3927001953125,8.154500007629395
2021-04-14,1409.1925048828125,8.107099533081055
2021-04-15,1407.7926025390625,8.080300331115723
2021-04-16,1408.092529296875,8.028800010681152
2021-04-19,1377.192626953125,8.076199531555176
2021-04-20,1365.2928466796875,8.090399742126465
2021-04-21,1330.492919921875,8.10342025756836
2021-04-22,1345.19287109375,8.190099716186523
2021-04-26,1373.99267578125,8.406160354614258
2021-04-27,1391.99267578125,8.290300369262695
2021-04-28,1385.8927001953125,8.205940246582031
2021-04-29,1401.4925537109375,8.184889793395996
2021-04-30,1397.7926025390625,8.184880256652832
2021-05-03,1421.1923828125,8.274550437927246
2021-05-04,1416.29248046875,8.258999824523926
2021-05-05,1419.992431640625,8.319299697875977
2021-05-06,1427.6923828125,8.329000473022461
2021-05-07,1441.2923583984375,8.276749610900879
2021-05-10,1460.892333984375,8.23799991607666
2021-05-11,1444.892333984375,8.271400451660156
2021-05-12,1441.2923583984375,8.28950023651123
2021-05-17,1454.2923583984375,8.445099830627441
2021-05-18,1459.59228515625,8.302020072937012
2021-05-20,1449.7923583984375,8.410599708557129
2021-05-21,1451.7923583984375,8.36931037902832
2021-05-24,1452.1922607421875,8.416299819946289
2021-05-25,1400.1925048828125,8.377969741821289
2021-05-26,1427.0924072265625,8.452300071716309
2021-05-27,1414.9925537109375,8.451199531555176
2021-05-28,1422.0924072265625,8.48235034942627
2021-05-31,1420.492431640625,8.573399543762207
2021-06-01,1431.992431640625,8.487799644470215
2021-06-02,1430.6923828125,8.601699829101562
2021-06-03,1428.0924072265625,8.580490112304688
2021-06-04,1432.8924560546875,8.70680046081543
2021-06-07,1447.09228515625,8.67300033569336
2021-06-08,1447.59228515625,8.597149848937988
2021-06-09,1449.1922607421875,8.599699974060059
2021-06-10,1456.6922607421875,8.582300186157227
2021-06-11,1460.892333984375,8.425200462341309
2021-06-14,1454.2923583984375,8.378479957580566
2021-06-15,1442.59228515625,8.45576000213623
2021-06-16,1431.29248046875,8.555899620056152
2021-06-17,1414.1925048828125,8.619999885559082
2021-06-18,1391.0926513671875,8.71345043182373
2021-06-21,1398.4925537109375,8.754280090332031
2021-06-22,1409.892578125,8.779199600219727
2021-06-23,1402.392578125,8.63895034790039
2021-06-24,1410.7926025390625,8.634499549865723
2021-06-25,1391.8927001953125,8.69729995727539
2021-06-28,1373.292724609375,8.747309684753418
2021-06-29,1371.692626953125,8.683099746704102
2021-06-30,1356.2928466796875,8.72599983215332
2021-07-01,1372.792724609375,8.704700469970703
2021-07-02,1376.692626953125,8.664609909057617
2021-07-05,1392.592529296875,8.688400268554688
2021-07-06,1382.5926513671875,8.65999984741211
2021-07-07,1390.5926513671875,8.680299758911133
2021-07-08,1372.99267578125,8.678500175476074
2021-07-09,1378.292724609375,8.681900024414062
2021-07-12,1356.9927978515625,8.65429973602295
2021-07-13,1346.7928466796875,8.632100105285645
2021-07-14,1367.2928466796875,8.619199752807617
2021-07-16,1363.2928466796875,8.560689926147461
2021-07-19,1351.5927734375,8.532099723815918
2021-07-26,1349.0927734375,8.54757022857666
2021-07-27,1359.5927734375,8.554499626159668
2021-07-28,1360.7928466796875,8.556099891662598
2021-07-29,1391.5926513671875,8.551259994506836
2021-07-30,1392.892578125,8.45226001739502
2021-08-02,1399.6925048828125,8.43667984008789
2021-08-03,1408.7926025390625,8.349800109863281
2021-08-04,1413.7926025390625,8.401200294494629
2021-08-05,1431.79248046875,8.475500106811523
2021-08-06,1434.79248046875,8.52560043334961
2021-08-09,1432.5924072265625,8.627900123596191
2021-08-10,1437.492431640625,8.6489896774292
2021-08-11,1410.892578125,8.598799705505371
2021-08-12,1444.4923095703125,8.625439643859863
2021-08-13,1447.59228515625,8.561189651489258
2021-08-16,1455.2923583984375,8.512200355529785
2021-08-17,1461.692138671875,8.454700469970703
2021-08-18,1449.59228515625,8.42667007446289
2021-08-19,1439.892333984375,8.453519821166992
2021-08-20,1444.59228515625,8.530799865722656
2021-08-23,1459.2923583984375,8.490799903869629
2021-08-24,1465.8922119140625,8.42650032043457
2021-08-25,1453.2923583984375,8.411800384521484
2021-08-26,1448.4923095703125,8.373379707336426
2021-08-27,1458.1922607421875,8.376409530639648
2021-08-31,1472.0921630859375,8.367300033569336
2021-09-01,1474.0921630859375,8.304499626159668
2021-09-02,1479.0921630859375,8.283780097961426
2021-09-03,1468.692138671875,8.279580116271973
2021-09-06,1474.692138671875,8.312649726867676
2021-09-07,1454.6922607421875,8.276780128479004
2021-09-08,1433.8924560546875,8.344799995422363
2021-09-09,1452.6922607421875,8.472200393676758
2021-09-10,1438.6922607421875,8.440400123596191
2021-09-13,1438.2923583984375,8.46660041809082
2021-09-14,1434.3924560546875,8.422100067138672
2021-09-15,1423.992431640625,8.430669784545898
2021-09-16,1417.992431640625,8.425800323486328
2021-09-17,1419.3924560546875,8.529009819030762
2021-09-20,1391.8927001953125,8.635199546813965
2021-09-21,1385.5926513671875,8.668299674987793
2021-09-22,1407.4925537109375,8.620400428771973
2021-09-23,1401.4925537109375,8.656299591064453
2021-09-24,1384.692626953125,8.756429672241211
2021-09-27,1391.692626953125,8.858619689941406
2021-09-28,1383.792724609375,8.814200401306152
2021-09-29,1391.8927001953125,8.866900444030762
2021-09-30,1406.392578125,8.916139602661133
2021-10-01,1401.4925537109375,8.885000228881836
2021-10-04,1394.392578125,8.85260009765625
2021-10-05,1391.692626953125,8.847100257873535
2021-10-06,1371.692626953125,8.861960411071777
2021-10-07,1396.892578125,8.866040229797363
2021-10-08,1397.9925537109375,8.87090015411377
2021-10-11,1416.29248046875,8.955010414123535
2021-10-12,1416.79248046875,8.99487018585205
2021-10-13,1413.4925537109375,9.037989616394043
2021-10-14,1411.7926025390625,9.146920204162598
2021-10-15,1409.592529296875,9.190099716186523
2021-10-18,1417.6923828125,9.236949920654297
2021-10-19,1429.8924560546875,9.339099884033203
2021-10-20,1432.79248046875,9.305399894714355
2021-10-21,1455.392333984375,9.214960098266602
2021-10-22,1479.8922119140625,9.531149864196777
2021-10-25,1492.89208984375,9.674400329589844
2021-10-26,1509.19189453125,9.586700439453125
2021-10-27,1519.2919921875,9.529069900512695
2021-10-28,1521.991943359375,9.50570011138916
2021-11-01,1536.2918701171875,9.582900047302246
2021-11-02,1533.091796875,9.539910316467285
2021-11-03,1546.9918212890625,9.600799560546875
2021-11-04,1575.691650390625,9.639599800109863
2021-11-05,1583.591552734375,9.694029808044434
2021-11-08,1608.491455078125,9.687740325927734
2021-11-09,1615.5914306640625,9.683159828186035
2021-11-10,1624.09130859375,9.72719955444336
2021-11-11,1625.09130859375,9.843099594116211
2021-11-12,1638.4913330078125,9.920900344848633
2021-11-15,1702.490966796875,10.029609680175781
2021-11-16,1685.591064453125,10.057499885559082
2021-11-17,1706.990966796875,10.34220027923584
2021-11-18,1736.890869140625,10.730779647827148
2021-11-19,1737.2908935546875,11.03711986541748
2021-11-22,1755.49072265625,11.105500221252441
2021-11-23,1784.5904541015625,11.406100273132324
2021-11-24,1812.2904052734375,12.818900108337402
2021-11-25,1819.1903076171875,11.913999557495117
2021-11-26,1776.390625,11.984299659729004
2021-11-29,1808.7904052734375,12.329099655151367
2021-11-30,1809.6903076171875,12.699000358581543
2021-12-01,1857.39013671875,13.50160026550293
2021-12-02,1880.0899658203125,13.44320011138916
2021-12-03,1910.389892578125,13.717100143432617
2021-12-06,1927.3897705078125,13.632049560546875
2021-12-07,1980.989501953125,13.783149719238281
2021-12-08,2004.58935546875,13.520500183105469
2021-12-09,2031.3892822265625,13.682700157165527
2021-12-10,2035.4892578125,13.773300170898438
2021-12-13,2101.48876953125,13.854889869689941
2021-12-14,2157.6884765625,13.803290367126465
2021-12-15,2162.28857421875,14.377799987792969
2021-12-16,2278.587890625,14.81410026550293
2021-12-17,2084.489013671875,15.660750389099121
2021-12-20,2056.388916015625,16.608980178833008
2021-12-21,1891.989990234375,13.475899696350098
2021-12-22,1804.1904296875,12.270709991455078
2021-12-23,1805.29052734375,12.032299995422363
2021-12-24,1891.2900390625,11.413299560546875
2021-12-27,1897.0899658203125,10.807069778442383
2021-12-28,1850.490234375,11.521050453186035
2021-12-29,1895.489990234375,11.803119659423828
2021-12-30,1863.6900634765625,12.640299797058105
2021-12-31,1857.6900634765625,13.290499687194824
2022-01-03,1926.689697265625,13.356599807739258
2022-01-04,1963.589599609375,13.061699867248535
2022-01-05,2005.2894287109375,13.411499977111816
2022-01-06,2007.58935546875,13.687999725341797
2022-01-07,2033.289306640625,13.782099723815918
2022-01-10,2045.1890869140625,13.749349594116211
2022-01-11,2045.9891357421875,13.809000015258789
2022-01-12,2064.18896484375,13.760499954223633
2022-01-13,2070.68896484375,13.243399620056152
2022-01-14,2072.888916015625,13.5826997756958
2022-01-17,2085.7890625,13.43317985534668
2022-01-18,1979.78955078125,13.450599670410156
2022-01-19,2042.089111328125,13.527700424194336
2022-01-20,2014.189208984375,13.423600196838379
2022-01-21,2011.1893310546875,13.354999542236328
2022-01-24,1910.2899169921875,13.434650421142578
2022-01-25,1945.089599609375,13.434760093688965
2022-01-26,1951.1895751953125,13.476900100708008
2022-01-27,1997.6893310546875,13.577099800109863
2022-01-28,1983.189453125,13.617600440979004
2022-01-31,2003.1893310546875,13.482049942016602
2022-02-01,2015.3892822265625,13.29580020904541
2022-02-02,2002.1893310546875,13.350179672241211
2022-02-03,1957.8896484375,13.46560001373291
2022-02-04,1943.789794921875,13.566200256347656
2022-02-07,1997.58935546875,13.556659698486328
2022-02-08,2007.08935546875,13.570369720458984
2022-02-09,2042.88916015625,13.577210426330566
2022-02-10,2038.6890869140625,13.539199829101562
2022-02-11,2051.089111328125,13.496100425720215
2022-02-14,2001.889404296875,13.505419731140137
2022-02-15,2038.1890869140625,13.590800285339355
2022-02-16,2041.38916015625,13.60319995880127
2022-02-17,2009.9893798828125,13.59570026397705
2022-02-18,2032.3892822265625,13.522600173950195
2022-02-21,2038.089111328125,13.60807991027832
2022-02-22,2017.4892578125,13.67549991607666
2022-02-23,2015.9892578125,13.762280464172363
2022-02-24,1851.3902587890625,13.820500373840332
2022-02-25,1952.3896484375,14.053000450134277
2022-02-28,1946.1895751953125,14.028840065002441
2022-03-01,1969.8895263671875,13.791000366210938
2022-03-02,1986.0894775390625,13.835200309753418
2022-03-03,2023.289306640625,13.982999801635742
2022-03-04,1990.7894287109375,14.113499641418457
2022-03-07,1997.2894287109375,14.239629745483398
2022-03-08,2011.389404296875,14.378999710083008
2022-03-09,2042.6890869140625,14.491299629211426
2022-03-10,2041.9891357421875,14.659099578857422
2022-03-11,2053.888916015625,14.838000297546387
2022-03-14,2088.489013671875,14.75
2022-03-15,2079.388916015625,14.774860382080078
2022-03-16,2088.7890625,14.700799942016602
2022-03-17,2133.5888671875,14.557979583740234
2022-03-18,2144.28857421875,14.703310012817383
2022-03-21,2174.988525390625,14.806859970092773
2022-03-22,2188.788330078125,14.82174015045166
2022-03-23,2183.088623046875,14.818300247192383
2022-03-24,2176.1884765625,14.826700210571289
2022-03-25,2175.488525390625,14.836000442504883
2022-03-28,2172.488525390625,14.82759952545166
2022-03-29,2206.48828125,14.821399688720703
2022-03-30,2230.188232421875,14.569250106811523
2022-03-31,2233.2880859375,14.651009559631348
2022-04-01,2251.68798828125,14.666199684143066
2022-04-04,2311.3876953125,14.674039840698242
2022-04-05,2326.28759765625,14.691499710083008
2022-04-06,2316.3876953125,14.717900276184082
2022-04-07,2345.1875,14.699589729309082
2022-04-08,2393.38720703125,14.753700256347656
2022-04-11,2449.087158203125,14.74020004272461
2022-04-12,2463.786865234375,14.664600372314453
2022-04-13,2460.386962890625,14.581500053405762
2022-04-14,2475.38671875,14.59060001373291
2022-04-15,2494.38671875,14.622699737548828
2022-04-18,2510.28662109375,14.621800422668457
2022-04-19,2519.1865234375,14.640899658203125
2022-04-20,2525.886474609375,14.652000427246094
2022-04-21,2556.786376953125,14.666799545288086
2022-04-22,2472.48681640625,14.70398998260498
2022-04-25,2482.5869140625,14.747099876403809
2022-04-26,2418.287109375,14.771900177001953
2022-04-27,2451.386962890625,14.799699783325195
2022-04-28,2428.386962890625,14.809800148010254
2022-04-29,2430.587158203125,14.78888988494873
2022-05-05,2466.286865234375,14.739700317382812
2022-05-06,2458.68701171875,14.865079879760742
2022-05-09,2465.686767578125,14.940130233764648
2022-05-10,2490.186767578125,15.098400115966797
2022-05-11,2453.886962890625,15.32544994354248
2022-05-12,2390.9873046875,15.285400390625
2022-05-13,2419.18701171875,15.406800270080566
2022-05-16,2390.787353515625,15.480199813842773
2022-05-17,2394.787353515625,15.600299835205078
2022-05-18,2393.58740234375,15.911999702453613
2022-05-20,2372.38720703125,15.902649879455566
2022-05-23,2380.88720703125,15.929900169372559
2022-05-24,2374.9873046875,15.933099746704102
2022-05-25,2418.087158203125,16.09749984741211
2022-05-26,2450.787109375,16.347999572753906
2022-05-27,2438.787109375,16.360700607299805
2022-05-30,2527.1865234375,16.334299087524414
2022-05-31,2547.086669921875,16.383499145507812
2022-06-01,2568.786376953125,16.377729415893555
2022-06-02,2601.586181640625,16.443700790405273
2022-06-03,2601.2861328125,16.48349952697754
2022-06-06,2648.0859375,16.508699417114258
2022-06-07,2648.185791015625,16.594329833984375
2022-06-08,2540.386474609375,16.837099075317383
2022-06-09,2571.58642578125,17.176990509033203
2022-06-10,2543.086669921875,17.239599227905273
2022-06-13,2510.086669921875,17.23390007019043
2022-06-14,2508.886474609375,17.269100189208984
2022-06-15,2531.086669921875,17.251279830932617
2022-06-16,2485.38671875,17.236400604248047
2022-06-17,2533.28662109375,17.296600341796875
2022-06-20,2539.1865234375,17.33650016784668
2022-06-21,2575.88623046875,17.31220054626465
2022-06-22,2574.286376953125,17.34600067138672
2022-06-23,2543.1865234375,17.342599868774414
2022-06-24,2554.086669921875,17.34589958190918
2022-06-27,2529.28662109375,16.668899536132812
2022-06-28,2490.186767578125,16.563800811767578
2022-06-29,2401.9873046875,16.624500274658203
2022-06-30,2405.38720703125,16.62820053100586
2022-07-01,2443.787109375,16.6919002532959
2022-07-04,2405.9873046875,16.733539581298828
2022-07-05,2371.287353515625,16.778430938720703
2022-07-06,2408.187255859375,17.001399993896484
2022-07-07,2425.587158203125,17.212499618530273
2022-07-08,2433.987060546875,17.258899688720703
2022-07-13,2408.08740234375,17.280500411987305
2022-07-14,2382.38720703125,17.41119956970215
2022-07-18,2451.287109375,17.339599609375
2022-07-19,2501.98681640625,17.461000442504883
2022-07-20,2525.1865234375,17.541200637817383
2022-07-21,2511.386474609375,17.594999313354492
2022-07-22,2516.586669921875,17.72047996520996
2022-07-25,2548.486572265625,17.757299423217773
2022-07-26,2537.086669921875,17.829200744628906
2022-07-27,2544.086669921875,17.871999740600586
2022-07-28,2543.28662109375,17.867399215698242
2022-07-29,2592.38623046875,17.945199966430664
2022-08-01,2656.285888671875,17.922500610351562
2022-08-02,2647.5859375,17.89349937438965
2022-08-03,2684.48583984375,17.943099975585938
2022-08-04,2723.685546875,17.930700302124023
2022-08-05,2750.4853515625,17.941699981689453
2022-08-08,2795.085205078125,17.9237003326416
2022-08-09,2785.18505859375,17.93779945373535
2022-08-10,2829.585205078125,17.923999786376953
2022-08-11,2868.384765625,17.870100021362305
2022-08-12,2864.284912109375,17.949100494384766
2022-08-15,2857.184814453125,17.940000534057617
2022-08-16,2913.28466796875,17.951860427856445
2022-08-17,2979.984130859375,17.90625
2022-08-18,3019.98388671875,17.944000244140625
2022-08-19,3020.183837890625,18.07670021057129
2022-08-22,3062.483642578125,18.087799072265625
2022-08-23,3121.4833984375,18.090999603271484
2022-08-24,3060.283935546875,18.120899200439453
2022-08-25,3136.783447265625,18.148000717163086
2022-08-26,3146.08349609375,18.165800094604492
2022-08-29,3164.983154296875,18.167509078979492
2022-08-31,3171.18310546875,18.15026092529297
2022-09-01,3142.683349609375,18.189199447631836
2022-09-02,3222.682861328125,18.20709991455078
2022-09-05,3358.382080078125,18.211029052734375
2022-09-06,3391.3818359375,18.214149475097656
2022-09-07,3402.781982421875,18.22620964050293
2022-09-08,3437.381591796875,18.221200942993164
2022-09-09,3521.381103515625,18.23870086669922
2022-09-12,3649.1806640625,18.221399307250977
2022-09-13,3426.8818359375,18.22249984741211
2022-09-14,3446.981689453125,18.246400833129883
2022-09-15,3363.082275390625,18.22907066345215
2022-09-16,3377.2822265625,18.27322006225586
2022-09-19,3199.48291015625,18.25429916381836
2022-09-20,3277.482666015625,18.29290008544922
2022-09-21,3245.78271484375,18.310720443725586
2022-09-22,3295.282470703125,18.315000534057617
2022-09-23,3281.582763671875,18.33799934387207
2022-09-26,3260.1826171875,18.4325008392334
2022-09-27,3265.582763671875,18.449499130249023
2022-09-28,3198.18310546875,18.442899703979492
2022-09-29,3146.88330078125,18.523300170898438
2022-09-30,3179.983154296875,18.497499465942383
2022-10-03,3392.08203125,18.516199111938477
2022-10-04,3457.981689453125,18.523700714111328
2022-10-05,3484.38134765625,18.569700241088867
2022-10-06,3553.881103515625,18.54833984375
2022-10-07,3567.5810546875,18.575300216674805
2022-10-10,3581.98095703125,18.577999114990234
2022-10-11,3571.5810546875,18.583099365234375
2022-10-12,3517.781494140625,18.5841007232666
2022-10-13,3553.381103515625,18.509899139404297
2022-10-14,3626.980712890625,18.552900314331055
2022-10-17,3847.57958984375,18.58690071105957
2022-10-18,3841.579833984375,18.54891014099121
2022-10-19,3880.279541015625,18.57990074157715
2022-10-20,3900.879150390625,18.59309959411621
2022-10-21,3934.579345703125,18.5856990814209
2022-10-24,3977.47900390625,18.554330825805664
2022-10-25,3974.97900390625,18.59079933166504
2022-10-26,3976.37890625,18.606800079345703
2022-10-27,3934.479248046875,18.59040069580078
2022-10-28,3878.9794921875,18.60890007019043
2022-10-31,3978.97900390625,18.572969436645508
2022-11-01,4054.678466796875,18.616670608520508
2022-11-02,4071.87841796875,18.604299545288086
2022-11-03,4105.47802734375,18.614999771118164
2022-11-04,4216.9775390625,18.60919952392578
2022-11-07,4331.67724609375,18.60007095336914
2022-11-08,4360.27685546875,18.444000244140625
2022-11-09,4360.97705078125,18.54050064086914
2022-11-10,4467.076171875,18.585039138793945
2022-11-11,4455.4765625,18.482650756835938
2022-11-14,4570.17578125,18.491619110107422
2022-11-15,4656.97509765625,18.591100692749023
2022-11-16,4668.47509765625,18.60770034790039
2022-11-17,4507.17626953125,18.603679656982422
2022-11-18,4526.67626953125,18.599199295043945
2022-11-21,4570.275390625,18.610429763793945
2022-11-22,4780.6748046875,18.60059928894043
2022-11-23,4854.17431640625,18.61210060119629
2022-11-24,4858.17431640625,18.608999252319336
2022-11-25,4874.27392578125,18.626800537109375
2022-11-28,4923.17431640625,18.59602928161621
2022-11-29,4962.4736328125,18.618499755859375
2022-11-30,4977.57373046875,18.63990020751953
2022-12-01,5046.17333984375,18.6299991607666
2022-12-02,4962.9736328125,18.632600784301758
2022-12-05,4957.7734375,18.630699157714844
2022-12-06,5000.07373046875,18.62459945678711
2022-12-07,4826.974609375,18.62660026550293
2022-12-08,4855.8740234375,18.62697982788086
2022-12-09,5005.2734375,18.638530731201172
2022-12-12,5193.2724609375,18.635610580444336
2022-12-13,5256.17236328125,18.617900848388672
2022-12-14,5066.47314453125,18.629499435424805
2022-12-15,5188.7724609375,18.607770919799805
2022-12-16,5214.27197265625,18.64459991455078
2022-12-19,5391.87109375,18.622900009155273
2022-12-20,5418.97119140625,18.645200729370117
2022-12-21,5429.0712890625,18.636680603027344
2022-12-22,5447.17138671875,18.654800415039062
2022-12-23,5454.77099609375,18.66963005065918
2022-12-26,5504.07080078125,18.623430252075195
2022-12-27,5434.47119140625,18.65679931640625
2022-12-28,5345.57177734375,18.656999588012695
2022-12-29,5476.87060546875,18.69367027282715
2022-12-30,5509.1708984375,18.70298957824707
2023-01-02,5661.06982421875,18.644729614257812
2023-01-03,5626.5703125,18.74329948425293
2023-01-04,5523.470703125,18.70686912536621
2023-01-05,5116.37255859375,18.735950469970703
2023-01-06,5341.9716796875,18.766599655151367
2023-01-09,5170.97265625,18.768489837646484
2023-01-10,4987.9736328125,18.758499145507812
2023-01-11,4728.875,18.754459381103516
2023-01-12,4970.673828125,18.773399353027344
2023-01-13,4984.87353515625,18.77869987487793
2023-01-16,5207.67236328125,18.783069610595703
2023-01-17,5314.9716796875,18.779090881347656
2023-01-18,5384.171875,18.75263023376465
2023-01-19,5422.37109375,18.763029098510742
2023-01-20,5490.2705078125,18.792699813842773
2023-01-23,5404.37109375,18.793350219726562
2023-01-24,5366.4716796875,18.719240188598633
2023-01-25,5297.771484375,18.795230865478516
2023-01-26,5230.97216796875,18.804000854492188
2023-01-27,5191.7724609375,18.81049919128418
2023-01-30,5096.27294921875,18.798599243164062
2023-01-31,4976.57373046875,18.808000564575195
2023-02-01,4713.375,18.804000854492188
2023-02-02,4752.1748046875,18.807449340820312
2023-02-03,4997.57373046875,18.80525016784668
2023-02-06,4930.173828125,18.825319290161133
2023-02-07,4505.27587890625,18.829099655151367
2023-02-08,4505.27587890625,18.831600189208984
2023-02-15,4950.4736328125,18.84394073486328
2023-02-16,5008.57373046875,18.85038948059082
2023-02-17,5026.77294921875,18.854820251464844
2023-02-20,5148.87255859375,18.85346031188965
2023-02-21,5149.37255859375,18.863500595092773
2023-02-22,5071.373046875,18.862699508666992
2023-02-23,5086.17333984375,18.875200271606445
2023-02-24,5058.77294921875,18.86302947998047
2023-02-27,5197.37255859375,18.882020950317383
2023-02-28,5237.27197265625,18.884199142456055
2023-03-01,5322.671875,18.882400512695312
2023-03-02,5261.3720703125,18.883399963378906
2023-03-03,5212.3720703125,18.885700225830078
2023-03-06,5392.27099609375,18.88681983947754
2023-03-07,5381.87158203125,18.869890213012695
2023-03-08,5438.37109375,18.918100357055664
2023-03-09,5446.17138671875,18.940799713134766
2023-03-10,5384.57177734375,18.951900482177734
2023-03-13,5323.171875,18.961389541625977
2023-03-14,5207.27197265625,18.97100067138672
2023-03-15,5121.57275390625,18.974899291992188
2023-03-16,5229.572265625,18.98699951171875
2023-03-17,5136.37255859375,19.00200080871582
2023-03-20,4975.4736328125,19.00787925720215
2023-03-21,4906.57421875,19.00881004333496
2023-03-22,5001.07373046875,19.033199310302734
2023-03-23,5061.97314453125,19.043899536132812
2023-03-24,5031.97314453125,19.057199478149414
2023-03-27,4997.7734375,19.0802001953125
2023-03-28,4811.474609375,19.092580795288086
2023-03-29,4943.173828125,19.12070083618164
2023-03-30,4896.07421875,19.14689064025879
2023-03-31,4812.87451171875,19.17569923400879
2023-04-03,4839.47412109375,19.193479537963867
2023-04-04,4984.07373046875,19.20479965209961
2023-04-05,4919.8740234375,19.216999053955078
2023-04-06,4912.77392578125,19.250099182128906
2023-04-07,4924.57373046875,19.250699996948242
2023-04-10,5092.27294921875,19.245399475097656
2023-04-11,5124.2724609375,19.265300750732422
2023-04-12,5146.07275390625,19.291040420532227
2023-04-13,5135.57275390625,19.308759689331055
2023-04-14,5092.873046875,19.335100173950195
2023-04-17,5059.373046875,19.378299713134766
2023-04-18,5018.67333984375,19.385299682617188
2023-04-19,5061.17333984375,19.399599075317383
2023-04-20,5012.2734375,19.3981990814209
2023-04-24,5022.77294921875,19.405170440673828
2023-04-25,4890.97412109375,19.402700424194336
2023-04-26,4783.474609375,19.41783905029297
2023-04-27,4789.57470703125,19.423099517822266
2023-04-28,4617.87548828125,19.43549919128418
2023-05-02,4506.17626953125,19.452049255371094
2023-05-03,4485.97607421875,19.473539352416992
2023-05-04,4484.3759765625,19.474889755249023
2023-05-05,4400.7763671875,19.487199783325195
2023-05-08,4561.87548828125,19.499000549316406
2023-05-09,4536.17626953125,19.50189971923828
2023-05-10,4494.47607421875,19.520000457763672
2023-05-11,4847.97412109375,19.53969955444336
2023-05-12,4795.57470703125,19.565799713134766
2023-05-15,4501.17626953125,19.628000259399414
2023-05-16,4589.67578125,19.67970085144043
2023-05-17,4661.67529296875,19.731300354003906
2023-05-18,4501.67626953125,19.764400482177734
2023-05-22,4466.17626953125,19.815900802612305
2023-05-23,4470.97607421875,19.84454917907715
2023-05-24,4424.87646484375,19.863929748535156
2023-05-25,4427.9765625,19.907100677490234
2023-05-26,4580.67578125,19.97439956665039
2023-05-29,4768.57470703125,19.989200592041016
2023-05-30,4951.37353515625,20.1270809173584
2023-05-31,4886.8740234375,20.611600875854492
2023-06-01,4959.7734375,20.786399841308594
2023-06-02,5114.97265625,20.890199661254883
2023-06-05,5372.671875,21.080299377441406
2023-06-06,5388.77099609375,21.269500732421875
2023-06-07,5561.1708984375,21.93440055847168
2023-06-08,5553.970703125,23.295530319213867
2023-06-09,5626.47021484375,23.498699188232422
2023-06-12,5588.97021484375,23.645999908447266
2023-06-13,5429.0712890625,23.66010093688965
2023-06-14,5360.771484375,23.638500213623047
2023-06-15,5495.470703125,23.568500518798828
2023-06-16,5475.47119140625,23.650800704956055
2023-06-19,5269.27197265625,23.548500061035156
2023-06-20,5251.572265625,23.601499557495117
2023-06-21,5186.7724609375,23.572099685668945
2023-06-22,5428.27099609375,23.554800033569336
2023-06-23,5582.77001953125,24.885099411010742
2023-06-26,5732.86962890625,25.317800521850586
2023-06-27,5759.0693359375,25.960159301757812
2023-07-03,6015.26806640625,25.422399520874023
2023-07-04,6003.8681640625,25.864200592041016
2023-07-05,6106.767578125,25.978099822998047
2023-07-06,6141.0673828125,26.085599899291992
2023-07-07,6187.0673828125,26.12980079650879
2023-07-10,6270.36669921875,26.137800216674805
2023-07-11,6362.8662109375,26.037189483642578
2023-07-12,6342.06640625,26.110000610351562
2023-07-13,6368.3662109375,26.199600219726562
2023-07-14,6437.666015625,26.057199478149414
2023-07-17,6600.46484375,26.25
2023-07-18,6364.96630859375,26.382200241088867
2023-07-19,6571.26513671875,26.947799682617188
2023-07-20,6682.064453125,26.820499420166016
2023-07-21,6687.76416015625,26.850500106811523
2023-07-24,6695.064453125,26.95199966430664
2023-07-25,6604.96484375,26.96940040588379
2023-07-26,6743.8642578125,26.923500061035156
2023-07-27,6856.06396484375,26.895700454711914
2023-07-28,7067.26220703125,26.9552001953125
2023-07-31,7216.9619140625,26.84040069580078
2023-08-01,7168.4619140625,26.925979614257812
2023-08-02,7258.46142578125,26.973499298095703
2023-08-03,7221.4619140625,26.962299346923828
2023-08-04,7400.56103515625,26.963289260864258
2023-08-07,7470.060546875,26.994300842285156
2023-08-08,7412.16064453125,27.005399703979492
2023-08-09,7600.65966796875,26.925180435180664
2023-08-10,7441.46044921875,26.94700050354004
2023-08-11,7714.35888671875,27.05120086669922
2023-08-14,7737.35888671875,27.112199783325195
2023-08-15,7690.7587890625,27.055400848388672
2023-08-16,7662.25927734375,27.047889709472656
2023-08-17,7764.458984375,27.073659896850586
2023-08-18,7513.259765625,27.125
2023-08-21,7796.65869140625,27.138399124145508
2023-08-22,7771.2587890625,27.20549964904785
2023-08-23,7602.15966796875,27.20490074157715
2023-08-24,7491.8603515625,27.19339942932129
2023-08-25,7716.6591796875,25.905399322509766
2023-08-28,7941.658203125,26.353700637817383
2023-08-29,7907.05810546875,26.309499740600586
2023-08-31,7917.85791015625,26.681299209594727
2023-09-01,8056.05712890625,26.68790054321289
2023-09-04,8141.2568359375,26.577299118041992
2023-09-05,8236.0556640625,26.77120018005371
2023-09-06,8181.65673828125,26.78059959411621
2023-09-07,8337.65625,26.816499710083008
2023-09-08,8325.255859375,26.85810089111328
2023-09-11,8146.45654296875,26.665090560913086
2023-09-12,8159.8564453125,26.866870880126953
2023-09-13,8013.857421875,26.919200897216797
2023-09-14,8118.7568359375,26.885499954223633
2023-09-15,7961.95751953125,26.944400787353516
2023-09-18,7680.359375,26.786020278930664
2023-09-19,7783.95849609375,26.987499237060547
2023-09-20,7719.7587890625,27.018299102783203
2023-09-21,8000.45751953125,27.02280044555664
2023-09-22,8039.15771484375,27.104780197143555
2023-09-25,8304.755859375,27.178089141845703
2023-09-26,8242.255859375,27.207380294799805
2023-09-27,8213.755859375,27.34280014038086
2023-09-28,8218.65625,27.332799911499023
2023-09-29,8334.8564453125,27.458900451660156
2023-10-02,8486.955078125,27.48110008239746
2023-10-03,8513.455078125,27.461999893188477
2023-10-04,8333.0556640625,27.527599334716797
2023-10-05,8487.955078125,27.55459976196289
2023-10-06,8464.85546875,27.582599639892578
2023-10-09,8193.3564453125,27.71269989013672
2023-10-10,8442.7548828125,27.71969985961914
2023-10-11,8330.5556640625,27.727500915527344
2023-10-12,8259.255859375,27.718799591064453
2023-10-13,8113.2568359375,27.842300415039062
2023-10-16,7934.55810546875,27.706300735473633
2023-10-17,8114.95703125,27.87019920349121
2023-10-18,7842.65869140625,27.96139907836914
2023-10-19,7768.958984375,28.019559860229492
2023-10-20,7510.66015625,28.02429962158203
2023-10-23,7750.35888671875,28.04990005493164
2023-10-24,7990.357421875,28.081710815429688
2023-10-25,7424.96044921875,28.122499465942383
2023-10-26,7662.0595703125,28.1481990814209
2023-10-27,7706.35888671875,28.16670036315918
2023-10-30,7712.85888671875,28.202829360961914
2023-10-31,7514.06005859375,28.257369995117188
2023-11-01,7528.56005859375,28.302400588989258
2023-11-02,7663.5595703125,28.32309913635254
2023-11-03,7705.958984375,28.35890007019043
2023-11-06,7867.95849609375,28.383150100708008
2023-11-07,7844.75830078125,28.447599411010742
2023-11-08,7860.8583984375,28.49519920349121
2023-11-09,7841.45849609375,28.517309188842773
2023-11-10,7771.2587890625,28.525800704956055
2023-11-13,7568.259765625,28.513660430908203
2023-11-14,7671.0595703125,28.60610008239746
2023-11-15,7665.859375,28.641199111938477
2023-11-16,7780.65869140625,28.679689407348633
2023-11-17,7853.3583984375,28.701900482177734
2023-11-20,7946.35791015625,28.647829055786133
2023-11-21,8046.5576171875,28.777830123901367
2023-11-22,7986.95751953125,28.79397964477539
2023-11-23,7898.55810546875,28.83180046081543
2023-11-24,7959.9580078125,28.840700149536133
2023-11-27,8107.1572265625,28.842559814453125
2023-11-28,8093.45703125,28.909400939941406
2023-11-29,8009.25732421875,28.91860008239746
2023-11-30,7948.55810546875,28.940919876098633
2023-12-01,8026.25732421875,28.88640022277832
2023-12-04,8087.1572265625,28.89620018005371
2023-12-05,8057.35693359375,28.917800903320312
2023-12-06,7855.05859375,28.91469955444336
2023-12-07,7978.75732421875,28.914899826049805
2023-12-08,7913.7578125,28.91069984436035
2023-12-11,7728.35888671875,28.876100540161133
2023-12-12,7748.85888671875,28.96109962463379
2023-12-13,7529.259765625,29.027099609375
2023-12-14,7813.3583984375,28.99180030822754
2023-12-15,7993.857421875,28.976600646972656
2023-12-18,7790.3583984375,28.84041976928711
2023-12-19,7725.85888671875,29.0386905670166
2023-12-20,7662.859375,29.088720321655273
2023-12-21,7764.958984375,29.125499725341797
2023-12-22,7557.56005859375,29.10354995727539
2023-12-26,7299.26123046875,29.311399459838867
2023-12-27,7260.361328125,29.30590057373047
2023-12-28,7396.2607421875,29.38789939880371
2023-12-29,7470.16064453125,29.519800186157227
2024-01-02,7624.25927734375,29.428199768066406
2024-01-03,7411.96044921875,29.74485969543457
2024-01-04,7547.759765625,29.77907943725586
2024-01-05,7628.65966796875,29.840900421142578
2024-01-08,7818.8583984375,29.78428077697754
2024-01-09,7736.2587890625,29.91390037536621
2024-01-10,7874.158203125,29.96179962158203
2024-01-11,7895.9580078125,29.85420036315918
2024-01-12,7986.45751953125,30.06089973449707
2024-01-15,8043.95751953125,30.06355094909668
2024-01-16,8032.15771484375,30.07284927368164
2024-01-17,8024.357421875,30.118099212646484
2024-01-18,8016.0576171875,30.137819290161133
2024-01-19,7996.65771484375,30.153600692749023
2024-01-22,8010.0576171875,30.191360473632812
2024-01-23,7950.05810546875,30.2587890625
2024-01-24,8090.85693359375,30.279499053955078
2024-01-25,8169.8564453125,30.24799919128418
2024-01-26,8346.255859375,30.297300338745117
2024-01-29,8471.6552734375,30.324670791625977
2024-01-30,8474.2548828125,30.34501075744629
2024-01-31,8496.6552734375,30.358400344848633
2024-02-01,8646.0537109375,30.359800338745117
2024-02-02,8665.654296875,30.44300079345703
2024-02-05,8776.6533203125,30.300920486450195
2024-02-06,8869.052734375,30.536800384521484
2024-02-07,8842.953125,30.541120529174805
2024-02-08,8949.751953125,30.59149932861328
2024-02-09,9045.9521484375,30.668399810791016
2024-02-12,9174.55078125,30.64838981628418
2024-02-13,8993.9521484375,30.712900161743164
2024-02-14,9072.0517578125,30.722900390625
2024-02-15,9242.1513671875,30.750099182128906
2024-02-16,9250.3515625,30.815000534057617
2024-02-19,9196.3515625,30.80282974243164
2024-02-20,9344.9501953125,30.867900848388672
2024-02-21,9312.0498046875,30.904909133911133
2024-02-22,9347.150390625,31.01650047302246
2024-02-23,9374.150390625,31.07349967956543
2024-02-26,9334.0498046875,31.093120574951172
2024-02-27,9179.451171875,31.115520477294922
2024-02-28,9062.3525390625,31.14579963684082
2024-02-29,9193.6513671875,31.208839416503906
2024-03-01,9097.15234375,31.279409408569336
2024-03-04,8907.6533203125,31.390369415283203
2024-03-05,8860.453125,31.571300506591797
2024-03-06,8744.552734375,31.688119888305664
2024-03-07,9054.15234375,31.79730987548828
2024-03-08,9155.2509765625,31.93320083618164
2024-03-11,9131.7509765625,31.996360778808594
2024-03-12,9068.9521484375,32.03739929199219
2024-03-13,8910.1533203125,32.093780517578125
2024-03-14,8883.453125,32.1185302734375
2024-03-15,8828.6533203125,32.19306945800781
2024-03-18,8718.0537109375,32.28765106201172
2024-03-19,8929.8525390625,32.33330154418945
2024-03-20,8955.0517578125,32.373348236083984
2024-03-21,9140.6513671875,32.41749954223633
2024-03-22,9111.4521484375,32.15650177001953
2024-03-25,9029.3525390625,32.08531188964844
2024-03-26,8807.353515625,32.16780090332031
2024-03-27,8806.6533203125,32.208499908447266
2024-03-28,9079.9521484375,32.29970169067383
2024-03-29,9142.3515625,32.449100494384766
2024-04-01,9157.451171875,32.42340087890625
2024-04-02,9040.8525390625,32.26240158081055
2024-04-03,8945.751953125,32.052101135253906
2024-04-04,9128.951171875,31.94529914855957
2024-04-05,9618.7490234375,31.944990158081055
2024-04-08,9756.6484375,32.007598876953125
2024-04-09,9814.1484375,32.15650177001953
2024-04-15,9679.748046875,32.39690017700195
2024-04-16,9548.048828125,32.40700912475586
2024-04-17,9530.44921875,32.51139831542969
2024-04-18,9524.548828125,32.47119903564453
2024-04-19,9693.4482421875,32.56330108642578
2024-04-22,9644.94921875,32.60334014892578
2024-04-24,9722.0478515625,32.510520935058594
2024-04-25,9716.748046875,32.56671905517578
2024-04-26,9915.546875,32.535301208496094
2024-04-29,10082.74609375,32.53120040893555
2024-04-30,10045.646484375,32.36991882324219
2024-05-02,10208.646484375,32.27299880981445
2024-05-03,10276.845703125,32.40330123901367
2024-05-06,10267.044921875,32.302398681640625
2024-05-07,10336.4453125,32.28260040283203
2024-05-08,10247.7451171875,32.25619888305664
2024-05-09,10268.544921875,32.3484992980957
2024-05-10,10218.544921875,32.28310012817383
2024-05-13,10055.9462890625,32.18122863769531
2024-05-14,10173.3466796875,32.25170135498047
2024-05-15,10158.5458984375,32.28120040893555
2024-05-16,10319.9453125,32.160499572753906
2024-05-17,10643.54296875,32.262901306152344
2024-05-20,10739.54296875,32.232601165771484
2024-05-21,10895.2421875,32.212100982666016
2024-05-22,10899.2421875,32.19089889526367
2024-05-23,10792.4423828125,32.15095138549805
2024-05-24,10676.6435546875,32.22200012207031
2024-05-27,10656.943359375,32.220001220703125
2024-05-28,10677.443359375,32.108001708984375
2024-05-29,10479.14453125,32.24089813232422
2024-05-30,10481.244140625,32.260101318359375
2024-05-31,10400.4453125,32.24380111694336
2024-06-03,10556.744140625,32.235801696777344
2024-06-04,10364.544921875,32.1786003112793
2024-06-05,10350.9453125,32.6338005065918
2024-06-06,10279.6455078125,32.27439880371094
2024-06-07,10138.9462890625,32.28879928588867
2024-06-10,9997.84765625,32.40610122680664
2024-06-11,10051.3466796875,32.3828010559082
2024-06-12,10165.4462890625,32.364898681640625
2024-06-13,10391.845703125,32.32870101928711
2024-06-14,10471.244140625,32.4901008605957
2024-06-20,10739.84375,32.513301849365234
2024-06-21,10771.3427734375,32.829498291015625
2024-06-24,10767.84375,32.82630157470703
2024-06-25,10679.943359375,32.92097091674805
2024-06-26,10486.64453125,32.94459915161133
2024-06-27,10680.84375,32.8385009765625
2024-06-28,10647.84375,32.88779830932617
2024-07-01,10343.2451171875,32.77050018310547
2024-07-02,10446.14453125,32.64820098876953
2024-07-03,10682.1435546875,32.54359817504883
2024-07-04,10872.5419921875,32.53403854370117
2024-07-05,10851.7421875,32.63800048828125
2024-07-08,10864.0419921875,32.674598693847656
2024-07-09,10796.5419921875,32.71730041503906
2024-07-10,10743.2431640625,32.90380096435547
2024-07-11,11024.2412109375,32.879798889160156
2024-07-12,11064.841796875,32.94902038574219
2024-07-16,11139.240234375,33.01750183105469
2024-07-17,11134.041015625,33.04050064086914
2024-07-18,11139.4404296875,33.07957077026367
2024-07-19,11156.140625,33.088138580322266
2024-07-22,11172.740234375,32.997840881347656
2024-07-23,11089.44140625,32.92620086669922
2024-07-24,10991.541015625,32.84090042114258
2024-07-25,10871.4423828125,32.856300354003906
2024-07-26,10891.3427734375,33.11650085449219
2024-07-29,10733.7431640625,33.02399826049805
2024-07-30,10691.6435546875,33.05550003051758
2024-07-31,10638.54296875,33.0984992980957
2024-08-01,10798.0419921875,33.17599868774414
2024-08-02,10473.4443359375,33.1593017578125
2024-08-05,9893.34765625,33.24509811401367
2024-08-06,9881.1474609375,33.39419937133789
2024-08-07,10024.2470703125,33.61920166015625
2024-08-08,10098.4462890625,33.5123291015625
2024-08-09,9907.34765625,33.532649993896484
2024-08-12,9828.5478515625,33.523101806640625
2024-08-13,9920.546875,33.453819274902344
2024-08-14,9830.8486328125,33.509498596191406
2024-08-15,9982.947265625,33.5921516418457
2024-08-16,9821.9482421875,33.638179779052734
2024-08-19,10054.146484375,33.6880989074707
2024-08-20,9982.2470703125,33.7588005065918
2024-08-21,9904.7470703125,33.8985595703125
2024-08-22,9921.34765625,33.92499923706055
2024-08-23,9668.0478515625,33.95750045776367
2024-08-26,9565.7490234375,34.02239990234375
2024-08-27,9748.748046875,34.025299072265625
2024-08-28,9757.1484375,34.01723098754883
2024-08-29,9833.1484375,34.139400482177734
2024-09-02,10110.146484375,34.07080078125
2024-09-03,10021.7470703125,33.91339874267578
2024-09-04,9984.84765625,33.99760055541992
2024-09-05,9936.7470703125,34.03670120239258
2024-09-06,9771.1484375,33.98500061035156
2024-09-09,9699.5478515625,33.99654006958008
2024-09-10,9623.94921875,34.095699310302734
2024-09-11,9419.650390625,34.04439926147461
2024-09-12,9520.94921875,33.99919891357422
2024-09-13,9685.4482421875,33.97460174560547
2024-09-16,9577.44921875,33.95515823364258
2024-09-17,9758.0478515625,33.979469299316406
2024-09-18,9774.4482421875,34.06909942626953
2024-09-19,9975.546875,34.07080078125
2024-09-20,9900.2470703125,34.08000183105469
2024-09-23,9887.7470703125,34.05575180053711
2024-09-24,10029.6474609375,34.14970016479492
2024-09-25,9890.947265625,34.112300872802734
2024-09-26,9829.1484375,34.160709381103516
2024-09-27,9777.4482421875,34.17539978027344
2024-09-30,9665.748046875,34.1490592956543
2024-10-01,9351.150390625,34.20399856567383
2024-10-02,9012.8525390625,34.18619918823242
2024-10-03,8898.1533203125,34.23059844970703
2024-10-04,9109.251953125,34.22679901123047
2024-10-07,9031.5517578125,34.22624969482422
2024-10-08,9044.8525390625,34.24570846557617
2024-10-09,9132.2509765625,34.26350021362305
2024-10-10,8964.0517578125,34.25619888305664
2024-10-11,8876.1533203125,34.25233840942383
2024-10-14,8699.154296875,34.27619934082031
2024-10-15,8860.2529296875,34.25215148925781
2024-10-16,8955.9521484375,34.19478988647461
2024-10-17,9002.251953125,34.16460037231445
2024-10-18,8793.552734375,34.19219970703125
2024-10-21,8654.3544921875,34.276100158691406
2024-10-22,8838.552734375,34.24570083618164
2024-10-23,8714.654296875,34.25310134887695
2024-10-24,8872.853515625,34.26839828491211
2024-10-25,8908.453125,34.28770065307617
2024-10-28,8945.751953125,34.28334045410156
2024-10-30,9006.5517578125,34.27479934692383
2024-10-31,8863.853515625,34.283199310302734
2024-11-01,8884.953125,34.29376983642578
2024-11-04,8663.8544921875,34.32815170288086
2024-11-05,8618.5537109375,34.34980010986328
2024-11-06,8862.2529296875,34.307498931884766
2024-11-07,8946.0517578125,34.20090103149414
2024-11-08,9184.7509765625,34.340030670166016
2024-11-11,9276.7509765625,34.35115051269531
2024-11-12,9226.8515625,34.32659912109375
2024-11-13,9300.25,34.37080001831055
2024-11-14,9420.3505859375,34.34519958496094
2024-11-15,9389.5498046875,34.29668045043945
2024-11-18,9395.3505859375,34.34925842285156
2024-11-19,9232.8515625,34.571998596191406
2024-11-20,9031.751953125,34.499298095703125
2024-11-21,9367.75,34.4692497253418
2024-11-22,9549.849609375,34.527099609375
2024-11-25,9659.94921875,34.420040130615234
2024-11-26,9636.048828125,34.597530364990234
2024-11-27,9639.7490234375,34.65359878540039
2024-11-28,9640.048828125,34.63650131225586
2024-11-29,9651.94921875,34.64836883544922
2024-12-02,9681.0478515625,34.693389892578125
2024-12-03,9827.1484375,34.74789810180664
2024-12-04,9886.046875,34.74760055541992
2024-12-05,9935.947265625,34.73649978637695
2024-12-06,10080.9462890625,34.76679992675781
2024-12-09,10257.345703125,34.77888107299805
2024-12-10,10098.9462890625,34.81956100463867
2024-12-11,10058.4462890625,34.84510040283203
2024-12-12,10058.5458984375,34.86470031738281
2024-12-13,10125.4462890625,34.94660186767578
2024-12-16,9997.6474609375,34.95014953613281
2024-12-17,10011.2470703125,34.956600189208984
2024-12-18,9915.7470703125,35.009300231933594
2024-12-19,9765.0478515625,35.04899978637695
2024-12-20,9724.4482421875,35.1396484375
2024-12-23,9626.548828125,35.13113021850586
2024-12-24,9672.748046875,35.23160171508789
2024-12-26,9948.947265625,35.11949157714844
2024-12-27,10025.447265625,35.23429870605469
2024-12-30,9889.6474609375,35.1602897644043
2024-12-31,9830.5478515625,35.30524826049805
2025-01-02,9961.2470703125,35.374000549316406
2025-01-03,10075.146484375,35.3922004699707
2025-01-06,10085.4462890625,35.28929901123047
2025-01-07,9971.947265625,35.34479904174805
2025-01-08,9890.7470703125,35.32183074951172
2025-01-09,10000.6474609375,35.34980010986328
2025-01-10,9910.546875,35.38059997558594
2025-01-13,9733.1484375,35.39105987548828
2025-01-14,9715.8486328125,35.48419952392578
2025-01-15,9739.6484375,35.469398498535156
2025-01-16,9866.6474609375,35.472900390625
2025-01-17,9977.84765625,35.54610061645508
2025-01-20,10029.2470703125,35.547271728515625
2025-01-21,9999.546875,35.580101013183594
2025-01-22,10105.3466796875,35.6348991394043
2025-01-23,10112.74609375,35.64469909667969
2025-01-24,10104.8466796875,35.67430114746094
2025-01-27,9997.84765625,35.59360122680664
2025-01-28,10121.74609375,35.75226974487305
2025-01-29,10076.9462890625,35.702980041503906
2025-01-30,10082.0458984375,35.79267120361328
2025-01-31,10004.34765625,35.853031158447266
2025-02-03,9774.3486328125,35.87181854248047
2025-02-04,9807.0478515625,35.9734001159668
2025-02-05,9719.748046875,35.96950149536133
2025-02-06,9842.1484375,35.910301208496094
2025-02-07,9951.6474609375,35.95558166503906
2025-02-10,9845.8486328125,35.89970016479492
2025-02-11,9882.7470703125,35.99263000488281
2025-02-12,9779.5478515625,35.99468994140625
2025-02-13,9914.6474609375,36.11600112915039
2025-02-14,9877.546875,36.1963005065918
2025-02-17,9836.4482421875,36.20355987548828
2025-02-18,9916.84765625,36.233280181884766
2025-02-19,9763.6484375,36.29280090332031
2025-02-20,9807.4482421875,36.30720138549805
2025-02-21,9602.1494140625,36.3856315612793
2025-02-24,9574.7490234375,36.446998596191406
2025-02-25,9451.5498046875,36.454341888427734
2025-02-26,9573.1494140625,36.461299896240234
2025-02-27,9741.0478515625,36.45940017700195
2025-02-28,9658.6494140625,36.517799377441406
2025-03-03,9911.046875,36.50695037841797
2025-03-04,9897.947265625,36.43709945678711
2025-03-05,10188.8466796875,36.432498931884766
2025-03-06,10459.0439453125,36.4114990234375
2025-03-07,10507.0439453125,36.487701416015625
2025-03-10,10422.14453125,36.48583984375
2025-03-11,10438.244140625,36.571380615234375
2025-03-12,10580.244140625,36.59619903564453
2025-03-13,10727.54296875,36.59230041503906
2025-03-14,10840.5419921875,36.67959976196289
2025-03-17,10862.0419921875,36.6391716003418
2025-03-18,10802.142578125,36.63199996948242
2025-03-19,9860.2470703125,36.69559860229492
2025-03-20,9810.8486328125,37.99319839477539
2025-03-21,9044.5517578125,37.94593811035156
2025-03-24,9299.3505859375,37.976688385009766
2025-03-25,9715.5478515625,37.848541259765625
2025-03-26,9649.44921875,37.98720169067383
2025-03-27,9612.7490234375,38.022098541259766
2025-03-28,9659.44921875,38.003299713134766
2025-04-02,9523.2490234375,37.96049880981445
2025-04-03,9484.2490234375,37.944618225097656
2025-04-04,9379.75,38.005699157714844
2025-04-07,9407.150390625,38.00090026855469
2025-04-08,9477.0498046875,38.004798889160156
2025-04-09,9275.451171875,38.007999420166016
2025-04-10,9338.5498046875,37.96289825439453
2025-04-11,9380.9501953125,38.03559875488281
2025-04-14,9423.5498046875,37.98509979248047
2025-04-15,9393.75,38.03839874267578
2025-04-16,9266.05078125,38.17060089111328
2025-04-17,9395.9501953125,38.14339828491211
2025-04-18,9317.150390625,38.14339828491211
2025-04-21,9321.5498046875,38.14339828491211
2025-04-22,9312.0498046875,38.235801696777344
2025-04-24,9490.849609375,38.285621643066406
2025-04-25,9432.5498046875,38.415000915527344
2025-04-28,9306.9501953125,38.42399978637695
2025-04-29,9224.7509765625,38.44160079956055
2025-04-30,9078.3525390625,38.4994010925293
2025-05-02,9167.55078125,38.55839920043945
2025-05-05,9112.15234375,38.57176971435547
2025-05-06,9134.6513671875,38.61050033569336
2025-05-07,9074.5517578125,38.63290023803711
2025-05-08,9279.1513671875,38.644100189208984
2025-05-09,9390.4501953125,38.7244987487793
2025-05-12,9747.0478515625,38.74020004272461
2025-05-13,9700.1484375,38.78990173339844
2025-05-14,9701.5478515625,38.758480072021484
2025-05-15,9541.2490234375,38.7677001953125
2025-05-16,9668.3486328125,38.83620071411133
2025-05-20,9513.94921875,38.846099853515625
2025-05-21,9398.8505859375,38.83530044555664
2025-05-22,9475.150390625,38.830101013183594
2025-05-23,9355.9501953125,39.033329010009766
2025-05-26,9345.150390625,39.00040054321289
2025-05-27,9213.55078125,38.993900299072266
2025-05-28,9177.6513671875,39.05950164794922
2025-05-29,9170.55078125,39.09429168701172
2025-05-30,9019.5517578125,39.20848846435547
2025-06-02,9008.8525390625,39.254398345947266
2025-06-03,9276.951171875,39.145301818847656
2025-06-04,9474.9501953125,39.14459991455078
2025-06-05,9486.548828125,39.264400482177734
2025-06-10,9659.2490234375,39.29912185668945
2025-06-11,9686.0478515625,39.19559860229492
2025-06-12,9520.1494140625,39.129539489746094
2025-06-13,9311.8505859375,39.395599365234375
2025-06-16,9349.9501953125,39.36800003051758
2025-06-17,9339.5498046875,39.38759994506836
2025-06-18,9196.05078125,39.52090072631836
2025-06-19,9101.9521484375,39.53409957885742
2025-06-20,9203.3515625,39.663700103759766
2025-06-23,9141.2509765625,39.72050094604492
2025-06-24,9448.8505859375,39.67070007324219
2025-06-25,9418.4501953125,39.6245002746582
2025-06-26,9301.0498046875,39.75859832763672
2025-06-27,9404.8505859375,39.85430145263672
2025-06-30,9948.447265625,39.89059829711914
2025-07-01,10080.3466796875,39.82659912109375
2025-07-02,10188.9462890625,39.83879852294922
2025-07-03,10228.345703125,39.904701232910156
2025-07-04,10275.7451171875,39.82059860229492
2025-07-07,10107.646484375,39.95100021362305
2025-07-08,9998.1474609375,40.00320053100586
2025-07-09,10167.24609375,40.02954864501953
2025-07-10,10331.2451171875,40.04629898071289
2025-07-11,10358.4453125,40.15909957885742
2025-07-14,10225.4453125,40.19459915161133
2025-07-16,10121.4462890625,40.25429916381836
2025-07-17,10370.6455078125,40.240699768066406
2025-07-18,10366.1455078125,40.33599853515625
2025-07-21,10616.1435546875,40.394500732421875
2025-07-22,10616.04296875,40.40439987182617
2025-07-23,10591.943359375,40.433998107910156
2025-07-24,10689.04296875,40.45109939575195
2025-07-25,10642.54296875,40.5359992980957
2025-07-28,10542.0439453125,40.54029846191406
2025-07-29,10487.244140625,40.56169891357422
2025-07-30,10618.943359375,40.571998596191406
2025-07-31,10743.1435546875,40.58700180053711
2025-08-01,10746.943359375,40.66279983520508
2025-08-04,10853.4423828125,40.677799224853516
2025-08-05,10849.9423828125,40.67490005493164
2025-08-06,10900.9423828125,40.66899871826172
2025-08-07,10956.041015625,40.659400939941406
2025-08-08,10972.541015625,40.656009674072266
2025-08-11,11038.2412109375,40.74729919433594
2025-08-12,10954.44140625,40.708499908447266
2025-08-13,10949.9423828125,40.755001068115234
2025-08-14,10824.5419921875,40.781898498535156
2025-08-15,10870.5419921875,40.846900939941406
2025-08-18,10929.7421875,40.89889907836914
2025-08-19,10961.94140625,40.88309860229492
2025-08-20,11134.6416015625,40.86960983276367
2025-08-21,11313.8408203125,40.911800384521484
2025-08-22,11372.2998046875,41.007598876953125
2025-08-25,11477.7998046875,40.96030044555664
2025-08-26,11529.7998046875,41.003501892089844
2025-08-27,11359.0,41.037498474121094
2025-08-28,11368.7998046875,41.05189895629883
2025-08-29,11288.099609375,41.140499114990234
2025-09-01,11280.0,41.142398834228516
2025-09-02,10877.5,41.14289855957031
2025-09-03,10737.7001953125,41.16619873046875
2025-09-04,10828.900390625,41.158599853515625
2025-09-05,10729.5,41.247501373291016
2025-09-08,10449.400390625,41.25559997558594
2025-09-09,10486.099609375,41.261390686035156
2025-09-10,10586.2998046875,41.257301330566406
2025-09-11,10382.900390625,41.27539825439453
2025-09-12,10372.0,41.34280014038086
2025-09-15,11000.2998046875,41.27825927734375
2025-09-16,11183.0,41.307701110839844
2025-09-17,11165.900390625,41.30730056762695
2025-09-18,11048.099609375,41.30110168457031
2025-09-19,11294.5,41.39720153808594
2025-09-22,11468.099609375,41.407901763916016
2025-09-23,11331.7998046875,41.39189910888672
2025-09-24,11366.900390625,41.418701171875
2025-09-25,11377.599609375,41.469600677490234
2025-09-26,11151.2001953125,41.56399917602539
2025-09-29,11048.099609375,41.56108856201172
2025-09-30,11012.099609375,41.57659912109375
2025-10-01,11220.2001953125,41.582698822021484
2025-10-02,11082.599609375,41.59410095214844
2025-10-03,10858.5,41.64179992675781
2025-10-06,10734.900390625,41.68830108642578
2025-10-07,10814.099609375,41.703800201416016
2025-10-08,10756.2998046875,41.71736145019531
2025-10-09,10727.0,41.73080062866211
2025-10-10,10720.400390625,41.822471618652344
2025-10-13,10556.2001953125,41.8129997253418
2025-10-14,10316.400390625,41.81230163574219
2025-10-15,10464.5,41.81919860839844
2025-10-16,10370.7998046875,41.851200103759766
2025-10-17,10208.7998046875,41.89630126953125
2025-10-20,10484.400390625,41.93040084838867
2025-10-21,10467.2001953125,41.92890167236328
2025-10-22,10551.2998046875,41.96820068359375
2025-10-23,10608.2998046875,41.97639846801758
2025-10-24,10941.7998046875,42.03110122680664
2025-10-27,10853.400390625,41.99216079711914
2025-10-28,10871.099609375,41.95940017700195
2025-10-30,10837.2998046875,41.89762878417969
2025-10-31,10971.5,42.026798248291016
2025-11-03,11060.400390625,42.03961944580078
2025-11-04,10914.099609375,42.06949996948242
2025-11-05,10970.400390625,42.071998596191406
2025-11-06,11073.2998046875,42.11119842529297
2025-11-07,10924.5,42.16474151611328
2025-11-10,10789.0,42.23031997680664
2025-11-11,10576.5,42.234100341796875
2025-11-12,10640.900390625,42.23789978027344
2025-11-13,10628.599609375,42.2484016418457
2025-11-14,10565.7001953125,42.28519821166992
2025-11-17,10698.099609375,42.31201171875
2025-11-18,10728.599609375,42.318599700927734
2025-11-19,10903.900390625,42.326900482177734
2025-11-20,10979.7001953125,42.342899322509766
2025-11-21,10922.900390625,42.43870162963867
2025-11-24,10888.0,42.395748138427734
2025-11-25,10857.2001953125,42.442501068115234
2025-11-26,10914.7001953125,42.46220016479492
2025-11-27,10945.5,42.44240188598633
2025-11-28,10898.7001953125,42.48509979248047
2025-12-01,11116.5,42.46950149536133
2025-12-02,11123.5,42.41801071166992
2025-12-03,11036.7998046875,42.45227813720703
2025-12-04,10918.5,42.446998596191406
2025-12-05,11007.400390625,42.500099182128906
2025-12-08,11189.5,42.51499938964844
2025-12-09,11238.400390625,42.55390167236328
2025-12-10,11193.900390625,42.549400329589844
2025-12-11,11233.7001953125,42.61159896850586
2025-12-12,11311.2998046875,42.63240051269531
2025-12-15,11456.2998046875,42.68220138549805
2025-12-16,11348.7998046875,42.69390106201172
2025-12-17,11286.7998046875,42.70759963989258
2025-12-18,11335.099609375,42.72959899902344
2025-12-19,11341.900390625,42.785301208496094
2025-12-22,11311.099609375,42.806880950927734
2025-12-23,11290.400390625,42.815799713134766
2025-12-24,11340.099609375,42.847999572753906
2025-12-26,11294.400390625,42.85449981689453
2025-12-29,11150.900390625,42.90407943725586
2025-12-30,11220.2001953125,42.935699462890625
2025-12-31,11261.5,42.95198059082031
2026-01-02,11498.400390625,42.99399948120117
2026-01-05,11702.0,43.01118850708008
2026-01-06,12023.7998046875,43.03919982910156
2026-01-07,12028.7998046875,43.04059982299805
2026-01-08,12088.0,43.036598205566406
2026-01-09,12201.0,43.12889862060547
2026-01-12,12254.7998046875,43.10540008544922
2026-01-13,12385.599609375,43.14179992675781
2026-01-14,12369.900390625,43.152400970458984
2026-01-15,12456.7001953125,43.16960144042969
2026-01-16,12668.5,43.27220153808594
2026-01-19,12747.900390625,43.26826858520508
2026-01-20,12805.7998046875,43.276100158691406
2026-01-21,12728.2001953125,43.289398193359375
2026-01-22,12851.5,43.295799255371094
2026-01-23,12992.7001953125,43.339900970458984
2026-01-26,13177.2998046875,43.38639831542969
2026-01-27,13107.0,43.38180160522461
2026-01-28,13407.400390625,43.41460037231445
2026-01-29,13831.099609375,43.40729904174805
2026-01-30,13838.2998046875,43.455101013183594
2026-02-02,13621.0,43.48197937011719
2026-02-03,13875.2998046875,43.47489929199219
2026-02-04,13891.2001953125,43.49100112915039
2026-02-05,13589.099609375,43.519500732421875
2026-02-06,13522.0,43.60929870605469
2026-02-09,13838.400390625,43.46875
2026-02-10,13797.0,43.58409881591797
2026-02-11,13787.7998046875,43.627498626708984
2026-02-12,14180.5,43.63610076904297
2026-02-13,14180.7001953125,43.72809982299805
2026-02-16,14339.2998046875,43.69063186645508
2026-02-17,14227.2998046875,43.722801208496094
2026-02-18,14259.900390625,43.734500885009766
2026-02-19,13804.2001953125,43.763999938964844
2026-02-20,13934.099609375,43.83829879760742
2026-02-23,14061.7001953125,43.80820083618164
2026-02-24,14050.7998046875,43.84659957885742
2026-02-25,13809.900390625,43.854801177978516
2026-02-26,13878.5,43.8650016784668
2026-02-27,13717.7998046875,43.95539855957031
2026-03-02,13346.400390625,43.9486083984375
2026-03-03,12933.400390625,43.96500015258789
2026-03-04,12943.2001953125,43.948001861572266
2026-03-05,13078.900390625,43.93980026245117
2026-03-06,12792.7998046875,44.03340148925781
2026-03-09,12702.0,44.083091735839844
2026-03-10,13175.7001953125,44.07979965209961
2026-03-11,13200.400390625,44.088401794433594
2026-03-12,13286.099609375,44.0984001159668
2026-03-13,13092.900390625,44.18539810180664
2026-03-16,12956.7001953125,44.17097091674805
2026-03-17,13217.599609375,44.18349838256836
2026-03-18,13115.099609375,44.21540069580078
2026-03-19,13047.7001953125,44.319000244140625
2026-03-23,13168.2001953125,44.29280090332031
2026-03-24,12930.2001953125,44.338600158691406
2026-03-25,12963.900390625,44.339298248291016
2026-03-26,12727.099609375,44.35459899902344
2026-03-27,12698.2001953125,44.45555114746094
2026-03-30,12626.400390625,44.4452018737793
2026-03-31,12791.0,44.473899841308594
2026-04-01,12937.900390625,44.454898834228516
2026-04-02,13051.7001953125,44.48640060424805
2026-04-03,12936.400390625,44.55580139160156
2026-04-06,13112.2998046875,44.58409881591797
2026-04-07,12921.599609375,44.605098724365234
2026-04-08,13536.7998046875,44.567901611328125
2026-04-09,13689.0,44.48469924926758
2026-04-10,14073.7998046875,44.638099670410156
2026-04-13,14058.5,44.69960021972656
2026-04-14,14202.2001953125,44.702999114990234
2026-04-15,14252.400390625,44.7317008972168
2026-04-16,14201.099609375,44.72779846191406
2026-04-17,14587.900390625,44.8484992980957
2026-04-20,14484.900390625,44.85419845581055
2026-04-21,14375.400390625,44.885501861572266
2026-04-22,14335.5,44.9192008972168
2026-04-24,14409.099609375,44.975799560546875
2026-04-27,14594.0,45.01279830932617
2026-04-28,14329.2998046875,45.02980041503906
2026-04-29,14311.2001953125,45.060691833496094
2026-04-30,14442.599609375,45.16600036621094
2026-05-04,14369.599609375,45.185298919677734
2026-05-05,14495.7998046875,45.21440124511719
2026-05-06,14917.400390625,45.22959899902344
2026-05-07,15040.2998046875,45.227901458740234
2026-05-08,15062.7001953125,45.223751068115234
2026-05-11,15133.5,45.352500915527344
2026-05-12,14779.900390625,45.38529968261719
2026-05-13,14598.5,45.40019989013672
2026-05-14,14644.7001953125,45.43050003051758
2026-05-15,14367.599609375,45.54199981689453
2026-05-18,14029.5,45.49235916137695
2026-05-20,14012.0,45.58430099487305
2026-05-21,13163.900390625,45.59130096435547
2026-05-22,13808.2001953125,45.71379852294922
2026-05-25,13890.900390625,45.72740173339844
2026-05-26,13662.7998046875,45.897499084472656
2026-06-01,13704.0,45.897701263427734
2026-06-02,14200.2001953125,45.92539978027344
2026-06-03,13965.7001953125,45.945098876953125
2026-06-04,13872.2998046875,45.97380065917969
2026-06-05,13694.2001953125,46.06439971923828
2026-06-08,13860.599609375,46.09109878540039
2026-06-09,13741.900390625,46.10660171508789
2026-06-10,13744.599609375,46.119998931884766
2026-06-11,13743.5,46.150901794433594
2026-06-12,13938.5,46.24079895019531
2026-06-15,14446.400390625,46.26443862915039
2026-06-16,14493.099609375,46.284400939941406
2026-06-17,14421.2001953125,46.30540084838867
2026-06-18,14827.400390625,46.44004821777344
2026-06-19,14734.5,46.419891357421875
2026-06-22,14729.7001953125,46.45209884643555
2026-06-23,14539.599609375,46.46657180786133
2026-06-24,14331.2001953125,46.47090148925781
2026-06-25,14259.7998046875,46.50558853149414
2026-06-26,14274.0,46.57929992675781
2026-06-29,14183.2001953125,46.6161994934082
2026-06-30,14121.7998046875,46.64070129394531
2026-07-01,14350.599609375,46.654701232910156
2026-07-02,14455.0,46.67720031738281
2026-07-03,14417.900390625,46.7234992980957
2026-07-06,14424.5,46.80759811401367
2026-07-07,14497.400390625,46.81850051879883
2026-07-08,14190.0,46.851898193359375
2026-07-09,14105.400390625,46.868099212646484
2026-07-10,14321.2001953125,46.94770050048828
2026-07-13,14092.0,46.986541748046875
2026-07-14,14080.0,47.02259826660156
2026-07-16,14251.2998046875,47.036598205566406
2026-07-17,13981.099609375,47.10210037231445
2026-07-20,14071.0,47.14113998413086
2026-07-21,13974.099609375,47.180599212646484
2026-07-22,14138.900390625,47.19770050048828
2026-07-23,14077.7001953125,47.212398529052734
2026-07-24,13943.900390625,47.31679916381836
2026-07-27,13774.7998046875,47.35100173950195
2026-07-28,13687.900390625,47.354400634765625
2026-07-29,13501.599609375,47.383399963378906
2026-07-30,13292.900390625,47.36988830566406
2026-07-31,13458.099609375,47.501399993896484
2026-08-03,13410.5,47.53409957885742
2026-08-04,13687.900390625,47.540000915527344
2026-08-05,13703.099609375,47.568199157714844
2026-08-06,13798.7998046875,47.55060958862305
2026-08-07,13779.400390625,47.6598014831543
2026-08-10,13811.599609375,47.69150161743164
2026-08-11,13704.5,47.72330093383789
2026-08-12,14110.099609375,47.75019836425781
2026-08-13,14132.2001953125,47.757999420166016
2026-08-14,14172.2998046875,47.87969970703125
2026-08-17,14132.099609375,47.857398986816406
2026-08-18,14128.0,47.90330123901367
2026-08-19,14459.0,47.910099029541016
2026-08-20,14396.5,47.94490051269531
2026-08-21,14514.7998046875,48.042598724365234
2026-08-24,14501.5,48.0454216003418
2026-08-25,14473.400390625,48.07659912109375
2026-08-26,14610.900390625,48.11069869995117
2026-08-27,14575.5,48.13240051269531
2026-08-28,14641.599609375,47.99409866333008
2026-08-31,14334.099609375,48.24689865112305
2026-09-01,14229.0,48.26750183105469
2026-09-02,14050.599609375,48.281898498535156
2026-09-03,13932.5,48.31589889526367
2026-09-04,14012.400390625,48.429901123046875
2026-09-07,14151.599609375,48.42316818237305
2026-09-08,14405.2998046875,48.44889831542969
2026-09-09,14505.5,48.46310043334961
2026-09-10,14393.900390625,48.487300872802734
2026-09-11,14467.2998046875,48.592098236083984
2026-09-14,14235.7998046875,48.608699798583984
2026-09-15,13892.2998046875,48.624298095703125
2026-09-16,13122.599609375,48.65510177612305
2026-09-17,13509.7998046875,48.667301177978516
2026-09-18,13284.400390625,48.776180267333984
2026-09-21,13337.7001953125,48.77320098876953
2026-09-22,13198.7998046875,48.80730056762695
2026-09-23,13251.900390625,48.83620071411133
2026-09-24,12888.2998046875,48.85089874267578
2026-09-25,12899.400390625,48.94940185546875
2026-09-28,12592.7998046875,48.97140121459961
2026-09-29,12290.580078125,48.9911003112793
